Card_ID,Customer_ID,Card_Type,Credit_Limit,Annual_Fee,Card_Status,Account_Open_Date
CARD200001,C109405,Gold,200000,1000,Active,2023-07-17
CARD200002,C108803,Blue,100000,0,Active,2023-05-31
CARD200003,C105879,Platinum,150000,0,Active,2023-12-25
CARD200004,C109855,Gold,150000,5000,Active,2019-01-23
CARD200005,C103629,Blue,50000,0,Active,2023-10-16
CARD200006,C109610,Platinum,150000,500,Active,2024-05-11
CARD200007,C105662,Platinum,150000,5000,Active,2022-05-07
CARD200008,C105587,Platinum,150000,1000,Active,2023-03-07
CARD200009,C104371,Blue,150000,500,Active,2021-05-07
CARD200010,C102710,Blue,75000,500,Active,2017-05-21
CARD200011,C108861,Platinum,75000,0,Active,2017-07-19
CARD200012,C101049,Platinum,75000,2500,Active,2022-06-03
CARD200013,C107474,Platinum,75000,2500,Active,2021-02-11
CARD200014,C102541,Gold,100000,5000,Active,2017-04-09
CARD200015,C106380,Blue,75000,2500,Active,2023-02-08
CARD200016,C102132,Gold,500000,500,Active,2017-05-19
CARD200017,C108686,Blue,50000,0,Inactive,2017-11-06
CARD200018,C108708,Gold,200000,2500,Blocked,2018-01-15
CARD200019,C109095,Gold,100000,0,Active,2018-06-13
CARD200020,C104679,Gold,150000,500,Active,2023-08-20
CARD200021,C102596,Gold,100000,1000,Closed,2017-01-25
CARD200022,C107989,Blue,300000,2500,Active,2021-01-09
CARD200023,C107071,Platinum,50000,2500,Active,2017-04-13
CARD200024,C101720,Blue,75000,500,Active,2023-03-06
CARD200025,C108852,Blue,500000,0,Closed,2021-11-14
CARD200026,C105385,Blue,100000,500,Active,2026-03-29
CARD200027,C107574,Gold,75000,2500,Blocked,2018-10-27
CARD200028,C100618,Premium,100000,0,Closed,2025-09-17
CARD200029,C109724,Platinum,50000,500,Inactive,2022-09-18
CARD200030,C101156,Gold,100000,0,Active,2024-06-16
CARD200031,C107064,Gold,100000,1000,Active,2023-03-23
CARD200032,C104107,Blue,75000,1000,Active,2019-10-13
CARD200033,C107023,Gold,50000,1000,Active,2024-03-27
CARD200034,C106118,Blue,150000,0,Active,2024-03-11
CARD200035,C106212,Blue,150000,1000,Active,2024-01-25
CARD200036,C105896,Platinum,200000,0,Active,2020-06-10
CARD200037,C106111,Platinum,75000,500,Active,2023-11-27
CARD200038,C105799,Premium,150000,2500,Active,2018-09-03
CARD200039,C106019,Gold,300000,500,Active,2026-01-03
CARD200040,C109616,Gold,500000,2500,Active,2023-10-22
CARD200041,C103087,Gold,300000,2500,Active,2022-01-17
CARD200042,C104558,Platinum,75000,500,Active,2024-10-05
CARD200043,C103350,Blue,500000,500,Closed,2022-06-18
CARD200044,C103523,Blue,100000,1000,Active,2023-12-18
CARD200045,C104362,Gold,50000,2500,Active,2025-12-16
CARD200046,C105351,Gold,100000,500,Inactive,2020-06-22
CARD200047,C102677,Gold,100000,0,Blocked,2017-12-29
CARD200048,C108773,Platinum,150000,500,Active,2023-07-18
CARD200049,C104331,Platinum,500000,500,Active,2023-01-27
CARD200050,C102841,Gold,200000,5000,Active,2018-05-15
CARD200051,C100860,Gold,150000,2500,Active,2023-09-29
CARD200052,C101182,Gold,75000,2500,Inactive,2023-02-20
CARD200053,C101199,Gold,200000,0,Active,2025-12-29
CARD200054,C108154,Platinum,75000,0,Blocked,2018-05-09
CARD200055,C101457,Blue,75000,5000,Active,2020-02-27
CARD200056,C108367,Blue,100000,0,Active,2017-07-03
CARD200057,C104995,Gold,300000,1000,Active,2021-02-24
CARD200058,C105569,Blue,75000,2500,Active,2017-03-22
CARD200059,C103301,Blue,300000,500,Closed,2023-01-02
CARD200060,C101920,Blue,100000,0,Active,2026-01-12
CARD200061,C104102,Premium,50000,500,Active,2020-03-11
CARD200062,C106068,Platinum,150000,5000,Active,2017-03-03
CARD200063,C102221,Platinum,150000,1000,Active,2018-06-25
CARD200064,C106407,Gold,500000,5000,Active,2020-10-29
CARD200065,C108806,Blue,100000,0,Active,2017-07-15
CARD200066,C109605,Premium,50000,0,Active,2024-02-07
CARD200067,C100437,Blue,100000,1000,Active,2019-02-22
CARD200068,C107289,Platinum,100000,0,Closed,2022-02-07
CARD200069,C100127,Gold,150000,1000,Active,2026-04-15
CARD200070,C107850,Blue,150000,500,Blocked,2017-11-13
CARD200071,C100347,Gold,100000,0,Active,2021-07-05
CARD200072,C105492,Gold,500000,0,Active,2017-12-30
CARD200073,C104746,Platinum,75000,1000,Active,2020-07-30
CARD200074,C109651,Platinum,75000,0,Active,2018-05-24
CARD200075,C106262,Blue,100000,1000,Active,2025-11-29
CARD200076,C109872,Platinum,150000,0,Closed,2018-11-26
CARD200077,C102274,Platinum,150000,0,Active,2023-05-21
CARD200078,C109816,Platinum,200000,2500,Active,2024-12-12
CARD200079,C100071,Blue,50000,5000,Active,2022-02-20
CARD200080,C100034,Gold,300000,0,Active,2022-03-26
CARD200081,C100369,Gold,50000,5000,Active,2023-07-02
CARD200082,C105898,Blue,150000,500,Active,2019-12-05
CARD200083,C101153,Blue,150000,0,Inactive,2021-11-16
CARD200084,C106159,Gold,75000,500,Active,2020-07-28
CARD200085,C102937,Platinum,100000,500,Active,2025-05-13
CARD200086,C103333,Blue,100000,0,Active,2022-10-14
CARD200087,C103305,Platinum,50000,2500,Active,2021-03-18
CARD200088,C102950,Platinum,100000,0,Inactive,2025-01-21
CARD200089,C108649,Platinum,100000,2500,Active,2021-12-09
CARD200090,C107839,Blue,100000,500,Active,2021-03-24
CARD200091,C109034,Gold,100000,5000,Active,2019-06-12
CARD200092,C101287,Premium,500000,500,Closed,2023-08-31
CARD200093,C103090,Blue,300000,0,Active,2019-06-27
CARD200094,C101983,Blue,200000,500,Inactive,2024-12-07
CARD200095,C101024,Gold,500000,500,Active,2022-07-24
CARD200096,C103329,Blue,100000,500,Active,2020-04-18
CARD200097,C102848,Platinum,100000,2500,Active,2017-08-17
CARD200098,C103697,Premium,100000,1000,Active,2021-05-14
CARD200099,C107890,Gold,150000,5000,Active,2024-02-17
CARD200100,C105943,Platinum,200000,1000,Active,2023-10-02
CARD200101,C109615,Platinum,150000,1000,Inactive,2021-10-08
CARD200102,C103600,Gold,75000,0,Active,2024-08-17
CARD200103,C107569,Blue,75000,1000,Active,2022-01-05
CARD200104,C101967,Platinum,100000,1000,Active,2020-04-16
CARD200105,C108778,Platinum,100000,0,Active,2017-02-27
CARD200106,C104336,Blue,100000,0,Active,2024-06-07
CARD200107,C102840,Platinum,150000,0,Active,2017-06-18
CARD200108,C102497,Gold,150000,1000,Active,2024-04-17
CARD200109,C103722,Platinum,100000,1000,Active,2022-06-14
CARD200110,C100114,Gold,200000,500,Active,2018-07-26
CARD200111,C109048,Platinum,100000,0,Active,2021-06-11
CARD200112,C108781,Blue,50000,0,Closed,2022-12-22
CARD200113,C102586,Gold,150000,500,Active,2020-04-13
CARD200114,C107510,Blue,200000,500,Active,2026-01-09
CARD200115,C109466,Gold,150000,1000,Active,2017-06-27
CARD200116,C102227,Blue,75000,2500,Active,2019-10-22
CARD200117,C104690,Gold,100000,1000,Active,2021-05-29
CARD200118,C109540,Platinum,200000,500,Active,2021-06-02
CARD200119,C100742,Blue,50000,500,Active,2025-08-26
CARD200120,C100841,Blue,300000,500,Active,2019-10-17
CARD200121,C100852,Premium,50000,1000,Active,2017-05-17
CARD200122,C107714,Blue,75000,1000,Blocked,2023-08-09
CARD200123,C102574,Blue,150000,0,Active,2025-05-31
CARD200124,C107945,Platinum,100000,2500,Active,2017-05-15
CARD200125,C107672,Gold,150000,2500,Closed,2023-11-05
CARD200126,C102469,Blue,100000,5000,Active,2025-05-21
CARD200127,C105401,Blue,200000,2500,Active,2022-07-31
CARD200128,C100418,Platinum,500000,0,Active,2022-03-15
CARD200129,C105901,Platinum,200000,500,Active,2022-09-15
CARD200130,C102664,Blue,150000,0,Active,2020-08-15
CARD200131,C103405,Gold,100000,2500,Active,2025-10-17
CARD200132,C100552,Blue,150000,2500,Active,2019-05-07
CARD200133,C108841,Blue,200000,500,Active,2022-07-20
CARD200134,C107794,Platinum,200000,0,Active,2022-10-05
CARD200135,C103990,Premium,50000,500,Active,2017-09-13
CARD200136,C107552,Platinum,150000,0,Blocked,2020-03-27
CARD200137,C105231,Platinum,75000,0,Inactive,2025-06-23
CARD200138,C105199,Gold,150000,0,Active,2025-04-02
CARD200139,C100985,Blue,200000,0,Blocked,2024-08-06
CARD200140,C102831,Gold,500000,2500,Closed,2023-08-18
CARD200141,C109822,Gold,50000,0,Active,2023-01-12
CARD200142,C105664,Platinum,100000,0,Active,2020-01-20
CARD200143,C101141,Platinum,50000,0,Active,2019-10-24
CARD200144,C104303,Blue,200000,500,Active,2026-03-11
CARD200145,C103092,Gold,75000,0,Active,2020-02-15
CARD200146,C103872,Platinum,75000,0,Active,2025-08-02
CARD200147,C101041,Gold,50000,2500,Active,2017-05-06
CARD200148,C107344,Gold,200000,1000,Active,2019-06-17
CARD200149,C103146,Blue,50000,0,Active,2018-10-20
CARD200150,C108865,Gold,100000,500,Active,2018-07-15
CARD200151,C103565,Platinum,75000,500,Active,2020-08-14
CARD200152,C106499,Gold,150000,500,Active,2021-11-28
CARD200153,C105452,Platinum,75000,0,Active,2020-04-08
CARD200154,C109234,Premium,75000,500,Active,2022-08-12
CARD200155,C105239,Blue,300000,2500,Active,2026-04-09
CARD200156,C101606,Gold,50000,1000,Active,2020-09-01
CARD200157,C104865,Blue,50000,0,Active,2023-11-02
CARD200158,C107077,Blue,200000,2500,Active,2021-12-01
CARD200159,C101943,Gold,75000,500,Active,2025-11-23
CARD200160,C102980,Gold,75000,1000,Active,2020-01-01
CARD200161,C103135,Gold,50000,500,Active,2018-03-27
CARD200162,C101526,Gold,150000,2500,Active,2021-11-20
CARD200163,C103818,Gold,100000,1000,Active,2019-02-11
CARD200164,C107424,Blue,200000,1000,Inactive,2024-07-15
CARD200165,C106997,Platinum,50000,2500,Active,2018-07-15
CARD200166,C109965,Premium,500000,2500,Blocked,2017-07-25
CARD200167,C102038,Blue,50000,500,Active,2023-11-28
CARD200168,C101307,Platinum,75000,1000,Inactive,2021-08-23
CARD200169,C101532,Platinum,75000,500,Active,2018-11-29
CARD200170,C102457,Blue,200000,1000,Active,2018-01-01
CARD200171,C102604,Gold,100000,0,Active,2022-09-12
CARD200172,C103604,Blue,50000,1000,Active,2022-03-14
CARD200173,C103828,Gold,150000,2500,Active,2021-09-02
CARD200174,C103554,Blue,75000,500,Active,2019-05-22
CARD200175,C104309,Blue,150000,1000,Active,2022-02-19
CARD200176,C100980,Gold,100000,0,Active,2025-05-10
CARD200177,C101282,Blue,50000,2500,Active,2017-02-03
CARD200178,C100332,Gold,300000,500,Active,2025-06-22
CARD200179,C101215,Platinum,75000,500,Active,2021-01-21
CARD200180,C102077,Gold,50000,0,Active,2020-03-02
CARD200181,C106098,Platinum,150000,0,Active,2019-11-21
CARD200182,C102393,Blue,200000,0,Active,2021-05-05
CARD200183,C109934,Gold,100000,500,Active,2023-06-02
CARD200184,C105844,Blue,200000,0,Active,2019-10-07
CARD200185,C103312,Gold,50000,1000,Active,2023-09-26
CARD200186,C102345,Gold,100000,0,Active,2018-03-03
CARD200187,C109894,Gold,150000,1000,Active,2024-05-10
CARD200188,C105207,Gold,200000,500,Active,2019-03-10
CARD200189,C108491,Gold,50000,0,Inactive,2018-05-06
CARD200190,C108713,Blue,150000,500,Blocked,2025-06-17
CARD200191,C100010,Blue,200000,500,Closed,2026-03-30
CARD200192,C104819,Blue,75000,0,Active,2022-03-26
CARD200193,C102969,Platinum,75000,500,Active,2025-11-27
CARD200194,C107017,Premium,150000,1000,Active,2024-06-25
CARD200195,C103669,Blue,100000,1000,Active,2023-02-03
CARD200196,C107884,Gold,100000,2500,Active,2018-01-03
CARD200197,C108748,Blue,300000,1000,Active,2019-03-06
CARD200198,C102687,Gold,50000,500,Inactive,2023-11-15
CARD200199,C102142,Blue,200000,0,Active,2025-08-12
CARD200200,C108817,Premium,200000,500,Active,2020-08-27
CARD200201,C101487,Blue,100000,5000,Active,2021-04-15
CARD200202,C103020,Gold,150000,5000,Active,2021-08-18
CARD200203,C104742,Blue,150000,1000,Active,2021-04-12
CARD200204,C109769,Gold,75000,0,Active,2024-11-05
CARD200205,C104578,Blue,150000,0,Active,2017-04-28
CARD200206,C104924,Blue,50000,5000,Active,2017-07-02
CARD200207,C100423,Platinum,200000,2500,Active,2022-06-15
CARD200208,C104115,Gold,50000,500,Active,2021-08-18
CARD200209,C103664,Gold,100000,500,Active,2018-10-12
CARD200210,C103460,Gold,100000,0,Active,2024-06-25
CARD200211,C102840,Blue,100000,500,Active,2018-04-08
CARD200212,C103513,Premium,150000,1000,Active,2018-03-23
CARD200213,C101802,Blue,150000,0,Closed,2018-08-21
CARD200214,C102395,Platinum,300000,500,Active,2023-02-24
CARD200215,C103597,Platinum,100000,500,Active,2021-10-22
CARD200216,C106507,Gold,150000,2500,Inactive,2025-08-01
CARD200217,C109707,Gold,50000,1000,Active,2024-03-06
CARD200218,C104498,Blue,200000,5000,Inactive,2019-10-25
CARD200219,C101568,Blue,100000,500,Active,2018-08-27
CARD200220,C101254,Blue,150000,0,Active,2017-05-12
CARD200221,C103973,Gold,500000,2500,Active,2019-04-25
CARD200222,C100681,Premium,200000,500,Active,2025-12-23
CARD200223,C100530,Platinum,100000,1000,Active,2019-11-27
CARD200224,C106000,Blue,100000,1000,Active,2018-08-16
CARD200225,C102339,Blue,75000,1000,Active,2018-04-04
CARD200226,C100660,Blue,150000,2500,Active,2023-04-15
CARD200227,C108859,Platinum,150000,0,Active,2024-11-28
CARD200228,C107832,Blue,150000,0,Active,2023-04-26
CARD200229,C100225,Gold,75000,500,Active,2017-05-01
CARD200230,C103633,Premium,200000,500,Closed,2024-11-07
CARD200231,C105077,Premium,100000,2500,Closed,2022-04-26
CARD200232,C107194,Blue,100000,2500,Active,2023-01-09
CARD200233,C105439,Premium,75000,1000,Active,2025-11-16
CARD200234,C102813,Blue,200000,2500,Active,2020-03-19
CARD200235,C105152,Platinum,75000,1000,Active,2018-12-29
CARD200236,C101224,Blue,150000,0,Inactive,2018-05-04
CARD200237,C104712,Blue,200000,1000,Active,2020-10-28
CARD200238,C100744,Platinum,150000,1000,Active,2023-05-09
CARD200239,C104839,Gold,150000,1000,Active,2025-09-05
CARD200240,C100989,Premium,300000,2500,Active,2022-11-29
CARD200241,C102073,Gold,500000,0,Active,2022-05-10
CARD200242,C106578,Gold,75000,0,Active,2019-06-02
CARD200243,C103686,Gold,100000,1000,Active,2023-11-14
CARD200244,C107674,Platinum,100000,0,Closed,2019-04-16
CARD200245,C104842,Blue,50000,0,Active,2025-03-17
CARD200246,C100960,Gold,100000,5000,Active,2024-03-27
CARD200247,C107938,Blue,150000,5000,Active,2018-06-05
CARD200248,C102463,Blue,300000,500,Active,2026-03-30
CARD200249,C107991,Blue,200000,0,Active,2021-05-29
CARD200250,C106219,Blue,50000,2500,Active,2025-09-26
CARD200251,C101673,Blue,100000,2500,Active,2024-02-25
CARD200252,C104748,Gold,300000,500,Active,2024-11-19
CARD200253,C104972,Gold,150000,2500,Closed,2026-04-16
CARD200254,C106103,Blue,500000,0,Blocked,2018-04-09
CARD200255,C104696,Gold,100000,500,Active,2018-09-03
CARD200256,C106734,Platinum,100000,0,Active,2023-12-31
CARD200257,C109489,Platinum,100000,2500,Active,2023-05-23
CARD200258,C107188,Gold,300000,500,Closed,2022-01-13
CARD200259,C101405,Gold,100000,0,Active,2025-01-06
CARD200260,C103056,Gold,100000,0,Active,2021-12-13
CARD200261,C108366,Gold,200000,0,Active,2020-02-11
CARD200262,C101540,Platinum,100000,0,Active,2018-02-01
CARD200263,C107732,Gold,100000,500,Active,2023-08-20
CARD200264,C101620,Platinum,300000,0,Active,2018-05-18
CARD200265,C108615,Gold,100000,2500,Active,2025-07-27
CARD200266,C102584,Gold,150000,500,Active,2019-03-14
CARD200267,C104026,Premium,50000,2500,Active,2024-11-06
CARD200268,C105149,Platinum,500000,2500,Active,2018-02-19
CARD200269,C104238,Gold,150000,1000,Active,2022-09-09
CARD200270,C107340,Platinum,500000,0,Active,2020-09-13
CARD200271,C107290,Premium,200000,500,Closed,2023-04-24
CARD200272,C101096,Gold,200000,5000,Closed,2026-01-16
CARD200273,C107883,Premium,75000,2500,Active,2025-08-24
CARD200274,C105981,Blue,100000,500,Active,2026-03-27
CARD200275,C102426,Premium,50000,500,Active,2022-11-20
CARD200276,C109982,Gold,150000,500,Active,2025-01-31
CARD200277,C100940,Blue,500000,2500,Active,2022-11-30
CARD200278,C102503,Blue,100000,5000,Active,2022-08-01
CARD200279,C104937,Platinum,100000,1000,Inactive,2021-11-19
CARD200280,C104012,Blue,100000,5000,Active,2023-01-13
CARD200281,C100067,Blue,150000,2500,Inactive,2017-04-03
CARD200282,C102945,Blue,300000,2500,Active,2026-02-27
CARD200283,C101331,Blue,150000,500,Active,2025-07-27
CARD200284,C103264,Blue,200000,500,Active,2022-04-21
CARD200285,C103964,Gold,100000,500,Active,2022-05-15
CARD200286,C109703,Gold,100000,500,Active,2017-01-13
CARD200287,C107160,Gold,75000,1000,Active,2020-12-17
CARD200288,C109734,Platinum,50000,500,Blocked,2022-07-21
CARD200289,C100943,Blue,200000,0,Active,2018-11-19
CARD200290,C107561,Platinum,200000,500,Active,2017-01-19
CARD200291,C108694,Premium,75000,500,Active,2026-02-11
CARD200292,C106029,Premium,150000,500,Closed,2024-07-05
CARD200293,C104932,Blue,150000,0,Active,2017-02-27
CARD200294,C105887,Platinum,300000,1000,Inactive,2024-09-12
CARD200295,C107744,Platinum,75000,5000,Active,2021-05-16
CARD200296,C102277,Gold,50000,0,Active,2021-10-29
CARD200297,C103256,Premium,75000,2500,Active,2024-06-02
CARD200298,C109459,Blue,75000,0,Active,2018-09-05
CARD200299,C106720,Gold,75000,0,Active,2023-01-03
CARD200300,C105888,Blue,300000,1000,Closed,2021-07-02
CARD200301,C102369,Blue,500000,2500,Active,2020-10-14
CARD200302,C105064,Platinum,150000,2500,Active,2024-08-31
CARD200303,C101477,Gold,200000,0,Active,2024-10-03
CARD200304,C109710,Platinum,150000,0,Active,2023-09-27
CARD200305,C107271,Gold,150000,2500,Active,2018-04-10
CARD200306,C103511,Premium,300000,0,Active,2019-03-20
CARD200307,C101749,Gold,300000,0,Active,2021-11-12
CARD200308,C101088,Blue,100000,2500,Active,2017-11-15
CARD200309,C102616,Blue,200000,0,Active,2021-05-25
CARD200310,C105930,Blue,50000,500,Active,2024-02-04
CARD200311,C105119,Platinum,75000,5000,Active,2020-10-15
CARD200312,C104209,Blue,100000,1000,Active,2021-10-04
CARD200313,C102970,Blue,100000,500,Active,2018-06-07
CARD200314,C103100,Gold,75000,500,Active,2019-05-17
CARD200315,C105886,Blue,300000,500,Active,2024-06-19
CARD200316,C103212,Gold,150000,2500,Active,2023-05-19
CARD200317,C106476,Premium,100000,1000,Active,2018-12-12
CARD200318,C104748,Premium,200000,2500,Active,2021-02-13
CARD200319,C107998,Premium,200000,5000,Active,2018-12-06
CARD200320,C104330,Gold,200000,500,Blocked,2024-09-19
CARD200321,C103682,Premium,100000,0,Closed,2018-04-14
CARD200322,C104300,Gold,100000,2500,Active,2020-07-22
CARD200323,C106607,Blue,100000,0,Active,2021-08-08
CARD200324,C105456,Platinum,200000,0,Active,2025-06-15
CARD200325,C100968,Platinum,100000,500,Active,2023-03-10
CARD200326,C107404,Gold,75000,5000,Active,2023-12-20
CARD200327,C102915,Blue,150000,1000,Active,2019-02-21
CARD200328,C101425,Gold,75000,1000,Active,2025-04-18
CARD200329,C108804,Gold,150000,0,Active,2025-02-10
CARD200330,C107467,Platinum,150000,500,Active,2022-11-27
CARD200331,C105067,Gold,75000,0,Active,2019-10-06
CARD200332,C107379,Gold,300000,0,Active,2025-09-14
CARD200333,C105062,Blue,100000,1000,Active,2024-05-17
CARD200334,C100766,Platinum,150000,0,Active,2025-02-06
CARD200335,C103430,Gold,200000,2500,Active,2024-06-11
CARD200336,C108710,Blue,150000,1000,Active,2017-01-28
CARD200337,C102728,Blue,50000,500,Active,2019-02-18
CARD200338,C102746,Blue,100000,500,Active,2026-03-02
CARD200339,C107619,Gold,300000,500,Active,2018-02-18
CARD200340,C102365,Blue,300000,500,Blocked,2020-03-20
CARD200341,C109579,Gold,75000,1000,Active,2020-01-22
CARD200342,C105705,Blue,100000,1000,Active,2023-01-30
CARD200343,C105124,Platinum,75000,500,Active,2020-06-14
CARD200344,C103854,Platinum,300000,5000,Active,2022-01-15
CARD200345,C107617,Gold,500000,500,Active,2022-03-16
CARD200346,C101132,Blue,100000,1000,Active,2021-12-27
CARD200347,C101617,Blue,150000,500,Active,2018-05-11
CARD200348,C108631,Blue,75000,0,Closed,2020-04-23
CARD200349,C102340,Gold,150000,5000,Active,2019-12-21
CARD200350,C105655,Blue,50000,2500,Active,2020-01-14
CARD200351,C104979,Gold,50000,0,Active,2020-06-16
CARD200352,C106075,Platinum,100000,500,Active,2020-04-16
CARD200353,C105376,Blue,300000,2500,Active,2023-01-23
CARD200354,C108326,Platinum,50000,1000,Active,2023-04-10
CARD200355,C102989,Gold,100000,1000,Active,2017-09-04
CARD200356,C101480,Blue,150000,2500,Active,2025-04-15
CARD200357,C109036,Blue,100000,500,Active,2022-01-29
CARD200358,C105699,Blue,50000,2500,Active,2021-03-13
CARD200359,C102014,Gold,150000,5000,Active,2020-11-06
CARD200360,C100810,Blue,75000,0,Closed,2024-12-11
CARD200361,C103694,Gold,100000,5000,Active,2021-10-02
CARD200362,C101112,Platinum,300000,5000,Active,2018-03-28
CARD200363,C108429,Gold,150000,500,Active,2019-07-13
CARD200364,C101121,Blue,200000,2500,Active,2025-01-30
CARD200365,C103288,Platinum,75000,0,Active,2017-03-12
CARD200366,C104250,Blue,200000,1000,Active,2018-08-07
CARD200367,C107066,Platinum,75000,500,Active,2018-02-22
CARD200368,C100783,Gold,300000,500,Active,2024-02-24
CARD200369,C102474,Platinum,150000,5000,Active,2023-09-13
CARD200370,C105190,Gold,150000,1000,Active,2021-12-22
CARD200371,C101126,Premium,75000,2500,Closed,2020-06-19
CARD200372,C103585,Blue,100000,0,Active,2017-08-05
CARD200373,C100877,Gold,50000,1000,Active,2018-04-28
CARD200374,C109127,Platinum,100000,0,Active,2023-12-09
CARD200375,C106150,Platinum,50000,0,Active,2021-02-13
CARD200376,C104879,Gold,50000,2500,Active,2025-11-01
CARD200377,C102215,Gold,75000,1000,Active,2024-02-15
CARD200378,C103203,Premium,150000,0,Active,2024-06-04
CARD200379,C104168,Gold,75000,500,Active,2024-08-09
CARD200380,C105120,Gold,300000,1000,Active,2019-07-27
CARD200381,C108174,Gold,150000,2500,Active,2018-06-27
CARD200382,C109451,Blue,100000,0,Active,2024-09-18
CARD200383,C103590,Gold,100000,0,Active,2017-08-18
CARD200384,C102625,Gold,100000,1000,Active,2025-12-24
CARD200385,C102410,Gold,75000,500,Active,2017-01-08
CARD200386,C102523,Platinum,100000,1000,Active,2022-07-26
CARD200387,C109723,Gold,50000,0,Active,2023-10-08
CARD200388,C100098,Gold,100000,1000,Closed,2024-05-22
CARD200389,C103551,Blue,100000,0,Inactive,2018-01-05
CARD200390,C102002,Premium,50000,500,Active,2023-06-20
CARD200391,C103192,Premium,150000,5000,Active,2022-08-10
CARD200392,C103951,Gold,200000,0,Active,2017-09-29
CARD200393,C105221,Blue,75000,0,Active,2018-07-01
CARD200394,C106480,Gold,100000,1000,Active,2018-01-14
CARD200395,C104969,Blue,300000,0,Active,2023-03-20
CARD200396,C103848,Blue,300000,1000,Active,2021-04-17
CARD200397,C106176,Blue,75000,1000,Active,2025-12-26
CARD200398,C104408,Blue,75000,2500,Active,2019-10-27
CARD200399,C104181,Premium,75000,0,Active,2022-02-19
CARD200400,C102557,Platinum,150000,5000,Active,2026-03-28
CARD200401,C108355,Platinum,200000,1000,Active,2019-01-08
CARD200402,C101216,Platinum,75000,2500,Active,2017-12-24
CARD200403,C106571,Gold,150000,500,Inactive,2020-09-30
CARD200404,C100630,Premium,200000,0,Active,2025-09-13
CARD200405,C105597,Gold,75000,2500,Active,2023-10-27
CARD200406,C108196,Blue,50000,500,Active,2023-01-09
CARD200407,C107811,Gold,50000,500,Active,2023-12-15
CARD200408,C103719,Gold,100000,500,Active,2025-03-19
CARD200409,C104705,Gold,75000,0,Active,2017-08-13
CARD200410,C108654,Blue,100000,0,Active,2017-06-13
CARD200411,C108038,Gold,500000,5000,Blocked,2024-05-03
CARD200412,C104354,Blue,100000,1000,Active,2019-12-27
CARD200413,C105063,Platinum,100000,500,Active,2019-09-18
CARD200414,C106724,Gold,200000,0,Active,2019-06-02
CARD200415,C109018,Gold,300000,2500,Active,2025-12-16
CARD200416,C109109,Gold,150000,5000,Inactive,2025-09-01
CARD200417,C102225,Premium,200000,0,Active,2025-05-15
CARD200418,C109299,Blue,75000,1000,Active,2026-03-28
CARD200419,C106828,Gold,75000,5000,Active,2017-06-13
CARD200420,C105667,Gold,500000,5000,Active,2023-11-13
CARD200421,C100873,Gold,500000,1000,Active,2025-06-06
CARD200422,C109035,Platinum,100000,500,Active,2022-03-10
CARD200423,C105235,Premium,200000,0,Inactive,2025-05-10
CARD200424,C101542,Gold,100000,500,Blocked,2018-05-07
CARD200425,C103200,Platinum,50000,2500,Active,2025-11-18
CARD200426,C104683,Gold,150000,0,Active,2023-06-15
CARD200427,C100200,Platinum,150000,0,Active,2019-06-23
CARD200428,C106459,Gold,50000,2500,Active,2023-02-10
CARD200429,C109520,Gold,100000,5000,Active,2018-02-07
CARD200430,C104506,Premium,150000,0,Active,2025-11-21
CARD200431,C101883,Gold,100000,0,Active,2018-11-10
CARD200432,C103757,Gold,50000,500,Inactive,2018-12-09
CARD200433,C103045,Gold,300000,5000,Active,2018-06-29
CARD200434,C102990,Blue,300000,0,Active,2023-10-13
CARD200435,C100980,Gold,300000,0,Active,2018-06-06
CARD200436,C103803,Blue,150000,5000,Active,2019-03-15
CARD200437,C101856,Platinum,300000,500,Active,2025-10-17
CARD200438,C105845,Platinum,300000,1000,Active,2026-03-01
CARD200439,C106676,Blue,150000,500,Active,2020-12-11
CARD200440,C103997,Gold,150000,1000,Active,2025-10-10
CARD200441,C109255,Platinum,150000,500,Active,2021-07-09
CARD200442,C100851,Blue,100000,0,Active,2020-04-15
CARD200443,C108477,Gold,50000,0,Active,2018-08-24
CARD200444,C102078,Blue,300000,0,Active,2020-12-16
CARD200445,C100818,Gold,100000,0,Active,2023-02-21
CARD200446,C102631,Gold,50000,0,Active,2021-09-13
CARD200447,C102766,Gold,300000,5000,Active,2022-07-09
CARD200448,C102726,Platinum,200000,0,Active,2018-06-17
CARD200449,C103781,Gold,150000,5000,Active,2020-01-19
CARD200450,C102106,Blue,500000,5000,Active,2019-10-15
CARD200451,C101401,Platinum,200000,500,Blocked,2024-10-06
CARD200452,C103478,Blue,50000,0,Active,2023-04-17
CARD200453,C102742,Platinum,200000,5000,Inactive,2018-03-02
CARD200454,C108696,Gold,50000,1000,Closed,2020-12-03
CARD200455,C102357,Blue,200000,500,Active,2017-07-22
CARD200456,C105038,Blue,75000,0,Active,2023-01-23
CARD200457,C100951,Platinum,100000,2500,Active,2017-01-14
CARD200458,C108980,Blue,200000,2500,Active,2024-03-18
CARD200459,C102240,Premium,75000,0,Active,2021-06-30
CARD200460,C102272,Gold,300000,0,Active,2019-09-04
CARD200461,C108045,Platinum,75000,2500,Active,2026-02-05
CARD200462,C100209,Gold,50000,2500,Active,2024-01-03
CARD200463,C102271,Premium,50000,500,Active,2026-01-08
CARD200464,C101161,Blue,200000,0,Active,2024-01-07
CARD200465,C109132,Gold,100000,0,Active,2026-01-27
CARD200466,C107082,Platinum,150000,1000,Active,2018-11-17
CARD200467,C101853,Blue,200000,0,Active,2020-03-23
CARD200468,C107248,Gold,150000,0,Active,2017-03-21
CARD200469,C107471,Platinum,500000,0,Active,2019-12-14
CARD200470,C109236,Premium,50000,1000,Active,2025-01-07
CARD200471,C107445,Platinum,75000,500,Active,2020-03-23
CARD200472,C105588,Blue,200000,5000,Active,2024-11-10
CARD200473,C100417,Gold,300000,0,Active,2023-11-08
CARD200474,C106330,Gold,200000,5000,Active,2017-06-06
CARD200475,C107701,Blue,100000,500,Active,2025-04-15
CARD200476,C102639,Gold,200000,5000,Blocked,2019-03-02
CARD200477,C102990,Platinum,75000,0,Inactive,2020-09-14
CARD200478,C106170,Gold,100000,0,Active,2020-06-22
CARD200479,C101690,Gold,200000,500,Active,2024-04-12
CARD200480,C109647,Platinum,100000,0,Active,2025-08-30
CARD200481,C106836,Blue,200000,0,Active,2018-04-15
CARD200482,C106626,Gold,150000,500,Active,2017-05-19
CARD200483,C102593,Gold,300000,1000,Active,2020-08-22
CARD200484,C105629,Gold,75000,1000,Closed,2026-01-24
CARD200485,C101641,Gold,150000,0,Active,2019-03-27
CARD200486,C108805,Gold,150000,2500,Active,2019-07-20
CARD200487,C106967,Blue,100000,500,Closed,2021-05-02
CARD200488,C107549,Gold,100000,1000,Active,2021-01-20
CARD200489,C106213,Premium,300000,0,Closed,2017-08-08
CARD200490,C109930,Gold,75000,0,Active,2017-01-10
CARD200491,C101721,Gold,50000,1000,Active,2024-10-29
CARD200492,C100275,Platinum,150000,0,Active,2018-03-16
CARD200493,C101762,Gold,300000,0,Inactive,2024-02-09
CARD200494,C103760,Platinum,500000,5000,Active,2018-12-14
CARD200495,C105517,Premium,300000,500,Active,2025-01-01
CARD200496,C107697,Platinum,200000,2500,Active,2026-02-21
CARD200497,C100135,Gold,50000,2500,Inactive,2021-09-14
CARD200498,C104685,Blue,150000,0,Active,2026-02-26
CARD200499,C107962,Gold,150000,500,Inactive,2025-03-22
CARD200500,C108841,Gold,100000,1000,Active,2019-05-22
CARD200501,C100969,Blue,200000,2500,Active,2022-07-13
CARD200502,C101968,Platinum,500000,5000,Active,2025-03-07
CARD200503,C109131,Platinum,500000,0,Active,2023-05-22
CARD200504,C103257,Gold,50000,1000,Active,2018-01-02
CARD200505,C107094,Gold,50000,500,Active,2024-05-06
CARD200506,C104394,Gold,50000,500,Active,2020-11-26
CARD200507,C103644,Premium,100000,0,Active,2023-02-16
CARD200508,C100194,Gold,200000,5000,Active,2021-11-04
CARD200509,C108162,Blue,150000,1000,Active,2025-11-13
CARD200510,C102829,Premium,100000,1000,Inactive,2018-05-30
CARD200511,C108809,Platinum,200000,5000,Active,2020-02-12
CARD200512,C106417,Blue,75000,0,Active,2022-09-07
CARD200513,C104525,Gold,500000,1000,Active,2019-11-06
CARD200514,C107754,Gold,75000,500,Inactive,2021-07-07
CARD200515,C102016,Platinum,100000,500,Inactive,2024-06-26
CARD200516,C106342,Gold,300000,2500,Active,2026-04-06
CARD200517,C101279,Gold,200000,0,Active,2025-04-08
CARD200518,C106007,Gold,75000,5000,Active,2019-04-05
CARD200519,C108289,Premium,50000,500,Active,2024-04-03
CARD200520,C104131,Blue,150000,500,Blocked,2025-11-04
CARD200521,C104317,Gold,150000,500,Inactive,2023-07-05
CARD200522,C101913,Blue,300000,0,Active,2020-08-20
CARD200523,C105912,Blue,50000,1000,Active,2020-11-23
CARD200524,C108794,Gold,300000,1000,Active,2025-10-12
CARD200525,C100353,Platinum,100000,0,Active,2021-03-24
CARD200526,C108294,Platinum,100000,0,Active,2021-12-25
CARD200527,C109646,Gold,150000,2500,Active,2025-05-31
CARD200528,C107690,Platinum,300000,500,Active,2021-04-24
CARD200529,C108130,Gold,100000,1000,Active,2022-02-09
CARD200530,C100292,Blue,50000,500,Active,2017-07-09
CARD200531,C103376,Gold,150000,0,Blocked,2019-10-07
CARD200532,C105890,Blue,150000,1000,Active,2023-10-15
CARD200533,C101869,Gold,500000,0,Inactive,2024-08-17
CARD200534,C102168,Gold,150000,1000,Active,2018-07-11
CARD200535,C108343,Blue,150000,500,Active,2025-05-16
CARD200536,C107793,Gold,300000,500,Active,2024-01-04
CARD200537,C109082,Gold,75000,1000,Active,2020-07-11
CARD200538,C107131,Gold,50000,1000,Active,2022-10-10
CARD200539,C103618,Blue,200000,2500,Active,2026-02-10
CARD200540,C103918,Premium,150000,0,Active,2024-12-10
CARD200541,C107339,Platinum,300000,0,Active,2025-12-13
CARD200542,C104505,Blue,75000,0,Active,2021-05-13
CARD200543,C102356,Gold,100000,1000,Active,2018-03-30
CARD200544,C105440,Gold,50000,0,Closed,2022-09-14
CARD200545,C103558,Premium,200000,2500,Active,2023-07-04
CARD200546,C107034,Platinum,75000,500,Active,2020-12-30
CARD200547,C103335,Gold,150000,500,Active,2021-04-23
CARD200548,C103375,Blue,150000,1000,Inactive,2022-01-26
CARD200549,C101665,Blue,100000,1000,Active,2024-05-13
CARD200550,C102005,Premium,50000,0,Closed,2020-09-13
CARD200551,C109233,Gold,150000,500,Active,2025-04-30
CARD200552,C104342,Blue,150000,2500,Active,2023-10-01
CARD200553,C105323,Gold,75000,1000,Active,2025-11-23
CARD200554,C104249,Gold,150000,0,Active,2022-03-26
CARD200555,C100462,Blue,500000,5000,Active,2023-12-08
CARD200556,C102490,Gold,300000,5000,Blocked,2019-01-01
CARD200557,C100813,Blue,300000,500,Active,2018-09-21
CARD200558,C101785,Gold,200000,500,Active,2025-10-15
CARD200559,C100052,Premium,200000,2500,Active,2023-05-12
CARD200560,C106302,Gold,200000,0,Active,2020-02-24
CARD200561,C106753,Platinum,100000,1000,Closed,2024-12-28
CARD200562,C100898,Blue,75000,1000,Active,2023-03-11
CARD200563,C101170,Platinum,200000,1000,Active,2019-09-23
CARD200564,C106556,Gold,150000,0,Active,2021-01-13
CARD200565,C107764,Gold,200000,0,Active,2024-02-06
CARD200566,C100428,Gold,500000,500,Closed,2026-02-04
CARD200567,C102305,Gold,100000,500,Active,2026-01-24
CARD200568,C107212,Platinum,300000,500,Inactive,2022-10-20
CARD200569,C100008,Platinum,50000,1000,Active,2023-05-16
CARD200570,C106172,Blue,75000,0,Active,2020-08-11
CARD200571,C107553,Gold,100000,1000,Inactive,2023-12-16
CARD200572,C100106,Blue,300000,0,Active,2022-02-09
CARD200573,C105678,Blue,500000,500,Closed,2023-09-08
CARD200574,C102174,Blue,150000,500,Active,2025-12-08
CARD200575,C102513,Gold,150000,500,Active,2026-02-06
CARD200576,C109946,Platinum,100000,2500,Closed,2023-05-04
CARD200577,C101496,Premium,300000,500,Active,2023-06-13
CARD200578,C109198,Gold,300000,1000,Active,2020-10-20
CARD200579,C105641,Blue,75000,2500,Active,2018-07-09
CARD200580,C101711,Gold,50000,500,Inactive,2020-05-31
CARD200581,C103268,Blue,50000,500,Active,2021-09-20
CARD200582,C104971,Gold,300000,500,Active,2018-12-18
CARD200583,C106145,Gold,200000,2500,Active,2018-12-09
CARD200584,C101795,Blue,75000,0,Active,2020-09-08
CARD200585,C103628,Blue,200000,5000,Active,2020-04-11
CARD200586,C108453,Blue,100000,0,Active,2026-01-12
CARD200587,C107539,Blue,150000,2500,Blocked,2019-01-15
CARD200588,C103026,Platinum,150000,2500,Active,2023-10-11
CARD200589,C102252,Gold,150000,0,Active,2025-08-09
CARD200590,C101164,Platinum,100000,1000,Blocked,2023-06-02
CARD200591,C109658,Gold,300000,0,Active,2024-05-31
CARD200592,C107965,Blue,300000,0,Blocked,2022-03-15
CARD200593,C107363,Blue,50000,1000,Active,2021-04-11
CARD200594,C108538,Premium,150000,1000,Active,2024-08-26
CARD200595,C100248,Gold,150000,500,Active,2020-09-27
CARD200596,C109404,Blue,150000,2500,Active,2026-03-31
CARD200597,C102265,Gold,50000,1000,Active,2024-04-10
CARD200598,C103388,Blue,150000,1000,Active,2025-07-12
CARD200599,C108712,Gold,200000,1000,Active,2020-10-02
CARD200600,C106787,Blue,50000,500,Active,2018-09-13
CARD200601,C101796,Blue,100000,0,Active,2020-03-09
CARD200602,C100089,Gold,150000,1000,Active,2023-11-04
CARD200603,C109427,Gold,75000,2500,Active,2018-09-09
CARD200604,C102674,Gold,500000,5000,Active,2022-01-01
CARD200605,C109449,Premium,150000,0,Active,2025-11-06
CARD200606,C101381,Blue,150000,1000,Active,2022-07-05
CARD200607,C105295,Gold,100000,0,Active,2023-07-16
CARD200608,C100747,Platinum,50000,0,Active,2022-02-02
CARD200609,C101616,Gold,300000,0,Blocked,2020-07-17
CARD200610,C103152,Platinum,50000,5000,Active,2025-07-06
CARD200611,C101947,Gold,200000,1000,Active,2018-07-05
CARD200612,C108763,Gold,75000,500,Closed,2022-01-15
CARD200613,C109454,Platinum,200000,2500,Active,2017-09-13
CARD200614,C107029,Gold,100000,0,Active,2017-11-15
CARD200615,C100493,Gold,100000,500,Active,2019-12-09
CARD200616,C102403,Gold,500000,0,Active,2024-07-09
CARD200617,C101292,Gold,500000,500,Active,2021-12-06
CARD200618,C100617,Gold,50000,0,Active,2020-03-24
CARD200619,C106450,Gold,300000,5000,Active,2023-02-24
CARD200620,C100026,Gold,50000,0,Active,2017-06-29
CARD200621,C107465,Gold,150000,0,Active,2021-02-04
CARD200622,C101542,Gold,200000,0,Active,2020-12-08
CARD200623,C109673,Blue,100000,500,Inactive,2024-02-01
CARD200624,C106902,Platinum,200000,0,Active,2024-08-11
CARD200625,C106764,Premium,150000,2500,Active,2025-02-13
CARD200626,C109630,Blue,100000,500,Active,2021-09-28
CARD200627,C108197,Blue,300000,5000,Active,2020-03-26
CARD200628,C106025,Premium,150000,0,Active,2017-06-25
CARD200629,C109985,Gold,200000,500,Active,2020-01-16
CARD200630,C105915,Gold,50000,5000,Active,2025-10-26
CARD200631,C109200,Gold,75000,500,Active,2026-04-14
CARD200632,C101267,Gold,150000,500,Active,2024-07-25
CARD200633,C108510,Blue,200000,0,Active,2019-03-05
CARD200634,C100569,Platinum,200000,1000,Active,2019-07-14
CARD200635,C107473,Gold,100000,500,Active,2023-09-26
CARD200636,C102152,Gold,200000,1000,Active,2023-09-10
CARD200637,C105371,Gold,300000,5000,Active,2017-02-24
CARD200638,C109499,Premium,150000,1000,Active,2026-01-01
CARD200639,C104312,Platinum,75000,0,Active,2020-12-01
CARD200640,C103941,Blue,150000,500,Active,2018-10-08
CARD200641,C107816,Gold,100000,1000,Active,2021-03-13
CARD200642,C106253,Blue,100000,1000,Blocked,2025-08-07
CARD200643,C105669,Platinum,300000,0,Active,2022-05-12
CARD200644,C108912,Blue,500000,500,Active,2018-10-03
CARD200645,C104283,Platinum,200000,500,Active,2022-11-29
CARD200646,C109332,Gold,100000,500,Active,2019-03-22
CARD200647,C105862,Platinum,75000,5000,Active,2023-10-22
CARD200648,C103768,Gold,50000,5000,Active,2021-03-18
CARD200649,C101477,Blue,50000,2500,Inactive,2018-07-17
CARD200650,C107039,Gold,50000,5000,Active,2017-02-14
CARD200651,C101456,Blue,150000,5000,Blocked,2021-04-13
CARD200652,C109542,Blue,75000,500,Active,2021-08-09
CARD200653,C105224,Blue,50000,500,Active,2018-06-28
CARD200654,C107346,Platinum,500000,0,Active,2019-11-26
CARD200655,C107524,Blue,200000,0,Inactive,2017-12-12
CARD200656,C103724,Blue,150000,0,Active,2017-08-14
CARD200657,C102862,Blue,150000,0,Active,2021-06-13
CARD200658,C103731,Blue,500000,0,Active,2021-07-04
CARD200659,C103913,Blue,150000,500,Active,2019-12-03
CARD200660,C101038,Gold,50000,1000,Active,2021-11-12
CARD200661,C100035,Gold,150000,2500,Active,2018-09-30
CARD200662,C109411,Gold,100000,0,Closed,2024-08-23
CARD200663,C100190,Platinum,500000,1000,Active,2020-05-17
CARD200664,C107774,Blue,100000,500,Active,2026-04-12
CARD200665,C104950,Gold,200000,1000,Active,2017-10-14
CARD200666,C107663,Gold,200000,0,Active,2025-06-15
CARD200667,C100435,Platinum,50000,2500,Active,2018-08-01
CARD200668,C102886,Blue,500000,500,Active,2018-09-08
CARD200669,C102362,Gold,150000,2500,Active,2021-03-06
CARD200670,C103483,Blue,200000,500,Active,2025-01-04
CARD200671,C107062,Gold,150000,5000,Active,2023-09-25
CARD200672,C105704,Gold,100000,1000,Active,2023-12-04
CARD200673,C101917,Blue,75000,5000,Active,2018-10-05
CARD200674,C105514,Platinum,75000,500,Active,2024-08-27
CARD200675,C109205,Premium,200000,0,Closed,2022-09-25
CARD200676,C104021,Gold,50000,500,Active,2019-05-27
CARD200677,C105383,Premium,75000,0,Active,2023-11-25
CARD200678,C106698,Gold,150000,0,Active,2023-10-23
CARD200679,C101227,Blue,75000,500,Active,2022-05-20
CARD200680,C108157,Platinum,150000,500,Active,2023-05-14
CARD200681,C105446,Blue,100000,0,Active,2026-03-28
CARD200682,C106036,Blue,75000,0,Active,2021-09-10
CARD200683,C106660,Blue,200000,1000,Active,2022-06-09
CARD200684,C105852,Platinum,75000,2500,Active,2024-10-02
CARD200685,C101730,Blue,75000,0,Active,2023-11-07
CARD200686,C105007,Platinum,75000,0,Active,2019-08-02
CARD200687,C109899,Platinum,75000,1000,Active,2022-12-19
CARD200688,C107950,Platinum,50000,1000,Active,2020-09-26
CARD200689,C106548,Platinum,200000,2500,Inactive,2024-06-08
CARD200690,C107485,Blue,150000,0,Active,2020-09-22
CARD200691,C109392,Gold,50000,5000,Active,2024-03-22
CARD200692,C107294,Platinum,100000,0,Active,2022-04-23
CARD200693,C106692,Blue,200000,0,Active,2020-01-23
CARD200694,C104828,Premium,100000,500,Active,2017-04-13
CARD200695,C106201,Platinum,500000,5000,Active,2019-08-07
CARD200696,C101445,Premium,50000,0,Active,2021-05-23
CARD200697,C106258,Blue,150000,1000,Closed,2017-12-09
CARD200698,C107002,Blue,150000,2500,Active,2017-11-15
CARD200699,C107905,Premium,150000,5000,Active,2024-10-23
CARD200700,C101800,Blue,150000,2500,Active,2017-12-18
CARD200701,C100633,Platinum,150000,0,Active,2019-05-07
CARD200702,C105733,Blue,300000,2500,Active,2024-02-17
CARD200703,C101503,Gold,100000,2500,Active,2020-11-24
CARD200704,C109073,Gold,150000,5000,Closed,2020-01-20
CARD200705,C100682,Platinum,75000,0,Blocked,2019-02-15
CARD200706,C101972,Gold,100000,500,Active,2018-08-14
CARD200707,C103860,Gold,150000,500,Active,2023-06-26
CARD200708,C109473,Blue,200000,1000,Closed,2024-04-30
CARD200709,C109670,Blue,300000,0,Active,2022-05-30
CARD200710,C100117,Platinum,200000,0,Active,2018-07-19
CARD200711,C104777,Platinum,150000,500,Active,2025-07-27
CARD200712,C105485,Platinum,100000,1000,Closed,2020-07-30
CARD200713,C108194,Blue,75000,1000,Inactive,2023-10-29
CARD200714,C104161,Blue,200000,0,Active,2023-12-05
CARD200715,C107301,Gold,100000,1000,Active,2023-09-12
CARD200716,C105976,Gold,300000,500,Active,2026-02-17
CARD200717,C105086,Gold,300000,500,Closed,2022-11-26
CARD200718,C100185,Blue,50000,0,Active,2023-08-10
CARD200719,C104589,Platinum,50000,500,Active,2025-05-29
CARD200720,C106082,Gold,100000,0,Active,2023-05-27
CARD200721,C101738,Gold,75000,1000,Active,2017-05-29
CARD200722,C100925,Blue,75000,0,Active,2019-03-10
CARD200723,C105114,Blue,100000,500,Active,2023-10-13
CARD200724,C106548,Gold,200000,0,Active,2023-04-23
CARD200725,C106968,Gold,75000,1000,Active,2019-09-13
CARD200726,C109011,Gold,500000,0,Active,2025-12-02
CARD200727,C103134,Blue,150000,500,Active,2018-03-30
CARD200728,C104002,Gold,200000,1000,Inactive,2017-07-03
CARD200729,C101746,Gold,75000,5000,Closed,2024-11-20
CARD200730,C101781,Blue,75000,500,Active,2020-04-24
CARD200731,C107969,Blue,100000,0,Inactive,2021-08-27
CARD200732,C102430,Gold,300000,1000,Inactive,2019-03-18
CARD200733,C108103,Blue,200000,500,Active,2021-04-06
CARD200734,C107393,Blue,75000,0,Blocked,2018-02-27
CARD200735,C100884,Gold,100000,1000,Closed,2023-09-15
CARD200736,C102222,Blue,100000,0,Active,2019-12-18
CARD200737,C100670,Platinum,100000,500,Active,2022-03-26
CARD200738,C104310,Gold,500000,500,Active,2022-07-01
CARD200739,C101586,Blue,150000,0,Active,2019-05-21
CARD200740,C105326,Blue,100000,1000,Active,2020-06-08
CARD200741,C101093,Blue,50000,2500,Active,2019-08-06
CARD200742,C103066,Platinum,50000,500,Active,2023-07-04
CARD200743,C102564,Blue,150000,500,Active,2024-04-20
CARD200744,C105141,Gold,200000,500,Active,2022-08-11
CARD200745,C101844,Platinum,150000,1000,Inactive,2019-02-11
CARD200746,C103608,Blue,200000,2500,Active,2018-02-04
CARD200747,C107900,Blue,200000,0,Closed,2018-06-10
CARD200748,C109468,Platinum,200000,0,Active,2018-07-18
CARD200749,C109190,Gold,150000,1000,Active,2017-07-02
CARD200750,C104659,Blue,300000,500,Active,2018-07-06
CARD200751,C109913,Blue,100000,500,Active,2021-05-19
CARD200752,C104457,Platinum,75000,1000,Active,2022-06-01
CARD200753,C107285,Blue,200000,5000,Active,2020-09-11
CARD200754,C109475,Gold,100000,2500,Active,2025-11-14
CARD200755,C106150,Blue,75000,500,Closed,2024-12-30
CARD200756,C102549,Gold,150000,0,Active,2022-01-22
CARD200757,C105235,Blue,150000,500,Active,2020-10-09
CARD200758,C109701,Blue,50000,500,Active,2024-06-10
CARD200759,C104571,Gold,150000,0,Active,2018-02-28
CARD200760,C100819,Gold,75000,500,Active,2021-11-28
CARD200761,C101053,Blue,75000,5000,Active,2024-09-21
CARD200762,C104777,Blue,500000,500,Active,2021-08-17
CARD200763,C100755,Platinum,100000,5000,Closed,2022-04-29
CARD200764,C104041,Gold,100000,0,Active,2024-09-27
CARD200765,C105645,Gold,75000,1000,Active,2026-03-28
CARD200766,C105360,Blue,300000,0,Active,2019-05-07
CARD200767,C107454,Gold,50000,1000,Blocked,2021-03-16
CARD200768,C100684,Gold,50000,0,Active,2018-05-22
CARD200769,C105145,Blue,100000,5000,Active,2022-05-28
CARD200770,C102036,Gold,75000,0,Active,2017-12-26
CARD200771,C104404,Blue,75000,1000,Active,2018-05-10
CARD200772,C107436,Blue,100000,1000,Active,2022-10-04
CARD200773,C102455,Gold,100000,500,Active,2019-05-10
CARD200774,C101047,Blue,300000,5000,Active,2019-01-19
CARD200775,C106807,Platinum,100000,0,Active,2025-05-04
CARD200776,C103725,Blue,200000,0,Active,2017-11-28
CARD200777,C100169,Blue,500000,1000,Active,2021-10-11
CARD200778,C108661,Blue,200000,500,Active,2025-06-04
CARD200779,C108757,Platinum,300000,1000,Closed,2019-01-22
CARD200780,C104089,Platinum,200000,1000,Active,2017-01-24
CARD200781,C107769,Platinum,50000,1000,Active,2022-01-11
CARD200782,C109717,Platinum,75000,500,Active,2023-05-06
CARD200783,C100229,Platinum,75000,0,Active,2025-12-04
CARD200784,C107995,Premium,150000,0,Active,2024-03-01
CARD200785,C108973,Gold,100000,0,Active,2019-04-19
CARD200786,C108480,Gold,150000,5000,Active,2022-04-28
CARD200787,C106552,Blue,200000,5000,Active,2023-08-20
CARD200788,C108598,Platinum,50000,500,Active,2025-11-26
CARD200789,C105816,Blue,300000,1000,Active,2023-07-03
CARD200790,C106541,Gold,150000,0,Blocked,2025-03-10
CARD200791,C104714,Blue,150000,1000,Closed,2017-04-19
CARD200792,C105932,Gold,100000,500,Active,2025-01-22
CARD200793,C108266,Platinum,75000,500,Inactive,2021-09-20
CARD200794,C107397,Gold,150000,0,Active,2025-03-17
CARD200795,C103481,Premium,200000,500,Active,2024-06-18
CARD200796,C106109,Blue,200000,0,Active,2023-02-21
CARD200797,C104318,Gold,200000,0,Active,2025-07-23
CARD200798,C101119,Platinum,100000,500,Active,2017-12-22
CARD200799,C108415,Gold,150000,0,Active,2017-01-21
CARD200800,C109291,Gold,150000,0,Active,2019-09-13
CARD200801,C107536,Gold,50000,500,Active,2025-01-30
CARD200802,C105659,Platinum,150000,500,Active,2024-08-19
CARD200803,C104636,Gold,50000,0,Inactive,2018-06-27
CARD200804,C101147,Blue,200000,5000,Inactive,2022-06-25
CARD200805,C109727,Blue,300000,5000,Active,2021-01-06
CARD200806,C104098,Gold,300000,0,Active,2018-12-07
CARD200807,C102686,Blue,100000,500,Active,2018-10-30
CARD200808,C105476,Premium,150000,1000,Active,2025-01-17
CARD200809,C102585,Gold,200000,0,Active,2019-02-25
CARD200810,C100911,Premium,150000,1000,Active,2022-12-08
CARD200811,C103633,Gold,50000,500,Active,2025-03-18
CARD200812,C105989,Platinum,150000,0,Active,2018-11-08
CARD200813,C109118,Blue,150000,0,Active,2018-03-23
CARD200814,C105690,Gold,200000,0,Active,2024-02-18
CARD200815,C108035,Blue,200000,2500,Active,2025-06-20
CARD200816,C100205,Blue,150000,500,Active,2018-05-29
CARD200817,C105438,Blue,75000,0,Active,2022-06-14
CARD200818,C107677,Gold,150000,1000,Inactive,2020-07-10
CARD200819,C104862,Gold,300000,500,Closed,2019-02-01
CARD200820,C109804,Blue,75000,500,Active,2021-12-06
CARD200821,C105468,Platinum,300000,0,Active,2025-07-31
CARD200822,C102092,Premium,50000,1000,Active,2020-11-29
CARD200823,C105898,Platinum,500000,2500,Active,2024-10-29
CARD200824,C102244,Gold,500000,500,Active,2025-07-09
CARD200825,C100087,Gold,500000,0,Inactive,2024-07-10
CARD200826,C101144,Gold,100000,0,Active,2018-06-01
CARD200827,C102352,Gold,300000,500,Inactive,2020-05-02
CARD200828,C107000,Blue,100000,2500,Active,2022-03-19
CARD200829,C103934,Premium,50000,1000,Blocked,2022-05-18
CARD200830,C101374,Gold,100000,5000,Active,2019-03-23
CARD200831,C106142,Gold,200000,500,Active,2024-11-14
CARD200832,C100891,Blue,50000,2500,Active,2019-05-19
CARD200833,C103431,Gold,100000,2500,Active,2019-01-05
CARD200834,C103446,Blue,150000,5000,Active,2025-04-10
CARD200835,C109598,Platinum,200000,0,Closed,2019-11-04
CARD200836,C109229,Platinum,75000,5000,Active,2022-02-16
CARD200837,C106020,Platinum,50000,1000,Blocked,2019-01-13
CARD200838,C102178,Gold,75000,1000,Active,2020-01-23
CARD200839,C100760,Platinum,150000,0,Active,2021-02-12
CARD200840,C101516,Blue,150000,0,Active,2023-12-17
CARD200841,C100295,Gold,100000,5000,Active,2024-09-08
CARD200842,C101031,Gold,150000,2500,Active,2025-01-10
CARD200843,C106292,Premium,100000,2500,Active,2025-07-18
CARD200844,C107067,Gold,50000,0,Active,2023-02-25
CARD200845,C105558,Blue,50000,500,Active,2023-08-20
CARD200846,C106402,Blue,150000,500,Active,2017-04-01
CARD200847,C102308,Premium,300000,0,Active,2019-02-16
CARD200848,C109419,Blue,100000,0,Active,2021-02-13
CARD200849,C104171,Blue,150000,0,Active,2019-05-22
CARD200850,C109874,Platinum,200000,500,Active,2023-05-01
CARD200851,C102313,Premium,150000,500,Closed,2017-06-08
CARD200852,C100082,Gold,50000,0,Active,2023-11-21
CARD200853,C104080,Blue,100000,500,Active,2022-11-08
CARD200854,C109320,Gold,50000,500,Active,2026-04-11
CARD200855,C109731,Blue,300000,500,Inactive,2020-06-19
CARD200856,C103716,Blue,500000,1000,Active,2017-11-04
CARD200857,C105881,Gold,75000,0,Active,2019-02-25
CARD200858,C100802,Platinum,150000,2500,Active,2023-11-04
CARD200859,C100112,Blue,50000,0,Active,2017-01-01
CARD200860,C101845,Gold,75000,500,Blocked,2022-05-02
CARD200861,C102358,Blue,50000,2500,Active,2020-12-02
CARD200862,C102705,Blue,50000,1000,Active,2017-06-08
CARD200863,C108112,Blue,150000,1000,Active,2020-12-16
CARD200864,C100728,Blue,100000,2500,Active,2018-04-15
CARD200865,C106962,Blue,150000,5000,Active,2021-10-12
CARD200866,C107624,Blue,500000,0,Active,2024-05-10
CARD200867,C106784,Blue,300000,5000,Active,2022-03-26
CARD200868,C108787,Gold,50000,5000,Closed,2017-11-05
CARD200869,C101577,Blue,100000,0,Active,2020-01-13
CARD200870,C102521,Blue,300000,0,Active,2022-12-20
CARD200871,C108151,Platinum,500000,1000,Active,2025-07-24
CARD200872,C101042,Platinum,200000,2500,Inactive,2020-08-31
CARD200873,C102203,Gold,75000,500,Active,2025-07-12
CARD200874,C108816,Premium,100000,500,Inactive,2025-08-25
CARD200875,C102479,Blue,100000,0,Inactive,2024-02-12
CARD200876,C107795,Platinum,75000,1000,Active,2022-02-08
CARD200877,C109211,Gold,75000,500,Active,2021-08-17
CARD200878,C106658,Blue,150000,0,Active,2024-07-01
CARD200879,C109645,Blue,200000,5000,Active,2022-05-07
CARD200880,C105125,Blue,150000,0,Active,2019-09-15
CARD200881,C102794,Gold,300000,500,Active,2017-06-29
CARD200882,C108663,Blue,200000,2500,Active,2018-01-16
CARD200883,C104254,Platinum,100000,1000,Closed,2017-08-04
CARD200884,C108653,Blue,200000,0,Active,2024-04-25
CARD200885,C106756,Gold,75000,5000,Active,2019-08-31
CARD200886,C101382,Gold,100000,0,Active,2025-07-07
CARD200887,C108221,Premium,50000,2500,Active,2023-06-05
CARD200888,C103217,Blue,300000,500,Active,2020-07-20
CARD200889,C106552,Gold,75000,0,Active,2021-10-25
CARD200890,C109115,Gold,50000,0,Active,2024-08-19
CARD200891,C109890,Blue,200000,0,Active,2022-08-27
CARD200892,C102414,Gold,300000,0,Active,2017-07-17
CARD200893,C106935,Blue,200000,2500,Active,2017-05-08
CARD200894,C107504,Platinum,100000,0,Active,2020-03-19
CARD200895,C107660,Platinum,500000,1000,Active,2019-10-13
CARD200896,C104724,Blue,75000,0,Inactive,2017-06-21
CARD200897,C103736,Platinum,75000,0,Active,2025-09-12
CARD200898,C101599,Blue,75000,500,Closed,2018-04-30
CARD200899,C101047,Premium,50000,5000,Active,2026-02-03
CARD200900,C109109,Blue,150000,0,Active,2023-03-02
CARD200901,C100827,Gold,200000,1000,Active,2025-07-31
CARD200902,C106816,Platinum,150000,500,Active,2022-05-03
CARD200903,C102860,Blue,150000,0,Active,2024-06-30
CARD200904,C102575,Premium,150000,1000,Active,2025-11-23
CARD200905,C102932,Gold,300000,500,Active,2025-04-28
CARD200906,C102238,Gold,100000,2500,Active,2020-12-27
CARD200907,C105393,Blue,100000,5000,Active,2023-09-15
CARD200908,C107079,Gold,300000,1000,Active,2022-10-02
CARD200909,C103730,Gold,75000,0,Active,2022-12-20
CARD200910,C106746,Gold,50000,500,Active,2025-02-04
CARD200911,C102996,Gold,100000,2500,Active,2023-05-06
CARD200912,C108399,Gold,150000,1000,Active,2019-08-10
CARD200913,C106046,Gold,50000,0,Active,2025-03-29
CARD200914,C105006,Gold,75000,0,Blocked,2024-07-22
CARD200915,C104835,Gold,100000,0,Inactive,2025-05-15
CARD200916,C109494,Premium,100000,1000,Active,2023-04-24
CARD200917,C105437,Gold,300000,0,Active,2019-06-10
CARD200918,C102802,Blue,150000,0,Active,2025-05-16
CARD200919,C108102,Premium,300000,500,Closed,2019-11-15
CARD200920,C107203,Premium,100000,1000,Closed,2024-09-07
CARD200921,C101129,Premium,150000,2500,Closed,2017-10-28
CARD200922,C101136,Blue,150000,500,Active,2022-09-05
CARD200923,C104348,Blue,75000,2500,Active,2022-06-10
CARD200924,C101548,Blue,50000,0,Inactive,2024-11-13
CARD200925,C107640,Platinum,75000,500,Inactive,2024-01-11
CARD200926,C107728,Platinum,50000,500,Active,2021-01-27
CARD200927,C101178,Blue,200000,5000,Active,2026-01-24
CARD200928,C103715,Blue,200000,1000,Closed,2018-11-30
CARD200929,C109980,Platinum,100000,1000,Active,2025-05-26
CARD200930,C105903,Gold,75000,5000,Closed,2018-11-15
CARD200931,C100491,Gold,75000,0,Active,2017-02-03
CARD200932,C105159,Blue,150000,2500,Closed,2021-01-11
CARD200933,C100375,Blue,100000,2500,Active,2021-04-22
CARD200934,C103571,Gold,300000,5000,Active,2021-07-29
CARD200935,C106772,Blue,300000,500,Active,2021-11-16
CARD200936,C104669,Blue,300000,1000,Blocked,2025-05-06
CARD200937,C100435,Gold,150000,0,Active,2023-09-26
CARD200938,C101137,Blue,200000,1000,Active,2025-02-03
CARD200939,C103463,Premium,200000,500,Active,2020-06-28
CARD200940,C105275,Gold,100000,0,Active,2021-05-22
CARD200941,C108485,Blue,150000,5000,Active,2026-01-17
CARD200942,C106772,Blue,150000,5000,Active,2017-08-18
CARD200943,C102081,Gold,150000,5000,Active,2025-01-18
CARD200944,C108751,Gold,100000,0,Blocked,2022-06-07
CARD200945,C106061,Gold,75000,0,Active,2024-10-20
CARD200946,C107358,Platinum,200000,1000,Active,2023-01-30
CARD200947,C108021,Gold,75000,0,Active,2022-05-23
CARD200948,C105797,Gold,75000,1000,Closed,2023-01-11
CARD200949,C108046,Blue,200000,500,Active,2026-02-04
CARD200950,C100464,Blue,300000,1000,Active,2019-09-29
CARD200951,C105105,Blue,300000,500,Active,2025-03-12
CARD200952,C106337,Gold,500000,0,Active,2022-05-12
CARD200953,C108095,Blue,75000,0,Active,2025-10-11
CARD200954,C104153,Blue,150000,5000,Active,2025-06-24
CARD200955,C108776,Blue,75000,500,Active,2018-07-29
CARD200956,C107818,Platinum,100000,500,Active,2021-12-26
CARD200957,C108693,Blue,200000,0,Active,2018-09-05
CARD200958,C109791,Gold,500000,500,Active,2023-01-28
CARD200959,C100919,Platinum,500000,0,Active,2024-06-21
CARD200960,C104109,Platinum,150000,500,Active,2017-09-16
CARD200961,C107686,Platinum,100000,1000,Active,2018-01-10
CARD200962,C109870,Gold,100000,0,Inactive,2021-06-11
CARD200963,C101436,Blue,150000,1000,Active,2022-01-30
CARD200964,C109557,Gold,50000,0,Inactive,2021-10-03
CARD200965,C103885,Gold,100000,1000,Active,2022-01-19
CARD200966,C105960,Gold,75000,0,Blocked,2018-09-05
CARD200967,C106275,Gold,50000,500,Active,2023-11-11
CARD200968,C101666,Blue,500000,0,Active,2025-07-31
CARD200969,C101333,Blue,100000,1000,Active,2019-04-04
CARD200970,C105241,Gold,100000,2500,Active,2018-09-19
CARD200971,C104480,Platinum,150000,1000,Active,2017-05-27
CARD200972,C107139,Platinum,150000,5000,Active,2023-09-18
CARD200973,C105396,Blue,300000,0,Active,2021-01-30
CARD200974,C109992,Premium,300000,500,Active,2023-06-28
CARD200975,C108101,Gold,75000,500,Closed,2023-01-12
CARD200976,C106192,Platinum,100000,500,Closed,2022-11-05
CARD200977,C102158,Platinum,75000,500,Closed,2023-11-16
CARD200978,C102592,Gold,300000,1000,Closed,2017-12-07
CARD200979,C105933,Premium,50000,0,Active,2024-11-21
CARD200980,C104230,Gold,200000,0,Active,2022-01-15
CARD200981,C100231,Platinum,200000,0,Inactive,2025-06-29
CARD200982,C105416,Blue,300000,0,Active,2023-04-20
CARD200983,C106114,Premium,150000,1000,Active,2025-11-15
CARD200984,C106824,Platinum,150000,500,Inactive,2025-12-18
CARD200985,C107572,Blue,150000,0,Active,2017-02-25
CARD200986,C106123,Gold,75000,5000,Active,2022-09-27
CARD200987,C108315,Blue,75000,1000,Inactive,2019-02-05
CARD200988,C101595,Gold,200000,0,Active,2019-03-08
CARD200989,C108562,Platinum,150000,0,Active,2024-04-18
CARD200990,C100902,Gold,300000,0,Active,2025-03-26
CARD200991,C104260,Platinum,75000,500,Active,2022-01-24
CARD200992,C109495,Platinum,100000,0,Active,2022-12-01
CARD200993,C104406,Premium,150000,500,Active,2018-05-17
CARD200994,C106188,Premium,50000,5000,Active,2026-03-05
CARD200995,C106956,Blue,200000,5000,Active,2022-10-01
CARD200996,C100529,Blue,75000,500,Active,2022-09-09
CARD200997,C105864,Blue,150000,2500,Closed,2022-12-12
CARD200998,C104357,Gold,50000,0,Active,2025-12-10
CARD200999,C105549,Blue,100000,1000,Active,2023-02-06
CARD201000,C108024,Gold,150000,2500,Active,2019-11-30
CARD201001,C108759,Platinum,150000,2500,Active,2025-09-26
CARD201002,C102061,Platinum,500000,1000,Active,2022-03-17
CARD201003,C100407,Gold,150000,2500,Active,2021-08-14
CARD201004,C108845,Blue,150000,0,Active,2019-12-19
CARD201005,C104091,Blue,150000,500,Active,2018-07-21
CARD201006,C102734,Blue,200000,2500,Active,2017-12-17
CARD201007,C101931,Blue,500000,500,Active,2020-05-12
CARD201008,C107961,Platinum,75000,0,Active,2025-04-14
CARD201009,C103579,Premium,200000,2500,Closed,2021-12-29
CARD201010,C105266,Platinum,50000,1000,Active,2025-04-11
CARD201011,C103929,Premium,50000,500,Active,2018-10-21
CARD201012,C106837,Blue,200000,500,Active,2017-07-17
CARD201013,C108635,Gold,150000,0,Active,2019-10-14
CARD201014,C100694,Blue,200000,2500,Active,2023-07-12
CARD201015,C103371,Blue,100000,0,Blocked,2024-05-11
CARD201016,C107502,Blue,75000,1000,Active,2021-09-06
CARD201017,C108853,Gold,150000,0,Active,2020-09-21
CARD201018,C106897,Gold,150000,0,Active,2019-03-09
CARD201019,C109562,Platinum,100000,500,Active,2019-05-23
CARD201020,C108128,Blue,100000,1000,Active,2023-09-25
CARD201021,C109338,Gold,150000,0,Active,2023-06-07
CARD201022,C108078,Gold,75000,0,Inactive,2021-12-23
CARD201023,C100781,Platinum,200000,500,Active,2024-09-28
CARD201024,C102065,Gold,150000,500,Closed,2017-02-23
CARD201025,C107189,Blue,50000,1000,Active,2024-06-12
CARD201026,C107496,Gold,150000,500,Active,2021-07-14
CARD201027,C105796,Blue,75000,500,Active,2018-07-28
CARD201028,C103097,Blue,300000,0,Active,2020-10-31
CARD201029,C105355,Blue,100000,500,Active,2019-03-10
CARD201030,C104437,Gold,75000,0,Active,2023-08-22
CARD201031,C108776,Premium,150000,0,Active,2017-08-16
CARD201032,C108416,Blue,75000,5000,Active,2019-09-25
CARD201033,C105344,Gold,500000,0,Active,2025-08-29
CARD201034,C102405,Blue,50000,1000,Active,2023-10-07
CARD201035,C106328,Blue,75000,500,Active,2022-11-26
CARD201036,C101288,Gold,500000,500,Active,2017-12-23
CARD201037,C106467,Platinum,300000,1000,Active,2023-08-08
CARD201038,C105870,Blue,50000,500,Active,2026-01-23
CARD201039,C101412,Blue,100000,500,Active,2023-03-29
CARD201040,C107651,Premium,300000,500,Active,2018-11-24
CARD201041,C103320,Gold,75000,0,Active,2017-01-19
CARD201042,C101119,Blue,300000,500,Active,2024-01-04
CARD201043,C109886,Blue,150000,500,Active,2024-11-24
CARD201044,C105623,Premium,200000,5000,Active,2020-11-07
CARD201045,C101304,Premium,150000,0,Active,2017-06-13
CARD201046,C100554,Gold,200000,1000,Active,2021-01-04
CARD201047,C103344,Blue,100000,5000,Active,2025-05-27
CARD201048,C104218,Platinum,500000,5000,Active,2026-01-16
CARD201049,C102673,Gold,100000,1000,Active,2018-02-03
CARD201050,C106748,Blue,50000,500,Active,2022-04-11
CARD201051,C100384,Blue,200000,1000,Active,2019-11-10
CARD201052,C105628,Blue,75000,5000,Active,2024-02-26
CARD201053,C106608,Blue,50000,500,Active,2017-12-17
CARD201054,C100048,Gold,150000,500,Active,2024-05-24
CARD201055,C108713,Platinum,200000,0,Blocked,2018-10-04
CARD201056,C101366,Premium,150000,500,Active,2024-04-07
CARD201057,C101600,Premium,75000,0,Blocked,2023-08-20
CARD201058,C100700,Platinum,75000,500,Active,2017-11-14
CARD201059,C108175,Blue,100000,1000,Active,2025-04-13
CARD201060,C102727,Gold,150000,0,Active,2022-01-24
CARD201061,C104546,Blue,50000,0,Blocked,2019-01-01
CARD201062,C105904,Gold,300000,1000,Active,2025-02-27
CARD201063,C103327,Blue,500000,0,Active,2023-06-08
CARD201064,C103640,Gold,300000,5000,Active,2023-02-28
CARD201065,C106739,Blue,100000,5000,Blocked,2022-07-28
CARD201066,C108658,Gold,150000,5000,Active,2019-06-11
CARD201067,C103547,Platinum,150000,0,Inactive,2025-04-17
CARD201068,C103353,Blue,150000,0,Active,2020-12-29
CARD201069,C101008,Premium,300000,0,Active,2024-03-03
CARD201070,C107085,Blue,300000,5000,Active,2019-10-31
CARD201071,C101608,Blue,100000,2500,Inactive,2024-11-28
CARD201072,C101610,Gold,50000,0,Active,2020-02-14
CARD201073,C104513,Gold,150000,0,Active,2024-04-12
CARD201074,C100125,Platinum,50000,500,Active,2021-02-17
CARD201075,C103531,Gold,150000,0,Active,2024-01-10
CARD201076,C100138,Blue,200000,0,Active,2018-12-18
CARD201077,C100908,Gold,150000,0,Active,2023-12-22
CARD201078,C108923,Platinum,75000,1000,Active,2022-11-13
CARD201079,C105335,Blue,200000,1000,Active,2019-03-23
CARD201080,C100206,Blue,100000,500,Active,2020-04-09
CARD201081,C109625,Platinum,100000,0,Active,2022-05-02
CARD201082,C109884,Platinum,150000,500,Active,2017-03-04
CARD201083,C105139,Platinum,100000,1000,Active,2017-07-26
CARD201084,C103392,Blue,300000,500,Active,2018-11-03
CARD201085,C105178,Platinum,100000,0,Active,2022-12-07
CARD201086,C109920,Blue,300000,5000,Active,2026-03-09
CARD201087,C100999,Gold,300000,0,Active,2025-02-12
CARD201088,C104449,Blue,100000,2500,Active,2024-07-28
CARD201089,C102257,Gold,50000,1000,Active,2019-03-04
CARD201090,C109697,Platinum,75000,500,Active,2021-07-31
CARD201091,C102578,Blue,200000,0,Active,2017-08-23
CARD201092,C106516,Blue,50000,1000,Active,2024-10-15
CARD201093,C108474,Gold,300000,500,Active,2019-11-13
CARD201094,C104277,Platinum,150000,0,Active,2019-12-04
CARD201095,C105398,Gold,200000,2500,Active,2018-05-16
CARD201096,C102992,Platinum,200000,1000,Active,2020-04-25
CARD201097,C105753,Premium,200000,2500,Active,2025-12-15
CARD201098,C108131,Gold,50000,0,Active,2021-11-07
CARD201099,C105793,Gold,200000,500,Closed,2019-01-13
CARD201100,C107130,Gold,150000,500,Active,2018-12-31
CARD201101,C102074,Blue,150000,0,Active,2021-07-02
CARD201102,C108586,Blue,300000,2500,Active,2024-08-15
CARD201103,C109203,Blue,150000,500,Active,2022-11-13
CARD201104,C101672,Gold,150000,500,Active,2021-05-15
CARD201105,C103344,Blue,150000,500,Inactive,2024-07-03
CARD201106,C108797,Blue,200000,5000,Active,2017-11-29
CARD201107,C101695,Gold,300000,500,Active,2024-06-28
CARD201108,C105397,Platinum,150000,5000,Inactive,2019-03-01
CARD201109,C104681,Blue,100000,5000,Blocked,2018-03-30
CARD201110,C108331,Platinum,150000,500,Active,2022-04-12
CARD201111,C107610,Blue,300000,1000,Active,2019-03-03
CARD201112,C104195,Gold,75000,1000,Closed,2022-08-16
CARD201113,C109672,Platinum,300000,0,Active,2024-12-12
CARD201114,C106031,Blue,200000,5000,Blocked,2024-02-13
CARD201115,C103268,Gold,100000,1000,Active,2024-05-30
CARD201116,C108702,Platinum,300000,1000,Blocked,2020-09-29
CARD201117,C100813,Gold,200000,1000,Active,2019-03-12
CARD201118,C108723,Blue,300000,0,Active,2023-05-01
CARD201119,C108911,Gold,150000,1000,Active,2019-06-24
CARD201120,C101106,Blue,200000,2500,Active,2019-02-16
CARD201121,C104855,Gold,100000,2500,Inactive,2019-07-22
CARD201122,C104036,Blue,100000,500,Active,2022-09-14
CARD201123,C108098,Platinum,75000,500,Active,2023-12-08
CARD201124,C109476,Platinum,150000,1000,Active,2020-08-07
CARD201125,C103188,Blue,50000,500,Blocked,2023-04-14
CARD201126,C106821,Gold,300000,500,Active,2024-04-11
CARD201127,C108660,Platinum,100000,500,Active,2022-08-09
CARD201128,C102958,Gold,150000,5000,Inactive,2025-05-08
CARD201129,C103648,Platinum,500000,1000,Active,2022-03-18
CARD201130,C102871,Blue,100000,0,Active,2023-11-26
CARD201131,C107904,Blue,50000,0,Blocked,2019-12-27
CARD201132,C101026,Blue,100000,0,Active,2022-10-29
CARD201133,C106849,Platinum,500000,2500,Active,2017-07-21
CARD201134,C104942,Gold,500000,0,Inactive,2018-03-10
CARD201135,C102986,Blue,150000,500,Active,2026-02-12
CARD201136,C107877,Gold,150000,1000,Active,2023-01-20
CARD201137,C103247,Blue,100000,2500,Active,2025-10-06
CARD201138,C100091,Platinum,150000,500,Active,2022-01-15
CARD201139,C104209,Gold,150000,0,Active,2021-01-24
CARD201140,C102878,Blue,100000,0,Active,2017-04-10
CARD201141,C105656,Blue,200000,0,Active,2018-03-15
CARD201142,C101584,Gold,300000,0,Active,2018-03-01
CARD201143,C102386,Blue,300000,1000,Inactive,2017-02-08
CARD201144,C103624,Premium,100000,0,Active,2020-03-15
CARD201145,C109922,Platinum,75000,1000,Closed,2019-04-07
CARD201146,C102782,Gold,500000,2500,Active,2021-06-28
CARD201147,C104477,Gold,75000,500,Active,2025-09-16
CARD201148,C101351,Blue,100000,5000,Active,2025-07-30
CARD201149,C101414,Blue,50000,500,Closed,2021-05-31
CARD201150,C107740,Blue,75000,500,Active,2018-10-31
CARD201151,C103620,Gold,100000,0,Active,2020-06-01
CARD201152,C109267,Blue,50000,1000,Active,2017-06-17
CARD201153,C104127,Platinum,150000,2500,Active,2024-10-17
CARD201154,C108601,Platinum,100000,0,Active,2023-11-06
CARD201155,C107997,Premium,100000,1000,Active,2018-05-18
CARD201156,C108554,Platinum,200000,500,Active,2023-10-09
CARD201157,C102967,Gold,100000,5000,Inactive,2023-12-28
CARD201158,C106875,Blue,50000,0,Active,2024-04-07
CARD201159,C104235,Premium,150000,500,Active,2024-06-12
CARD201160,C101593,Blue,150000,500,Active,2024-02-22
CARD201161,C107797,Blue,150000,500,Blocked,2024-09-23
CARD201162,C102997,Gold,50000,500,Active,2022-08-19
CARD201163,C102654,Premium,300000,0,Active,2026-01-01
CARD201164,C105692,Blue,100000,500,Active,2021-09-04
CARD201165,C105559,Premium,100000,0,Closed,2020-02-16
CARD201166,C107842,Gold,75000,0,Active,2018-03-01
CARD201167,C108413,Gold,150000,2500,Active,2020-06-01
CARD201168,C109676,Gold,150000,500,Active,2024-12-20
CARD201169,C102758,Gold,300000,2500,Active,2024-05-05
CARD201170,C102334,Platinum,150000,500,Closed,2023-10-27
CARD201171,C109072,Blue,75000,5000,Active,2021-12-22
CARD201172,C109551,Platinum,200000,2500,Closed,2024-08-09
CARD201173,C100005,Gold,100000,5000,Active,2021-02-15
CARD201174,C107615,Platinum,300000,2500,Active,2026-04-22
CARD201175,C109293,Platinum,50000,1000,Active,2023-03-21
CARD201176,C105029,Gold,100000,1000,Active,2026-01-21
CARD201177,C100710,Blue,500000,2500,Closed,2020-07-09
CARD201178,C107080,Platinum,200000,500,Active,2019-05-21
CARD201179,C106086,Blue,100000,0,Active,2018-11-10
CARD201180,C109843,Blue,200000,500,Active,2024-12-19
CARD201181,C105939,Gold,50000,2500,Active,2024-12-05
CARD201182,C104852,Blue,50000,0,Closed,2023-08-12
CARD201183,C100314,Platinum,100000,2500,Blocked,2025-12-18
CARD201184,C108645,Blue,500000,500,Active,2025-05-14
CARD201185,C109556,Blue,150000,2500,Active,2020-11-04
CARD201186,C100790,Platinum,50000,500,Active,2026-01-04
CARD201187,C108509,Blue,150000,2500,Active,2023-06-06
CARD201188,C108904,Gold,300000,5000,Active,2020-06-08
CARD201189,C107109,Blue,150000,2500,Active,2026-03-05
CARD201190,C108441,Gold,100000,2500,Blocked,2021-06-22
CARD201191,C107668,Gold,500000,2500,Active,2019-04-06
CARD201192,C109193,Platinum,300000,500,Active,2018-05-08
CARD201193,C100195,Blue,100000,500,Active,2020-03-24
CARD201194,C102931,Platinum,200000,1000,Active,2017-01-25
CARD201195,C107788,Blue,100000,0,Active,2018-09-14
CARD201196,C104489,Gold,75000,500,Active,2024-10-06
CARD201197,C101005,Blue,100000,0,Active,2020-10-11
CARD201198,C103583,Blue,300000,500,Active,2025-04-16
CARD201199,C104385,Blue,200000,1000,Active,2020-08-28
CARD201200,C107174,Blue,500000,0,Active,2018-03-01
CARD201201,C107383,Gold,200000,5000,Active,2018-01-15
CARD201202,C105990,Platinum,200000,0,Active,2018-05-05
CARD201203,C108045,Blue,200000,0,Active,2025-02-07
CARD201204,C109587,Blue,50000,5000,Active,2018-05-06
CARD201205,C107795,Blue,200000,2500,Active,2020-07-07
CARD201206,C102646,Gold,50000,0,Active,2020-01-11
CARD201207,C104727,Blue,100000,2500,Active,2023-10-08
CARD201208,C108660,Blue,100000,2500,Active,2025-08-17
CARD201209,C109811,Gold,200000,500,Active,2019-04-07
CARD201210,C106298,Gold,300000,2500,Active,2020-12-31
CARD201211,C107628,Blue,75000,500,Active,2022-09-29
CARD201212,C106666,Platinum,300000,0,Active,2022-11-07
CARD201213,C109231,Gold,200000,0,Blocked,2024-02-07
CARD201214,C105372,Platinum,150000,500,Active,2019-09-12
CARD201215,C109327,Blue,200000,500,Active,2024-06-09
CARD201216,C100942,Gold,75000,1000,Active,2017-07-20
CARD201217,C109990,Premium,50000,0,Active,2020-06-28
CARD201218,C100057,Gold,75000,1000,Active,2021-02-25
CARD201219,C106898,Blue,100000,1000,Active,2024-06-04
CARD201220,C105404,Platinum,100000,1000,Active,2021-04-17
CARD201221,C100871,Platinum,75000,1000,Active,2019-02-12
CARD201222,C101363,Premium,200000,2500,Active,2020-12-28
CARD201223,C100252,Gold,150000,500,Active,2017-02-09
CARD201224,C103671,Gold,150000,1000,Active,2019-02-25
CARD201225,C102536,Blue,50000,0,Active,2021-09-20
CARD201226,C104702,Gold,150000,2500,Inactive,2020-07-30
CARD201227,C103434,Blue,300000,2500,Active,2021-03-08
CARD201228,C105206,Platinum,300000,5000,Active,2017-04-17
CARD201229,C100559,Gold,200000,0,Active,2022-09-26
CARD201230,C102834,Gold,150000,0,Active,2024-08-02
CARD201231,C105229,Gold,300000,5000,Active,2023-03-20
CARD201232,C102961,Blue,50000,500,Active,2022-01-03
CARD201233,C106963,Blue,50000,1000,Active,2018-05-03
CARD201234,C108046,Gold,200000,5000,Blocked,2024-11-22
CARD201235,C108341,Gold,100000,1000,Closed,2019-12-16
CARD201236,C105294,Platinum,75000,0,Active,2024-10-27
CARD201237,C101289,Gold,300000,0,Active,2018-10-15
CARD201238,C100991,Blue,50000,500,Active,2023-05-26
CARD201239,C101718,Gold,200000,1000,Active,2024-08-18
CARD201240,C107306,Gold,100000,5000,Inactive,2020-12-20
CARD201241,C107848,Platinum,100000,0,Active,2025-09-17
CARD201242,C107077,Platinum,100000,500,Active,2018-11-09
CARD201243,C106908,Gold,100000,2500,Active,2018-02-11
CARD201244,C101236,Platinum,50000,2500,Active,2021-02-27
CARD201245,C100724,Blue,200000,2500,Active,2023-04-12
CARD201246,C100647,Platinum,150000,2500,Closed,2022-05-03
CARD201247,C107570,Blue,100000,0,Active,2023-07-14
CARD201248,C104881,Platinum,150000,500,Active,2021-02-09
CARD201249,C100830,Blue,100000,1000,Active,2025-06-22
CARD201250,C103605,Gold,75000,0,Active,2024-03-12
CARD201251,C109722,Platinum,75000,500,Active,2021-08-17
CARD201252,C108140,Gold,200000,0,Active,2025-05-14
CARD201253,C105814,Blue,200000,0,Inactive,2018-06-30
CARD201254,C101027,Platinum,75000,2500,Active,2025-03-05
CARD201255,C107156,Blue,75000,1000,Blocked,2024-04-24
CARD201256,C100800,Blue,150000,0,Active,2021-04-03
CARD201257,C101775,Gold,150000,5000,Active,2022-12-26
CARD201258,C100759,Gold,150000,500,Active,2025-03-10
CARD201259,C107327,Blue,75000,1000,Active,2019-07-03
CARD201260,C103332,Gold,200000,1000,Active,2021-07-09
CARD201261,C108591,Platinum,75000,0,Active,2023-12-01
CARD201262,C103927,Gold,150000,2500,Inactive,2020-03-27
CARD201263,C108688,Gold,75000,1000,Closed,2023-12-24
CARD201264,C101956,Gold,100000,0,Active,2024-11-09
CARD201265,C107575,Blue,100000,0,Active,2019-05-10
CARD201266,C107634,Premium,150000,5000,Active,2023-06-05
CARD201267,C106958,Blue,50000,5000,Blocked,2021-03-28
CARD201268,C104331,Gold,100000,1000,Active,2021-01-02
CARD201269,C108602,Gold,150000,500,Active,2017-07-06
CARD201270,C102242,Platinum,200000,1000,Active,2019-12-19
CARD201271,C104020,Platinum,75000,500,Active,2022-08-13
CARD201272,C101230,Gold,200000,2500,Blocked,2018-02-16
CARD201273,C102411,Platinum,500000,1000,Active,2017-02-28
CARD201274,C100889,Gold,150000,0,Active,2019-06-05
CARD201275,C108809,Premium,200000,500,Active,2026-02-11
CARD201276,C108921,Blue,200000,1000,Active,2017-08-17
CARD201277,C107170,Platinum,300000,5000,Inactive,2023-11-26
CARD201278,C100168,Gold,50000,2500,Inactive,2020-09-18
CARD201279,C109007,Platinum,100000,500,Closed,2020-01-18
CARD201280,C100808,Gold,150000,2500,Active,2020-06-24
CARD201281,C109809,Gold,100000,1000,Active,2020-10-14
CARD201282,C102402,Gold,75000,1000,Active,2021-02-22
CARD201283,C108337,Platinum,300000,5000,Active,2021-04-27
CARD201284,C109017,Gold,200000,1000,Active,2022-08-04
CARD201285,C102987,Platinum,75000,500,Active,2024-03-27
CARD201286,C105967,Gold,75000,1000,Active,2023-04-27
CARD201287,C100489,Gold,150000,2500,Active,2021-06-10
CARD201288,C107350,Platinum,100000,1000,Active,2021-04-18
CARD201289,C106515,Gold,100000,0,Active,2019-09-01
CARD201290,C108116,Gold,200000,0,Active,2024-08-12
CARD201291,C106292,Gold,300000,2500,Blocked,2023-06-11
CARD201292,C109715,Platinum,100000,500,Inactive,2019-05-22
CARD201293,C106409,Premium,150000,5000,Blocked,2021-11-05
CARD201294,C107165,Blue,100000,0,Active,2017-03-11
CARD201295,C103410,Blue,500000,1000,Active,2019-08-17
CARD201296,C101914,Blue,100000,500,Closed,2019-05-04
CARD201297,C105324,Blue,75000,0,Active,2021-03-30
CARD201298,C101850,Blue,100000,500,Closed,2017-07-15
CARD201299,C102786,Platinum,100000,0,Active,2023-02-06
CARD201300,C109740,Blue,150000,500,Active,2023-10-20
CARD201301,C105315,Gold,50000,2500,Inactive,2022-01-31
CARD201302,C100188,Platinum,150000,5000,Inactive,2021-01-26
CARD201303,C109916,Platinum,200000,1000,Active,2017-09-09
CARD201304,C108798,Gold,75000,5000,Active,2021-08-02
CARD201305,C105376,Blue,75000,2500,Active,2024-07-26
CARD201306,C105973,Gold,100000,0,Active,2017-03-12
CARD201307,C109290,Platinum,150000,0,Active,2018-05-23
CARD201308,C106811,Platinum,50000,2500,Active,2019-02-28
CARD201309,C107785,Blue,150000,1000,Active,2022-12-13
CARD201310,C108706,Premium,150000,2500,Active,2019-08-25
CARD201311,C106821,Blue,500000,1000,Active,2025-02-20
CARD201312,C108312,Platinum,500000,0,Inactive,2021-10-30
CARD201313,C105546,Premium,100000,500,Active,2020-02-04
CARD201314,C107008,Blue,150000,500,Blocked,2020-11-02
CARD201315,C104878,Blue,200000,1000,Active,2020-08-11
CARD201316,C106185,Gold,200000,0,Active,2021-02-25
CARD201317,C101798,Gold,50000,500,Active,2019-04-06
CARD201318,C103831,Premium,75000,0,Blocked,2018-12-20
CARD201319,C104671,Gold,100000,1000,Inactive,2019-12-01
CARD201320,C104622,Platinum,75000,500,Active,2020-02-03
CARD201321,C100793,Blue,200000,1000,Active,2025-06-23
CARD201322,C102959,Premium,200000,2500,Blocked,2020-02-08
CARD201323,C107966,Platinum,100000,2500,Active,2022-10-08
CARD201324,C102063,Blue,100000,5000,Active,2021-01-26
CARD201325,C108440,Blue,150000,0,Active,2022-06-02
CARD201326,C104573,Blue,50000,0,Active,2025-04-25
CARD201327,C100844,Gold,100000,0,Closed,2021-01-20
CARD201328,C105602,Platinum,50000,500,Active,2025-02-26
CARD201329,C107737,Platinum,75000,500,Active,2020-11-02
CARD201330,C100761,Gold,150000,2500,Closed,2026-01-17
CARD201331,C108616,Gold,150000,5000,Active,2020-01-24
CARD201332,C104191,Premium,100000,500,Active,2025-05-10
CARD201333,C108178,Gold,200000,5000,Active,2025-11-07
CARD201334,C100433,Platinum,150000,0,Blocked,2022-05-06
CARD201335,C101522,Blue,75000,0,Active,2019-12-22
CARD201336,C107175,Blue,150000,1000,Active,2021-01-18
CARD201337,C101478,Blue,100000,500,Active,2023-05-01
CARD201338,C105893,Premium,50000,2500,Active,2018-12-22
CARD201339,C109003,Platinum,500000,5000,Active,2021-07-17
CARD201340,C106592,Platinum,200000,1000,Closed,2023-10-17
CARD201341,C107450,Blue,150000,2500,Active,2023-02-16
CARD201342,C106778,Blue,50000,500,Active,2023-06-17
CARD201343,C107574,Blue,100000,0,Active,2017-02-12
CARD201344,C104712,Gold,150000,500,Active,2020-10-09
CARD201345,C102183,Premium,100000,5000,Active,2021-12-27
CARD201346,C105401,Blue,75000,1000,Active,2026-03-30
CARD201347,C108289,Premium,150000,1000,Active,2017-08-08
CARD201348,C108879,Blue,300000,5000,Active,2017-04-09
CARD201349,C106108,Blue,100000,2500,Active,2025-08-18
CARD201350,C103997,Blue,300000,1000,Active,2023-04-02
CARD201351,C109012,Blue,100000,2500,Active,2020-03-18
CARD201352,C102451,Gold,100000,500,Active,2019-01-15
CARD201353,C101361,Premium,300000,1000,Active,2022-10-01
CARD201354,C109064,Premium,50000,2500,Active,2024-10-05
CARD201355,C109964,Blue,200000,500,Active,2022-04-18
CARD201356,C103635,Gold,100000,2500,Blocked,2022-11-16
CARD201357,C100045,Gold,50000,1000,Closed,2019-04-14
CARD201358,C105432,Blue,150000,500,Blocked,2023-12-06
CARD201359,C101891,Gold,100000,1000,Blocked,2019-02-11
CARD201360,C107406,Blue,200000,500,Active,2019-06-07
CARD201361,C103992,Blue,150000,500,Active,2022-10-07
CARD201362,C102011,Premium,200000,1000,Active,2022-05-30
CARD201363,C108583,Platinum,50000,0,Active,2025-06-20
CARD201364,C101163,Platinum,100000,1000,Active,2022-12-18
CARD201365,C104071,Gold,150000,0,Inactive,2021-10-17
CARD201366,C103234,Gold,300000,500,Inactive,2023-09-09
CARD201367,C102750,Gold,300000,2500,Active,2025-11-08
CARD201368,C102507,Blue,100000,1000,Active,2023-04-12
CARD201369,C109481,Premium,75000,500,Active,2024-11-08
CARD201370,C102502,Gold,100000,500,Active,2019-06-04
CARD201371,C109819,Gold,200000,0,Inactive,2020-01-01
CARD201372,C102599,Gold,50000,500,Active,2023-04-02
CARD201373,C104402,Premium,500000,5000,Active,2017-07-25
CARD201374,C100153,Blue,150000,2500,Active,2025-04-07
CARD201375,C101625,Platinum,100000,0,Active,2020-01-29
CARD201376,C103124,Blue,150000,0,Inactive,2026-01-10
CARD201377,C107991,Blue,300000,0,Closed,2019-10-09
CARD201378,C102839,Platinum,100000,500,Closed,2020-05-22
CARD201379,C104925,Blue,75000,2500,Active,2018-12-15
CARD201380,C107906,Gold,150000,1000,Inactive,2020-10-24
CARD201381,C103528,Gold,50000,0,Active,2019-11-25
CARD201382,C104042,Gold,100000,500,Inactive,2020-01-17
CARD201383,C105067,Premium,75000,0,Active,2017-10-16
CARD201384,C101188,Blue,200000,500,Active,2024-03-31
CARD201385,C109993,Blue,300000,500,Active,2021-01-16
CARD201386,C105691,Blue,200000,0,Inactive,2021-01-23
CARD201387,C105564,Premium,50000,0,Active,2021-01-09
CARD201388,C105411,Premium,75000,0,Active,2017-06-05
CARD201389,C104738,Blue,300000,0,Active,2025-08-13
CARD201390,C107293,Gold,150000,0,Active,2023-11-17
CARD201391,C106125,Gold,75000,5000,Active,2025-01-07
CARD201392,C106726,Premium,150000,1000,Active,2025-03-21
CARD201393,C108560,Gold,200000,1000,Active,2020-09-16
CARD201394,C108263,Platinum,150000,500,Active,2023-06-09
CARD201395,C104546,Blue,100000,0,Blocked,2020-12-14
CARD201396,C105368,Gold,150000,500,Active,2017-05-22
CARD201397,C100936,Platinum,50000,500,Active,2025-07-08
CARD201398,C103278,Blue,300000,0,Active,2018-05-12
CARD201399,C103179,Gold,200000,2500,Active,2022-04-01
CARD201400,C108028,Premium,300000,0,Active,2019-05-26
CARD201401,C105671,Platinum,75000,1000,Closed,2024-09-05
CARD201402,C107394,Blue,75000,0,Active,2020-10-22
CARD201403,C105003,Gold,150000,500,Active,2020-04-27
CARD201404,C108428,Gold,100000,1000,Active,2025-01-10
CARD201405,C106881,Blue,75000,1000,Active,2017-07-06
CARD201406,C100870,Blue,200000,5000,Blocked,2024-02-03
CARD201407,C105711,Blue,50000,500,Active,2023-07-25
CARD201408,C108250,Premium,50000,500,Active,2021-03-06
CARD201409,C105090,Gold,200000,1000,Inactive,2021-04-29
CARD201410,C103692,Blue,75000,0,Blocked,2022-09-27
CARD201411,C101154,Gold,300000,500,Active,2022-09-08
CARD201412,C105601,Blue,150000,2500,Active,2024-07-11
CARD201413,C107565,Platinum,150000,0,Closed,2021-01-25
CARD201414,C104856,Gold,50000,500,Active,2023-12-29
CARD201415,C104411,Gold,100000,0,Active,2019-09-29
CARD201416,C101523,Platinum,300000,5000,Active,2023-10-25
CARD201417,C101346,Blue,200000,2500,Active,2026-03-19
CARD201418,C102018,Gold,75000,2500,Active,2017-12-02
CARD201419,C108522,Blue,50000,0,Active,2021-12-01
CARD201420,C100320,Blue,75000,500,Active,2023-11-22
CARD201421,C107919,Blue,200000,0,Active,2017-01-14
CARD201422,C104346,Blue,100000,5000,Active,2025-05-01
CARD201423,C100890,Gold,100000,5000,Active,2018-06-30
CARD201424,C104828,Blue,300000,1000,Active,2017-05-09
CARD201425,C109788,Blue,100000,1000,Active,2018-01-18
CARD201426,C106951,Blue,100000,0,Active,2019-09-08
CARD201427,C104067,Blue,50000,0,Active,2018-01-06
CARD201428,C105586,Blue,200000,2500,Active,2025-08-03
CARD201429,C107736,Blue,100000,0,Active,2018-04-21
CARD201430,C104319,Premium,300000,0,Active,2020-07-29
CARD201431,C106102,Blue,75000,0,Active,2017-04-19
CARD201432,C105828,Gold,75000,500,Active,2020-06-21
CARD201433,C108323,Platinum,50000,500,Active,2019-05-22
CARD201434,C103954,Premium,150000,0,Active,2022-07-13
CARD201435,C104196,Gold,150000,0,Active,2023-03-29
CARD201436,C100940,Blue,100000,2500,Inactive,2021-11-11
CARD201437,C108255,Gold,100000,5000,Active,2018-09-02
CARD201438,C100237,Gold,100000,0,Inactive,2024-09-14
CARD201439,C107119,Gold,100000,1000,Blocked,2022-10-06
CARD201440,C106723,Blue,100000,500,Active,2017-04-07
CARD201441,C101545,Platinum,100000,500,Active,2025-08-08
CARD201442,C102235,Gold,200000,2500,Active,2023-05-30
CARD201443,C107395,Blue,150000,2500,Active,2024-01-02
CARD201444,C107078,Premium,200000,0,Active,2020-09-22
CARD201445,C106128,Gold,150000,2500,Active,2026-01-03
CARD201446,C105577,Platinum,75000,0,Active,2021-03-27
CARD201447,C107798,Blue,500000,500,Active,2022-04-26
CARD201448,C107127,Blue,75000,0,Active,2021-08-04
CARD201449,C108226,Blue,300000,1000,Active,2020-01-06
CARD201450,C108996,Platinum,300000,500,Active,2024-06-14
CARD201451,C104426,Premium,75000,0,Active,2021-12-12
CARD201452,C104239,Premium,75000,500,Active,2022-03-29
CARD201453,C107484,Platinum,100000,0,Blocked,2025-03-27
CARD201454,C109464,Platinum,150000,1000,Inactive,2019-04-20
CARD201455,C103477,Blue,100000,1000,Active,2020-06-14
CARD201456,C108303,Gold,300000,500,Active,2019-12-29
CARD201457,C102978,Blue,500000,2500,Active,2022-01-03
CARD201458,C109085,Gold,100000,0,Active,2024-10-26
CARD201459,C106035,Premium,50000,1000,Active,2018-06-07
CARD201460,C109619,Gold,500000,1000,Active,2020-09-07
CARD201461,C102890,Gold,100000,500,Active,2024-10-21
CARD201462,C101448,Blue,150000,2500,Closed,2023-10-23
CARD201463,C107177,Gold,150000,0,Active,2025-06-03
CARD201464,C101183,Blue,200000,2500,Active,2022-10-30
CARD201465,C101362,Premium,100000,500,Active,2021-06-18
CARD201466,C102065,Platinum,50000,0,Active,2019-09-04
CARD201467,C109573,Blue,150000,0,Active,2026-01-06
CARD201468,C105234,Gold,100000,0,Active,2018-09-30
CARD201469,C102336,Blue,150000,1000,Blocked,2023-12-06
CARD201470,C100355,Blue,75000,1000,Active,2023-06-01
CARD201471,C107880,Gold,50000,0,Active,2019-04-28
CARD201472,C108462,Gold,75000,0,Active,2021-10-31
CARD201473,C101939,Blue,150000,0,Active,2020-06-05
CARD201474,C105555,Gold,150000,2500,Active,2023-11-29
CARD201475,C109283,Blue,75000,2500,Active,2017-09-05
CARD201476,C104158,Blue,100000,0,Active,2023-09-29
CARD201477,C101343,Blue,150000,2500,Active,2018-03-06
CARD201478,C106186,Gold,100000,0,Closed,2020-04-11
CARD201479,C101918,Platinum,150000,500,Active,2025-04-26
CARD201480,C104175,Gold,300000,1000,Active,2026-04-15
CARD201481,C106662,Premium,100000,500,Closed,2019-08-19
CARD201482,C104600,Gold,200000,0,Active,2025-08-10
CARD201483,C100484,Gold,75000,2500,Active,2024-11-30
CARD201484,C104647,Gold,150000,2500,Inactive,2021-03-06
CARD201485,C109924,Premium,300000,500,Active,2019-06-09
CARD201486,C102091,Gold,300000,0,Active,2020-04-13
CARD201487,C101371,Platinum,100000,5000,Inactive,2019-09-12
CARD201488,C102323,Gold,200000,0,Active,2021-01-25
CARD201489,C107936,Platinum,100000,0,Active,2025-05-22
CARD201490,C108620,Platinum,150000,500,Active,2018-04-19
CARD201491,C109836,Platinum,150000,500,Active,2024-11-06
CARD201492,C103199,Blue,150000,500,Closed,2022-08-01
CARD201493,C108579,Gold,50000,0,Closed,2023-03-30
CARD201494,C107789,Gold,200000,500,Inactive,2025-09-03
CARD201495,C107491,Gold,100000,5000,Active,2021-08-14
CARD201496,C102390,Blue,50000,2500,Active,2018-10-23
CARD201497,C104869,Platinum,100000,0,Active,2021-04-05
CARD201498,C101659,Blue,50000,2500,Active,2023-08-25
CARD201499,C108440,Gold,50000,1000,Active,2021-03-11
CARD201500,C106561,Gold,100000,0,Active,2022-08-23
CARD201501,C107149,Gold,100000,2500,Inactive,2024-08-27
CARD201502,C109799,Premium,300000,0,Active,2018-07-28
CARD201503,C106929,Platinum,100000,0,Active,2022-11-14
CARD201504,C105580,Gold,200000,0,Active,2021-09-03
CARD201505,C105198,Blue,150000,2500,Active,2020-09-13
CARD201506,C103808,Blue,100000,1000,Inactive,2026-02-21
CARD201507,C107973,Blue,50000,2500,Active,2019-06-17
CARD201508,C107335,Gold,300000,500,Inactive,2019-10-31
CARD201509,C100022,Blue,150000,500,Active,2023-03-16
CARD201510,C103419,Gold,75000,1000,Active,2025-11-18
CARD201511,C107731,Blue,75000,0,Closed,2022-11-15
CARD201512,C100838,Blue,200000,2500,Active,2021-08-28
CARD201513,C106639,Platinum,200000,2500,Active,2017-02-12
CARD201514,C103374,Premium,200000,0,Active,2025-07-04
CARD201515,C103035,Gold,75000,5000,Active,2023-03-30
CARD201516,C103496,Blue,50000,500,Active,2025-11-21
CARD201517,C106896,Blue,100000,0,Active,2018-11-13
CARD201518,C100721,Blue,150000,0,Active,2020-05-08
CARD201519,C102620,Gold,150000,5000,Active,2026-03-01
CARD201520,C104753,Gold,150000,1000,Blocked,2023-10-16
CARD201521,C108778,Platinum,200000,1000,Closed,2023-08-18
CARD201522,C103057,Gold,150000,0,Active,2023-02-08
CARD201523,C106877,Blue,75000,2500,Active,2019-07-21
CARD201524,C109462,Platinum,50000,1000,Active,2022-04-19
CARD201525,C101800,Platinum,100000,500,Active,2017-07-06
CARD201526,C106411,Platinum,75000,1000,Active,2019-03-06
CARD201527,C101411,Premium,100000,0,Inactive,2021-12-15
CARD201528,C106918,Platinum,75000,500,Active,2022-05-03
CARD201529,C102923,Gold,100000,0,Active,2021-06-28
CARD201530,C101132,Platinum,75000,0,Active,2017-12-14
CARD201531,C109162,Platinum,100000,5000,Active,2024-01-02
CARD201532,C103367,Gold,75000,0,Active,2023-11-15
CARD201533,C108641,Gold,150000,0,Closed,2020-11-23
CARD201534,C108727,Gold,150000,0,Active,2025-09-17
CARD201535,C104051,Blue,150000,500,Blocked,2018-03-31
CARD201536,C107073,Gold,500000,0,Active,2019-10-07
CARD201537,C100074,Gold,100000,1000,Active,2021-03-03
CARD201538,C103502,Gold,75000,500,Inactive,2020-12-11
CARD201539,C108231,Gold,200000,500,Active,2018-08-24
CARD201540,C100622,Premium,100000,2500,Active,2019-08-30
CARD201541,C100573,Premium,100000,0,Active,2020-02-01
CARD201542,C107192,Premium,150000,0,Active,2020-10-13
CARD201543,C101849,Gold,75000,0,Active,2019-11-10
CARD201544,C106240,Platinum,300000,2500,Active,2020-06-10
CARD201545,C109483,Blue,200000,500,Active,2022-04-13
CARD201546,C105174,Gold,300000,5000,Active,2026-02-13
CARD201547,C107448,Blue,100000,0,Active,2024-08-22
CARD201548,C101029,Blue,100000,500,Active,2017-03-13
CARD201549,C102504,Platinum,75000,0,Active,2020-12-21
CARD201550,C107317,Blue,150000,5000,Active,2023-05-03
CARD201551,C106498,Platinum,75000,500,Active,2022-09-10
CARD201552,C101898,Premium,100000,0,Closed,2024-02-29
CARD201553,C106378,Blue,50000,0,Active,2020-04-02
CARD201554,C104898,Blue,500000,500,Active,2018-07-04
CARD201555,C107291,Platinum,200000,0,Blocked,2018-09-08
CARD201556,C107176,Platinum,200000,0,Active,2021-12-06
CARD201557,C106654,Platinum,200000,0,Closed,2017-12-22
CARD201558,C103366,Platinum,200000,500,Active,2020-01-17
CARD201559,C108594,Platinum,75000,0,Active,2024-09-29
CARD201560,C101843,Platinum,100000,500,Active,2018-12-22
CARD201561,C109061,Blue,100000,500,Active,2024-10-18
CARD201562,C108728,Premium,50000,0,Active,2020-07-07
CARD201563,C106326,Platinum,150000,1000,Active,2018-10-20
CARD201564,C103977,Gold,75000,500,Active,2018-05-19
CARD201565,C102162,Gold,150000,1000,Active,2017-07-19
CARD201566,C104775,Premium,200000,1000,Active,2024-03-11
CARD201567,C102901,Blue,50000,1000,Active,2017-01-12
CARD201568,C105264,Platinum,75000,1000,Active,2017-02-21
CARD201569,C107355,Blue,300000,0,Active,2024-09-17
CARD201570,C107092,Gold,200000,5000,Active,2024-02-07
CARD201571,C101858,Gold,200000,2500,Active,2017-09-08
CARD201572,C100537,Blue,75000,2500,Active,2017-09-25
CARD201573,C104345,Blue,150000,0,Active,2022-11-03
CARD201574,C105170,Gold,75000,1000,Active,2021-02-14
CARD201575,C108039,Blue,100000,5000,Active,2017-05-25
CARD201576,C105660,Blue,50000,5000,Active,2019-06-09
CARD201577,C107254,Gold,100000,500,Active,2021-09-10
CARD201578,C103058,Gold,500000,2500,Inactive,2022-12-10
CARD201579,C104765,Platinum,150000,500,Closed,2022-03-16
CARD201580,C101568,Blue,50000,0,Active,2025-12-23
CARD201581,C107050,Gold,200000,5000,Active,2019-05-25
CARD201582,C103503,Gold,100000,500,Blocked,2018-11-22
CARD201583,C103237,Platinum,100000,0,Blocked,2023-08-13
CARD201584,C102665,Premium,75000,2500,Active,2023-01-17
CARD201585,C103156,Platinum,100000,1000,Active,2024-02-15
CARD201586,C104111,Platinum,75000,500,Active,2021-08-06
CARD201587,C105684,Platinum,300000,2500,Active,2022-07-30
CARD201588,C108206,Blue,200000,0,Closed,2024-04-05
CARD201589,C105956,Blue,300000,1000,Active,2022-03-11
CARD201590,C107372,Gold,50000,0,Active,2022-02-16
CARD201591,C100975,Gold,50000,1000,Active,2021-02-14
CARD201592,C108469,Gold,150000,500,Active,2021-05-21
CARD201593,C108827,Platinum,150000,1000,Active,2020-04-10
CARD201594,C109578,Gold,200000,1000,Active,2024-08-01
CARD201595,C104007,Blue,150000,1000,Active,2019-06-09
CARD201596,C106940,Platinum,50000,1000,Active,2025-11-24
CARD201597,C108799,Platinum,150000,1000,Active,2018-05-16
CARD201598,C103086,Blue,200000,5000,Active,2025-11-04
CARD201599,C103455,Gold,200000,500,Inactive,2026-01-20
CARD201600,C103325,Platinum,200000,2500,Active,2018-01-03
CARD201601,C106388,Gold,100000,0,Active,2023-10-21
CARD201602,C107366,Gold,50000,5000,Active,2025-06-26
CARD201603,C103647,Platinum,300000,2500,Active,2018-08-07
CARD201604,C106231,Platinum,200000,0,Active,2022-12-05
CARD201605,C103758,Gold,150000,2500,Active,2024-08-10
CARD201606,C108215,Gold,75000,1000,Closed,2025-09-22
CARD201607,C101808,Platinum,75000,500,Active,2025-06-13
CARD201608,C106691,Platinum,75000,0,Active,2023-08-22
CARD201609,C109053,Blue,75000,1000,Inactive,2019-03-07
CARD201610,C100381,Gold,200000,500,Active,2018-11-01
CARD201611,C103679,Gold,100000,2500,Active,2026-01-10
CARD201612,C100066,Blue,100000,500,Closed,2023-12-07
CARD201613,C109228,Platinum,100000,500,Active,2019-08-26
CARD201614,C108563,Platinum,75000,500,Closed,2018-05-01
CARD201615,C102007,Blue,150000,0,Active,2017-05-06
CARD201616,C104262,Platinum,100000,500,Active,2021-06-16
CARD201617,C101706,Blue,300000,5000,Active,2021-07-01
CARD201618,C109536,Blue,75000,0,Active,2018-07-08
CARD201619,C109378,Blue,300000,1000,Active,2018-07-01
CARD201620,C103567,Gold,100000,500,Blocked,2023-08-15
CARD201621,C108398,Platinum,500000,0,Active,2019-04-30
CARD201622,C104015,Gold,150000,1000,Active,2020-07-28
CARD201623,C108442,Blue,300000,500,Active,2019-10-15
CARD201624,C109005,Blue,300000,5000,Active,2026-04-02
CARD201625,C104297,Blue,100000,500,Active,2017-01-19
CARD201626,C103183,Blue,100000,500,Active,2023-08-30
CARD201627,C104792,Gold,75000,5000,Active,2021-12-30
CARD201628,C104058,Premium,100000,0,Active,2025-10-20
CARD201629,C101995,Premium,100000,5000,Active,2017-12-01
CARD201630,C102771,Blue,100000,2500,Active,2026-02-26
CARD201631,C109547,Blue,75000,500,Closed,2021-07-17
CARD201632,C108842,Gold,75000,500,Active,2024-10-20
CARD201633,C101237,Gold,200000,0,Active,2018-03-02
CARD201634,C106987,Blue,200000,5000,Active,2023-02-02
CARD201635,C109911,Premium,300000,1000,Active,2025-05-24
CARD201636,C104608,Gold,75000,500,Active,2022-08-28
CARD201637,C101461,Gold,500000,1000,Active,2018-02-27
CARD201638,C101233,Platinum,75000,2500,Active,2021-11-13
CARD201639,C103289,Gold,75000,0,Blocked,2017-07-28
CARD201640,C102773,Platinum,75000,500,Active,2019-06-26
CARD201641,C102459,Platinum,75000,2500,Active,2021-07-03
CARD201642,C104289,Premium,75000,2500,Active,2024-02-05
CARD201643,C107318,Blue,500000,1000,Active,2017-03-31
CARD201644,C108898,Blue,200000,1000,Active,2019-10-11
CARD201645,C107278,Platinum,150000,500,Blocked,2021-09-21
CARD201646,C105021,Blue,100000,0,Active,2019-12-10
CARD201647,C105831,Gold,150000,1000,Closed,2017-12-20
CARD201648,C102054,Platinum,100000,1000,Active,2023-06-22
CARD201649,C104536,Blue,300000,500,Inactive,2022-06-01
CARD201650,C101422,Blue,75000,5000,Closed,2022-02-14
CARD201651,C103925,Gold,75000,0,Active,2018-06-02
CARD201652,C102035,Premium,75000,500,Active,2024-07-15
CARD201653,C105043,Gold,200000,1000,Active,2023-05-09
CARD201654,C104635,Premium,150000,5000,Active,2020-10-04
CARD201655,C109088,Platinum,200000,0,Active,2025-01-18
CARD201656,C102704,Blue,100000,0,Active,2022-09-19
CARD201657,C107930,Blue,100000,500,Active,2020-08-09
CARD201658,C100953,Gold,75000,1000,Closed,2019-05-21
CARD201659,C103680,Blue,200000,500,Inactive,2018-09-13
CARD201660,C107215,Blue,100000,500,Closed,2023-09-05
CARD201661,C102205,Gold,50000,0,Active,2025-11-27
CARD201662,C107916,Gold,100000,5000,Active,2021-08-26
CARD201663,C103451,Premium,75000,0,Inactive,2022-01-21
CARD201664,C101763,Premium,150000,0,Active,2017-03-09
CARD201665,C103609,Platinum,100000,500,Inactive,2018-06-24
CARD201666,C101903,Blue,100000,0,Active,2024-04-29
CARD201667,C100513,Gold,75000,5000,Active,2025-06-01
CARD201668,C100458,Blue,50000,1000,Blocked,2018-07-14
CARD201669,C106535,Gold,75000,1000,Active,2022-05-24
CARD201670,C104316,Gold,100000,0,Active,2019-05-05
CARD201671,C101687,Gold,150000,500,Active,2024-09-28
CARD201672,C105061,Blue,50000,0,Active,2024-03-08
CARD201673,C107920,Premium,50000,0,Active,2024-09-22
CARD201674,C103340,Blue,75000,500,Active,2019-02-03
CARD201675,C105380,Platinum,150000,500,Inactive,2018-02-21
CARD201676,C105891,Gold,100000,1000,Inactive,2020-02-01
CARD201677,C102279,Gold,100000,500,Blocked,2018-07-17
CARD201678,C106796,Blue,100000,5000,Active,2019-09-22
CARD201679,C103891,Platinum,150000,500,Active,2017-05-06
CARD201680,C109787,Gold,100000,500,Active,2018-08-22
CARD201681,C100241,Gold,75000,0,Active,2019-07-31
CARD201682,C109189,Platinum,200000,1000,Closed,2019-08-13
CARD201683,C107055,Blue,500000,2500,Inactive,2024-06-29
CARD201684,C103138,Gold,150000,5000,Active,2019-07-04
CARD201685,C106581,Platinum,50000,0,Active,2023-07-21
CARD201686,C100331,Gold,200000,0,Active,2025-06-06
CARD201687,C107275,Platinum,100000,5000,Inactive,2022-10-31
CARD201688,C108991,Gold,150000,500,Active,2022-03-30
CARD201689,C103914,Platinum,150000,1000,Active,2024-01-17
CARD201690,C103807,Platinum,150000,5000,Active,2018-04-12
CARD201691,C107270,Platinum,100000,0,Active,2021-07-10
CARD201692,C106584,Gold,75000,0,Active,2024-09-01
CARD201693,C107952,Gold,100000,2500,Active,2019-05-25
CARD201694,C101749,Platinum,75000,1000,Active,2021-07-30
CARD201695,C107369,Gold,150000,500,Active,2017-05-31
CARD201696,C103272,Premium,50000,5000,Active,2022-10-03
CARD201697,C103994,Platinum,200000,1000,Active,2017-07-23
CARD201698,C104128,Blue,200000,0,Closed,2019-09-14
CARD201699,C103030,Gold,150000,0,Active,2017-02-28
CARD201700,C106197,Platinum,200000,2500,Active,2022-03-23
CARD201701,C103723,Blue,100000,5000,Active,2021-12-03
CARD201702,C102724,Blue,100000,0,Active,2023-01-12
CARD201703,C100324,Blue,150000,0,Active,2024-04-07
CARD201704,C106614,Platinum,150000,0,Active,2020-03-18
CARD201705,C102481,Gold,100000,0,Active,2019-02-16
CARD201706,C104035,Blue,50000,0,Active,2025-01-03
CARD201707,C101054,Blue,150000,5000,Active,2024-02-08
CARD201708,C103567,Gold,50000,0,Active,2024-07-08
CARD201709,C106915,Gold,100000,0,Active,2021-07-18
CARD201710,C103691,Blue,50000,5000,Active,2023-12-09
CARD201711,C103912,Gold,100000,0,Inactive,2021-02-11
CARD201712,C106119,Gold,100000,0,Active,2018-06-09
CARD201713,C101327,Gold,150000,500,Blocked,2017-01-15
CARD201714,C109182,Gold,150000,0,Inactive,2020-05-12
CARD201715,C101846,Platinum,200000,500,Active,2020-02-06
CARD201716,C108108,Gold,300000,500,Active,2017-03-08
CARD201717,C109638,Blue,75000,1000,Active,2020-12-07
CARD201718,C109334,Gold,300000,0,Active,2020-09-05
CARD201719,C104597,Platinum,100000,2500,Active,2025-09-02
CARD201720,C101671,Blue,75000,500,Active,2020-08-28
CARD201721,C105418,Platinum,150000,5000,Active,2024-08-19
CARD201722,C108528,Gold,100000,2500,Active,2018-08-16
CARD201723,C104146,Gold,100000,0,Active,2023-12-30
CARD201724,C103095,Blue,150000,2500,Blocked,2022-05-25
CARD201725,C102173,Platinum,150000,0,Blocked,2018-04-25
CARD201726,C106735,Blue,100000,0,Active,2019-08-29
CARD201727,C109210,Platinum,75000,0,Active,2025-05-28
CARD201728,C102917,Blue,200000,2500,Active,2026-03-05
CARD201729,C103611,Blue,150000,500,Active,2019-06-01
CARD201730,C109135,Blue,150000,500,Active,2019-09-23
CARD201731,C103529,Platinum,300000,2500,Active,2023-01-31
CARD201732,C106446,Platinum,500000,5000,Active,2020-02-05
CARD201733,C100191,Gold,50000,2500,Active,2021-12-10
CARD201734,C104193,Blue,75000,5000,Active,2018-03-11
CARD201735,C103113,Premium,200000,0,Active,2017-12-11
CARD201736,C104189,Blue,50000,500,Active,2023-11-12
CARD201737,C100636,Blue,50000,0,Active,2019-05-02
CARD201738,C109674,Blue,100000,1000,Active,2022-07-20
CARD201739,C103349,Blue,200000,5000,Active,2018-02-03
CARD201740,C100217,Premium,100000,5000,Active,2019-06-14
CARD201741,C105495,Gold,75000,1000,Active,2024-03-15
CARD201742,C108634,Blue,75000,2500,Active,2019-12-08
CARD201743,C104182,Platinum,150000,2500,Active,2021-01-14
CARD201744,C105765,Platinum,100000,500,Active,2018-11-19
CARD201745,C106611,Blue,150000,1000,Active,2024-12-18
CARD201746,C104095,Blue,200000,2500,Closed,2018-10-15
CARD201747,C100827,Blue,50000,500,Active,2024-06-27
CARD201748,C102405,Gold,100000,500,Active,2019-05-15
CARD201749,C108073,Blue,150000,2500,Active,2025-09-04
CARD201750,C106232,Gold,150000,2500,Active,2025-02-23
CARD201751,C102965,Blue,100000,2500,Active,2023-09-30
CARD201752,C106369,Platinum,100000,500,Active,2017-02-28
CARD201753,C103771,Blue,50000,500,Active,2022-07-28
CARD201754,C105102,Gold,50000,0,Active,2018-03-22
CARD201755,C107447,Gold,300000,500,Active,2021-01-12
CARD201756,C106790,Platinum,150000,0,Active,2018-04-08
CARD201757,C108606,Gold,100000,0,Inactive,2018-11-12
CARD201758,C100718,Gold,100000,2500,Active,2022-11-24
CARD201759,C101239,Blue,500000,1000,Active,2026-04-02
CARD201760,C105162,Blue,100000,0,Closed,2025-03-20
CARD201761,C103417,Blue,75000,0,Active,2018-01-30
CARD201762,C107462,Blue,50000,500,Active,2019-10-08
CARD201763,C104407,Gold,200000,500,Active,2024-08-06
CARD201764,C109919,Platinum,300000,2500,Closed,2020-10-17
CARD201765,C102293,Gold,300000,0,Inactive,2026-01-20
CARD201766,C100269,Platinum,75000,0,Active,2018-07-28
CARD201767,C100064,Gold,150000,2500,Active,2023-08-13
CARD201768,C105035,Gold,150000,500,Active,2019-02-01
CARD201769,C104773,Gold,100000,0,Active,2020-11-10
CARD201770,C107763,Blue,200000,1000,Active,2021-05-05
CARD201771,C104047,Gold,300000,5000,Active,2024-07-17
CARD201772,C103057,Premium,75000,5000,Active,2025-02-24
CARD201773,C106391,Blue,50000,500,Active,2017-04-03
CARD201774,C103604,Gold,75000,0,Blocked,2024-07-01
CARD201775,C106215,Blue,200000,0,Active,2024-08-17
CARD201776,C108150,Platinum,300000,500,Blocked,2022-09-12
CARD201777,C106656,Blue,150000,2500,Blocked,2020-01-19
CARD201778,C101928,Gold,50000,2500,Active,2022-02-26
CARD201779,C101430,Blue,150000,5000,Active,2024-09-20
CARD201780,C100876,Blue,100000,500,Blocked,2023-01-14
CARD201781,C102568,Gold,200000,1000,Active,2019-07-07
CARD201782,C109166,Blue,200000,500,Active,2020-10-24
CARD201783,C106271,Gold,75000,500,Active,2025-10-04
CARD201784,C109756,Blue,100000,1000,Active,2020-07-26
CARD201785,C109227,Platinum,75000,0,Inactive,2019-06-13
CARD201786,C107330,Gold,150000,2500,Blocked,2022-03-25
CARD201787,C101486,Blue,50000,1000,Active,2024-08-24
CARD201788,C101594,Blue,150000,500,Active,2017-07-12
CARD201789,C103663,Platinum,100000,500,Active,2024-08-18
CARD201790,C102364,Blue,150000,5000,Active,2025-06-06
CARD201791,C106175,Gold,200000,0,Active,2023-08-18
CARD201792,C109846,Premium,100000,1000,Active,2022-05-14
CARD201793,C102906,Blue,200000,500,Active,2025-09-02
CARD201794,C109923,Premium,300000,1000,Active,2022-04-09
CARD201795,C107099,Gold,50000,500,Closed,2019-09-09
CARD201796,C105497,Blue,50000,500,Active,2020-12-08
CARD201797,C105919,Platinum,75000,0,Closed,2026-01-25
CARD201798,C108998,Gold,200000,0,Active,2025-02-15
CARD201799,C101403,Blue,150000,2500,Active,2021-04-13
CARD201800,C106539,Gold,150000,2500,Active,2017-11-02
CARD201801,C101703,Platinum,150000,5000,Active,2022-02-19
CARD201802,C109903,Gold,100000,1000,Blocked,2021-12-12
CARD201803,C104986,Platinum,100000,500,Active,2025-07-07
CARD201804,C103830,Blue,75000,2500,Inactive,2020-01-04
CARD201805,C101342,Blue,300000,5000,Active,2023-11-12
CARD201806,C106675,Blue,75000,0,Active,2019-02-05
CARD201807,C107843,Premium,100000,500,Active,2019-01-18
CARD201808,C106012,Blue,200000,500,Closed,2024-09-09
CARD201809,C106672,Platinum,200000,500,Inactive,2022-11-15
CARD201810,C100303,Blue,150000,1000,Active,2024-01-03
CARD201811,C100643,Gold,150000,5000,Active,2024-12-25
CARD201812,C104152,Platinum,500000,5000,Active,2023-04-28
CARD201813,C104114,Blue,100000,0,Active,2023-01-13
CARD201814,C105433,Blue,300000,1000,Active,2018-07-27
CARD201815,C100012,Blue,500000,0,Inactive,2023-08-16
CARD201816,C103533,Gold,50000,500,Active,2023-08-22
CARD201817,C109026,Blue,150000,500,Active,2017-10-15
CARD201818,C105454,Blue,500000,5000,Active,2020-02-26
CARD201819,C103002,Blue,100000,500,Active,2021-11-18
CARD201820,C109755,Platinum,100000,1000,Active,2022-11-15
CARD201821,C109891,Gold,100000,1000,Active,2020-05-08
CARD201822,C104995,Premium,200000,500,Active,2021-12-08
CARD201823,C102475,Blue,150000,1000,Active,2021-01-28
CARD201824,C105375,Blue,100000,500,Active,2019-08-26
CARD201825,C105316,Gold,150000,500,Active,2023-03-07
CARD201826,C106751,Blue,150000,500,Active,2020-10-29
CARD201827,C104488,Blue,100000,0,Active,2024-12-16
CARD201828,C106337,Gold,50000,0,Active,2020-10-07
CARD201829,C101766,Gold,50000,500,Inactive,2023-06-17
CARD201830,C102993,Blue,100000,5000,Active,2021-10-09
CARD201831,C105824,Platinum,150000,500,Active,2019-03-13
CARD201832,C108626,Platinum,300000,2500,Inactive,2024-08-01
CARD201833,C102096,Gold,200000,0,Active,2020-07-25
CARD201834,C101194,Gold,100000,500,Active,2021-07-16
CARD201835,C101426,Gold,150000,0,Active,2022-05-01
CARD201836,C100894,Blue,100000,500,Active,2025-10-10
CARD201837,C103102,Gold,75000,1000,Active,2018-01-04
CARD201838,C105417,Blue,75000,500,Active,2021-03-02
CARD201839,C109389,Premium,200000,0,Active,2020-09-26
CARD201840,C109694,Gold,75000,0,Active,2024-07-31
CARD201841,C107924,Gold,50000,500,Active,2021-08-01
CARD201842,C103564,Platinum,75000,1000,Closed,2020-12-24
CARD201843,C105906,Platinum,100000,500,Active,2020-10-09
CARD201844,C109626,Blue,50000,5000,Active,2022-05-26
CARD201845,C103845,Gold,100000,0,Active,2017-04-09
CARD201846,C104228,Platinum,200000,5000,Active,2019-10-29
CARD201847,C101207,Gold,100000,2500,Active,2017-06-21
CARD201848,C101518,Blue,150000,2500,Active,2025-10-31
CARD201849,C102199,Platinum,500000,1000,Active,2024-10-04
CARD201850,C107643,Platinum,200000,0,Active,2021-01-30
CARD201851,C109275,Blue,150000,2500,Closed,2020-06-10
CARD201852,C104024,Blue,500000,0,Active,2019-04-15
CARD201853,C104520,Blue,50000,500,Active,2024-08-02
CARD201854,C103104,Platinum,300000,0,Active,2022-05-01
CARD201855,C101644,Premium,75000,500,Active,2026-04-08
CARD201856,C106517,Gold,50000,0,Active,2023-04-06
CARD201857,C107173,Premium,100000,2500,Active,2017-10-16
CARD201858,C109416,Blue,300000,1000,Active,2023-12-22
CARD201859,C107623,Gold,100000,1000,Active,2017-12-06
CARD201860,C106483,Blue,50000,1000,Closed,2018-01-02
CARD201861,C105088,Premium,50000,500,Active,2020-03-11
CARD201862,C104412,Blue,100000,1000,Active,2018-05-11
CARD201863,C106973,Premium,500000,1000,Active,2022-05-09
CARD201864,C108125,Platinum,150000,1000,Active,2019-06-26
CARD201865,C108204,Platinum,150000,1000,Active,2019-07-21
CARD201866,C102146,Gold,75000,0,Active,2021-12-06
CARD201867,C107157,Gold,500000,500,Active,2018-01-31
CARD201868,C107327,Blue,50000,1000,Inactive,2020-08-26
CARD201869,C104462,Blue,50000,0,Inactive,2024-06-10
CARD201870,C104537,Gold,100000,0,Active,2026-03-11
CARD201871,C105321,Blue,100000,1000,Active,2023-04-06
CARD201872,C103116,Gold,300000,0,Blocked,2025-08-23
CARD201873,C107841,Blue,200000,500,Active,2026-04-10
CARD201874,C103485,Gold,100000,0,Active,2018-03-08
CARD201875,C102845,Blue,150000,0,Closed,2017-03-10
CARD201876,C109940,Blue,200000,2500,Active,2017-05-02
CARD201877,C100427,Blue,75000,2500,Active,2024-04-19
CARD201878,C107576,Blue,100000,500,Blocked,2024-05-18
CARD201879,C105616,Gold,75000,500,Active,2021-05-11
CARD201880,C108678,Blue,200000,500,Closed,2024-01-16
CARD201881,C101767,Gold,300000,0,Closed,2020-01-14
CARD201882,C109284,Gold,300000,500,Active,2023-11-06
CARD201883,C103202,Blue,150000,5000,Active,2024-11-22
CARD201884,C101058,Gold,100000,2500,Active,2024-05-29
CARD201885,C108297,Blue,150000,0,Active,2020-03-11
CARD201886,C104504,Blue,300000,500,Closed,2024-07-06
CARD201887,C103785,Platinum,150000,0,Closed,2021-11-05
CARD201888,C108608,Gold,200000,1000,Active,2020-12-28
CARD201889,C102477,Premium,50000,500,Active,2023-12-09
CARD201890,C103025,Premium,150000,2500,Closed,2020-02-09
CARD201891,C108259,Blue,200000,1000,Active,2017-03-13
CARD201892,C109130,Platinum,150000,500,Active,2025-08-20
CARD201893,C106571,Blue,100000,500,Active,2021-03-23
CARD201894,C104093,Gold,100000,0,Active,2024-09-25
CARD201895,C103346,Gold,50000,500,Active,2025-03-19
CARD201896,C103766,Gold,300000,5000,Active,2017-10-25
CARD201897,C106618,Premium,150000,1000,Blocked,2020-12-12
CARD201898,C104766,Platinum,300000,500,Active,2020-04-20
CARD201899,C106367,Gold,75000,500,Active,2019-11-14
CARD201900,C105122,Platinum,75000,1000,Closed,2017-01-13
CARD201901,C101304,Platinum,150000,5000,Active,2020-11-06
CARD201902,C107463,Platinum,50000,500,Active,2019-12-27
CARD201903,C108473,Gold,150000,1000,Active,2019-12-09
CARD201904,C104334,Gold,100000,5000,Active,2023-07-22
CARD201905,C103546,Gold,75000,1000,Active,2026-01-24
CARD201906,C107016,Blue,100000,1000,Active,2019-05-12
CARD201907,C105954,Blue,300000,2500,Active,2024-08-10
CARD201908,C108676,Gold,150000,500,Active,2018-01-30
CARD201909,C107459,Premium,150000,0,Active,2025-08-31
CARD201910,C109835,Blue,200000,500,Closed,2018-05-30
CARD201911,C103447,Blue,200000,0,Active,2023-04-26
CARD201912,C109331,Gold,150000,2500,Active,2018-03-11
CARD201913,C107870,Blue,100000,2500,Active,2019-03-30
CARD201914,C101446,Premium,50000,2500,Closed,2019-11-29
CARD201915,C100664,Gold,200000,500,Inactive,2018-10-27
CARD201916,C108518,Gold,75000,2500,Active,2022-09-03
CARD201917,C108939,Premium,75000,1000,Active,2021-06-17
CARD201918,C103324,Platinum,300000,0,Active,2017-01-20
CARD201919,C100370,Platinum,150000,0,Closed,2024-10-09
CARD201920,C103965,Platinum,150000,2500,Active,2024-05-16
CARD201921,C109373,Gold,150000,2500,Inactive,2021-08-08
CARD201922,C103250,Platinum,100000,1000,Active,2017-05-11
CARD201923,C109760,Gold,300000,0,Active,2019-02-18
CARD201924,C100988,Gold,100000,5000,Active,2025-03-28
CARD201925,C108248,Gold,150000,2500,Active,2018-11-18
CARD201926,C102706,Platinum,100000,1000,Active,2025-04-19
CARD201927,C105022,Blue,500000,2500,Active,2017-04-23
CARD201928,C103195,Platinum,100000,0,Active,2020-10-31
CARD201929,C101908,Platinum,50000,2500,Active,2019-11-20
CARD201930,C101069,Blue,300000,2500,Active,2020-10-13
CARD201931,C109124,Gold,100000,1000,Active,2022-01-05
CARD201932,C103654,Gold,150000,5000,Active,2020-06-05
CARD201933,C106184,Gold,75000,0,Active,2017-11-05
CARD201934,C104731,Blue,50000,0,Active,2020-11-21
CARD201935,C109852,Blue,50000,5000,Active,2023-09-19
CARD201936,C107726,Gold,100000,2500,Active,2019-05-13
CARD201937,C100037,Blue,200000,0,Active,2024-11-19
CARD201938,C109932,Blue,500000,5000,Active,2022-10-01
CARD201939,C103543,Premium,50000,0,Blocked,2021-08-29
CARD201940,C106382,Gold,150000,500,Active,2024-07-03
CARD201941,C107923,Platinum,300000,0,Active,2024-06-18
CARD201942,C100791,Gold,100000,5000,Active,2019-01-09
CARD201943,C103720,Gold,300000,5000,Active,2025-01-09
CARD201944,C103711,Platinum,100000,0,Active,2021-06-17
CARD201945,C102326,Gold,100000,2500,Active,2019-04-27
CARD201946,C104433,Gold,200000,0,Active,2024-09-07
CARD201947,C106834,Blue,50000,5000,Closed,2021-02-07
CARD201948,C107282,Blue,100000,5000,Active,2020-08-06
CARD201949,C102787,Blue,75000,2500,Active,2019-12-10
CARD201950,C105999,Blue,100000,0,Active,2020-09-19
CARD201951,C102777,Platinum,150000,0,Active,2021-08-23
CARD201952,C104529,Platinum,150000,500,Active,2022-11-30
CARD201953,C102397,Blue,75000,500,Active,2024-10-25
CARD201954,C102921,Blue,200000,500,Active,2020-09-07
CARD201955,C104364,Gold,300000,1000,Active,2022-02-02
CARD201956,C108536,Blue,300000,0,Active,2024-01-30
CARD201957,C105984,Gold,150000,1000,Active,2020-05-04
CARD201958,C107849,Blue,150000,0,Blocked,2024-06-11
CARD201959,C106715,Gold,300000,0,Active,2019-09-22
CARD201960,C104077,Platinum,50000,1000,Active,2019-04-09
CARD201961,C105338,Gold,200000,1000,Active,2019-09-17
CARD201962,C109187,Platinum,150000,0,Active,2024-05-30
CARD201963,C109145,Gold,200000,500,Active,2023-04-16
CARD201964,C107128,Gold,75000,2500,Active,2019-06-29
CARD201965,C106509,Gold,100000,1000,Closed,2022-08-10
CARD201966,C108672,Platinum,300000,500,Active,2021-12-08
CARD201967,C102008,Premium,50000,500,Active,2022-10-18
CARD201968,C104992,Blue,300000,0,Active,2024-07-23
CARD201969,C102259,Gold,200000,500,Active,2019-10-02
CARD201970,C102928,Gold,75000,2500,Active,2025-06-04
CARD201971,C101600,Gold,150000,2500,Inactive,2025-03-22
CARD201972,C102458,Gold,300000,0,Active,2022-05-26
CARD201973,C109832,Blue,75000,1000,Active,2024-07-29
CARD201974,C105044,Blue,150000,0,Active,2017-12-21
CARD201975,C100857,Gold,500000,1000,Active,2021-08-27
CARD201976,C104197,Gold,75000,2500,Closed,2022-10-03
CARD201977,C103705,Gold,300000,5000,Active,2018-06-22
CARD201978,C105703,Platinum,75000,0,Active,2023-06-06
CARD201979,C104280,Blue,200000,0,Active,2018-04-23
CARD201980,C106914,Gold,50000,500,Active,2024-10-13
CARD201981,C101806,Gold,150000,0,Active,2025-03-25
CARD201982,C102166,Premium,50000,500,Active,2017-02-12
CARD201983,C109307,Platinum,500000,0,Active,2018-02-06
CARD201984,C105957,Premium,200000,2500,Active,2021-12-10
CARD201985,C104820,Gold,300000,1000,Active,2021-04-29
CARD201986,C107800,Gold,300000,500,Active,2021-01-26
CARD201987,C106776,Platinum,200000,1000,Active,2023-12-31
CARD201988,C100592,Blue,100000,500,Closed,2024-02-11
CARD201989,C108113,Premium,500000,1000,Active,2018-01-09
CARD201990,C106164,Gold,100000,500,Active,2019-06-06
CARD201991,C100997,Premium,300000,500,Active,2020-04-29
CARD201992,C106392,Blue,200000,0,Active,2025-11-12
CARD201993,C100344,Blue,150000,500,Active,2017-03-06
CARD201994,C108360,Blue,150000,500,Active,2021-11-03
CARD201995,C104662,Blue,50000,500,Active,2017-06-26
CARD201996,C108019,Blue,150000,5000,Active,2019-05-19
CARD201997,C100702,Blue,50000,0,Active,2019-06-21
CARD201998,C107204,Blue,500000,500,Active,2019-02-27
CARD201999,C108981,Blue,75000,1000,Active,2025-07-13
CARD202000,C107172,Gold,200000,0,Active,2022-04-23
CARD202001,C102794,Gold,200000,500,Active,2024-08-28
CARD202002,C104014,Blue,150000,1000,Active,2019-09-26
CARD202003,C102895,Gold,150000,5000,Active,2020-05-15
CARD202004,C100289,Gold,100000,500,Inactive,2019-11-16
CARD202005,C102022,Blue,200000,1000,Active,2024-07-31
CARD202006,C108495,Blue,100000,2500,Active,2025-02-03
CARD202007,C104763,Gold,200000,500,Active,2026-04-01
CARD202008,C101013,Platinum,75000,500,Active,2019-05-04
CARD202009,C102429,Blue,200000,2500,Active,2018-04-18
CARD202010,C108056,Gold,200000,1000,Active,2017-12-02
CARD202011,C106889,Blue,200000,0,Active,2019-02-28
CARD202012,C106065,Platinum,100000,2500,Active,2018-07-07
CARD202013,C100954,Gold,200000,500,Active,2026-02-18
CARD202014,C106706,Gold,150000,1000,Active,2024-07-27
CARD202015,C109382,Gold,75000,500,Inactive,2021-09-01
CARD202016,C105591,Premium,100000,500,Active,2022-10-03
CARD202017,C107323,Gold,100000,500,Active,2018-06-15
CARD202018,C109768,Gold,75000,0,Inactive,2025-03-30
CARD202019,C107269,Gold,50000,500,Active,2020-06-10
CARD202020,C105501,Blue,150000,0,Active,2026-03-26
CARD202021,C103135,Platinum,200000,1000,Active,2017-10-22
CARD202022,C101728,Gold,100000,5000,Active,2024-01-14
CARD202023,C105961,Gold,500000,2500,Active,2021-08-19
CARD202024,C106948,Premium,75000,5000,Active,2020-10-12
CARD202025,C103051,Gold,150000,500,Active,2025-03-08
CARD202026,C101225,Blue,200000,0,Closed,2020-11-30
CARD202027,C104141,Gold,200000,0,Active,2017-10-30
CARD202028,C100913,Premium,100000,500,Blocked,2018-11-13
CARD202029,C103142,Platinum,300000,500,Active,2020-09-24
CARD202030,C100725,Gold,200000,500,Active,2023-10-10
CARD202031,C109938,Platinum,75000,2500,Inactive,2025-07-27
CARD202032,C102889,Gold,200000,0,Active,2017-01-30
CARD202033,C108858,Gold,100000,0,Active,2017-10-05
CARD202034,C101506,Gold,75000,5000,Active,2026-03-08
CARD202035,C102293,Blue,100000,1000,Active,2025-12-14
CARD202036,C103499,Blue,100000,500,Active,2026-03-12
CARD202037,C102193,Gold,50000,0,Active,2017-05-24
CARD202038,C105106,Blue,75000,500,Blocked,2022-11-07
CARD202039,C105988,Gold,150000,2500,Active,2024-03-13
CARD202040,C105031,Platinum,100000,5000,Active,2022-05-15
CARD202041,C101234,Platinum,150000,0,Active,2026-01-14
CARD202042,C107854,Blue,150000,2500,Blocked,2019-08-21
CARD202043,C104320,Premium,500000,0,Active,2022-12-22
CARD202044,C101322,Gold,100000,2500,Closed,2022-01-12
CARD202045,C107462,Blue,150000,2500,Active,2020-06-23
CARD202046,C104921,Platinum,200000,500,Closed,2021-01-01
CARD202047,C106302,Blue,150000,1000,Active,2022-12-23
CARD202048,C105822,Platinum,150000,5000,Active,2017-04-09
CARD202049,C101613,Gold,200000,1000,Active,2017-06-18
CARD202050,C100733,Gold,150000,1000,Active,2023-12-20
CARD202051,C107201,Platinum,150000,0,Active,2019-10-30
CARD202052,C102208,Platinum,100000,0,Active,2017-11-02
CARD202053,C100644,Gold,200000,0,Active,2022-11-12
CARD202054,C100786,Gold,150000,0,Active,2018-07-28
CARD202055,C102328,Gold,200000,0,Active,2025-07-18
CARD202056,C101980,Gold,75000,2500,Active,2020-08-26
CARD202057,C108605,Gold,100000,0,Closed,2018-03-29
CARD202058,C108274,Blue,200000,2500,Active,2024-07-13
CARD202059,C104468,Gold,300000,5000,Active,2022-03-10
CARD202060,C106577,Gold,300000,500,Active,2026-02-04
CARD202061,C108286,Platinum,150000,0,Active,2017-10-08
CARD202062,C100307,Blue,200000,2500,Active,2023-01-16
CARD202063,C109469,Gold,100000,5000,Active,2025-08-29
CARD202064,C103643,Premium,75000,0,Active,2023-06-24
CARD202065,C109194,Gold,100000,500,Active,2020-11-11
CARD202066,C107777,Blue,500000,2500,Active,2019-11-01
CARD202067,C107342,Platinum,100000,0,Closed,2025-06-17
CARD202068,C105802,Blue,150000,500,Active,2017-03-21
CARD202069,C107204,Gold,300000,0,Active,2018-12-17
CARD202070,C108785,Gold,50000,2500,Active,2020-06-16
CARD202071,C107902,Premium,50000,0,Closed,2025-11-17
CARD202072,C108324,Platinum,150000,1000,Active,2025-11-03
CARD202073,C104596,Platinum,100000,1000,Inactive,2022-03-12
CARD202074,C106345,Gold,150000,5000,Closed,2019-09-05
CARD202075,C100502,Blue,100000,0,Active,2020-10-01
CARD202076,C109047,Blue,150000,500,Active,2025-11-17
CARD202077,C101825,Blue,500000,2500,Inactive,2019-04-18
CARD202078,C101092,Gold,100000,500,Active,2023-07-29
CARD202079,C108635,Gold,150000,5000,Active,2022-11-14
CARD202080,C102006,Blue,500000,0,Active,2017-05-08
CARD202081,C101265,Platinum,100000,500,Active,2020-04-23
CARD202082,C106926,Gold,50000,2500,Active,2024-03-16
CARD202083,C101323,Blue,200000,500,Active,2022-08-11
CARD202084,C104779,Platinum,150000,0,Inactive,2020-12-27
CARD202085,C105412,Gold,100000,0,Active,2025-10-27
CARD202086,C108795,Blue,200000,2500,Active,2017-09-27
CARD202087,C101447,Platinum,200000,0,Active,2025-12-07
CARD202088,C108502,Blue,75000,0,Active,2025-09-20
CARD202089,C107910,Blue,75000,500,Active,2024-09-23
CARD202090,C109702,Platinum,150000,5000,Active,2025-02-09
CARD202091,C103184,Gold,100000,1000,Active,2023-01-26
CARD202092,C106154,Gold,75000,500,Active,2025-02-19
CARD202093,C104957,Blue,50000,5000,Active,2019-05-24
CARD202094,C108443,Blue,50000,0,Active,2024-03-17
CARD202095,C102780,Gold,50000,0,Active,2021-01-23
CARD202096,C109079,Premium,150000,500,Active,2023-02-13
CARD202097,C101014,Gold,300000,1000,Active,2017-05-01
CARD202098,C103936,Blue,200000,2500,Active,2023-04-25
CARD202099,C109175,Premium,100000,1000,Active,2022-05-08
CARD202100,C106919,Premium,150000,1000,Active,2023-11-13
CARD202101,C104688,Blue,150000,1000,Active,2025-04-23
CARD202102,C103059,Blue,75000,0,Active,2021-05-29
CARD202103,C100043,Blue,100000,2500,Active,2021-02-05
CARD202104,C109849,Gold,100000,1000,Active,2023-03-15
CARD202105,C104418,Blue,75000,500,Active,2017-04-27
CARD202106,C107949,Platinum,300000,1000,Active,2019-03-12
CARD202107,C107003,Gold,75000,0,Active,2020-07-26
CARD202108,C101942,Gold,150000,1000,Active,2017-03-10
CARD202109,C100630,Blue,100000,0,Active,2023-11-11
CARD202110,C108698,Gold,100000,500,Active,2023-04-19
CARD202111,C109754,Gold,200000,2500,Active,2022-10-27
CARD202112,C103136,Premium,200000,0,Active,2022-10-03
CARD202113,C106678,Blue,75000,500,Active,2021-01-06
CARD202114,C100313,Platinum,150000,1000,Active,2021-04-01
CARD202115,C101573,Gold,150000,1000,Active,2018-07-19
CARD202116,C102329,Platinum,50000,0,Closed,2025-09-02
CARD202117,C106268,Gold,200000,500,Active,2023-02-06
CARD202118,C100795,Blue,150000,0,Active,2023-04-15
CARD202119,C101925,Blue,150000,2500,Active,2020-10-17
CARD202120,C100872,Platinum,75000,2500,Closed,2018-11-23
CARD202121,C108483,Platinum,100000,500,Active,2019-01-14
CARD202122,C109485,Gold,150000,5000,Active,2018-02-06
CARD202123,C105373,Blue,100000,0,Active,2018-12-27
CARD202124,C109586,Blue,150000,1000,Active,2021-08-08
CARD202125,C104692,Platinum,50000,0,Active,2023-08-23
CARD202126,C105666,Gold,150000,500,Active,2021-05-15
CARD202127,C104074,Gold,50000,0,Active,2021-12-12
CARD202128,C102848,Blue,100000,0,Active,2018-09-19
CARD202129,C107885,Gold,300000,500,Active,2025-10-20
CARD202130,C103876,Platinum,100000,1000,Active,2019-04-14
CARD202131,C107373,Gold,500000,500,Active,2019-03-28
CARD202132,C102476,Blue,200000,5000,Active,2026-03-20
CARD202133,C107750,Blue,300000,2500,Active,2023-06-06
CARD202134,C106602,Blue,300000,0,Active,2018-01-24
CARD202135,C100672,Gold,300000,0,Active,2023-12-20
CARD202136,C100172,Blue,100000,5000,Active,2026-01-02
CARD202137,C107488,Blue,200000,500,Active,2024-06-07
CARD202138,C103774,Platinum,100000,5000,Inactive,2018-05-03
CARD202139,C106106,Premium,200000,0,Inactive,2026-03-19
CARD202140,C105834,Platinum,100000,5000,Active,2023-05-29
CARD202141,C106759,Gold,50000,1000,Active,2025-09-04
CARD202142,C100369,Gold,300000,500,Active,2022-06-12
CARD202143,C103883,Blue,150000,0,Active,2021-10-24
CARD202144,C106853,Gold,150000,500,Active,2017-03-02
CARD202145,C104415,Blue,300000,1000,Blocked,2026-04-17
CARD202146,C102231,Platinum,500000,0,Active,2022-06-10
CARD202147,C103518,Platinum,200000,2500,Active,2025-05-12
CARD202148,C103075,Gold,150000,2500,Active,2021-10-06
CARD202149,C108718,Blue,75000,1000,Closed,2017-09-25
CARD202150,C103974,Gold,200000,500,Active,2025-02-01
CARD202151,C109547,Gold,150000,5000,Active,2024-06-02
CARD202152,C102739,Gold,150000,500,Active,2021-10-02
CARD202153,C103276,Premium,150000,1000,Active,2021-05-03
CARD202154,C102429,Blue,200000,500,Active,2020-12-01
CARD202155,C109744,Blue,75000,500,Active,2022-05-10
CARD202156,C103530,Blue,100000,5000,Active,2019-05-05
CARD202157,C107080,Blue,75000,0,Blocked,2022-01-11
CARD202158,C102767,Gold,200000,1000,Inactive,2017-05-05
CARD202159,C102563,Platinum,100000,0,Active,2019-01-24
CARD202160,C101171,Blue,150000,1000,Active,2020-06-13
CARD202161,C105331,Gold,150000,2500,Active,2020-02-17
CARD202162,C100173,Blue,200000,500,Active,2020-04-01
CARD202163,C103751,Platinum,150000,500,Active,2019-11-19
CARD202164,C101936,Gold,500000,500,Inactive,2023-06-25
CARD202165,C101449,Blue,150000,500,Active,2023-03-23
CARD202166,C103000,Blue,150000,500,Active,2020-03-06
CARD202167,C106220,Platinum,50000,0,Active,2017-02-20
CARD202168,C108037,Gold,100000,1000,Active,2017-01-15
CARD202169,C103517,Blue,100000,2500,Active,2021-07-02
CARD202170,C104983,Blue,150000,1000,Active,2021-06-27
CARD202171,C104224,Blue,100000,1000,Active,2024-10-16
CARD202172,C109759,Gold,100000,500,Active,2022-01-13
CARD202173,C106907,Blue,500000,500,Active,2017-04-16
CARD202174,C102930,Gold,100000,2500,Active,2022-01-19
CARD202175,C104272,Blue,300000,0,Active,2024-04-19
CARD202176,C108555,Platinum,200000,500,Active,2018-05-02
CARD202177,C103840,Gold,100000,500,Active,2019-06-08
CARD202178,C105639,Platinum,100000,1000,Active,2021-07-13
CARD202179,C100139,Gold,200000,1000,Closed,2022-10-10
CARD202180,C101722,Platinum,100000,0,Active,2017-06-16
CARD202181,C102055,Premium,50000,0,Active,2021-02-18
CARD202182,C108318,Gold,150000,0,Blocked,2022-10-24
CARD202183,C103174,Gold,150000,1000,Active,2022-09-18
CARD202184,C101077,Gold,100000,1000,Active,2022-08-09
CARD202185,C107887,Premium,50000,0,Active,2018-03-13
CARD202186,C109719,Platinum,100000,1000,Active,2023-01-15
CARD202187,C104670,Blue,500000,2500,Closed,2020-04-27
CARD202188,C108040,Blue,300000,0,Active,2019-09-06
CARD202189,C100040,Platinum,200000,0,Blocked,2018-08-19
CARD202190,C103406,Gold,100000,0,Active,2019-10-19
CARD202191,C106865,Platinum,75000,1000,Closed,2025-05-21
CARD202192,C102944,Platinum,500000,2500,Active,2018-02-12
CARD202193,C109586,Blue,300000,0,Active,2020-04-23
CARD202194,C102134,Gold,75000,2500,Active,2021-11-21
CARD202195,C109163,Platinum,100000,500,Active,2021-05-09
CARD202196,C107820,Gold,150000,2500,Active,2018-05-11
CARD202197,C107516,Blue,150000,2500,Active,2024-03-27
CARD202198,C102029,Platinum,150000,1000,Inactive,2023-05-03
CARD202199,C105410,Blue,500000,0,Active,2024-10-23
CARD202200,C104807,Gold,75000,0,Active,2018-09-03
CARD202201,C102815,Premium,300000,0,Inactive,2022-06-16
CARD202202,C108407,Platinum,75000,500,Active,2025-09-16
CARD202203,C102484,Gold,150000,2500,Active,2020-09-30
CARD202204,C105920,Blue,150000,1000,Active,2017-02-02
CARD202205,C106831,Gold,150000,500,Active,2021-11-22
CARD202206,C100072,Blue,100000,0,Active,2017-12-13
CARD202207,C102561,Gold,50000,0,Active,2022-08-11
CARD202208,C108709,Platinum,200000,5000,Active,2017-12-08
CARD202209,C105285,Gold,75000,1000,Active,2022-03-25
CARD202210,C103985,Gold,75000,5000,Active,2022-05-17
CARD202211,C106033,Blue,50000,500,Active,2021-04-02
CARD202212,C106866,Gold,150000,0,Active,2017-12-24
CARD202213,C107781,Premium,150000,2500,Active,2025-07-29
CARD202214,C107443,Platinum,150000,5000,Active,2024-08-09
CARD202215,C106868,Platinum,50000,500,Active,2022-08-03
CARD202216,C101140,Platinum,200000,0,Active,2020-09-01
CARD202217,C100595,Platinum,50000,1000,Active,2022-03-30
CARD202218,C104413,Gold,500000,2500,Active,2021-09-01
CARD202219,C102432,Platinum,100000,2500,Active,2019-12-25
CARD202220,C103805,Blue,150000,2500,Active,2018-12-10
CARD202221,C103795,Premium,150000,5000,Active,2018-05-27
CARD202222,C105342,Gold,150000,500,Closed,2025-11-26
CARD202223,C108987,Blue,200000,1000,Active,2018-08-28
CARD202224,C103955,Blue,200000,1000,Inactive,2024-12-08
CARD202225,C109926,Gold,150000,500,Active,2021-04-03
CARD202226,C106318,Gold,50000,2500,Active,2017-08-17
CARD202227,C107387,Gold,150000,0,Active,2021-01-06
CARD202228,C102057,Gold,200000,1000,Active,2020-04-10
CARD202229,C101791,Gold,200000,500,Blocked,2018-04-09
CARD202230,C106600,Platinum,150000,0,Active,2017-06-02
CARD202231,C108449,Blue,100000,0,Active,2021-08-01
CARD202232,C101592,Blue,100000,0,Active,2023-06-05
CARD202233,C108896,Blue,100000,0,Active,2021-10-03
CARD202234,C106322,Gold,150000,1000,Active,2017-09-17
CARD202235,C101509,Gold,200000,500,Active,2023-08-13
CARD202236,C103678,Premium,150000,2500,Active,2017-02-06
CARD202237,C104928,Blue,200000,5000,Active,2021-10-09
CARD202238,C101885,Gold,100000,0,Active,2020-10-17
CARD202239,C108581,Blue,150000,500,Closed,2021-07-29
CARD202240,C106996,Gold,300000,0,Active,2017-07-13
CARD202241,C106581,Gold,150000,1000,Active,2017-06-09
CARD202242,C105627,Gold,100000,2500,Active,2021-11-01
CARD202243,C100525,Gold,100000,0,Active,2019-06-05
CARD202244,C106481,Blue,75000,2500,Active,2021-03-26
CARD202245,C107525,Blue,75000,0,Active,2022-03-05
CARD202246,C109882,Gold,150000,1000,Active,2020-09-10
CARD202247,C102934,Gold,50000,2500,Active,2024-03-25
CARD202248,C100566,Platinum,100000,5000,Active,2024-12-20
CARD202249,C106239,Blue,150000,500,Active,2019-10-11
CARD202250,C106217,Blue,75000,0,Active,2019-05-11
CARD202251,C107895,Gold,500000,500,Active,2020-05-04
CARD202252,C103939,Gold,150000,500,Active,2022-12-24
CARD202253,C107982,Blue,150000,1000,Active,2020-06-15
CARD202254,C104833,Blue,150000,1000,Active,2019-03-08
CARD202255,C101839,Blue,200000,0,Blocked,2026-03-08
CARD202256,C104956,Premium,150000,0,Active,2020-05-27
CARD202257,C103586,Premium,200000,5000,Active,2021-08-13
CARD202258,C101514,Premium,75000,500,Inactive,2022-02-13
CARD202259,C103091,Blue,100000,1000,Active,2020-05-23
CARD202260,C101221,Gold,150000,0,Active,2022-03-22
CARD202261,C101582,Gold,100000,0,Active,2017-08-06
CARD202262,C108307,Platinum,75000,500,Active,2021-09-11
CARD202263,C106047,Blue,50000,500,Active,2019-03-24
CARD202264,C106365,Blue,100000,0,Active,2024-11-30
CARD202265,C103130,Blue,100000,2500,Active,2025-03-21
CARD202266,C106163,Gold,200000,5000,Active,2021-11-08
CARD202267,C106606,Premium,150000,0,Active,2020-10-31
CARD202268,C107721,Blue,100000,1000,Active,2021-12-12
CARD202269,C103734,Gold,200000,0,Active,2022-12-18
CARD202270,C101897,Blue,75000,0,Active,2023-05-14
CARD202271,C106225,Blue,100000,0,Active,2022-02-18
CARD202272,C106333,Gold,100000,0,Inactive,2022-07-07
CARD202273,C101333,Gold,50000,500,Active,2022-07-04
CARD202274,C109955,Platinum,300000,0,Active,2025-08-02
CARD202275,C109535,Gold,100000,0,Active,2019-06-09
CARD202276,C101002,Blue,100000,0,Active,2025-07-04
CARD202277,C104795,Platinum,200000,1000,Active,2021-10-17
CARD202278,C101852,Gold,150000,5000,Active,2024-10-17
CARD202279,C107547,Platinum,300000,0,Active,2023-06-27
CARD202280,C104777,Gold,150000,0,Active,2025-09-21
CARD202281,C103968,Blue,300000,0,Blocked,2017-01-18
CARD202282,C109804,Platinum,200000,5000,Active,2018-01-15
CARD202283,C109970,Gold,200000,2500,Inactive,2025-11-08
CARD202284,C100575,Blue,100000,500,Active,2018-06-07
CARD202285,C106413,Platinum,50000,0,Active,2023-02-15
CARD202286,C108078,Platinum,100000,500,Active,2019-07-31
CARD202287,C102821,Premium,150000,0,Active,2018-08-31
CARD202288,C105653,Gold,75000,0,Closed,2024-04-03
CARD202289,C109288,Platinum,75000,500,Active,2017-06-17
CARD202290,C109567,Platinum,100000,1000,Active,2024-05-28
CARD202291,C104534,Gold,100000,2500,Active,2020-10-03
CARD202292,C108561,Blue,150000,0,Closed,2020-03-06
CARD202293,C106523,Gold,100000,500,Active,2020-02-06
CARD202294,C107083,Blue,50000,1000,Active,2020-12-26
CARD202295,C106203,Blue,100000,5000,Active,2023-07-27
CARD202296,C105698,Platinum,75000,5000,Active,2019-08-25
CARD202297,C103519,Blue,150000,500,Closed,2023-04-16
CARD202298,C101110,Platinum,100000,500,Active,2021-08-07
CARD202299,C107182,Blue,150000,5000,Active,2019-07-09
CARD202300,C109632,Gold,100000,1000,Active,2017-05-17
CARD202301,C102774,Platinum,150000,0,Active,2021-05-06
CARD202302,C109028,Platinum,50000,1000,Active,2020-04-14
CARD202303,C102868,Blue,150000,500,Active,2021-04-05
CARD202304,C103529,Platinum,50000,2500,Active,2025-03-12
CARD202305,C105473,Platinum,200000,5000,Inactive,2020-08-29
CARD202306,C101508,Blue,300000,500,Active,2020-07-28
CARD202307,C108164,Blue,150000,500,Blocked,2023-08-22
CARD202308,C109918,Blue,50000,500,Active,2020-11-17
CARD202309,C104534,Blue,100000,500,Active,2024-12-13
CARD202310,C102862,Blue,50000,500,Active,2022-11-22
CARD202311,C105716,Gold,50000,1000,Active,2018-01-25
CARD202312,C100713,Blue,150000,0,Active,2025-03-27
CARD202313,C108359,Platinum,150000,2500,Active,2019-12-13
CARD202314,C107884,Gold,150000,2500,Active,2025-07-30
CARD202315,C103197,Gold,75000,0,Inactive,2019-09-01
CARD202316,C105849,Platinum,75000,0,Active,2019-06-06
CARD202317,C109094,Gold,100000,1000,Active,2018-04-17
CARD202318,C100773,Blue,100000,5000,Active,2017-10-03
CARD202319,C102391,Blue,75000,0,Active,2024-06-15
CARD202320,C106850,Gold,300000,2500,Active,2024-01-26
CARD202321,C106246,Platinum,50000,5000,Closed,2024-06-26
CARD202322,C102234,Gold,100000,2500,Active,2020-04-15
CARD202323,C100835,Platinum,300000,1000,Inactive,2020-07-02
CARD202324,C102741,Platinum,500000,5000,Active,2017-11-20
CARD202325,C108513,Gold,100000,0,Active,2021-01-24
CARD202326,C101727,Blue,150000,2500,Active,2025-01-12
CARD202327,C101071,Platinum,200000,1000,Active,2020-07-26
CARD202328,C108586,Gold,75000,500,Blocked,2024-01-28
CARD202329,C104296,Blue,150000,2500,Active,2017-02-13
CARD202330,C105709,Platinum,500000,1000,Active,2017-09-01
CARD202331,C108438,Blue,300000,2500,Active,2025-12-21
CARD202332,C106052,Blue,300000,0,Active,2024-04-02
CARD202333,C106823,Blue,150000,1000,Active,2023-06-03
CARD202334,C103115,Blue,150000,500,Active,2023-06-16
CARD202335,C103236,Blue,75000,1000,Inactive,2025-01-27
CARD202336,C108729,Gold,200000,1000,Blocked,2018-07-08
CARD202337,C108962,Blue,200000,1000,Active,2019-11-28
CARD202338,C108764,Platinum,100000,2500,Active,2021-05-25
CARD202339,C108181,Gold,300000,0,Active,2018-05-05
CARD202340,C103448,Gold,75000,1000,Active,2021-09-01
CARD202341,C104358,Gold,200000,500,Active,2018-05-26
CARD202342,C102343,Blue,150000,1000,Active,2019-09-21
CARD202343,C103573,Blue,50000,500,Active,2026-02-21
CARD202344,C105339,Gold,100000,0,Active,2022-03-03
CARD202345,C108808,Gold,150000,0,Active,2020-07-22
CARD202346,C100909,Blue,200000,500,Inactive,2024-04-03
CARD202347,C106104,Gold,100000,500,Active,2021-01-03
CARD202348,C103223,Blue,75000,1000,Active,2021-06-15
CARD202349,C102361,Platinum,75000,500,Active,2017-01-20
CARD202350,C107975,Blue,500000,0,Active,2020-10-19
CARD202351,C108699,Blue,100000,0,Active,2025-09-03
CARD202352,C102916,Gold,100000,1000,Active,2023-10-25
CARD202353,C105325,Blue,75000,0,Active,2025-11-21
CARD202354,C109518,Platinum,100000,0,Active,2024-05-12
CARD202355,C106712,Blue,500000,0,Blocked,2026-04-15
CARD202356,C108039,Gold,150000,0,Active,2017-05-04
CARD202357,C103620,Platinum,200000,2500,Active,2021-11-13
CARD202358,C104090,Blue,300000,0,Active,2020-12-13
CARD202359,C109359,Premium,300000,0,Active,2022-10-17
CARD202360,C108167,Platinum,300000,0,Active,2020-09-22
CARD202361,C107478,Blue,300000,2500,Active,2025-12-29
CARD202362,C107861,Gold,150000,2500,Active,2024-05-04
CARD202363,C109497,Blue,300000,1000,Active,2019-01-23
CARD202364,C106543,Gold,200000,1000,Active,2025-12-12
CARD202365,C100446,Blue,500000,2500,Inactive,2019-01-14
CARD202366,C104680,Blue,300000,500,Active,2021-02-12
CARD202367,C107955,Platinum,150000,500,Active,2020-03-19
CARD202368,C106107,Platinum,50000,0,Active,2017-03-19
CARD202369,C104497,Gold,500000,0,Active,2021-06-19
CARD202370,C101946,Blue,150000,500,Active,2020-08-31
CARD202371,C108200,Blue,300000,500,Active,2019-05-05
CARD202372,C103899,Premium,100000,0,Closed,2023-01-11
CARD202373,C100116,Blue,150000,0,Active,2022-02-23
CARD202374,C102555,Gold,300000,2500,Active,2022-08-11
CARD202375,C105461,Blue,75000,2500,Blocked,2024-03-20
CARD202376,C101011,Platinum,100000,2500,Active,2021-08-21
CARD202377,C102951,Gold,300000,1000,Active,2024-12-13
CARD202378,C108481,Blue,100000,0,Active,2024-02-18
CARD202379,C101112,Blue,150000,1000,Active,2018-09-01
CARD202380,C105286,Premium,150000,1000,Active,2021-10-12
CARD202381,C102891,Gold,100000,0,Active,2025-04-18
CARD202382,C102835,Blue,100000,0,Active,2023-11-17
CARD202383,C108957,Blue,500000,0,Active,2022-05-14
CARD202384,C103012,Gold,200000,2500,Active,2017-05-25
CARD202385,C107899,Blue,500000,1000,Active,2022-11-24
CARD202386,C102422,Gold,300000,1000,Active,2017-11-23
CARD202387,C101769,Blue,50000,5000,Active,2017-06-15
CARD202388,C108972,Gold,300000,500,Active,2021-03-31
CARD202389,C107038,Platinum,50000,500,Active,2024-11-26
CARD202390,C109248,Blue,300000,500,Inactive,2025-03-09
CARD202391,C109729,Blue,150000,500,Active,2024-02-17
CARD202392,C107091,Premium,100000,0,Active,2026-02-15
CARD202393,C100422,Gold,150000,0,Active,2023-07-04
CARD202394,C104639,Platinum,300000,500,Active,2022-09-20
CARD202395,C108938,Blue,500000,0,Active,2023-02-26
CARD202396,C107333,Platinum,75000,0,Active,2024-01-31
CARD202397,C108943,Platinum,200000,1000,Inactive,2020-07-20
CARD202398,C106024,Blue,75000,0,Inactive,2020-05-30
CARD202399,C100054,Gold,50000,0,Active,2024-10-26
CARD202400,C103792,Gold,75000,500,Active,2024-04-15
CARD202401,C102344,Platinum,200000,0,Active,2020-03-08
CARD202402,C108414,Gold,75000,1000,Active,2024-10-05
CARD202403,C102414,Platinum,200000,500,Active,2018-01-01
CARD202404,C108740,Platinum,500000,0,Active,2020-12-02
CARD202405,C101241,Blue,200000,0,Active,2020-03-12
CARD202406,C109681,Blue,75000,0,Active,2019-10-14
CARD202407,C105962,Gold,300000,2500,Inactive,2022-05-31
CARD202408,C105931,Premium,200000,500,Inactive,2024-05-30
CARD202409,C101810,Gold,150000,1000,Inactive,2019-01-14
CARD202410,C105725,Blue,500000,2500,Active,2017-03-15
CARD202411,C100687,Premium,75000,2500,Active,2023-03-07
CARD202412,C101978,Gold,50000,2500,Active,2022-08-21
CARD202413,C106267,Gold,75000,0,Active,2022-01-27
CARD202414,C103429,Gold,100000,1000,Blocked,2024-07-19
CARD202415,C103706,Gold,75000,0,Closed,2024-10-29
CARD202416,C103545,Premium,150000,1000,Active,2025-12-09
CARD202417,C106435,Gold,50000,500,Inactive,2023-12-12
CARD202418,C108506,Gold,150000,5000,Closed,2023-02-16
CARD202419,C107527,Blue,75000,500,Closed,2020-01-08
CARD202420,C109267,Gold,100000,2500,Active,2019-01-28
CARD202421,C107360,Premium,100000,0,Active,2023-12-20
CARD202422,C102482,Platinum,75000,0,Active,2025-01-08
CARD202423,C102720,Premium,500000,2500,Active,2019-01-02
CARD202424,C103841,Blue,50000,1000,Active,2021-12-14
CARD202425,C109103,Gold,75000,0,Active,2023-05-03
CARD202426,C104359,Gold,100000,0,Active,2025-04-23
CARD202427,C109184,Blue,200000,2500,Active,2022-07-11
CARD202428,C108165,Gold,150000,500,Blocked,2017-02-14
CARD202429,C108448,Gold,100000,1000,Active,2017-06-24
CARD202430,C109665,Blue,100000,0,Active,2023-03-04
CARD202431,C108963,Blue,300000,0,Closed,2021-07-09
CARD202432,C104512,Gold,100000,2500,Active,2022-10-04
CARD202433,C105487,Blue,75000,500,Active,2018-04-10
CARD202434,C106362,Gold,75000,1000,Active,2018-05-07
CARD202435,C102609,Premium,200000,0,Active,2025-09-03
CARD202436,C102981,Gold,75000,0,Inactive,2025-02-04
CARD202437,C102521,Gold,150000,500,Active,2024-09-02
CARD202438,C106838,Gold,150000,500,Active,2020-03-19
CARD202439,C105045,Blue,75000,5000,Inactive,2017-03-26
CARD202440,C109238,Platinum,50000,0,Active,2017-11-24
CARD202441,C106251,Platinum,500000,1000,Active,2020-01-04
CARD202442,C101212,Gold,200000,2500,Active,2025-06-27
CARD202443,C104137,Blue,300000,500,Active,2019-07-15
CARD202444,C105083,Platinum,150000,1000,Active,2024-03-01
CARD202445,C109775,Blue,75000,2500,Active,2021-02-19
CARD202446,C103836,Gold,150000,0,Inactive,2018-03-27
CARD202447,C102237,Blue,200000,2500,Active,2022-04-10
CARD202448,C103038,Gold,150000,5000,Active,2023-02-15
CARD202449,C109824,Platinum,100000,500,Active,2023-06-24
CARD202450,C108256,Blue,150000,0,Active,2019-04-07
CARD202451,C106677,Gold,75000,5000,Active,2018-12-02
CARD202452,C101261,Gold,100000,0,Active,2020-01-01
CARD202453,C105975,Blue,100000,0,Active,2023-02-11
CARD202454,C101565,Premium,200000,500,Closed,2020-05-12
CARD202455,C107658,Blue,150000,1000,Active,2019-04-23
CARD202456,C106673,Blue,100000,5000,Active,2022-10-15
CARD202457,C104479,Gold,500000,500,Closed,2021-05-24
CARD202458,C103313,Gold,75000,2500,Closed,2023-10-10
CARD202459,C104358,Blue,200000,0,Active,2017-12-24
CARD202460,C105277,Blue,50000,1000,Active,2025-08-31
CARD202461,C106084,Blue,100000,0,Active,2025-10-22
CARD202462,C101758,Blue,75000,2500,Active,2025-02-22
CARD202463,C101183,Gold,100000,500,Active,2017-03-02
CARD202464,C104628,Gold,100000,1000,Active,2025-04-13
CARD202465,C109566,Gold,100000,500,Active,2017-10-17
CARD202466,C107485,Gold,50000,1000,Active,2025-04-12
CARD202467,C109126,Blue,75000,1000,Active,2025-06-24
CARD202468,C106758,Gold,75000,0,Inactive,2020-04-21
CARD202469,C106825,Blue,100000,0,Active,2026-02-13
CARD202470,C102701,Gold,100000,0,Active,2021-02-13
CARD202471,C103991,Blue,75000,500,Active,2020-07-05
CARD202472,C106883,Gold,150000,0,Active,2018-08-18
CARD202473,C102417,Gold,100000,5000,Active,2025-08-26
CARD202474,C107255,Platinum,75000,0,Closed,2022-03-31
CARD202475,C106079,Blue,50000,500,Active,2020-09-22
CARD202476,C105286,Gold,75000,0,Active,2020-09-08
CARD202477,C109121,Blue,50000,500,Active,2025-05-24
CARD202478,C107370,Blue,50000,5000,Active,2026-01-16
CARD202479,C108524,Gold,50000,1000,Active,2024-05-29
CARD202480,C107408,Platinum,100000,500,Active,2017-05-24
CARD202481,C108874,Gold,150000,1000,Active,2023-11-26
CARD202482,C102839,Blue,100000,500,Active,2021-07-09
CARD202483,C102154,Gold,300000,0,Active,2017-10-16
CARD202484,C106423,Platinum,300000,0,Active,2024-08-26
CARD202485,C101400,Blue,75000,500,Active,2019-10-04
CARD202486,C101680,Gold,300000,1000,Active,2023-02-10
CARD202487,C105079,Blue,150000,0,Active,2022-12-08
CARD202488,C105365,Platinum,200000,500,Active,2025-01-17
CARD202489,C100198,Gold,200000,0,Active,2017-05-05
CARD202490,C108709,Blue,100000,1000,Active,2025-12-17
CARD202491,C108683,Gold,100000,0,Active,2025-02-26
CARD202492,C101821,Platinum,200000,500,Active,2024-03-05
CARD202493,C104563,Gold,200000,500,Active,2019-09-04
CARD202494,C103013,Platinum,100000,500,Active,2020-11-30
CARD202495,C109403,Gold,75000,1000,Active,2018-07-18
CARD202496,C101330,Blue,150000,0,Active,2018-10-09
CARD202497,C105140,Premium,200000,2500,Inactive,2018-10-10
CARD202498,C100027,Platinum,200000,500,Active,2019-10-21
CARD202499,C107306,Blue,100000,500,Active,2022-05-30
CARD202500,C108385,Blue,75000,0,Inactive,2017-01-20
CARD202501,C108377,Gold,150000,0,Active,2018-05-26
CARD202502,C108879,Blue,100000,1000,Active,2017-04-01
CARD202503,C105489,Platinum,100000,500,Active,2023-01-14
CARD202504,C105851,Blue,150000,500,Active,2023-02-15
CARD202505,C103507,Blue,100000,500,Active,2025-07-08
CARD202506,C103820,Gold,200000,1000,Active,2025-03-10
CARD202507,C104694,Platinum,100000,500,Closed,2025-06-20
CARD202508,C101990,Premium,75000,500,Active,2020-04-17
CARD202509,C107568,Blue,100000,5000,Active,2023-04-28
CARD202510,C108819,Blue,100000,1000,Active,2021-12-27
CARD202511,C108997,Gold,100000,0,Active,2019-06-04
CARD202512,C108378,Blue,75000,0,Blocked,2026-03-01
CARD202513,C103421,Blue,75000,500,Active,2020-11-26
CARD202514,C101937,Blue,200000,0,Active,2024-10-18
CARD202515,C106751,Premium,200000,0,Active,2019-05-20
CARD202516,C107634,Platinum,100000,1000,Active,2025-02-24
CARD202517,C106651,Blue,100000,500,Blocked,2022-02-16
CARD202518,C105677,Gold,150000,2500,Active,2018-10-11
CARD202519,C101679,Platinum,150000,0,Active,2017-04-19
CARD202520,C101398,Platinum,150000,1000,Active,2023-03-30
CARD202521,C104551,Gold,200000,1000,Blocked,2020-12-19
CARD202522,C103232,Premium,100000,2500,Closed,2021-03-13
CARD202523,C105532,Platinum,150000,2500,Closed,2019-07-09
CARD202524,C103443,Gold,150000,5000,Inactive,2017-06-20
CARD202525,C105895,Gold,100000,0,Active,2019-03-15
CARD202526,C108492,Premium,75000,500,Active,2023-09-23
CARD202527,C109322,Blue,75000,5000,Closed,2019-01-04
CARD202528,C105581,Gold,100000,2500,Active,2019-05-18
CARD202529,C104126,Blue,75000,2500,Active,2019-03-23
CARD202530,C109325,Blue,500000,1000,Active,2022-09-22
CARD202531,C102051,Blue,100000,5000,Active,2018-05-28
CARD202532,C102893,Blue,75000,500,Active,2020-12-21
CARD202533,C104709,Platinum,300000,500,Active,2017-09-09
CARD202534,C102042,Blue,200000,5000,Inactive,2018-04-09
CARD202535,C105127,Platinum,75000,500,Active,2022-05-01
CARD202536,C106302,Premium,150000,5000,Inactive,2022-08-15
CARD202537,C106060,Gold,200000,500,Inactive,2025-11-25
CARD202538,C109292,Platinum,100000,1000,Inactive,2024-04-07
CARD202539,C108205,Gold,150000,500,Active,2021-11-16
CARD202540,C109402,Gold,200000,1000,Active,2019-09-05
CARD202541,C108793,Blue,100000,5000,Active,2022-12-30
CARD202542,C103198,Gold,100000,1000,Active,2022-07-06
CARD202543,C103129,Blue,200000,2500,Active,2023-11-23
CARD202544,C107611,Gold,300000,500,Active,2023-04-23
CARD202545,C103956,Blue,300000,0,Active,2017-09-26
CARD202546,C109639,Gold,150000,5000,Active,2021-08-10
CARD202547,C100325,Blue,150000,5000,Active,2021-12-24
CARD202548,C105130,Platinum,150000,0,Active,2024-09-28
CARD202549,C102936,Gold,50000,2500,Inactive,2021-12-13
CARD202550,C105248,Platinum,300000,1000,Active,2024-05-27
CARD202551,C107542,Gold,50000,500,Active,2022-01-02
CARD202552,C100284,Platinum,50000,0,Active,2018-11-30
CARD202553,C107678,Platinum,50000,2500,Active,2022-11-06
CARD202554,C106456,Gold,200000,5000,Active,2019-07-09
CARD202555,C107891,Gold,100000,0,Active,2024-04-06
CARD202556,C103380,Platinum,100000,0,Active,2023-08-11
CARD202557,C106108,Premium,75000,500,Active,2023-11-29
CARD202558,C106944,Blue,300000,5000,Active,2019-07-07
CARD202559,C106870,Platinum,500000,2500,Active,2017-11-14
CARD202560,C103800,Blue,100000,500,Closed,2023-11-24
CARD202561,C108755,Premium,200000,2500,Blocked,2020-03-25
CARD202562,C104987,Platinum,75000,0,Active,2022-04-05
CARD202563,C104903,Premium,150000,1000,Closed,2021-06-02
CARD202564,C104308,Blue,75000,1000,Active,2017-07-06
CARD202565,C104970,Blue,300000,0,Active,2018-03-08
CARD202566,C101015,Gold,100000,0,Active,2017-08-27
CARD202567,C102858,Blue,200000,0,Active,2018-12-26
CARD202568,C101358,Blue,150000,5000,Active,2017-05-07
CARD202569,C101428,Blue,200000,500,Active,2024-04-09
CARD202570,C109279,Blue,100000,500,Active,2020-08-30
CARD202571,C105862,Blue,150000,500,Closed,2021-07-23
CARD202572,C101285,Gold,150000,5000,Active,2021-05-04
CARD202573,C103790,Gold,75000,0,Active,2021-01-05
CARD202574,C102614,Blue,75000,5000,Active,2024-03-13
CARD202575,C100753,Gold,200000,1000,Active,2021-01-02
CARD202576,C107599,Gold,75000,500,Active,2025-03-06
CARD202577,C105094,Blue,150000,500,Active,2023-03-15
CARD202578,C105828,Blue,500000,0,Active,2025-11-11
CARD202579,C103218,Premium,75000,2500,Active,2023-07-15
CARD202580,C108463,Blue,300000,500,Active,2021-08-26
CARD202581,C106375,Platinum,150000,0,Active,2018-05-29
CARD202582,C100524,Blue,150000,1000,Active,2023-12-12
CARD202583,C100131,Blue,75000,500,Active,2017-10-03
CARD202584,C106528,Platinum,300000,500,Active,2023-07-31
CARD202585,C101158,Gold,200000,0,Active,2023-03-26
CARD202586,C106196,Platinum,200000,1000,Active,2019-10-22
CARD202587,C102135,Gold,300000,1000,Active,2020-11-18
CARD202588,C106032,Premium,50000,5000,Active,2021-01-05
CARD202589,C109797,Blue,50000,0,Active,2017-11-28
CARD202590,C103582,Blue,50000,5000,Inactive,2024-08-04
CARD202591,C107399,Blue,300000,500,Active,2018-02-24
CARD202592,C104688,Gold,300000,0,Active,2020-03-25
CARD202593,C109270,Blue,100000,2500,Active,2025-12-16
CARD202594,C108909,Platinum,150000,500,Active,2018-07-12
CARD202595,C108500,Blue,200000,0,Active,2018-09-08
CARD202596,C107138,Blue,100000,0,Active,2018-07-03
CARD202597,C108884,Blue,75000,5000,Active,2025-11-07
CARD202598,C102232,Premium,500000,1000,Inactive,2023-03-09
CARD202599,C107435,Platinum,75000,5000,Blocked,2017-01-15
CARD202600,C108857,Blue,150000,2500,Blocked,2022-07-28
CARD202601,C108994,Gold,150000,1000,Active,2025-12-19
CARD202602,C109397,Gold,100000,0,Active,2018-07-07
CARD202603,C104083,Platinum,100000,500,Active,2019-01-14
CARD202604,C107284,Blue,200000,0,Blocked,2021-03-30
CARD202605,C106396,Blue,200000,0,Active,2017-03-06
CARD202606,C103691,Blue,200000,500,Active,2024-04-08
CARD202607,C108811,Premium,100000,500,Active,2019-05-18
CARD202608,C108454,Premium,75000,5000,Active,2024-02-21
CARD202609,C101499,Blue,75000,0,Active,2022-12-29
CARD202610,C108284,Gold,150000,0,Active,2020-09-22
CARD202611,C107064,Gold,75000,1000,Active,2023-06-03
CARD202612,C100831,Blue,500000,0,Active,2023-12-28
CARD202613,C103146,Blue,200000,1000,Active,2024-10-22
CARD202614,C102838,Blue,500000,2500,Active,2023-07-27
CARD202615,C108612,Platinum,75000,0,Active,2025-08-18
CARD202616,C103321,Premium,150000,0,Active,2025-03-15
CARD202617,C108651,Blue,300000,5000,Active,2025-03-04
CARD202618,C107187,Blue,100000,2500,Active,2022-11-18
CARD202619,C103314,Gold,100000,0,Active,2019-04-09
CARD202620,C108540,Gold,50000,500,Active,2021-01-07
CARD202621,C103532,Blue,500000,0,Active,2024-04-03
CARD202622,C102955,Blue,200000,2500,Active,2019-05-10
CARD202623,C102514,Blue,500000,0,Active,2018-08-31
CARD202624,C105964,Blue,75000,2500,Active,2025-04-30
CARD202625,C101314,Platinum,200000,0,Active,2025-12-23
CARD202626,C100707,Gold,75000,0,Active,2021-11-17
CARD202627,C101474,Platinum,75000,0,Active,2023-08-08
CARD202628,C100336,Platinum,300000,500,Active,2023-12-15
CARD202629,C103473,Gold,75000,2500,Active,2024-07-15
CARD202630,C100440,Platinum,150000,0,Active,2018-10-22
CARD202631,C107257,Blue,100000,0,Active,2023-03-29
CARD202632,C103538,Gold,300000,1000,Active,2022-01-18
CARD202633,C102131,Premium,150000,0,Active,2019-11-22
CARD202634,C104760,Gold,150000,500,Active,2019-01-11
CARD202635,C107194,Gold,200000,500,Active,2022-09-15
CARD202636,C102820,Gold,100000,500,Closed,2021-06-29
CARD202637,C100444,Blue,300000,1000,Active,2021-11-10
CARD202638,C105379,Blue,50000,0,Inactive,2017-12-26
CARD202639,C106595,Blue,75000,500,Active,2024-08-27
CARD202640,C100776,Blue,150000,500,Active,2021-11-04
CARD202641,C100154,Platinum,100000,500,Active,2023-09-15
CARD202642,C102089,Gold,100000,1000,Active,2020-12-31
CARD202643,C108967,Platinum,200000,0,Active,2023-06-18
CARD202644,C107320,Gold,200000,0,Active,2023-03-01
CARD202645,C107153,Platinum,300000,0,Active,2025-02-24
CARD202646,C106386,Blue,75000,500,Inactive,2018-12-30
CARD202647,C104707,Blue,200000,0,Active,2025-09-10
CARD202648,C102608,Gold,150000,0,Closed,2023-07-10
CARD202649,C100551,Blue,300000,2500,Active,2025-05-16
CARD202650,C101320,Platinum,150000,5000,Active,2025-08-21
CARD202651,C101770,Gold,300000,0,Active,2017-03-20
CARD202652,C108361,Premium,200000,0,Active,2023-05-08
CARD202653,C104332,Blue,300000,500,Active,2025-02-05
CARD202654,C108526,Premium,150000,5000,Active,2022-05-23
CARD202655,C108083,Platinum,100000,500,Active,2018-07-31
CARD202656,C102694,Platinum,100000,500,Active,2021-07-09
CARD202657,C105172,Gold,100000,2500,Active,2024-06-26
CARD202658,C104788,Gold,150000,2500,Active,2023-07-03
CARD202659,C106441,Platinum,100000,2500,Active,2018-02-18
CARD202660,C106560,Premium,50000,0,Active,2026-03-17
CARD202661,C107097,Blue,50000,1000,Active,2024-09-06
CARD202662,C103001,Gold,200000,0,Active,2023-04-25
CARD202663,C100696,Blue,300000,500,Active,2017-07-17
CARD202664,C102378,Gold,50000,2500,Active,2018-03-08
CARD202665,C102818,Gold,100000,2500,Active,2018-01-10
CARD202666,C108480,Blue,150000,1000,Active,2017-06-16
CARD202667,C109237,Blue,200000,2500,Blocked,2025-12-02
CARD202668,C100137,Blue,150000,0,Active,2017-11-02
CARD202669,C103165,Blue,500000,2500,Active,2022-10-25
CARD202670,C103548,Blue,150000,2500,Active,2017-01-12
CARD202671,C101460,Blue,100000,1000,Active,2022-12-17
CARD202672,C109293,Gold,300000,0,Active,2024-01-01
CARD202673,C103357,Gold,100000,0,Active,2023-05-30
CARD202674,C107857,Blue,75000,0,Active,2020-08-30
CARD202675,C109360,Blue,75000,1000,Active,2020-12-10
CARD202676,C103033,Blue,100000,0,Active,2019-03-05
CARD202677,C101489,Blue,100000,0,Active,2019-04-20
CARD202678,C105445,Blue,100000,1000,Inactive,2022-10-20
CARD202679,C100287,Blue,300000,500,Active,2017-05-04
CARD202680,C100797,Blue,500000,500,Active,2025-04-12
CARD202681,C106323,Gold,500000,1000,Active,2017-10-17
CARD202682,C108119,Blue,150000,0,Active,2017-05-22
CARD202683,C106168,Gold,200000,5000,Active,2017-08-03
CARD202684,C105719,Platinum,50000,1000,Active,2019-01-01
CARD202685,C106226,Blue,100000,2500,Inactive,2021-08-04
CARD202686,C107147,Blue,150000,500,Active,2018-11-21
CARD202687,C109845,Gold,300000,1000,Active,2021-05-30
CARD202688,C100992,Blue,50000,2500,Active,2017-07-02
CARD202689,C104723,Gold,150000,0,Closed,2021-07-18
CARD202690,C105729,Gold,100000,500,Closed,2018-02-22
CARD202691,C101757,Premium,75000,0,Closed,2020-12-21
CARD202692,C104373,Premium,500000,2500,Active,2020-01-24
CARD202693,C108276,Blue,300000,5000,Active,2018-01-11
CARD202694,C102384,Platinum,75000,5000,Active,2021-09-23
CARD202695,C104208,Blue,75000,5000,Blocked,2018-03-06
CARD202696,C107098,Gold,150000,500,Active,2019-07-19
CARD202697,C106690,Gold,75000,500,Active,2023-11-01
CARD202698,C108670,Blue,150000,500,Active,2025-11-18
CARD202699,C105251,Blue,200000,500,Active,2018-08-09
CARD202700,C106885,Platinum,100000,0,Active,2018-03-04
CARD202701,C105764,Blue,500000,1000,Active,2024-10-19
CARD202702,C107179,Gold,75000,2500,Active,2024-05-09
CARD202703,C105455,Premium,75000,500,Active,2019-10-09
CARD202704,C109671,Blue,200000,2500,Active,2022-08-13
CARD202705,C108753,Blue,150000,500,Closed,2020-10-17
CARD202706,C107169,Blue,150000,1000,Active,2017-05-23
CARD202707,C102481,Blue,150000,0,Active,2022-03-04
CARD202708,C106244,Blue,300000,1000,Active,2018-03-04
CARD202709,C100469,Gold,100000,0,Blocked,2024-02-11
CARD202710,C109749,Gold,50000,2500,Active,2020-10-13
CARD202711,C104655,Platinum,150000,0,Closed,2018-12-22
CARD202712,C108176,Blue,150000,0,Active,2023-08-17
CARD202713,C108316,Gold,150000,2500,Active,2019-11-22
CARD202714,C105204,Platinum,75000,500,Active,2025-04-01
CARD202715,C101074,Gold,200000,0,Active,2024-09-19
CARD202716,C103641,Gold,50000,0,Active,2017-08-31
CARD202717,C102374,Gold,75000,500,Active,2017-08-06
CARD202718,C106793,Platinum,50000,2500,Active,2023-04-06
CARD202719,C106475,Blue,150000,500,Active,2018-06-28
CARD202720,C107639,Blue,200000,0,Closed,2020-09-28
CARD202721,C108396,Blue,150000,500,Active,2020-03-06
CARD202722,C103317,Gold,75000,500,Closed,2025-05-22
CARD202723,C102219,Gold,50000,0,Active,2021-07-17
CARD202724,C107374,Gold,100000,500,Active,2022-04-15
CARD202725,C107940,Blue,100000,0,Active,2022-11-15
CARD202726,C106667,Premium,100000,1000,Active,2022-07-10
CARD202727,C101211,Gold,200000,0,Inactive,2020-02-16
CARD202728,C106084,Blue,300000,0,Active,2025-01-08
CARD202729,C105706,Gold,200000,0,Active,2020-07-08
CARD202730,C104507,Blue,100000,2500,Active,2019-06-22
CARD202731,C108219,Platinum,50000,5000,Active,2018-03-09
CARD202732,C103825,Gold,500000,0,Active,2022-08-09
CARD202733,C100540,Blue,150000,500,Active,2017-12-10
CARD202734,C106113,Blue,100000,5000,Active,2019-01-28
CARD202735,C106605,Blue,300000,5000,Inactive,2026-03-14
CARD202736,C101393,Gold,50000,0,Active,2024-10-21
CARD202737,C104257,Gold,100000,1000,Closed,2018-03-01
CARD202738,C101596,Blue,100000,500,Active,2025-05-24
CARD202739,C108327,Gold,100000,500,Active,2017-08-26
CARD202740,C106943,Blue,50000,2500,Active,2020-08-29
CARD202741,C101639,Blue,75000,0,Active,2025-01-08
CARD202742,C109908,Blue,150000,2500,Active,2025-09-13
CARD202743,C105537,Blue,500000,0,Closed,2026-03-01
CARD202744,C102867,Platinum,500000,0,Active,2026-01-18
CARD202745,C100683,Gold,100000,1000,Blocked,2017-11-10
CARD202746,C105534,Premium,200000,5000,Active,2018-12-09
CARD202747,C109311,Gold,75000,500,Active,2021-12-04
CARD202748,C106550,Blue,150000,5000,Active,2022-09-01
CARD202749,C104151,Blue,100000,1000,Active,2023-12-20
CARD202750,C105931,Gold,150000,1000,Active,2019-07-02
CARD202751,C107247,Blue,50000,0,Active,2017-03-06
CARD202752,C107456,Gold,200000,0,Active,2019-04-11
CARD202753,C109746,Platinum,150000,1000,Active,2020-10-05
CARD202754,C107743,Blue,150000,0,Inactive,2020-10-17
CARD202755,C103122,Platinum,75000,5000,Active,2025-09-26
CARD202756,C104046,Premium,100000,0,Active,2020-03-15
CARD202757,C108133,Blue,50000,500,Active,2018-01-11
CARD202758,C103261,Gold,100000,0,Active,2021-05-17
CARD202759,C106916,Blue,75000,500,Active,2024-09-29
CARD202760,C107292,Blue,200000,0,Active,2018-01-30
CARD202761,C105161,Blue,75000,2500,Blocked,2021-06-20
CARD202762,C100782,Blue,75000,0,Active,2020-10-05
CARD202763,C102991,Platinum,200000,500,Active,2017-02-18
CARD202764,C105327,Platinum,150000,2500,Active,2017-06-29
CARD202765,C105681,Blue,150000,2500,Active,2019-01-11
CARD202766,C109901,Blue,75000,5000,Active,2023-11-22
CARD202767,C103907,Platinum,150000,0,Active,2021-02-21
CARD202768,C109640,Platinum,150000,0,Active,2020-02-17
CARD202769,C102396,Blue,100000,0,Active,2024-02-12
CARD202770,C102960,Platinum,500000,5000,Inactive,2020-08-21
CARD202771,C107979,Platinum,75000,5000,Active,2018-01-23
CARD202772,C107015,Blue,150000,1000,Active,2019-08-09
CARD202773,C107702,Gold,75000,1000,Inactive,2020-10-06
CARD202774,C101382,Blue,100000,500,Blocked,2019-01-02
CARD202775,C105987,Blue,75000,5000,Active,2020-06-16
CARD202776,C105123,Gold,150000,0,Active,2020-03-29
CARD202777,C104335,Blue,200000,2500,Active,2023-07-05
CARD202778,C109107,Platinum,300000,500,Active,2017-05-07
CARD202779,C102068,Gold,75000,500,Active,2019-04-23
CARD202780,C109191,Platinum,150000,1000,Closed,2023-02-27
CARD202781,C106988,Gold,150000,500,Active,2026-03-19
CARD202782,C100952,Gold,150000,2500,Active,2022-02-07
CARD202783,C101929,Gold,75000,0,Active,2025-03-27
CARD202784,C104940,Blue,200000,0,Active,2020-04-21
CARD202785,C106861,Blue,150000,1000,Active,2018-01-12
CARD202786,C108920,Blue,300000,2500,Active,2019-09-12
CARD202787,C108272,Gold,150000,500,Active,2025-08-26
CARD202788,C104643,Platinum,150000,1000,Active,2024-06-30
CARD202789,C104362,Blue,100000,500,Active,2022-09-19
CARD202790,C108158,Blue,75000,2500,Active,2018-11-19
CARD202791,C103540,Platinum,300000,1000,Closed,2026-03-02
CARD202792,C104090,Gold,150000,5000,Active,2017-02-17
CARD202793,C105531,Blue,100000,1000,Inactive,2020-12-02
CARD202794,C109565,Blue,500000,1000,Active,2018-06-04
CARD202795,C106942,Blue,75000,500,Active,2025-08-09
CARD202796,C109376,Blue,200000,500,Active,2021-12-02
CARD202797,C103755,Gold,75000,0,Active,2018-12-05
CARD202798,C101094,Blue,100000,500,Active,2025-02-27
CARD202799,C100600,Platinum,100000,0,Active,2018-09-20
CARD202800,C107505,Gold,200000,5000,Active,2023-01-16
CARD202801,C106623,Blue,100000,2500,Inactive,2020-06-04
CARD202802,C100663,Premium,100000,500,Active,2017-09-01
CARD202803,C101271,Premium,100000,0,Active,2019-06-25
CARD202804,C109404,Premium,200000,500,Active,2024-03-25
CARD202805,C102230,Blue,75000,5000,Active,2022-03-25
CARD202806,C100646,Gold,100000,0,Active,2019-06-07
CARD202807,C109700,Gold,100000,5000,Active,2024-09-30
CARD202808,C105059,Blue,100000,0,Active,2021-06-17
CARD202809,C108217,Gold,150000,1000,Active,2019-11-07
CARD202810,C101841,Gold,300000,2500,Blocked,2022-11-16
CARD202811,C100760,Blue,75000,1000,Active,2023-07-17
CARD202812,C108646,Gold,200000,0,Active,2021-09-07
CARD202813,C109313,Premium,75000,5000,Active,2023-12-01
CARD202814,C106162,Gold,50000,2500,Active,2020-02-15
CARD202815,C103155,Platinum,50000,0,Active,2023-08-06
CARD202816,C109274,Blue,300000,500,Closed,2017-10-14
CARD202817,C105018,Gold,200000,1000,Active,2021-01-27
CARD202818,C101848,Gold,100000,1000,Active,2017-09-19
CARD202819,C108527,Blue,150000,500,Blocked,2024-09-17
CARD202820,C105431,Blue,75000,2500,Inactive,2024-01-17
CARD202821,C103957,Blue,200000,0,Active,2020-07-29
CARD202822,C105109,Gold,500000,500,Active,2018-08-25
CARD202823,C103636,Blue,300000,500,Active,2024-01-02
CARD202824,C103114,Blue,150000,0,Active,2025-06-03
CARD202825,C106448,Platinum,100000,0,Active,2018-04-30
CARD202826,C109988,Platinum,100000,5000,Active,2017-10-29
CARD202827,C108971,Platinum,75000,500,Active,2021-08-12
CARD202828,C102190,Gold,50000,1000,Active,2019-07-15
CARD202829,C104510,Gold,75000,5000,Active,2017-07-25
CARD202830,C108417,Gold,150000,5000,Active,2021-12-13
CARD202831,C103175,Platinum,75000,2500,Blocked,2025-01-14
CARD202832,C102580,Gold,200000,1000,Active,2021-05-17
CARD202833,C100337,Blue,200000,0,Active,2021-10-09
CARD202834,C103985,Blue,100000,0,Active,2023-02-27
CARD202835,C107017,Gold,300000,0,Blocked,2021-07-13
CARD202836,C105994,Gold,200000,500,Inactive,2024-05-23
CARD202837,C108201,Premium,50000,0,Active,2026-02-14
CARD202838,C108186,Blue,200000,2500,Active,2022-12-28
CARD202839,C103029,Platinum,200000,5000,Active,2024-04-10
CARD202840,C103656,Platinum,100000,1000,Inactive,2018-12-05
CARD202841,C102342,Platinum,100000,1000,Active,2020-08-24
CARD202842,C105930,Gold,50000,500,Active,2017-12-17
CARD202843,C105928,Platinum,75000,0,Active,2019-08-03
CARD202844,C102037,Platinum,500000,2500,Active,2025-05-21
CARD202845,C109862,Platinum,300000,0,Active,2021-11-30
CARD202846,C100604,Gold,150000,1000,Active,2021-01-16
CARD202847,C103181,Blue,50000,0,Active,2021-03-06
CARD202848,C105738,Gold,50000,2500,Active,2023-07-14
CARD202849,C107132,Gold,150000,1000,Active,2019-03-05
CARD202850,C109086,Premium,75000,0,Active,2023-02-09
CARD202851,C106777,Gold,150000,2500,Active,2024-01-01
CARD202852,C103728,Platinum,50000,2500,Active,2021-05-02
CARD202853,C109220,Gold,500000,500,Active,2019-05-10
CARD202854,C104200,Gold,50000,500,Active,2020-08-01
CARD202855,C103609,Platinum,100000,0,Inactive,2018-07-20
CARD202856,C106599,Blue,50000,500,Active,2023-02-12
CARD202857,C100585,Platinum,100000,1000,Active,2025-06-27
CARD202858,C108990,Platinum,100000,0,Active,2018-05-18
CARD202859,C100259,Premium,150000,500,Inactive,2022-03-28
CARD202860,C105245,Blue,300000,500,Inactive,2023-03-16
CARD202861,C100688,Platinum,200000,1000,Active,2023-01-26
CARD202862,C105720,Blue,200000,500,Active,2023-07-08
CARD202863,C106056,Blue,500000,5000,Active,2023-07-31
CARD202864,C105909,Blue,50000,2500,Closed,2021-08-17
CARD202865,C101349,Blue,200000,500,Active,2021-12-03
CARD202866,C109486,Blue,75000,1000,Closed,2023-11-10
CARD202867,C101798,Platinum,150000,500,Blocked,2017-08-12
CARD202868,C109202,Gold,200000,500,Active,2019-08-15
CARD202869,C108673,Gold,150000,1000,Active,2024-08-04
CARD202870,C106259,Platinum,50000,0,Active,2024-08-11
CARD202871,C108826,Platinum,75000,2500,Blocked,2017-05-23
CARD202872,C106562,Premium,300000,1000,Active,2018-09-12
CARD202873,C104647,Platinum,300000,500,Active,2020-06-01
CARD202874,C100049,Platinum,200000,500,Active,2022-04-02
CARD202875,C101765,Blue,100000,2500,Active,2020-03-25
CARD202876,C108034,Gold,75000,500,Active,2023-08-24
CARD202877,C100709,Gold,50000,0,Active,2025-03-26
CARD202878,C100807,Blue,100000,0,Active,2022-06-29
CARD202879,C106794,Blue,100000,2500,Active,2023-12-10
CARD202880,C107744,Gold,75000,500,Blocked,2017-01-20
CARD202881,C103411,Premium,150000,1000,Active,2022-05-27
CARD202882,C100140,Gold,75000,5000,Active,2018-11-26
CARD202883,C108679,Platinum,50000,0,Inactive,2019-01-16
CARD202884,C101100,Blue,100000,1000,Active,2018-05-07
CARD202885,C104893,Blue,200000,500,Active,2018-10-28
CARD202886,C105154,Platinum,75000,0,Active,2018-02-21
CARD202887,C102857,Blue,150000,500,Active,2017-05-11
CARD202888,C101677,Gold,50000,0,Active,2023-11-19
CARD202889,C107729,Blue,75000,0,Active,2022-11-05
CARD202890,C103777,Blue,200000,2500,Inactive,2024-06-20
CARD202891,C103662,Gold,75000,500,Active,2018-05-22
CARD202892,C108470,Gold,150000,0,Inactive,2021-08-22
CARD202893,C102782,Blue,50000,2500,Active,2025-12-19
CARD202894,C103681,Platinum,150000,5000,Active,2024-05-12
CARD202895,C108011,Blue,75000,500,Active,2023-09-04
CARD202896,C106189,Gold,75000,500,Active,2021-06-25
CARD202897,C103998,Gold,150000,2500,Active,2019-12-01
CARD202898,C104753,Gold,500000,0,Active,2017-05-08
CARD202899,C102790,Gold,75000,1000,Active,2024-12-01
CARD202900,C102233,Blue,150000,0,Active,2025-01-02
CARD202901,C108497,Gold,100000,2500,Active,2019-11-23
CARD202902,C104165,Blue,150000,2500,Active,2023-06-25
CARD202903,C102995,Blue,300000,2500,Active,2025-09-01
CARD202904,C103516,Blue,100000,5000,Active,2017-08-26
CARD202905,C101719,Gold,300000,2500,Active,2019-02-14
CARD202906,C103668,Platinum,300000,0,Active,2024-08-22
CARD202907,C109850,Blue,300000,1000,Closed,2022-01-18
CARD202908,C102973,Platinum,75000,5000,Inactive,2025-09-19
CARD202909,C101529,Gold,200000,0,Active,2021-12-27
CARD202910,C104183,Blue,100000,0,Active,2022-06-19
CARD202911,C105215,Gold,75000,1000,Active,2023-02-01
CARD202912,C108944,Platinum,100000,1000,Active,2022-10-08
CARD202913,C107315,Premium,100000,500,Active,2018-07-26
CARD202914,C104867,Gold,150000,0,Active,2023-10-28
CARD202915,C106404,Gold,100000,2500,Active,2025-11-27
CARD202916,C101159,Blue,50000,500,Active,2020-05-09
CARD202917,C102778,Gold,100000,5000,Active,2019-02-16
CARD202918,C103454,Gold,200000,1000,Active,2019-10-05
CARD202919,C107233,Blue,300000,2500,Active,2021-03-09
CARD202920,C105411,Gold,50000,0,Active,2018-10-23
CARD202921,C109426,Gold,75000,1000,Active,2023-10-14
CARD202922,C104689,Gold,50000,5000,Blocked,2017-02-17
CARD202923,C104519,Gold,100000,0,Active,2017-12-12
CARD202924,C107638,Platinum,75000,1000,Active,2019-02-27
CARD202925,C109657,Blue,200000,500,Active,2020-05-08
CARD202926,C109680,Premium,200000,0,Active,2021-03-31
CARD202927,C103674,Gold,100000,2500,Blocked,2019-02-19
CARD202928,C108257,Gold,100000,500,Active,2021-05-29
CARD202929,C109304,Gold,150000,500,Active,2022-10-29
CARD202930,C104909,Blue,75000,2500,Active,2026-01-05
CARD202931,C102281,Blue,150000,0,Active,2018-04-06
CARD202932,C105267,Gold,150000,1000,Active,2023-07-18
CARD202933,C108097,Platinum,75000,0,Inactive,2023-05-08
CARD202934,C100659,Platinum,100000,5000,Active,2021-12-28
CARD202935,C104503,Blue,100000,2500,Active,2017-07-31
CARD202936,C102949,Blue,300000,1000,Inactive,2019-01-06
CARD202937,C109306,Gold,75000,500,Active,2022-12-01
CARD202938,C107926,Gold,50000,2500,Active,2019-06-14
CARD202939,C105685,Blue,75000,1000,Active,2022-05-11
CARD202940,C103475,Gold,75000,500,Inactive,2018-07-03
CARD202941,C108569,Gold,150000,0,Active,2024-08-16
CARD202942,C105585,Platinum,50000,2500,Active,2018-12-02
CARD202943,C104389,Blue,50000,1000,Active,2021-12-02
CARD202944,C104804,Platinum,300000,500,Active,2019-12-16
CARD202945,C101991,Platinum,50000,500,Active,2020-05-22
CARD202946,C100743,Gold,100000,1000,Active,2022-11-22
CARD202947,C109434,Platinum,100000,1000,Inactive,2021-09-28
CARD202948,C103259,Gold,200000,5000,Active,2021-12-12
CARD202949,C106144,Gold,300000,0,Active,2025-08-15
CARD202950,C109958,Gold,200000,1000,Active,2020-04-15
CARD202951,C101281,Gold,150000,500,Active,2024-08-23
CARD202952,C106306,Blue,150000,0,Active,2024-08-10
CARD202953,C100366,Blue,100000,2500,Active,2017-03-18
CARD202954,C107600,Platinum,500000,500,Active,2023-01-29
CARD202955,C101578,Blue,500000,500,Active,2018-09-23
CARD202956,C100356,Gold,200000,0,Active,2018-12-13
CARD202957,C103070,Platinum,300000,1000,Inactive,2020-01-16
CARD202958,C109240,Gold,150000,500,Active,2020-01-23
CARD202959,C106078,Platinum,150000,500,Active,2022-05-21
CARD202960,C102160,Platinum,200000,1000,Active,2022-06-10
CARD202961,C109706,Blue,100000,1000,Active,2019-01-04
CARD202962,C100346,Blue,150000,5000,Active,2024-12-22
CARD202963,C101905,Gold,100000,500,Inactive,2019-08-09
CARD202964,C105693,Platinum,300000,5000,Active,2017-08-21
CARD202965,C103411,Gold,100000,500,Active,2024-01-03
CARD202966,C102949,Blue,150000,0,Active,2024-02-15
CARD202967,C107227,Gold,50000,1000,Active,2020-03-17
CARD202968,C100456,Gold,150000,500,Closed,2019-04-10
CARD202969,C107209,Gold,200000,2500,Active,2021-06-10
CARD202970,C102659,Blue,200000,500,Active,2022-04-10
CARD202971,C108766,Platinum,300000,0,Active,2023-12-29
CARD202972,C105391,Gold,150000,1000,Active,2019-08-01
CARD202973,C104760,Platinum,150000,500,Active,2024-06-10
CARD202974,C102285,Blue,100000,1000,Active,2017-09-02
CARD202975,C106891,Blue,500000,0,Active,2018-02-19
CARD202976,C104366,Blue,150000,500,Active,2017-04-28
CARD202977,C108897,Gold,75000,500,Active,2022-12-09
CARD202978,C105673,Platinum,300000,500,Inactive,2021-10-26
CARD202979,C109935,Platinum,150000,5000,Active,2026-03-26
CARD202980,C105952,Blue,150000,500,Active,2024-10-04
CARD202981,C106124,Blue,75000,1000,Active,2018-12-26
CARD202982,C102363,Gold,50000,2500,Active,2023-07-06
CARD202983,C106590,Blue,150000,0,Active,2022-02-27
CARD202984,C105421,Gold,75000,5000,Active,2025-10-29
CARD202985,C100006,Blue,150000,500,Inactive,2018-10-18
CARD202986,C106401,Platinum,150000,2500,Active,2021-10-31
CARD202987,C109963,Gold,100000,1000,Active,2021-05-17
CARD202988,C109247,Blue,100000,2500,Active,2021-07-26
CARD202989,C105100,Platinum,200000,500,Active,2021-10-19
CARD202990,C105941,Platinum,150000,2500,Active,2017-10-15
CARD202991,C105859,Platinum,100000,5000,Active,2019-12-31
CARD202992,C103921,Blue,150000,0,Active,2023-03-14
CARD202993,C109814,Gold,100000,1000,Active,2022-10-12
CARD202994,C102592,Blue,50000,0,Inactive,2023-06-22
CARD202995,C109197,Premium,100000,1000,Active,2021-05-05
CARD202996,C103424,Gold,75000,5000,Active,2020-03-01
CARD202997,C102069,Platinum,75000,1000,Blocked,2023-08-25
CARD202998,C104770,Blue,100000,1000,Active,2017-12-16
CARD202999,C101142,Blue,500000,2500,Active,2021-05-23
CARD203000,C105313,Gold,150000,1000,Active,2021-05-19
CARD203001,C109255,Gold,100000,0,Active,2020-01-26
CARD203002,C107057,Blue,75000,1000,Active,2017-06-03
CARD203003,C101815,Blue,100000,5000,Active,2021-06-18
CARD203004,C103486,Gold,75000,1000,Active,2026-02-27
CARD203005,C101146,Blue,300000,0,Active,2018-10-26
CARD203006,C104307,Blue,150000,2500,Active,2024-10-25
CARD203007,C102060,Platinum,300000,5000,Active,2021-06-13
CARD203008,C106922,Platinum,100000,0,Closed,2024-04-11
CARD203009,C109176,Platinum,75000,500,Blocked,2023-04-08
CARD203010,C103295,Blue,300000,0,Active,2022-03-10
CARD203011,C107049,Blue,150000,5000,Active,2025-11-09
CARD203012,C103914,Blue,150000,1000,Inactive,2017-09-12
CARD203013,C108205,Blue,75000,500,Active,2024-10-27
CARD203014,C106269,Blue,100000,0,Active,2024-03-08
CARD203015,C100021,Blue,50000,1000,Active,2020-08-08
CARD203016,C100695,Gold,75000,5000,Active,2017-11-03
CARD203017,C101832,Gold,150000,500,Inactive,2019-10-05
CARD203018,C102201,Blue,200000,5000,Active,2022-11-12
CARD203019,C103060,Gold,300000,1000,Active,2018-08-07
CARD203020,C100726,Gold,100000,1000,Active,2023-01-30
CARD203021,C100734,Blue,75000,0,Inactive,2024-12-18
CARD203022,C101827,Premium,300000,0,Active,2020-07-15
CARD203023,C104384,Premium,100000,1000,Active,2018-08-21
CARD203024,C100255,Blue,100000,0,Blocked,2019-01-27
CARD203025,C102630,Blue,75000,1000,Active,2024-01-17
CARD203026,C101102,Blue,50000,500,Active,2021-05-07
CARD203027,C104266,Platinum,75000,1000,Active,2018-05-12
CARD203028,C105148,Gold,75000,1000,Active,2025-01-31
CARD203029,C104416,Premium,200000,0,Active,2018-12-16
CARD203030,C105380,Gold,150000,2500,Blocked,2019-01-12
CARD203031,C100476,Blue,50000,2500,Blocked,2025-03-03
CARD203032,C107790,Platinum,50000,0,Inactive,2018-02-16
CARD203033,C104278,Platinum,100000,500,Blocked,2024-05-14
CARD203034,C101790,Blue,150000,0,Blocked,2026-01-10
CARD203035,C109069,Blue,150000,0,Active,2017-02-23
CARD203036,C109933,Premium,100000,0,Active,2018-08-15
CARD203037,C103889,Premium,150000,2500,Active,2024-10-01
CARD203038,C103905,Platinum,150000,1000,Active,2019-05-18
CARD203039,C108419,Blue,50000,500,Active,2019-03-19
CARD203040,C105342,Blue,500000,0,Active,2025-01-06
CARD203041,C108134,Gold,300000,0,Active,2017-08-22
CARD203042,C104427,Blue,100000,0,Active,2021-10-25
CARD203043,C100085,Blue,150000,500,Active,2021-06-20
CARD203044,C102088,Blue,100000,2500,Active,2022-07-26
CARD203045,C102717,Gold,200000,0,Active,2026-02-01
CARD203046,C106923,Gold,50000,0,Active,2023-03-09
CARD203047,C109368,Premium,75000,0,Inactive,2018-12-22
CARD203048,C104358,Blue,200000,2500,Active,2019-10-14
CARD203049,C107413,Platinum,75000,0,Active,2020-03-03
CARD203050,C101055,Blue,500000,0,Active,2018-07-09
CARD203051,C101546,Platinum,200000,500,Active,2023-05-27
CARD203052,C101311,Gold,200000,500,Blocked,2020-12-21
CARD203053,C101756,Blue,75000,500,Active,2025-12-06
CARD203054,C109083,Platinum,75000,2500,Active,2026-03-01
CARD203055,C109661,Gold,200000,1000,Active,2021-06-13
CARD203056,C109074,Gold,100000,0,Active,2018-11-27
CARD203057,C107290,Platinum,200000,500,Inactive,2022-03-14
CARD203058,C104426,Gold,150000,2500,Active,2026-02-26
CARD203059,C108095,Blue,300000,0,Active,2025-06-11
CARD203060,C105078,Blue,200000,2500,Active,2020-10-01
CARD203061,C103781,Blue,150000,500,Active,2025-05-31
CARD203062,C100739,Platinum,150000,500,Active,2020-04-07
CARD203063,C100875,Premium,200000,0,Active,2021-08-24
CARD203064,C102409,Gold,100000,500,Active,2018-01-02
CARD203065,C102899,Gold,150000,0,Active,2018-11-10
CARD203066,C100397,Blue,300000,1000,Active,2017-07-27
CARD203067,C104043,Platinum,200000,0,Active,2026-03-09
CARD203068,C107377,Gold,300000,2500,Active,2017-08-11
CARD203069,C102823,Gold,150000,0,Active,2025-05-12
CARD203070,C101752,Premium,100000,500,Active,2024-05-09
CARD203071,C108016,Platinum,300000,1000,Inactive,2017-06-12
CARD203072,C103826,Platinum,75000,2500,Active,2025-05-29
CARD203073,C100316,Gold,100000,0,Active,2020-08-20
CARD203074,C107768,Blue,75000,5000,Active,2023-10-24
CARD203075,C106737,Blue,200000,5000,Closed,2019-04-13
CARD203076,C104920,Gold,150000,500,Active,2023-10-06
CARD203077,C109287,Platinum,150000,500,Active,2021-06-21
CARD203078,C108731,Platinum,200000,500,Active,2020-08-12
CARD203079,C105866,Premium,200000,500,Active,2023-04-04
CARD203080,C105070,Blue,75000,2500,Active,2019-06-04
CARD203081,C108855,Gold,200000,500,Active,2017-11-05
CARD203082,C102800,Platinum,150000,2500,Active,2020-12-03
CARD203083,C108864,Gold,300000,500,Blocked,2019-10-10
CARD203084,C107258,Blue,50000,1000,Active,2020-06-30
CARD203085,C103696,Platinum,75000,1000,Active,2021-08-09
CARD203086,C104211,Blue,75000,500,Active,2017-07-12
CARD203087,C100897,Gold,50000,5000,Active,2019-05-11
CARD203088,C102030,Gold,150000,500,Inactive,2019-01-20
CARD203089,C104593,Blue,200000,500,Active,2023-02-02
CARD203090,C104962,Platinum,150000,0,Active,2017-09-07
CARD203091,C108362,Gold,200000,2500,Active,2020-10-11
CARD203092,C109785,Gold,150000,1000,Active,2022-01-08
CARD203093,C104451,Premium,150000,0,Active,2024-11-12
CARD203094,C105784,Blue,75000,500,Active,2024-02-04
CARD203095,C104251,Gold,500000,500,Active,2023-01-24
CARD203096,C106891,Gold,100000,2500,Active,2021-09-20
CARD203097,C100301,Blue,500000,2500,Active,2020-12-11
CARD203098,C109161,Blue,100000,500,Closed,2022-05-10
CARD203099,C107236,Gold,100000,2500,Active,2021-10-16
CARD203100,C109105,Premium,200000,1000,Closed,2024-12-28
CARD203101,C102017,Gold,200000,0,Blocked,2021-01-19
CARD203102,C105632,Gold,75000,0,Active,2023-12-16
CARD203103,C102506,Gold,500000,500,Active,2020-11-09
CARD203104,C103616,Blue,50000,0,Active,2023-12-03
CARD203105,C107583,Blue,50000,2500,Active,2026-02-28
CARD203106,C104288,Gold,50000,0,Closed,2022-09-13
CARD203107,C103698,Gold,150000,0,Inactive,2017-03-16
CARD203108,C104049,Blue,150000,2500,Active,2020-12-01
CARD203109,C101434,Blue,300000,0,Active,2022-10-01
CARD203110,C102738,Platinum,100000,0,Active,2017-06-26
CARD203111,C102177,Gold,200000,1000,Active,2022-09-12
CARD203112,C104121,Platinum,150000,0,Active,2025-11-07
CARD203113,C101503,Platinum,100000,500,Active,2017-08-15
CARD203114,C107296,Platinum,150000,500,Active,2022-02-10
CARD203115,C102635,Gold,75000,5000,Active,2023-04-18
CARD203116,C105179,Premium,200000,0,Active,2017-12-28
CARD203117,C101699,Gold,150000,0,Active,2021-05-05
CARD203118,C108434,Blue,200000,2500,Active,2018-01-11
CARD203119,C105384,Platinum,100000,500,Active,2017-08-20
CARD203120,C102525,Blue,75000,1000,Inactive,2023-07-29
CARD203121,C106190,Platinum,100000,0,Active,2020-11-16
CARD203122,C106366,Premium,100000,5000,Active,2017-09-03
CARD203123,C106601,Blue,100000,1000,Inactive,2021-12-03
CARD203124,C108696,Blue,150000,1000,Active,2017-06-28
CARD203125,C104057,Platinum,100000,1000,Active,2026-01-15
CARD203126,C104294,Platinum,150000,500,Active,2022-11-21
CARD203127,C102836,Gold,150000,500,Active,2017-11-01
CARD203128,C106563,Gold,50000,500,Inactive,2023-01-20
CARD203129,C106465,Platinum,150000,2500,Active,2019-11-28
CARD203130,C102408,Gold,100000,0,Active,2021-12-06
CARD203131,C108484,Platinum,200000,0,Active,2020-06-30
CARD203132,C102754,Blue,200000,2500,Active,2022-06-18
CARD203133,C109736,Blue,200000,0,Active,2020-11-28
CARD203134,C103970,Gold,75000,5000,Active,2024-12-14
CARD203135,C102025,Gold,200000,1000,Inactive,2024-05-30
CARD203136,C109140,Blue,150000,0,Blocked,2019-09-21
CARD203137,C109286,Blue,300000,0,Inactive,2020-02-01
CARD203138,C104740,Platinum,150000,0,Inactive,2018-05-27
CARD203139,C101252,Gold,50000,0,Active,2017-06-04
CARD203140,C104767,Blue,150000,500,Active,2024-06-20
CARD203141,C107145,Blue,150000,2500,Inactive,2019-01-26
CARD203142,C100350,Platinum,300000,0,Active,2020-02-20
CARD203143,C101479,Blue,100000,0,Blocked,2017-03-06
CARD203144,C101296,Gold,100000,0,Inactive,2018-04-30
CARD203145,C104244,Gold,200000,0,Active,2024-07-02
CARD203146,C105001,Premium,150000,0,Active,2024-03-26
CARD203147,C104840,Platinum,100000,500,Blocked,2025-09-15
CARD203148,C102956,Platinum,200000,1000,Inactive,2022-11-13
CARD203149,C103101,Platinum,50000,0,Active,2023-09-26
CARD203150,C106880,Premium,100000,0,Closed,2024-09-29
CARD203151,C101829,Blue,100000,0,Active,2019-07-10
CARD203152,C106798,Blue,50000,5000,Inactive,2021-06-26
CARD203153,C101352,Blue,500000,1000,Active,2017-05-02
CARD203154,C105318,Platinum,500000,0,Blocked,2022-01-14
CARD203155,C105518,Gold,150000,0,Active,2023-11-29
CARD203156,C108448,Blue,100000,0,Active,2021-12-29
CARD203157,C105744,Blue,150000,1000,Active,2021-09-09
CARD203158,C100715,Gold,300000,5000,Active,2026-01-20
CARD203159,C101634,Blue,300000,0,Active,2019-10-07
CARD203160,C106236,Gold,100000,2500,Active,2020-03-25
CARD203161,C104160,Blue,200000,2500,Active,2019-04-21
CARD203162,C101218,Platinum,75000,1000,Inactive,2017-08-30
CARD203163,C100032,Blue,150000,500,Active,2017-03-30
CARD203164,C104222,Gold,75000,5000,Active,2018-04-03
CARD203165,C100895,Blue,200000,1000,Active,2017-01-10
CARD203166,C100887,Gold,150000,500,Active,2018-08-14
CARD203167,C106856,Gold,50000,1000,Inactive,2018-12-20
CARD203168,C108450,Platinum,150000,2500,Blocked,2017-03-21
CARD203169,C107263,Platinum,100000,0,Blocked,2024-07-18
CARD203170,C108280,Gold,300000,2500,Inactive,2017-05-15
CARD203171,C101056,Gold,150000,2500,Active,2024-06-29
CARD203172,C108375,Blue,50000,500,Active,2017-12-28
CARD203173,C107520,Gold,200000,0,Active,2019-08-29
CARD203174,C108490,Blue,300000,2500,Active,2024-11-19
CARD203175,C101708,Gold,150000,2500,Active,2025-08-31
CARD203176,C107887,Blue,300000,1000,Active,2019-03-18
CARD203177,C109423,Blue,100000,1000,Active,2024-11-05
CARD203178,C104783,Gold,100000,2500,Closed,2025-01-02
CARD203179,C109714,Premium,300000,0,Active,2024-10-28
CARD203180,C106694,Platinum,100000,0,Active,2018-06-17
CARD203181,C109519,Platinum,500000,2500,Active,2025-12-20
CARD203182,C106126,Platinum,300000,0,Inactive,2025-09-04
CARD203183,C107274,Gold,150000,500,Active,2018-10-07
CARD203184,C101397,Platinum,200000,2500,Active,2025-06-05
CARD203185,C105897,Gold,200000,500,Active,2021-02-16
CARD203186,C104596,Premium,100000,500,Active,2025-05-21
CARD203187,C100161,Platinum,100000,0,Active,2019-06-17
CARD203188,C102866,Blue,300000,0,Active,2022-07-14
CARD203189,C103599,Gold,150000,1000,Active,2024-05-20
CARD203190,C109608,Gold,100000,5000,Inactive,2020-02-14
CARD203191,C100758,Gold,75000,0,Active,2024-01-21
CARD203192,C107692,Blue,100000,5000,Active,2023-01-14
CARD203193,C100062,Gold,100000,0,Active,2019-06-07
CARD203194,C100738,Gold,100000,2500,Active,2019-02-19
CARD203195,C105447,Blue,200000,2500,Closed,2020-11-27
CARD203196,C107723,Gold,500000,0,Active,2018-01-16
CARD203197,C103753,Platinum,100000,500,Active,2023-01-16
CARD203198,C108077,Blue,200000,0,Active,2024-12-29
CARD203199,C106904,Platinum,150000,5000,Active,2025-02-27
CARD203200,C109977,Gold,200000,0,Active,2018-05-06
CARD203201,C109273,Gold,100000,500,Active,2023-11-22
CARD203202,C106229,Premium,100000,500,Active,2019-07-24
CARD203203,C105504,Gold,100000,500,Active,2018-04-13
CARD203204,C102228,Premium,200000,1000,Active,2025-01-26
CARD203205,C108298,Premium,75000,500,Active,2022-02-09
CARD203206,C103379,Gold,100000,2500,Active,2024-08-01
CARD203207,C108876,Gold,150000,0,Blocked,2018-02-16
CARD203208,C101340,Platinum,200000,2500,Active,2022-10-15
CARD203209,C107262,Blue,150000,1000,Active,2026-02-05
CARD203210,C107031,Gold,150000,5000,Active,2020-04-14
CARD203211,C100547,Gold,50000,2500,Active,2024-11-30
CARD203212,C101129,Platinum,50000,2500,Active,2017-06-27
CARD203213,C107956,Gold,100000,500,Active,2019-04-30
CARD203214,C100386,Blue,50000,0,Active,2024-06-19
CARD203215,C108768,Gold,75000,5000,Active,2018-06-05
CARD203216,C100916,Gold,500000,0,Blocked,2017-12-10
CARD203217,C103537,Blue,75000,0,Active,2017-08-21
CARD203218,C105371,Blue,200000,2500,Active,2021-02-28
CARD203219,C107367,Gold,150000,2500,Inactive,2023-10-28
CARD203220,C108169,Gold,75000,5000,Active,2026-02-26
CARD203221,C104798,Gold,75000,1000,Active,2023-03-24
CARD203222,C107758,Gold,50000,2500,Blocked,2022-09-24
CARD203223,C102989,Premium,50000,0,Active,2018-03-11
CARD203224,C109356,Gold,300000,1000,Active,2017-04-22
CARD203225,C104813,Blue,500000,5000,Active,2025-03-28
CARD203226,C104625,Platinum,300000,5000,Active,2017-01-25
CARD203227,C100374,Blue,100000,2500,Active,2018-10-27
CARD203228,C102718,Blue,50000,1000,Active,2024-03-09
CARD203229,C109948,Gold,200000,500,Inactive,2023-10-22
CARD203230,C109757,Gold,100000,0,Active,2020-10-23
CARD203231,C102085,Premium,75000,0,Active,2023-11-23
CARD203232,C108132,Gold,100000,0,Active,2019-11-08
CARD203233,C100333,Gold,50000,0,Closed,2024-11-18
CARD203234,C106546,Blue,50000,1000,Inactive,2021-10-15
CARD203235,C101778,Platinum,150000,0,Active,2022-11-21
CARD203236,C108644,Blue,150000,0,Active,2020-02-24
CARD203237,C104976,Gold,150000,500,Inactive,2017-10-13
CARD203238,C109031,Gold,50000,1000,Active,2024-01-05
CARD203239,C108744,Premium,50000,2500,Active,2020-09-25
CARD203240,C106585,Blue,75000,500,Inactive,2023-05-09
CARD203241,C100279,Gold,100000,500,Active,2024-05-15
CARD203242,C106797,Platinum,200000,500,Active,2019-09-27
CARD203243,C102243,Blue,50000,1000,Active,2023-04-11
CARD203244,C103500,Gold,75000,500,Active,2025-10-02
CARD203245,C108439,Blue,200000,1000,Active,2017-03-27
CARD203246,C100680,Blue,100000,500,Active,2026-02-01
CARD203247,C108989,Blue,100000,0,Closed,2018-06-04
CARD203248,C103355,Blue,50000,2500,Active,2022-04-25
CARD203249,C108069,Gold,100000,0,Active,2024-05-05
CARD203250,C104293,Blue,100000,2500,Active,2019-07-11
CARD203251,C104569,Gold,500000,1000,Active,2018-06-20
CARD203252,C105598,Gold,150000,2500,Active,2022-01-10
CARD203253,C106349,Blue,75000,0,Active,2021-03-13
CARD203254,C102262,Blue,200000,0,Active,2023-11-06
CARD203255,C102094,Gold,300000,500,Active,2022-03-01
CARD203256,C108947,Gold,50000,2500,Active,2024-06-06
CARD203257,C100207,Gold,150000,0,Closed,2026-01-20
CARD203258,C103825,Gold,100000,1000,Active,2024-11-21
CARD203259,C106492,Platinum,150000,2500,Active,2018-09-30
CARD203260,C101084,Platinum,50000,0,Inactive,2024-02-19
CARD203261,C109866,Blue,75000,0,Blocked,2017-01-18
CARD203262,C105505,Platinum,150000,500,Active,2024-05-06
CARD203263,C108982,Gold,100000,0,Active,2024-07-10
CARD203264,C100308,Blue,150000,0,Active,2020-06-01
CARD203265,C105096,Blue,200000,0,Active,2021-09-24
CARD203266,C109006,Blue,200000,500,Active,2020-05-02
CARD203267,C100656,Blue,200000,500,Active,2021-02-28
CARD203268,C104225,Blue,300000,5000,Active,2021-10-15
CARD203269,C104653,Blue,150000,500,Active,2018-10-26
CARD203270,C104762,Gold,200000,1000,Active,2024-11-20
CARD203271,C109850,Platinum,300000,500,Active,2020-07-06
CARD203272,C109732,Gold,100000,0,Inactive,2021-05-29
CARD203273,C102976,Gold,50000,500,Inactive,2021-09-12
CARD203274,C102775,Blue,200000,500,Active,2022-04-21
CARD203275,C104954,Gold,50000,5000,Active,2025-05-13
CARD203276,C107715,Blue,100000,2500,Active,2020-01-16
CARD203277,C108617,Blue,200000,0,Active,2017-01-09
CARD203278,C104555,Premium,75000,0,Inactive,2018-08-08
CARD203279,C104959,Gold,75000,1000,Blocked,2017-02-26
CARD203280,C100070,Gold,200000,1000,Active,2025-05-03
CARD203281,C100516,Blue,100000,500,Active,2017-09-02
CARD203282,C105917,Premium,150000,1000,Active,2019-05-15
CARD203283,C104703,Gold,75000,1000,Active,2022-09-02
CARD203284,C108486,Gold,100000,1000,Active,2021-12-02
CARD203285,C106575,Gold,200000,0,Active,2023-06-09
CARD203286,C109178,Platinum,300000,0,Active,2026-02-07
CARD203287,C100420,Platinum,100000,0,Active,2024-10-13
CARD203288,C106422,Blue,150000,500,Active,2021-10-03
CARD203289,C109985,Blue,150000,500,Blocked,2025-07-19
CARD203290,C102881,Platinum,100000,0,Active,2020-11-19
CARD203291,C109030,Blue,200000,1000,Inactive,2021-03-18
CARD203292,C106663,Platinum,300000,0,Active,2019-09-09
CARD203293,C102685,Gold,75000,0,Active,2023-12-26
CARD203294,C103830,Blue,100000,500,Active,2019-09-18
CARD203295,C101926,Blue,75000,1000,Active,2021-07-02
CARD203296,C107443,Premium,50000,1000,Blocked,2024-09-25
CARD203297,C106206,Blue,150000,500,Inactive,2021-03-04
CARD203298,C103309,Gold,75000,2500,Active,2021-05-04
CARD203299,C108320,Platinum,75000,500,Inactive,2026-04-14
CARD203300,C107022,Gold,100000,2500,Active,2019-07-04
CARD203301,C100396,Blue,150000,0,Active,2024-02-24
CARD203302,C107822,Blue,100000,500,Active,2024-04-16
CARD203303,C102325,Blue,150000,1000,Closed,2023-05-30
CARD203304,C109844,Premium,200000,500,Active,2022-11-28
CARD203305,C100322,Gold,50000,500,Active,2018-09-28
CARD203306,C106489,Blue,75000,0,Active,2022-03-07
CARD203307,C101004,Gold,150000,500,Active,2023-11-29
CARD203308,C100763,Gold,75000,0,Active,2019-10-22
CARD203309,C101173,Gold,300000,500,Active,2018-11-03
CARD203310,C107783,Blue,50000,0,Active,2017-04-20
CARD203311,C101726,Blue,100000,500,Active,2017-10-22
CARD203312,C108602,Platinum,50000,5000,Active,2021-08-03
CARD203313,C103039,Premium,50000,500,Active,2017-02-13
CARD203314,C100356,Gold,50000,1000,Active,2023-01-11
CARD203315,C106703,Blue,100000,500,Active,2023-12-17
CARD203316,C104192,Platinum,100000,0,Active,2019-11-28
CARD203317,C108062,Gold,100000,0,Blocked,2018-11-15
CARD203318,C109669,Platinum,100000,500,Active,2021-12-02
CARD203319,C100611,Blue,50000,500,Active,2017-04-30
CARD203320,C102301,Platinum,150000,1000,Active,2023-10-03
CARD203321,C100637,Blue,100000,1000,Blocked,2017-08-18
CARD203322,C104425,Gold,150000,500,Inactive,2019-01-20
CARD203323,C107742,Gold,200000,500,Active,2019-11-22
CARD203324,C102972,Gold,300000,0,Active,2019-12-04
CARD203325,C104367,Blue,300000,1000,Active,2021-09-27
CARD203326,C106089,Platinum,100000,2500,Active,2024-09-02
CARD203327,C103712,Gold,75000,1000,Blocked,2023-03-22
CARD203328,C101710,Gold,150000,0,Active,2020-10-11
CARD203329,C108014,Blue,300000,2500,Active,2023-05-24
CARD203330,C101167,Blue,200000,1000,Active,2024-01-11
CARD203331,C109997,Gold,100000,1000,Active,2019-07-07
CARD203332,C102100,Blue,200000,1000,Active,2024-07-18
CARD203333,C101052,Gold,75000,500,Active,2021-07-31
CARD203334,C104445,Blue,50000,500,Active,2017-10-12
CARD203335,C108625,Platinum,300000,500,Active,2025-02-11
CARD203336,C105156,Gold,300000,1000,Active,2023-04-11
CARD203337,C107752,Gold,200000,500,Active,2018-12-04
CARD203338,C104992,Blue,100000,500,Active,2020-02-17
CARD203339,C104165,Platinum,50000,0,Active,2021-10-18
CARD203340,C105671,Premium,50000,1000,Active,2024-10-18
CARD203341,C109803,Platinum,50000,500,Active,2018-02-18
CARD203342,C108136,Platinum,100000,0,Inactive,2018-09-04
CARD203343,C109150,Blue,75000,2500,Active,2019-12-26
CARD203344,C100230,Gold,75000,500,Active,2025-03-26
CARD203345,C106085,Blue,300000,1000,Active,2021-11-15
CARD203346,C102463,Blue,75000,1000,Active,2018-02-02
CARD203347,C100076,Gold,50000,1000,Active,2025-08-27
CARD203348,C107675,Blue,100000,0,Blocked,2024-10-11
CARD203349,C108745,Gold,200000,0,Blocked,2017-12-23
CARD203350,C100847,Premium,100000,2500,Active,2019-07-18
CARD203351,C103235,Gold,150000,2500,Active,2021-05-09
CARD203352,C106055,Blue,150000,0,Active,2017-07-23
CARD203353,C101243,Blue,75000,1000,Active,2022-08-25
CARD203354,C106511,Gold,200000,0,Active,2019-02-03
CARD203355,C100904,Gold,75000,2500,Inactive,2022-09-14
CARD203356,C104883,Gold,200000,500,Active,2019-04-12
CARD203357,C105574,Platinum,300000,0,Active,2023-07-15
CARD203358,C105350,Platinum,50000,0,Active,2020-08-27
CARD203359,C106972,Gold,75000,1000,Active,2020-02-28
CARD203360,C108566,Blue,500000,1000,Active,2020-06-20
CARD203361,C104329,Blue,500000,1000,Active,2025-09-11
CARD203362,C101549,Blue,100000,5000,Active,2019-10-16
CARD203363,C102693,Platinum,75000,500,Closed,2024-08-28
CARD203364,C109970,Platinum,150000,1000,Active,2025-07-01
CARD203365,C108705,Gold,150000,500,Active,2023-09-27
CARD203366,C105386,Platinum,100000,1000,Inactive,2023-10-19
CARD203367,C102249,Blue,200000,0,Active,2022-12-27
CARD203368,C106832,Gold,75000,5000,Active,2019-07-08
CARD203369,C103063,Blue,200000,2500,Active,2024-09-22
CARD203370,C100665,Gold,150000,5000,Blocked,2019-11-04
CARD203371,C105689,Blue,50000,1000,Active,2025-02-08
CARD203372,C106529,Gold,100000,1000,Active,2024-06-19
CARD203373,C109859,Platinum,150000,0,Active,2022-05-22
CARD203374,C108878,Blue,100000,500,Active,2017-01-16
CARD203375,C100001,Platinum,100000,0,Active,2026-01-28
CARD203376,C109014,Blue,200000,5000,Active,2023-12-03
CARD203377,C106888,Gold,150000,1000,Blocked,2019-04-19
CARD203378,C103643,Gold,75000,0,Active,2021-09-24
CARD203379,C104006,Blue,150000,1000,Active,2017-04-04
CARD203380,C101408,Gold,100000,1000,Active,2025-01-31
CARD203381,C100093,Blue,75000,5000,Active,2020-02-06
CARD203382,C102791,Gold,500000,1000,Active,2026-01-09
CARD203383,C106572,Blue,150000,2500,Active,2018-07-14
CARD203384,C103137,Blue,100000,2500,Active,2017-09-02
CARD203385,C100574,Blue,75000,1000,Active,2017-04-11
CARD203386,C105833,Gold,100000,0,Active,2020-06-17
CARD203387,C104892,Blue,200000,500,Active,2020-12-16
CARD203388,C109482,Blue,200000,2500,Active,2020-03-24
CARD203389,C106207,Blue,150000,2500,Blocked,2022-03-26
CARD203390,C101554,Blue,200000,0,Closed,2024-11-11
CARD203391,C106415,Blue,150000,0,Active,2021-12-12
CARD203392,C105647,Gold,200000,2500,Active,2023-04-07
CARD203393,C102062,Platinum,200000,0,Active,2024-02-25
CARD203394,C100945,Blue,150000,500,Active,2025-02-20
CARD203395,C108602,Blue,75000,5000,Active,2022-04-20
CARD203396,C105483,Platinum,200000,1000,Active,2019-11-23
CARD203397,C100673,Platinum,200000,0,Active,2024-06-25
CARD203398,C107518,Premium,150000,5000,Active,2018-04-23
CARD203399,C100778,Gold,200000,0,Active,2017-05-09
CARD203400,C103846,Blue,100000,2500,Closed,2023-04-30
CARD203401,C101777,Blue,50000,0,Active,2024-11-18
CARD203402,C104887,Blue,200000,0,Active,2019-05-10
CARD203403,C105746,Gold,100000,0,Active,2020-05-21
CARD203404,C101760,Gold,500000,1000,Active,2024-10-22
CARD203405,C103436,Blue,50000,1000,Active,2021-12-31
CARD203406,C109808,Blue,300000,1000,Active,2023-11-19
CARD203407,C107326,Premium,75000,0,Closed,2025-12-27
CARD203408,C104815,Blue,50000,5000,Blocked,2020-11-10
CARD203409,C101256,Blue,100000,0,Active,2020-08-06
CARD203410,C109307,Blue,75000,500,Active,2018-09-23
CARD203411,C105513,Gold,150000,0,Active,2017-07-24
CARD203412,C102865,Blue,150000,500,Active,2020-02-21
CARD203413,C107307,Gold,200000,5000,Active,2024-12-11
CARD203414,C105177,Gold,300000,500,Active,2022-03-15
CARD203415,C106436,Platinum,100000,500,Active,2017-12-14
CARD203416,C108811,Blue,200000,0,Active,2021-05-10
CARD203417,C105283,Blue,300000,2500,Active,2024-04-24
CARD203418,C103108,Gold,100000,1000,Active,2022-06-29
CARD203419,C101835,Gold,100000,500,Active,2022-09-25
CARD203420,C101117,Gold,75000,500,Active,2025-10-13
CARD203421,C106005,Gold,500000,1000,Active,2024-10-06
CARD203422,C100416,Platinum,500000,5000,Blocked,2025-09-09
CARD203423,C104668,Blue,200000,500,Active,2019-01-21
CARD203424,C104003,Premium,50000,0,Active,2022-04-29
CARD203425,C106599,Blue,150000,500,Blocked,2024-02-11
CARD203426,C105189,Blue,300000,0,Active,2019-08-06
CARD203427,C107135,Blue,50000,1000,Active,2020-01-27
CARD203428,C108597,Platinum,100000,0,Active,2018-03-25
CARD203429,C106964,Gold,50000,500,Active,2017-03-04
CARD203430,C100393,Blue,300000,0,Inactive,2017-06-23
CARD203431,C105623,Platinum,150000,0,Active,2017-07-16
CARD203432,C101133,Premium,150000,500,Active,2018-08-11
CARD203433,C106405,Gold,100000,2500,Active,2025-04-24
CARD203434,C108822,Blue,100000,1000,Active,2021-09-11
CARD203435,C100863,Gold,200000,2500,Active,2025-01-21
CARD203436,C101473,Gold,50000,500,Active,2017-10-06
CARD203437,C104809,Blue,150000,0,Active,2023-02-18
CARD203438,C109407,Blue,100000,0,Active,2017-10-08
CARD203439,C103733,Gold,100000,0,Active,2022-09-03
CARD203440,C106877,Platinum,150000,500,Active,2022-10-28
CARD203441,C109318,Blue,50000,0,Active,2025-07-26
CARD203442,C104499,Gold,150000,2500,Closed,2018-09-27
CARD203443,C104324,Platinum,150000,1000,Closed,2023-04-04
CARD203444,C106912,Gold,50000,500,Blocked,2020-10-07
CARD203445,C100348,Gold,50000,1000,Active,2024-03-26
CARD203446,C109705,Blue,100000,500,Active,2019-07-08
CARD203447,C105938,Premium,300000,0,Active,2020-01-02
CARD203448,C100586,Gold,150000,1000,Active,2021-03-22
CARD203449,C105242,Blue,150000,1000,Active,2024-04-28
CARD203450,C103746,Blue,500000,500,Active,2024-08-08
CARD203451,C109074,Gold,150000,0,Active,2019-03-04
CARD203452,C103502,Blue,50000,500,Active,2024-09-25
CARD203453,C104275,Blue,200000,0,Active,2017-07-21
CARD203454,C104936,Platinum,500000,5000,Blocked,2017-01-29
CARD203455,C106119,Platinum,500000,500,Active,2020-08-18
CARD203456,C103873,Gold,75000,2500,Active,2019-06-19
CARD203457,C105450,Blue,150000,1000,Active,2018-12-20
CARD203458,C105363,Blue,100000,2500,Active,2022-10-21
CARD203459,C109510,Gold,100000,500,Active,2022-04-06
CARD203460,C104837,Blue,100000,1000,Active,2021-08-07
CARD203461,C100299,Gold,50000,500,Active,2026-01-09
CARD203462,C103634,Premium,75000,5000,Closed,2025-12-22
CARD203463,C100310,Gold,50000,0,Active,2023-12-09
CARD203464,C105412,Platinum,100000,500,Active,2020-06-12
CARD203465,C106809,Blue,75000,1000,Active,2024-05-03
CARD203466,C106339,Blue,150000,0,Active,2022-10-11
CARD203467,C102788,Gold,75000,2500,Active,2018-02-21
CARD203468,C101846,Gold,150000,2500,Active,2020-12-24
CARD203469,C102010,Blue,300000,0,Blocked,2020-01-17
CARD203470,C102409,Gold,150000,5000,Active,2022-02-11
CARD203471,C109991,Platinum,50000,1000,Active,2021-08-06
CARD203472,C108237,Blue,75000,1000,Active,2018-02-09
CARD203473,C109928,Platinum,200000,500,Active,2021-03-30
CARD203474,C102033,Gold,100000,1000,Active,2021-08-08
CARD203475,C105579,Premium,150000,0,Active,2019-11-26
CARD203476,C100115,Platinum,150000,0,Closed,2020-03-26
CARD203477,C107226,Platinum,75000,1000,Active,2021-08-08
CARD203478,C100532,Blue,100000,5000,Closed,2018-12-08
CARD203479,C105818,Gold,200000,0,Active,2025-07-27
CARD203480,C100215,Blue,50000,1000,Active,2020-12-30
CARD203481,C104100,Platinum,100000,0,Active,2024-07-26
CARD203482,C107669,Gold,75000,500,Active,2023-12-01
CARD203483,C106069,Gold,150000,0,Active,2019-08-31
CARD203484,C100765,Gold,100000,0,Active,2026-04-19
CARD203485,C107343,Blue,150000,5000,Inactive,2023-09-03
CARD203486,C101588,Blue,100000,1000,Active,2024-12-18
CARD203487,C101290,Gold,75000,1000,Active,2021-07-27
CARD203488,C101767,Blue,100000,1000,Active,2026-01-22
CARD203489,C109171,Blue,100000,0,Active,2024-05-23
CARD203490,C105377,Blue,100000,500,Active,2019-09-27
CARD203491,C108617,Platinum,150000,5000,Active,2025-06-04
CARD203492,C106291,Blue,100000,1000,Active,2023-06-24
CARD203493,C100211,Premium,100000,500,Active,2017-10-17
CARD203494,C108885,Blue,100000,0,Active,2024-05-14
CARD203495,C107866,Gold,200000,0,Active,2019-07-24
CARD203496,C109146,Gold,150000,2500,Active,2019-04-06
CARD203497,C104917,Gold,50000,1000,Active,2022-02-17
CARD203498,C109079,Blue,75000,500,Inactive,2022-11-15
CARD203499,C101002,Platinum,100000,2500,Active,2026-02-22
CARD203500,C109224,Platinum,50000,0,Active,2018-05-08
CARD203501,C100262,Platinum,75000,2500,Active,2017-07-21
CARD203502,C103420,Blue,75000,500,Active,2025-10-26
CARD203503,C102016,Blue,300000,2500,Active,2017-01-05
CARD203504,C104072,Blue,100000,2500,Active,2025-10-28
CARD203505,C106469,Premium,300000,500,Active,2018-03-31
CARD203506,C106341,Platinum,100000,0,Closed,2018-06-16
CARD203507,C109232,Gold,200000,2500,Inactive,2019-03-30
CARD203508,C103915,Gold,150000,2500,Active,2023-06-16
CARD203509,C101152,Platinum,75000,0,Active,2024-12-25
CARD203510,C100889,Blue,300000,500,Inactive,2026-02-01
CARD203511,C103422,Gold,300000,500,Active,2019-02-05
CARD203512,C106521,Blue,200000,1000,Active,2017-09-07
CARD203513,C100679,Platinum,150000,2500,Closed,2020-06-07
CARD203514,C107381,Gold,100000,1000,Active,2024-05-06
CARD203515,C107389,Blue,75000,5000,Active,2020-08-20
CARD203516,C103189,Premium,100000,0,Active,2021-09-12
CARD203517,C109906,Platinum,200000,500,Active,2018-05-15
CARD203518,C108725,Gold,100000,500,Closed,2020-02-22
CARD203519,C104285,Premium,500000,0,Active,2018-04-26
CARD203520,C109219,Blue,150000,500,Blocked,2020-04-12
CARD203521,C103204,Platinum,75000,0,Active,2018-06-03
CARD203522,C106276,Platinum,50000,500,Active,2020-05-15
CARD203523,C100820,Gold,75000,500,Active,2018-05-06
CARD203524,C103269,Gold,150000,1000,Active,2018-10-04
CARD203525,C100220,Blue,500000,500,Active,2024-08-03
CARD203526,C107113,Gold,500000,0,Active,2017-04-06
CARD203527,C107582,Blue,200000,500,Active,2022-09-12
CARD203528,C101742,Blue,75000,1000,Active,2022-02-12
CARD203529,C104832,Platinum,500000,2500,Closed,2018-06-19
CARD203530,C102762,Platinum,300000,0,Active,2021-08-20
CARD203531,C105046,Blue,150000,1000,Active,2017-09-28
CARD203532,C102126,Blue,50000,2500,Active,2023-08-09
CARD203533,C104105,Blue,75000,1000,Active,2023-10-31
CARD203534,C106116,Gold,100000,0,Active,2020-09-20
CARD203535,C100197,Gold,100000,500,Active,2019-03-29
CARD203536,C100529,Gold,150000,500,Active,2025-03-23
CARD203537,C109571,Platinum,150000,0,Active,2022-04-11
CARD203538,C107409,Blue,500000,500,Active,2023-10-28
CARD203539,C101037,Premium,100000,1000,Active,2017-01-29
CARD203540,C101698,Gold,50000,500,Active,2022-12-29
CARD203541,C104461,Platinum,50000,0,Active,2017-06-06
CARD203542,C104061,Gold,75000,2500,Active,2021-06-20
CARD203543,C100152,Premium,75000,500,Active,2023-03-30
CARD203544,C106652,Blue,150000,500,Active,2018-06-06
CARD203545,C109514,Gold,150000,0,Inactive,2017-09-26
CARD203546,C105771,Blue,200000,2500,Active,2017-06-25
CARD203547,C102437,Blue,50000,0,Active,2020-02-16
CARD203548,C106805,Platinum,150000,1000,Closed,2023-07-27
CARD203549,C106980,Gold,150000,2500,Active,2017-10-13
CARD203550,C104816,Blue,75000,0,Active,2017-12-07
CARD203551,C104224,Premium,150000,500,Closed,2024-10-29
CARD203552,C103665,Blue,75000,5000,Active,2018-01-04
CARD203553,C102680,Platinum,50000,500,Active,2022-03-22
CARD203554,C107852,Gold,100000,1000,Active,2019-10-16
CARD203555,C103987,Platinum,150000,2500,Active,2026-01-27
CARD203556,C103598,Gold,150000,2500,Active,2025-07-19
CARD203557,C100617,Gold,200000,500,Active,2024-05-10
CARD203558,C102533,Blue,75000,2500,Active,2023-05-27
CARD203559,C108720,Gold,100000,500,Active,2019-02-15
CARD203560,C109101,Blue,150000,2500,Blocked,2023-07-17
CARD203561,C108937,Gold,100000,2500,Active,2017-01-30
CARD203562,C106982,Blue,200000,1000,Active,2024-02-02
CARD203563,C106789,Gold,50000,1000,Active,2025-04-15
CARD203564,C101938,Gold,200000,1000,Active,2024-05-09
CARD203565,C103372,Platinum,200000,0,Active,2019-05-04
CARD203566,C109610,Gold,200000,500,Active,2026-04-07
CARD203567,C106617,Gold,150000,0,Active,2023-07-18
CARD203568,C100921,Gold,75000,0,Active,2017-10-15
CARD203569,C103813,Blue,75000,500,Active,2024-12-17
CARD203570,C104116,Premium,300000,0,Closed,2017-12-31
CARD203571,C105812,Blue,500000,500,Active,2022-02-05
CARD203572,C103677,Blue,75000,1000,Inactive,2026-01-14
CARD203573,C105091,Blue,100000,500,Active,2024-01-10
CARD203574,C104952,Gold,75000,1000,Active,2021-05-17
CARD203575,C104009,Gold,75000,1000,Active,2017-03-11
CARD203576,C109606,Blue,200000,1000,Closed,2025-05-18
CARD203577,C101226,Gold,300000,1000,Active,2022-10-05
CARD203578,C106344,Premium,100000,500,Closed,2022-01-14
CARD203579,C109762,Blue,200000,1000,Blocked,2021-11-20
CARD203580,C108985,Blue,300000,0,Active,2023-06-18
CARD203581,C100181,Blue,150000,2500,Active,2025-04-20
CARD203582,C109826,Gold,200000,2500,Active,2021-12-21
CARD203583,C105773,Gold,50000,2500,Active,2020-06-06
CARD203584,C109399,Platinum,200000,5000,Active,2025-09-24
CARD203585,C100103,Gold,75000,500,Active,2026-03-11
CARD203586,C109222,Blue,200000,500,Active,2018-01-20
CARD203587,C100894,Blue,500000,500,Active,2024-06-25
CARD203588,C104156,Blue,100000,2500,Active,2017-10-20
CARD203589,C102662,Gold,100000,0,Active,2020-06-16
CARD203590,C105727,Gold,100000,1000,Active,2025-03-23
CARD203591,C108894,Gold,75000,1000,Active,2017-12-12
CARD203592,C100361,Blue,50000,0,Active,2018-08-25
CARD203593,C106570,Gold,200000,0,Closed,2018-09-28
CARD203594,C105219,Gold,300000,0,Active,2025-06-01
CARD203595,C103252,Gold,75000,1000,Blocked,2017-01-13
CARD203596,C104452,Gold,150000,2500,Active,2017-01-08
CARD203597,C100825,Gold,150000,0,Active,2018-03-16
CARD203598,C101579,Blue,100000,5000,Blocked,2025-12-22
CARD203599,C109164,Gold,75000,0,Blocked,2018-11-24
CARD203600,C109123,Blue,300000,0,Active,2018-04-25
CARD203601,C109740,Gold,100000,2500,Active,2022-01-24
CARD203602,C109271,Gold,500000,5000,Closed,2018-07-19
CARD203603,C107831,Gold,200000,0,Active,2023-07-05
CARD203604,C101462,Gold,200000,0,Active,2018-12-14
CARD203605,C105165,Gold,75000,0,Active,2018-10-09
CARD203606,C101354,Platinum,100000,0,Active,2024-06-20
CARD203607,C103501,Gold,75000,500,Active,2024-12-14
CARD203608,C100738,Gold,100000,1000,Active,2020-05-31
CARD203609,C100706,Blue,500000,0,Active,2018-04-03
CARD203610,C102385,Gold,150000,500,Inactive,2021-03-01
CARD203611,C102311,Blue,100000,500,Active,2018-12-03
CARD203612,C108456,Platinum,100000,5000,Active,2020-03-24
CARD203613,C107695,Blue,75000,1000,Active,2021-10-13
CARD203614,C103828,Platinum,50000,500,Active,2020-07-20
CARD203615,C108482,Gold,75000,0,Active,2019-01-26
CARD203616,C106038,Platinum,100000,2500,Active,2020-10-08
CARD203617,C101209,Blue,100000,0,Active,2021-04-12
CARD203618,C109467,Gold,100000,1000,Active,2024-02-18
CARD203619,C106180,Platinum,75000,1000,Active,2020-05-30
CARD203620,C107041,Blue,100000,2500,Active,2022-04-12
CARD203621,C100589,Blue,100000,1000,Active,2018-01-24
CARD203622,C108835,Platinum,50000,500,Active,2024-05-03
CARD203623,C109821,Platinum,50000,0,Active,2020-10-11
CARD203624,C104675,Blue,200000,0,Active,2022-04-28
CARD203625,C101206,Blue,75000,1000,Active,2021-01-08
CARD203626,C106869,Gold,100000,500,Active,2017-07-04
CARD203627,C105594,Blue,50000,500,Active,2025-05-09
CARD203628,C105089,Gold,75000,500,Active,2025-01-21
CARD203629,C100033,Blue,200000,2500,Active,2024-09-27
CARD203630,C106141,Premium,300000,0,Active,2018-12-21
CARD203631,C104068,Premium,100000,0,Active,2021-10-03
CARD203632,C101944,Gold,75000,0,Active,2019-06-17
CARD203633,C105423,Gold,150000,500,Active,2017-04-09
CARD203634,C100300,Premium,75000,0,Active,2020-11-06
CARD203635,C103119,Gold,150000,0,Active,2026-03-08
CARD203636,C109541,Blue,150000,0,Active,2024-08-05
CARD203637,C105576,Blue,200000,500,Active,2019-02-03
CARD203638,C108631,Gold,75000,500,Inactive,2019-09-13
CARD203639,C106021,Premium,100000,5000,Active,2019-01-14
CARD203640,C101550,Blue,75000,1000,Active,2017-04-20
CARD203641,C103607,Blue,150000,2500,Blocked,2019-06-11
CARD203642,C104729,Platinum,500000,1000,Active,2024-09-01
CARD203643,C100317,Blue,100000,500,Active,2019-03-20
CARD203644,C106718,Blue,100000,2500,Active,2022-01-06
CARD203645,C104148,Gold,150000,2500,Active,2020-08-25
CARD203646,C108820,Gold,100000,0,Active,2018-07-28
CARD203647,C103148,Gold,50000,0,Closed,2025-07-28
CARD203648,C106975,Blue,100000,5000,Active,2024-11-13
CARD203649,C109851,Blue,150000,2500,Active,2025-06-05
CARD203650,C105134,Gold,100000,500,Blocked,2025-03-21
CARD203651,C108775,Gold,200000,1000,Closed,2025-06-18
CARD203652,C109659,Platinum,150000,2500,Active,2021-06-14
CARD203653,C109761,Gold,100000,500,Active,2017-09-27
CARD203654,C104673,Gold,300000,0,Active,2024-11-25
CARD203655,C102623,Blue,150000,1000,Inactive,2021-12-24
CARD203656,C103404,Blue,100000,0,Active,2020-07-05
CARD203657,C102948,Gold,100000,0,Active,2021-05-13
CARD203658,C102603,Gold,50000,500,Closed,2025-04-08
CARD203659,C107993,Blue,150000,2500,Active,2026-03-18
CARD203660,C105238,Gold,200000,0,Active,2019-12-14
CARD203661,C106686,Platinum,75000,0,Active,2021-05-29
CARD203662,C100920,Blue,200000,500,Active,2025-11-21
CARD203663,C103673,Blue,150000,0,Active,2024-01-05
CARD203664,C106742,Gold,50000,0,Active,2023-12-08
CARD203665,C107704,Gold,75000,500,Active,2019-12-05
CARD203666,C102723,Blue,500000,2500,Active,2024-05-13
CARD203667,C101255,Gold,50000,1000,Active,2022-01-02
CARD203668,C102879,Gold,300000,500,Active,2026-01-01
CARD203669,C102381,Blue,200000,5000,Active,2019-07-30
CARD203670,C101280,Platinum,200000,0,Closed,2023-09-14
CARD203671,C108088,Blue,150000,500,Active,2021-07-27
CARD203672,C108929,Platinum,75000,1000,Active,2018-09-17
CARD203673,C102303,Blue,75000,5000,Active,2026-01-23
CARD203674,C107368,Blue,50000,2500,Active,2025-03-23
CARD203675,C109748,Gold,150000,500,Active,2017-09-02
CARD203676,C107352,Gold,300000,500,Active,2022-05-09
CARD203677,C100304,Blue,75000,500,Active,2023-08-03
CARD203678,C104897,Premium,75000,500,Active,2025-03-22
CARD203679,C101083,Gold,75000,500,Inactive,2017-05-23
CARD203680,C102197,Gold,150000,0,Closed,2019-06-06
CARD203681,C101536,Blue,200000,0,Blocked,2023-06-16
CARD203682,C100979,Blue,200000,0,Active,2018-08-28
CARD203683,C107853,Platinum,75000,0,Inactive,2018-08-18
CARD203684,C103123,Blue,200000,0,Inactive,2017-02-27
CARD203685,C102493,Gold,100000,1000,Closed,2025-06-08
CARD203686,C100859,Platinum,500000,2500,Inactive,2022-03-17
CARD203687,C109303,Blue,200000,2500,Active,2021-11-09
CARD203688,C100830,Gold,50000,500,Inactive,2017-10-07
CARD203689,C104216,Gold,100000,0,Active,2021-01-12
CARD203690,C105739,Platinum,150000,0,Active,2022-09-19
CARD203691,C107328,Gold,150000,2500,Active,2025-07-29
CARD203692,C102163,Premium,100000,2500,Active,2020-12-30
CARD203693,C108733,Gold,100000,5000,Active,2017-12-25
CARD203694,C102526,Blue,75000,5000,Inactive,2025-12-03
CARD203695,C106299,Gold,100000,2500,Active,2017-05-24
CARD203696,C109320,Blue,50000,500,Active,2018-08-26
CARD203697,C101691,Blue,100000,500,Active,2025-09-08
CARD203698,C106055,Gold,75000,2500,Active,2021-03-10
CARD203699,C100236,Blue,75000,2500,Active,2017-05-05
CARD203700,C105004,Gold,75000,500,Active,2025-12-29
CARD203701,C106696,Gold,75000,1000,Active,2017-12-24
CARD203702,C109249,Platinum,150000,0,Inactive,2024-10-17
CARD203703,C108757,Blue,150000,0,Active,2025-03-16
CARD203704,C101555,Gold,300000,500,Active,2019-07-25
CARD203705,C108912,Platinum,150000,5000,Active,2026-03-17
CARD203706,C102315,Gold,50000,1000,Active,2025-10-11
CARD203707,C104134,Gold,100000,2500,Active,2024-12-18
CARD203708,C103484,Blue,150000,500,Closed,2024-08-15
CARD203709,C103326,Blue,200000,0,Active,2025-09-26
CARD203710,C107020,Blue,75000,500,Active,2017-06-20
CARD203711,C105991,Gold,200000,500,Blocked,2020-04-24
CARD203712,C108936,Gold,200000,1000,Active,2018-01-15
CARD203713,C103856,Blue,200000,5000,Active,2018-11-22
CARD203714,C101933,Premium,150000,500,Active,2024-05-13
CARD203715,C106045,Gold,75000,2500,Active,2017-09-21
CARD203716,C104864,Premium,150000,2500,Blocked,2025-02-25
CARD203717,C106403,Gold,75000,0,Active,2025-02-19
CARD203718,C106195,Gold,300000,2500,Active,2025-05-20
CARD203719,C108230,Blue,50000,5000,Active,2025-11-30
CARD203720,C107035,Premium,150000,2500,Active,2023-05-12
CARD203721,C106169,Blue,300000,500,Active,2025-03-23
CARD203722,C106441,Blue,100000,1000,Active,2022-07-03
CARD203723,C107715,Gold,75000,1000,Inactive,2024-09-02
CARD203724,C101776,Blue,50000,2500,Active,2022-09-16
CARD203725,C108435,Platinum,150000,1000,Active,2021-07-28
CARD203726,C102505,Blue,75000,5000,Active,2020-06-12
CARD203727,C106155,Blue,150000,2500,Active,2019-08-27
CARD203728,C105271,Blue,150000,0,Inactive,2026-02-11
CARD203729,C100881,Blue,75000,5000,Active,2018-05-12
CARD203730,C103603,Platinum,150000,1000,Active,2023-10-03
CARD203731,C101572,Premium,300000,5000,Active,2024-05-12
CARD203732,C107286,Platinum,300000,500,Active,2019-05-01
CARD203733,C107023,Premium,75000,2500,Closed,2021-06-29
CARD203734,C107168,Blue,200000,5000,Active,2024-10-05
CARD203735,C106256,Gold,200000,2500,Inactive,2018-06-12
CARD203736,C106430,Gold,500000,2500,Active,2019-07-28
CARD203737,C101940,Platinum,75000,0,Active,2026-01-05
CARD203738,C102745,Platinum,150000,0,Active,2025-10-05
CARD203739,C104811,Blue,150000,2500,Active,2026-01-11
CARD203740,C103829,Gold,200000,1000,Active,2023-02-04
CARD203741,C100686,Gold,50000,1000,Active,2024-06-01
CARD203742,C107059,Platinum,150000,500,Active,2020-01-30
CARD203743,C103395,Platinum,100000,0,Blocked,2022-07-24
CARD203744,C107155,Platinum,500000,1000,Active,2021-06-24
CARD203745,C105761,Platinum,200000,500,Active,2021-09-19
CARD203746,C100107,Platinum,500000,1000,Blocked,2020-12-28
CARD203747,C105971,Premium,150000,0,Active,2020-07-07
CARD203748,C104877,Blue,75000,500,Active,2024-05-02
CARD203749,C100305,Platinum,150000,500,Closed,2017-08-15
CARD203750,C105336,Gold,200000,500,Active,2020-10-10
CARD203751,C107553,Blue,100000,0,Active,2025-12-26
CARD203752,C100360,Gold,150000,1000,Inactive,2024-04-07
CARD203753,C109447,Gold,50000,0,Closed,2018-03-01
CARD203754,C105631,Gold,75000,5000,Active,2021-11-11
CARD203755,C104929,Gold,100000,1000,Active,2018-06-03
CARD203756,C104874,Gold,150000,2500,Active,2025-09-06
CARD203757,C100100,Gold,100000,500,Active,2017-06-17
CARD203758,C103377,Blue,50000,500,Active,2023-02-14
CARD203759,C100176,Platinum,200000,0,Closed,2021-10-11
CARD203760,C107421,Gold,100000,500,Active,2020-09-22
CARD203761,C107336,Platinum,300000,5000,Active,2017-08-03
CARD203762,C103619,Gold,75000,5000,Active,2021-04-24
CARD203763,C100642,Premium,150000,5000,Active,2019-06-02
CARD203764,C101316,Platinum,100000,2500,Active,2023-05-13
CARD203765,C104037,Gold,50000,0,Active,2025-12-04
CARD203766,C104985,Blue,150000,1000,Inactive,2024-07-18
CARD203767,C108960,Gold,50000,500,Active,2026-03-16
CARD203768,C106333,Gold,50000,500,Active,2019-10-19
CARD203769,C103147,Gold,150000,500,Active,2024-08-15
CARD203770,C109575,Platinum,100000,0,Active,2018-10-02
CARD203771,C101616,Platinum,300000,0,Active,2024-11-20
CARD203772,C102590,Gold,100000,0,Active,2019-06-21
CARD203773,C104598,Blue,500000,500,Active,2024-07-12
CARD203774,C101629,Platinum,50000,1000,Active,2020-10-29
CARD203775,C107211,Blue,300000,2500,Active,2020-06-29
CARD203776,C107302,Gold,75000,0,Active,2017-12-13
CARD203777,C106254,Blue,75000,0,Active,2018-02-28
CARD203778,C105835,Gold,100000,1000,Active,2026-03-22
CARD203779,C105298,Gold,150000,2500,Active,2024-04-25
CARD203780,C107536,Platinum,150000,0,Active,2020-02-29
CARD203781,C104268,Platinum,100000,2500,Active,2021-09-19
CARD203782,C107928,Gold,150000,1000,Active,2026-03-12
CARD203783,C108304,Platinum,100000,500,Active,2024-06-25
CARD203784,C109490,Gold,75000,1000,Active,2024-01-10
CARD203785,C107550,Gold,50000,500,Active,2024-08-25
CARD203786,C104892,Blue,150000,500,Active,2018-04-06
CARD203787,C109704,Gold,150000,500,Active,2022-07-01
CARD203788,C106767,Platinum,150000,0,Active,2018-12-21
CARD203789,C101331,Gold,100000,500,Active,2021-06-07
CARD203790,C104132,Platinum,150000,2500,Inactive,2021-05-11
CARD203791,C107825,Premium,50000,500,Active,2017-11-16
CARD203792,C106151,Premium,150000,0,Active,2023-08-02
CARD203793,C106242,Platinum,300000,500,Active,2020-09-05
CARD203794,C109122,Platinum,50000,0,Active,2022-09-14
CARD203795,C109578,Premium,200000,1000,Closed,2019-08-04
CARD203796,C104040,Gold,100000,2500,Active,2022-08-16
CARD203797,C107123,Blue,200000,500,Active,2023-05-09
CARD203798,C108231,Platinum,150000,0,Blocked,2023-08-03
CARD203799,C102041,Blue,75000,5000,Active,2022-03-16
CARD203800,C107544,Gold,100000,2500,Active,2020-06-04
CARD203801,C103953,Platinum,75000,5000,Blocked,2020-12-17
CARD203802,C107844,Platinum,50000,2500,Active,2022-10-12
CARD203803,C108527,Blue,50000,2500,Closed,2022-02-02
CARD203804,C107962,Blue,500000,5000,Active,2025-09-13
CARD203805,C100009,Gold,500000,0,Blocked,2019-10-16
CARD203806,C102666,Platinum,50000,5000,Blocked,2017-01-29
CARD203807,C103414,Platinum,75000,0,Active,2022-07-27
CARD203808,C109841,Platinum,100000,5000,Active,2023-07-30
CARD203809,C108671,Blue,150000,2500,Blocked,2021-07-19
CARD203810,C105910,Platinum,75000,1000,Active,2019-11-15
CARD203811,C101007,Gold,75000,0,Inactive,2024-05-30
CARD203812,C105643,Gold,150000,500,Active,2025-04-21
CARD203813,C107250,Premium,50000,0,Active,2025-06-13
CARD203814,C100939,Gold,150000,0,Active,2025-05-17
CARD203815,C109642,Blue,300000,5000,Active,2020-09-07
CARD203816,C107429,Blue,500000,500,Active,2017-02-11
CARD203817,C103556,Gold,150000,5000,Active,2017-11-02
CARD203818,C104526,Gold,100000,1000,Active,2026-01-23
CARD203819,C109254,Premium,200000,0,Active,2020-01-30
CARD203820,C105168,Gold,300000,500,Active,2017-01-30
CARD203821,C101816,Gold,100000,500,Active,2019-07-29
CARD203822,C104103,Platinum,200000,500,Active,2021-05-06
CARD203823,C108296,Platinum,100000,1000,Active,2023-05-25
CARD203824,C105955,Platinum,100000,0,Active,2018-07-02
CARD203825,C108397,Gold,150000,500,Active,2022-07-11
CARD203826,C105921,Premium,100000,5000,Active,2022-05-04
CARD203827,C102143,Gold,75000,500,Active,2017-11-11
CARD203828,C103741,Blue,300000,500,Active,2021-05-07
CARD203829,C109256,Blue,500000,500,Active,2024-04-20
CARD203830,C105360,Gold,150000,0,Active,2020-07-21
CARD203831,C104888,Platinum,200000,500,Blocked,2022-09-24
CARD203832,C104138,Blue,75000,0,Active,2025-05-27
CARD203833,C109216,Gold,150000,0,Closed,2019-01-06
CARD203834,C106023,Blue,100000,2500,Active,2021-06-24
CARD203835,C103177,Gold,75000,1000,Active,2025-06-19
CARD203836,C101837,Blue,100000,0,Blocked,2018-08-09
CARD203837,C108659,Premium,50000,0,Closed,2018-03-11
CARD203838,C103897,Platinum,100000,5000,Active,2023-02-25
CARD203839,C101213,Platinum,75000,5000,Active,2017-07-06
CARD203840,C106461,Blue,100000,500,Active,2021-07-01
CARD203841,C106066,Premium,100000,1000,Active,2021-01-25
CARD203842,C100717,Blue,150000,0,Active,2018-12-28
CARD203843,C100937,Blue,75000,500,Closed,2019-07-05
CARD203844,C100291,Blue,100000,500,Inactive,2019-01-22
CARD203845,C101857,Blue,50000,0,Active,2022-06-22
CARD203846,C105817,Blue,200000,0,Active,2024-05-03
CARD203847,C103745,Blue,300000,1000,Active,2024-02-06
CARD203848,C105595,Blue,500000,0,Active,2025-09-04
CARD203849,C107855,Platinum,150000,500,Active,2021-01-21
CARD203850,C109987,Platinum,200000,5000,Active,2021-11-08
CARD203851,C108576,Platinum,100000,1000,Active,2017-07-13
CARD203852,C108198,Platinum,75000,0,Active,2023-05-07
CARD203853,C102127,Gold,200000,0,Active,2021-10-21
CARD203854,C104021,Gold,50000,0,Active,2018-03-03
CARD203855,C108545,Premium,150000,2500,Active,2023-04-29
CARD203856,C101582,Blue,300000,2500,Active,2021-03-14
CARD203857,C105406,Platinum,75000,500,Active,2022-02-13
CARD203858,C107738,Blue,75000,0,Active,2021-04-06
CARD203859,C104745,Blue,50000,1000,Active,2022-01-25
CARD203860,C100752,Gold,150000,2500,Active,2018-06-06
CARD203861,C100143,Platinum,150000,500,Active,2022-10-29
CARD203862,C105810,Platinum,150000,0,Active,2017-04-03
CARD203863,C107074,Blue,100000,1000,Closed,2023-05-26
CARD203864,C107462,Blue,100000,500,Active,2023-04-08
CARD203865,C107959,Platinum,200000,5000,Closed,2022-03-27
CARD203866,C106560,Gold,300000,2500,Active,2020-06-09
CARD203867,C108379,Blue,100000,500,Inactive,2024-02-22
CARD203868,C102040,Gold,150000,0,Active,2020-07-18
CARD203869,C104595,Platinum,200000,5000,Active,2018-03-09
CARD203870,C107252,Platinum,150000,5000,Active,2025-11-15
CARD203871,C101820,Platinum,300000,500,Active,2023-07-05
CARD203872,C100294,Blue,150000,0,Active,2018-08-06
CARD203873,C107310,Blue,75000,1000,Active,2023-05-21
CARD203874,C106425,Blue,150000,0,Active,2024-06-13
CARD203875,C109244,Blue,150000,1000,Closed,2019-12-28
CARD203876,C103401,Gold,100000,0,Active,2025-05-14
CARD203877,C104624,Gold,50000,1000,Active,2019-03-08
CARD203878,C102668,Gold,200000,5000,Active,2023-11-20
CARD203879,C104216,Gold,200000,500,Active,2018-07-05
CARD203880,C100474,Blue,50000,5000,Active,2020-03-06
CARD203881,C104023,Premium,200000,1000,Active,2024-08-06
CARD203882,C109675,Gold,150000,1000,Active,2020-06-03
CARD203883,C109999,Gold,100000,2500,Active,2026-02-13
CARD203884,C109666,Blue,200000,5000,Active,2018-04-13
CARD203885,C106064,Blue,200000,2500,Active,2021-10-21
CARD203886,C104108,Platinum,300000,5000,Active,2017-06-05
CARD203887,C102214,Gold,50000,0,Active,2022-04-18
CARD203888,C100171,Blue,100000,0,Active,2019-08-13
CARD203889,C107299,Blue,50000,0,Active,2024-08-30
CARD203890,C106456,Premium,200000,5000,Blocked,2020-01-20
CARD203891,C105016,Gold,100000,5000,Active,2023-11-30
CARD203892,C109612,Blue,200000,2500,Active,2018-09-06
CARD203893,C100239,Platinum,200000,2500,Active,2021-09-23
CARD203894,C107874,Platinum,50000,500,Active,2024-05-06
CARD203895,C105920,Platinum,300000,0,Active,2021-03-02
CARD203896,C101716,Gold,100000,1000,Active,2022-02-26
CARD203897,C105794,Platinum,500000,500,Active,2021-03-02
CARD203898,C103878,Blue,75000,500,Active,2018-06-22
CARD203899,C108105,Gold,100000,500,Closed,2017-02-07
CARD203900,C106970,Blue,100000,0,Active,2017-07-08
CARD203901,C104186,Blue,300000,500,Inactive,2021-02-22
CARD203902,C100321,Gold,50000,5000,Active,2026-02-05
CARD203903,C104526,Blue,150000,0,Active,2022-10-14
CARD203904,C102043,Platinum,75000,1000,Active,2022-10-19
CARD203905,C103894,Gold,75000,1000,Inactive,2018-04-13
CARD203906,C108374,Gold,150000,500,Active,2017-01-25
CARD203907,C109853,Gold,100000,0,Closed,2022-02-20
CARD203908,C108770,Platinum,100000,0,Active,2019-07-02
CARD203909,C107685,Gold,150000,500,Active,2018-03-06
CARD203910,C106947,Platinum,200000,500,Active,2023-02-22
CARD203911,C106095,Blue,50000,0,Active,2023-06-23
CARD203912,C102911,Gold,75000,5000,Active,2025-01-23
CARD203913,C102908,Gold,150000,0,Inactive,2019-06-25
CARD203914,C103851,Blue,300000,0,Active,2025-06-14
CARD203915,C103270,Blue,100000,1000,Active,2019-01-21
CARD203916,C108240,Gold,100000,2500,Active,2022-12-06
CARD203917,C104665,Gold,50000,500,Active,2019-05-27
CARD203918,C100014,Platinum,75000,500,Active,2017-05-26
CARD203919,C105644,Platinum,100000,1000,Active,2020-09-08
CARD203920,C101598,Gold,100000,2500,Active,2017-11-06
CARD203921,C106586,Gold,150000,500,Active,2025-05-14
CARD203922,C109458,Gold,100000,1000,Closed,2018-07-26
CARD203923,C107646,Premium,75000,2500,Closed,2021-07-04
CARD203924,C104945,Gold,150000,1000,Active,2020-01-16
CARD203925,C108428,Blue,200000,0,Active,2020-12-30
CARD203926,C100823,Platinum,300000,0,Active,2025-01-04
CARD203927,C100391,Gold,150000,2500,Active,2024-04-24
CARD203928,C102636,Gold,300000,500,Active,2025-04-09
CARD203929,C105261,Platinum,75000,0,Active,2020-01-11
CARD203930,C104589,Gold,150000,0,Active,2020-05-03
CARD203931,C104125,Platinum,100000,0,Inactive,2018-04-24
CARD203932,C106769,Gold,150000,500,Active,2019-11-17
CARD203933,C103358,Platinum,75000,1000,Active,2022-04-29
CARD203934,C105742,Gold,75000,500,Active,2021-06-13
CARD203935,C104117,Gold,100000,500,Inactive,2020-10-28
CARD203936,C108520,Gold,150000,0,Active,2019-08-31
CARD203937,C104159,Gold,200000,500,Active,2025-10-25
CARD203938,C102294,Blue,150000,0,Active,2025-09-17
CARD203939,C100784,Gold,150000,500,Active,2022-01-05
CARD203940,C104728,Gold,75000,0,Active,2020-11-11
CARD203941,C100994,Platinum,200000,1000,Inactive,2020-05-10
CARD203942,C102757,Blue,150000,1000,Active,2025-03-15
CARD203943,C100183,Blue,50000,2500,Active,2022-08-27
CARD203944,C100002,Gold,75000,0,Closed,2017-03-16
CARD203945,C101470,Gold,75000,1000,Active,2022-03-26
CARD203946,C105959,Blue,75000,2500,Active,2019-05-15
CARD203947,C104630,Blue,75000,5000,Closed,2025-07-07
CARD203948,C109021,Gold,300000,0,Blocked,2022-10-10
CARD203949,C107985,Gold,100000,1000,Active,2020-09-20
CARD203950,C104776,Gold,100000,0,Active,2024-06-18
CARD203951,C100410,Premium,200000,0,Active,2018-02-08
CARD203952,C105076,Blue,100000,1000,Active,2020-04-23
CARD203953,C105142,Platinum,100000,2500,Active,2022-06-19
CARD203954,C109942,Blue,75000,500,Closed,2020-07-20
CARD203955,C102751,Blue,50000,2500,Active,2021-01-19
CARD203956,C100227,Gold,75000,1000,Closed,2023-10-19
CARD203957,C106513,Platinum,200000,500,Active,2017-10-26
CARD203958,C109817,Blue,150000,0,Closed,2018-10-18
CARD203959,C106911,Gold,150000,1000,Active,2017-12-09
CARD203960,C108721,Gold,100000,2500,Active,2017-05-24
CARD203961,C105053,Gold,100000,0,Closed,2023-04-11
CARD203962,C107671,Gold,150000,500,Active,2018-04-26
CARD203963,C101417,Platinum,100000,0,Active,2018-01-09
CARD203964,C108664,Blue,100000,0,Active,2023-10-19
CARD203965,C104582,Platinum,75000,0,Active,2020-04-29
CARD203966,C104184,Premium,75000,2500,Inactive,2023-09-05
CARD203967,C105572,Blue,150000,1000,Active,2024-12-08
CARD203968,C104217,Platinum,50000,5000,Active,2018-04-10
CARD203969,C108087,Gold,75000,500,Active,2018-03-13
CARD203970,C102111,Blue,150000,5000,Active,2018-07-23
CARD203971,C104161,Gold,200000,0,Active,2018-11-25
CARD203972,C105512,Platinum,75000,2500,Active,2025-04-11
CARD203973,C100605,Gold,50000,0,Active,2023-02-16
CARD203974,C107838,Blue,150000,0,Active,2024-02-11
CARD203975,C108180,Premium,50000,2500,Closed,2022-12-14
CARD203976,C103315,Blue,100000,5000,Closed,2021-01-27
CARD203977,C100463,Blue,100000,1000,Inactive,2017-02-11
CARD203978,C107507,Blue,200000,2500,Active,2022-01-25
CARD203979,C101143,Premium,200000,0,Closed,2018-12-05
CARD203980,C100359,Blue,100000,2500,Active,2025-06-26
CARD203981,C103527,Platinum,300000,0,Closed,2021-09-24
CARD203982,C102172,Platinum,100000,5000,Closed,2019-04-04
CARD203983,C104255,Blue,100000,500,Active,2022-01-19
CARD203984,C101525,Platinum,100000,2500,Active,2019-06-14
CARD203985,C106076,Gold,150000,1000,Active,2017-03-14
CARD203986,C103034,Gold,100000,0,Closed,2022-12-28
CARD203987,C108988,Gold,300000,0,Active,2023-10-06
CARD203988,C106297,Blue,200000,1000,Active,2020-09-09
CARD203989,C106974,Blue,100000,0,Active,2023-10-16
CARD203990,C109783,Blue,50000,2500,Active,2020-01-07
CARD203991,C105666,Blue,150000,2500,Active,2019-04-23
CARD203992,C102260,Gold,75000,0,Active,2024-02-04
CARD203993,C106193,Blue,100000,1000,Closed,2022-08-06
CARD203994,C109995,Gold,100000,5000,Active,2017-01-19
CARD203995,C109559,Gold,200000,500,Active,2019-12-01
CARD203996,C106089,Gold,200000,2500,Active,2021-01-22
CARD203997,C104485,Platinum,150000,0,Active,2020-12-20
CARD203998,C101531,Gold,200000,1000,Active,2019-09-12
CARD203999,C104803,Platinum,100000,0,Active,2017-06-24
CARD204000,C106167,Blue,100000,0,Active,2025-10-22
CARD204001,C106347,Platinum,50000,500,Active,2020-12-28
CARD204002,C108359,Premium,50000,5000,Active,2021-09-08
CARD204003,C104717,Blue,75000,1000,Active,2020-10-16
CARD204004,C104223,Gold,200000,5000,Closed,2024-05-18
CARD204005,C101244,Blue,300000,1000,Active,2019-06-03
CARD204006,C108648,Gold,150000,2500,Active,2024-01-30
CARD204007,C103767,Gold,50000,2500,Active,2023-05-28
CARD204008,C104305,Platinum,150000,500,Active,2024-11-12
CARD204009,C108551,Platinum,75000,2500,Active,2026-04-14
CARD204010,C101922,Gold,300000,2500,Active,2018-02-03
CARD204011,C102870,Blue,200000,1000,Active,2023-07-18
CARD204012,C108445,Blue,100000,1000,Active,2025-08-29
CARD204013,C106465,Gold,100000,0,Active,2019-06-29
CARD204014,C108287,Premium,200000,5000,Active,2021-01-07
CARD204015,C102669,Gold,300000,0,Active,2018-03-09
CARD204016,C101559,Blue,100000,500,Active,2018-10-07
CARD204017,C103651,Premium,200000,0,Closed,2018-10-07
CARD204018,C103675,Platinum,150000,0,Active,2021-04-02
CARD204019,C100179,Gold,75000,0,Active,2022-03-03
CARD204020,C108726,Gold,75000,1000,Active,2024-06-02
CARD204021,C105233,Blue,75000,0,Active,2021-05-31
CARD204022,C109805,Premium,75000,2500,Active,2022-04-25
CARD204023,C108239,Blue,100000,0,Active,2017-11-27
CARD204024,C107072,Platinum,75000,0,Active,2022-10-14
CARD204025,C107121,Gold,75000,0,Active,2021-05-20
CARD204026,C102044,Platinum,100000,0,Inactive,2019-09-24
CARD204027,C101970,Blue,150000,0,Active,2019-01-03
CARD204028,C108059,Gold,100000,2500,Active,2024-12-31
CARD204029,C105121,Gold,100000,2500,Active,2018-09-29
CARD204030,C107579,Gold,50000,500,Active,2022-05-29
CARD204031,C101803,Gold,150000,0,Active,2025-07-17
CARD204032,C105782,Premium,200000,1000,Active,2021-10-05
CARD204033,C109949,Gold,150000,1000,Active,2017-03-21
CARD204034,C109112,Blue,150000,5000,Active,2024-07-10
CARD204035,C103275,Gold,100000,5000,Active,2022-03-02
CARD204036,C103958,Platinum,150000,0,Active,2021-10-01
CARD204037,C109127,Blue,150000,2500,Active,2023-11-22
CARD204038,C109355,Blue,100000,500,Active,2020-04-05
CARD204039,C100674,Blue,500000,5000,Active,2017-04-12
CARD204040,C100041,Gold,50000,1000,Inactive,2025-12-27
CARD204041,C100177,Gold,100000,500,Active,2017-12-08
CARD204042,C105798,Blue,500000,1000,Active,2019-05-27
CARD204043,C101356,Blue,200000,0,Active,2019-09-06
CARD204044,C105508,Blue,50000,1000,Active,2019-02-05
CARD204045,C107694,Gold,100000,0,Active,2020-09-04
CARD204046,C100601,Gold,150000,500,Active,2023-05-19
CARD204047,C103561,Gold,150000,0,Active,2020-07-14
CARD204048,C101694,Platinum,300000,500,Blocked,2020-09-24
CARD204049,C107509,Platinum,200000,2500,Active,2024-03-05
CARD204050,C100446,Blue,150000,1000,Active,2018-04-26
CARD204051,C100053,Gold,150000,0,Active,2021-10-14
CARD204052,C101319,Blue,500000,1000,Active,2018-08-17
CARD204053,C105769,Gold,150000,1000,Closed,2019-02-10
CARD204054,C105227,Platinum,50000,0,Active,2022-01-29
CARD204055,C108285,Platinum,200000,500,Inactive,2023-04-06
CARD204056,C109917,Gold,150000,0,Active,2024-12-20
CARD204057,C104019,Blue,200000,500,Active,2021-10-20
CARD204058,C106282,Blue,100000,500,Active,2026-04-14
CARD204059,C100766,Gold,75000,2500,Active,2024-09-08
CARD204060,C103279,Gold,150000,500,Active,2024-05-04
CARD204061,C108892,Gold,300000,0,Active,2019-10-24
CARD204062,C109682,Blue,50000,0,Active,2018-11-09
CARD204063,C103140,Blue,75000,0,Active,2017-09-17
CARD204064,C104912,Platinum,75000,500,Closed,2023-04-25
CARD204065,C103170,Gold,75000,2500,Active,2017-06-27
CARD204066,C108810,Gold,150000,500,Active,2018-11-08
CARD204067,C102453,Platinum,50000,500,Active,2020-10-13
CARD204068,C104045,Gold,500000,2500,Active,2018-06-25
CARD204069,C107027,Platinum,75000,500,Active,2019-03-29
CARD204070,C102691,Platinum,50000,1000,Active,2018-07-29
CARD204071,C105329,Platinum,100000,0,Active,2019-01-06
CARD204072,C100488,Premium,100000,500,Active,2018-06-28
CARD204073,C106248,Blue,200000,500,Active,2022-01-19
CARD204074,C104627,Blue,150000,500,Active,2017-08-05
CARD204075,C104528,Platinum,500000,2500,Active,2017-09-25
CARD204076,C106140,Platinum,100000,1000,Active,2020-08-15
CARD204077,C103632,Gold,50000,2500,Active,2020-07-29
CARD204078,C107644,Gold,300000,5000,Closed,2019-10-21
CARD204079,C109261,Blue,150000,500,Active,2019-05-10
CARD204080,C103210,Blue,150000,1000,Active,2025-07-17
CARD204081,C107134,Blue,100000,2500,Inactive,2024-05-01
CARD204082,C104687,Blue,75000,500,Active,2025-01-01
CARD204083,C101915,Gold,100000,0,Active,2023-07-25
CARD204084,C106726,Gold,100000,2500,Active,2019-02-27
CARD204085,C105740,Platinum,100000,1000,Active,2020-11-24
CARD204086,C105107,Gold,75000,0,Active,2021-10-12
CARD204087,C101469,Platinum,150000,1000,Active,2019-07-31
CARD204088,C100083,Gold,200000,0,Inactive,2021-11-18
CARD204089,C104915,Blue,500000,500,Active,2024-11-20
CARD204090,C100779,Gold,50000,1000,Active,2020-09-23
CARD204091,C104906,Gold,300000,2500,Active,2021-06-19
CARD204092,C102406,Platinum,100000,500,Active,2021-01-07
CARD204093,C109912,Gold,150000,0,Active,2018-01-16
CARD204094,C103491,Premium,50000,2500,Active,2017-10-05
CARD204095,C104758,Gold,75000,1000,Active,2020-12-10
CARD204096,C101218,Blue,200000,1000,Active,2022-09-01
CARD204097,C104996,Gold,150000,500,Active,2024-03-24
CARD204098,C106602,Platinum,75000,0,Active,2021-09-25
CARD204099,C106949,Gold,300000,1000,Active,2019-08-27
CARD204100,C109532,Blue,300000,2500,Active,2021-07-12
CARD204101,C100078,Gold,100000,500,Active,2022-10-16
CARD204102,C104281,Gold,75000,1000,Active,2025-08-20
CARD204103,C102130,Gold,100000,0,Active,2024-07-15
CARD204104,C102492,Gold,150000,1000,Active,2024-12-09
CARD204105,C105019,Gold,100000,2500,Active,2017-07-05
CARD204106,C108400,Platinum,100000,500,Active,2020-07-27
CARD204107,C108469,Blue,300000,0,Closed,2020-12-10
CARD204108,C109264,Gold,300000,500,Blocked,2021-10-25
CARD204109,C104154,Gold,100000,1000,Active,2020-11-23
CARD204110,C109794,Gold,300000,0,Active,2020-07-26
CARD204111,C104478,Gold,100000,0,Active,2022-06-06
CARD204112,C101016,Blue,100000,0,Active,2022-03-16
CARD204113,C105707,Gold,75000,2500,Active,2018-09-25
CARD204114,C103375,Premium,75000,500,Active,2025-04-28
CARD204115,C106697,Platinum,150000,1000,Active,2018-09-20
CARD204116,C104187,Platinum,200000,1000,Active,2022-03-11
CARD204117,C107386,Gold,150000,0,Active,2022-01-08
CARD204118,C105135,Platinum,150000,2500,Active,2025-10-16
CARD204119,C104552,Platinum,100000,0,Active,2018-07-29
CARD204120,C103759,Blue,300000,5000,Inactive,2024-10-25
CARD204121,C106101,Gold,150000,500,Active,2019-11-07
CARD204122,C107017,Platinum,300000,500,Active,2019-10-15
CARD204123,C101881,Platinum,200000,1000,Active,2022-01-08
CARD204124,C101135,Platinum,100000,0,Active,2021-08-05
CARD204125,C107914,Premium,150000,500,Inactive,2019-10-17
CARD204126,C109078,Blue,75000,0,Active,2021-01-15
CARD204127,C101724,Gold,100000,2500,Active,2020-03-07
CARD204128,C101432,Blue,150000,5000,Active,2017-12-09
CARD204129,C109103,Gold,75000,500,Blocked,2025-11-23
CARD204130,C107909,Blue,200000,2500,Inactive,2019-09-05
CARD204131,C102551,Gold,100000,1000,Blocked,2024-10-15
CARD204132,C108925,Gold,300000,500,Active,2021-03-14
CARD204133,C103216,Gold,200000,0,Closed,2017-06-08
CARD204134,C104383,Blue,75000,1000,Active,2024-10-10
CARD204135,C101284,Platinum,50000,0,Active,2020-11-06
CARD204136,C108123,Blue,50000,1000,Active,2025-07-31
CARD204137,C100620,Gold,50000,0,Active,2021-05-19
CARD204138,C105341,Platinum,100000,2500,Active,2020-09-23
CARD204139,C104008,Platinum,50000,2500,Active,2024-11-28
CARD204140,C101937,Gold,100000,500,Active,2017-08-16
CARD204141,C100821,Blue,150000,1000,Active,2017-09-02
CARD204142,C101876,Blue,200000,500,Inactive,2025-04-03
CARD204143,C109933,Platinum,300000,2500,Active,2018-07-19
CARD204144,C104890,Blue,50000,2500,Active,2022-08-14
CARD204145,C102553,Blue,500000,1000,Active,2018-05-19
CARD204146,C103103,Gold,150000,0,Active,2025-01-27
CARD204147,C100200,Blue,150000,500,Active,2025-04-28
CARD204148,C104044,Platinum,75000,1000,Inactive,2017-11-18
CARD204149,C100837,Gold,100000,5000,Active,2022-10-19
CARD204150,C109323,Platinum,100000,5000,Active,2024-08-12
CARD204151,C106899,Gold,100000,2500,Active,2021-08-08
CARD204152,C103639,Premium,100000,0,Active,2017-03-12
CARD204153,C103017,Premium,75000,500,Active,2022-07-19
CARD204154,C100538,Gold,100000,5000,Active,2025-03-16
CARD204155,C101627,Blue,200000,500,Active,2017-04-27
CARD204156,C108652,Blue,75000,1000,Active,2025-12-21
CARD204157,C101773,Platinum,200000,2500,Active,2017-09-02
CARD204158,C105301,Gold,100000,0,Active,2023-01-03
CARD204159,C107983,Blue,500000,0,Closed,2021-08-19
CARD204160,C106235,Gold,100000,5000,Blocked,2021-12-05
CARD204161,C100570,Premium,500000,2500,Active,2025-01-21
CARD204162,C108148,Premium,50000,500,Active,2022-08-25
CARD204163,C104028,Blue,50000,5000,Active,2021-08-16
CARD204164,C102926,Gold,75000,1000,Active,2024-02-06
CARD204165,C107813,Platinum,300000,0,Active,2017-06-23
CARD204166,C108099,Platinum,200000,500,Active,2024-06-19
CARD204167,C105747,Gold,75000,2500,Active,2023-04-24
CARD204168,C106421,Platinum,50000,500,Active,2019-07-09
CARD204169,C100563,Platinum,200000,0,Active,2020-09-06
CARD204170,C105592,Gold,300000,500,Active,2019-04-28
CARD204171,C105617,Gold,75000,0,Active,2018-07-06
CARD204172,C109133,Platinum,50000,0,Active,2020-09-21
CARD204173,C101692,Platinum,500000,1000,Active,2020-01-22
CARD204174,C107515,Blue,100000,1000,Active,2021-04-13
CARD204175,C104225,Gold,75000,500,Active,2020-10-05
CARD204176,C103646,Gold,500000,1000,Active,2019-09-30
CARD204177,C101889,Premium,200000,500,Active,2021-02-28
CARD204178,C107321,Gold,75000,0,Active,2020-06-12
CARD204179,C103128,Blue,100000,1000,Inactive,2019-04-07
CARD204180,C107256,Blue,100000,1000,Active,2026-04-04
CARD204181,C104304,Premium,100000,1000,Active,2022-06-16
CARD204182,C101040,Gold,150000,1000,Active,2022-07-27
CARD204183,C109644,Blue,75000,0,Active,2020-02-03
CARD204184,C106472,Gold,100000,0,Active,2021-08-24
CARD204185,C101186,Blue,150000,500,Active,2025-05-17
CARD204186,C107589,Blue,150000,0,Active,2021-07-06
CARD204187,C107180,Blue,75000,0,Blocked,2019-10-13
CARD204188,C109875,Platinum,200000,2500,Active,2021-03-01
CARD204189,C102317,Platinum,150000,1000,Active,2021-06-23
CARD204190,C108849,Blue,500000,0,Active,2017-01-21
CARD204191,C107237,Gold,100000,2500,Active,2018-10-14
CARD204192,C105101,Platinum,300000,500,Inactive,2018-04-01
CARD204193,C109994,Blue,50000,2500,Inactive,2022-09-28
CARD204194,C102957,Blue,500000,500,Active,2023-08-07
CARD204195,C102331,Platinum,200000,500,Active,2018-10-30
CARD204196,C104438,Gold,100000,1000,Active,2024-12-01
CARD204197,C106826,Gold,50000,500,Active,2017-02-10
CARD204198,C106165,Gold,200000,1000,Active,2021-07-18
CARD204199,C109618,Platinum,100000,1000,Active,2019-09-19
CARD204200,C108447,Blue,150000,1000,Active,2025-09-15
CARD204201,C102554,Gold,100000,2500,Active,2020-03-31
CARD204202,C101150,Blue,75000,1000,Closed,2018-04-27
CARD204203,C107654,Blue,50000,5000,Active,2021-05-11
CARD204204,C101719,Platinum,500000,5000,Active,2017-01-16
CARD204205,C105069,Gold,75000,0,Active,2017-03-04
CARD204206,C109445,Platinum,100000,1000,Active,2022-02-21
CARD204207,C100542,Gold,150000,1000,Active,2026-03-17
CARD204208,C104886,Gold,200000,0,Inactive,2018-09-22
CARD204209,C109568,Blue,75000,500,Active,2022-03-12
CARD204210,C106257,Platinum,200000,0,Active,2019-06-29
CARD204211,C104713,Gold,75000,500,Active,2023-12-08
CARD204212,C104612,Platinum,200000,2500,Active,2021-05-14
CARD204213,C103596,Gold,300000,0,Active,2022-06-20
CARD204214,C109587,Blue,300000,5000,Active,2018-10-27
CARD204215,C107228,Gold,50000,2500,Closed,2024-06-20
CARD204216,C106549,Premium,100000,1000,Active,2018-01-13
CARD204217,C108550,Blue,300000,5000,Blocked,2020-04-24
CARD204218,C101179,Blue,200000,0,Active,2017-05-23
CARD204219,C106785,Gold,300000,500,Active,2024-03-27
CARD204220,C101038,Gold,200000,0,Active,2021-06-08
CARD204221,C103376,Blue,300000,0,Active,2026-03-06
CARD204222,C103900,Blue,50000,2500,Inactive,2025-07-07
CARD204223,C108350,Blue,75000,500,Active,2021-07-24
CARD204224,C101465,Gold,200000,5000,Active,2023-09-09
CARD204225,C106714,Platinum,200000,500,Active,2023-09-28
CARD204226,C105306,Gold,75000,5000,Active,2022-07-19
CARD204227,C100296,Gold,200000,1000,Active,2025-04-05
CARD204228,C104000,Blue,75000,500,Closed,2017-11-17
CARD204229,C101305,Platinum,150000,1000,Active,2019-07-04
CARD204230,C108657,Premium,150000,2500,Active,2022-09-16
CARD204231,C107130,Platinum,200000,0,Active,2018-06-04
CARD204232,C103437,Gold,100000,500,Active,2022-10-31
CARD204233,C100606,Platinum,75000,0,Active,2024-05-12
CARD204234,C106294,Gold,200000,1000,Active,2017-09-11
CARD204235,C101368,Blue,300000,0,Active,2020-09-25
CARD204236,C103702,Blue,150000,500,Active,2023-07-31
CARD204237,C104291,Blue,300000,0,Active,2025-05-13
CARD204238,C105065,Gold,50000,0,Inactive,2021-10-22
CARD204239,C106622,Gold,150000,1000,Active,2020-07-08
CARD204240,C102776,Blue,100000,0,Active,2026-03-30
CARD204241,C103996,Gold,200000,0,Active,2024-01-13
CARD204242,C102446,Platinum,100000,500,Active,2018-04-30
CARD204243,C100330,Gold,50000,500,Active,2020-01-25
CARD204244,C106976,Platinum,100000,500,Blocked,2018-01-26
CARD204245,C108910,Platinum,150000,500,Active,2021-07-20
CARD204246,C108116,Blue,150000,500,Active,2023-03-30
CARD204247,C106059,Premium,200000,0,Active,2025-12-10
CARD204248,C102144,Blue,500000,500,Active,2022-09-07
CARD204249,C107648,Platinum,200000,0,Active,2024-10-23
CARD204250,C104399,Gold,100000,0,Active,2019-07-11
CARD204251,C107452,Gold,300000,2500,Active,2022-05-08
CARD204252,C106882,Platinum,150000,1000,Active,2022-04-14
CARD204253,C101466,Platinum,300000,500,Closed,2018-06-06
CARD204254,C103285,Blue,100000,500,Active,2026-02-27
CARD204255,C104580,Gold,75000,500,Active,2022-07-08
CARD204256,C106069,Gold,150000,2500,Active,2018-08-07
CARD204257,C107319,Gold,75000,5000,Active,2025-06-20
CARD204258,C100809,Blue,300000,500,Active,2022-09-15
CARD204259,C102117,Platinum,150000,1000,Active,2020-11-13
CARD204260,C100579,Blue,100000,0,Active,2018-01-11
CARD204261,C107638,Premium,75000,1000,Closed,2025-09-17
CARD204262,C100285,Platinum,100000,5000,Active,2024-05-16
CARD204263,C105843,Platinum,100000,0,Active,2024-05-14
CARD204264,C107246,Gold,50000,0,Active,2021-10-21
CARD204265,C101753,Platinum,75000,2500,Closed,2021-08-15
CARD204266,C103902,Blue,150000,500,Inactive,2018-06-04
CARD204267,C107190,Gold,50000,1000,Closed,2024-07-14
CARD204268,C104256,Gold,100000,500,Blocked,2019-10-26
CARD204269,C103875,Gold,150000,0,Active,2020-09-14
CARD204270,C106848,Gold,75000,500,Inactive,2024-06-28
CARD204271,C100935,Platinum,500000,0,Active,2022-04-17
CARD204272,C100142,Blue,100000,500,Active,2020-12-21
CARD204273,C101614,Premium,200000,0,Active,2021-04-01
CARD204274,C102428,Gold,75000,2500,Active,2025-11-13
CARD204275,C100146,Gold,50000,0,Active,2024-10-15
CARD204276,C109957,Platinum,50000,1000,Active,2021-09-09
CARD204277,C107266,Premium,100000,5000,Active,2021-04-05
CARD204278,C107950,Gold,100000,5000,Active,2021-12-09
CARD204279,C102668,Premium,75000,1000,Active,2018-12-14
CARD204280,C104180,Gold,100000,500,Closed,2018-08-13
CARD204281,C105813,Blue,75000,500,Inactive,2017-03-31
CARD204282,C100556,Gold,300000,500,Active,2025-04-01
CARD204283,C104113,Blue,100000,2500,Active,2021-11-03
CARD204284,C102198,Platinum,200000,1000,Active,2023-12-28
CARD204285,C101185,Blue,300000,2500,Active,2022-10-22
CARD204286,C109554,Gold,300000,0,Active,2018-02-05
CARD204287,C108161,Gold,150000,5000,Active,2021-07-07
CARD204288,C104814,Blue,100000,1000,Active,2018-07-19
CARD204289,C100907,Platinum,300000,5000,Active,2018-09-14
CARD204290,C109147,Blue,500000,2500,Active,2021-11-13
CARD204291,C109168,Premium,200000,1000,Active,2023-10-08
CARD204292,C106707,Blue,150000,0,Active,2024-04-01
CARD204293,C106622,Gold,75000,0,Active,2017-05-13
CARD204294,C109763,Gold,150000,0,Active,2023-11-27
CARD204295,C107240,Gold,75000,500,Active,2021-12-03
CARD204296,C102204,Blue,75000,2500,Active,2017-09-16
CARD204297,C104092,Platinum,100000,0,Active,2020-03-05
CARD204298,C107439,Blue,100000,5000,Active,2023-06-05
CARD204299,C108228,Gold,150000,1000,Active,2020-09-16
CARD204300,C109409,Gold,100000,1000,Active,2026-01-18
CARD204301,C107075,Blue,50000,5000,Closed,2022-04-04
CARD204302,C106041,Gold,100000,500,Active,2022-08-16
CARD204303,C105433,Blue,100000,0,Active,2021-11-29
CARD204304,C107314,Platinum,150000,500,Active,2022-02-24
CARD204305,C100073,Blue,100000,500,Inactive,2023-01-01
CARD204306,C100728,Gold,100000,5000,Inactive,2022-11-10
CARD204307,C108185,Gold,300000,0,Inactive,2018-02-09
CARD204308,C109919,Platinum,200000,500,Blocked,2022-01-29
CARD204309,C107612,Gold,200000,1000,Inactive,2023-02-16
CARD204310,C104249,Gold,150000,1000,Active,2019-01-26
CARD204311,C108952,Gold,300000,2500,Active,2018-11-14
CARD204312,C108346,Blue,150000,5000,Active,2022-03-16
CARD204313,C100016,Gold,50000,1000,Active,2022-12-22
CARD204314,C104282,Gold,150000,2500,Active,2023-10-27
CARD204315,C106678,Blue,150000,5000,Inactive,2017-10-26
CARD204316,C109196,Gold,300000,0,Inactive,2022-06-24
CARD204317,C109862,Gold,150000,1000,Active,2019-12-17
CARD204318,C104032,Blue,75000,500,Active,2021-06-07
CARD204319,C106288,Gold,100000,2500,Active,2023-10-13
CARD204320,C105025,Gold,100000,0,Active,2023-05-27
CARD204321,C108683,Platinum,150000,2500,Active,2020-05-17
CARD204322,C102748,Gold,75000,500,Active,2025-01-01
CARD204323,C103456,Blue,100000,500,Active,2023-11-17
CARD204324,C103338,Platinum,500000,1000,Active,2017-01-15
CARD204325,C103735,Gold,100000,500,Closed,2017-09-06
CARD204326,C100954,Platinum,200000,2500,Active,2025-03-22
CARD204327,C103246,Gold,500000,2500,Active,2021-01-11
CARD204328,C100403,Blue,200000,0,Active,2021-11-13
CARD204329,C105583,Gold,100000,0,Active,2023-04-08
CARD204330,C104339,Blue,75000,1000,Active,2020-09-27
CARD204331,C106283,Gold,200000,500,Active,2021-04-30
CARD204332,C105974,Gold,150000,0,Active,2023-07-27
CARD204333,C105891,Gold,100000,500,Inactive,2019-04-11
CARD204334,C107157,Gold,200000,0,Active,2026-03-30
CARD204335,C104564,Blue,150000,0,Active,2021-08-02
CARD204336,C102546,Blue,200000,0,Active,2019-09-26
CARD204337,C107951,Gold,150000,2500,Active,2018-09-29
CARD204338,C102291,Gold,150000,2500,Active,2024-06-01
CARD204339,C103881,Platinum,100000,2500,Active,2025-05-18
CARD204340,C107449,Blue,100000,0,Active,2025-05-28
CARD204341,C107498,Gold,200000,1000,Active,2025-03-13
CARD204342,C108091,Blue,100000,1000,Active,2018-11-27
CARD204343,C109840,Platinum,100000,1000,Active,2017-12-26
CARD204344,C105425,Gold,100000,0,Active,2025-02-14
CARD204345,C107756,Blue,200000,0,Active,2025-08-26
CARD204346,C109662,Gold,200000,0,Inactive,2025-08-28
CARD204347,C100338,Platinum,75000,0,Active,2025-02-22
CARD204348,C103587,Blue,150000,1000,Blocked,2022-08-06
CARD204349,C107458,Blue,75000,500,Active,2023-01-08
CARD204350,C101482,Gold,75000,500,Active,2018-10-31
CARD204351,C109809,Blue,75000,1000,Active,2025-07-08
CARD204352,C105056,Blue,75000,500,Active,2017-11-07
CARD204353,C102963,Blue,100000,500,Active,2024-09-12
CARD204354,C105252,Blue,100000,5000,Active,2022-08-11
CARD204355,C101947,Platinum,75000,1000,Inactive,2020-06-14
CARD204356,C106564,Premium,150000,1000,Blocked,2018-11-07
CARD204357,C107559,Blue,200000,0,Active,2026-01-22
CARD204358,C105509,Platinum,100000,1000,Active,2018-10-22
CARD204359,C100264,Gold,50000,500,Active,2018-03-17
CARD204360,C107976,Blue,150000,5000,Active,2021-08-25
CARD204361,C109504,Gold,200000,1000,Active,2023-09-04
CARD204362,C105528,Gold,150000,2500,Active,2020-08-06
CARD204363,C102335,Blue,200000,1000,Active,2023-07-08
CARD204364,C108408,Gold,50000,500,Active,2019-06-27
CARD204365,C102983,Gold,75000,1000,Active,2019-08-19
CARD204366,C101647,Gold,150000,5000,Active,2023-08-16
CARD204367,C105290,Gold,100000,500,Active,2018-05-07
CARD204368,C102157,Blue,75000,0,Active,2021-02-06
CARD204369,C106711,Gold,300000,500,Active,2017-07-31
CARD204370,C103481,Platinum,100000,2500,Active,2021-11-25
CARD204371,C101435,Gold,200000,0,Active,2021-08-23
CARD204372,C102266,Gold,500000,5000,Active,2018-04-20
CARD204373,C100077,Gold,50000,1000,Active,2018-12-01
CARD204374,C101387,Gold,300000,1000,Active,2025-04-02
CARD204375,C104751,Platinum,200000,0,Active,2020-08-09
CARD204376,C108639,Blue,200000,500,Active,2017-06-17
CARD204377,C107411,Blue,75000,0,Active,2020-06-03
CARD204378,C101344,Blue,75000,1000,Closed,2024-07-08
CARD204379,C100216,Premium,100000,0,Blocked,2020-07-13
CARD204380,C103055,Blue,75000,500,Active,2018-04-24
CARD204381,C102268,Platinum,200000,500,Active,2023-12-30
CARD204382,C100387,Blue,300000,500,Active,2023-03-24
CARD204383,C104918,Gold,500000,1000,Active,2024-02-04
CARD204384,C108976,Gold,100000,5000,Active,2017-05-26
CARD204385,C107332,Platinum,150000,5000,Active,2024-08-28
CARD204386,C103839,Blue,75000,1000,Active,2017-02-28
CARD204387,C109916,Gold,100000,0,Active,2017-06-19
CARD204388,C102348,Platinum,75000,0,Active,2018-10-09
CARD204389,C105186,Premium,150000,5000,Active,2018-10-07
CARD204390,C100529,Premium,75000,1000,Active,2022-07-17
CARD204391,C105961,Premium,50000,1000,Active,2025-05-31
CARD204392,C107856,Blue,75000,0,Active,2017-04-14
CARD204393,C104242,Blue,75000,5000,Active,2021-12-04
CARD204394,C107759,Gold,50000,0,Active,2019-09-15
CARD204395,C104562,Blue,100000,500,Active,2018-10-05
CARD204396,C108443,Premium,150000,500,Active,2025-09-17
CARD204397,C104893,Gold,300000,500,Active,2026-03-17
CARD204398,C100413,Blue,75000,500,Active,2022-04-30
CARD204399,C100495,Premium,50000,0,Active,2020-02-12
CARD204400,C109583,Blue,200000,0,Active,2020-07-24
CARD204401,C108860,Gold,150000,0,Active,2019-08-14
CARD204402,C109155,Gold,300000,0,Active,2017-07-03
CARD204403,C103402,Platinum,100000,500,Active,2017-09-06
CARD204404,C101561,Gold,300000,0,Closed,2017-06-08
CARD204405,C108961,Gold,50000,500,Active,2021-11-01
CARD204406,C107521,Blue,500000,0,Active,2022-04-09
CARD204407,C105246,Gold,100000,500,Active,2021-02-04
CARD204408,C100058,Gold,300000,1000,Active,2026-04-14
CARD204409,C101220,Blue,50000,500,Active,2021-02-23
CARD204410,C107192,Gold,75000,500,Active,2018-04-08
CARD204411,C109724,Gold,150000,5000,Active,2018-11-24
CARD204412,C106208,Blue,50000,500,Active,2019-02-28
CARD204413,C101439,Blue,150000,500,Active,2019-08-13
CARD204414,C107960,Blue,75000,1000,Active,2025-12-25
CARD204415,C105927,Gold,150000,0,Active,2017-06-10
CARD204416,C104621,Platinum,200000,500,Active,2025-12-16
CARD204417,C102123,Blue,150000,0,Active,2021-05-16
CARD204418,C102380,Gold,200000,0,Blocked,2021-12-03
CARD204419,C100092,Platinum,100000,2500,Active,2024-05-30
CARD204420,C101880,Gold,200000,0,Active,2022-04-04
CARD204421,C104584,Premium,150000,500,Active,2022-12-20
CARD204422,C108795,Blue,150000,1000,Active,2022-10-06
CARD204423,C106185,Gold,150000,5000,Closed,2019-01-22
CARD204424,C103465,Gold,150000,1000,Active,2018-02-11
CARD204425,C101660,Blue,100000,2500,Active,2021-07-12
CARD204426,C106559,Gold,100000,0,Active,2020-02-21
CARD204427,C107648,Gold,150000,0,Active,2017-03-28
CARD204428,C102754,Blue,100000,500,Active,2017-01-25
CARD204429,C109374,Gold,50000,1000,Active,2023-02-14
CARD204430,C102114,Gold,50000,500,Active,2019-09-10
CARD204431,C106476,Gold,300000,1000,Active,2022-11-13
CARD204432,C109650,Gold,200000,1000,Active,2021-04-15
CARD204433,C105479,Platinum,500000,1000,Active,2017-01-02
CARD204434,C100912,Premium,100000,2500,Active,2017-05-20
CARD204435,C109119,Gold,75000,0,Active,2021-11-01
CARD204436,C101509,Gold,500000,500,Inactive,2020-01-05
CARD204437,C108637,Gold,150000,2500,Active,2022-03-31
CARD204438,C101631,Gold,300000,500,Active,2019-06-11
CARD204439,C108436,Blue,100000,2500,Active,2024-02-21
CARD204440,C109346,Gold,200000,0,Active,2025-03-31
CARD204441,C109789,Blue,200000,500,Active,2024-12-22
CARD204442,C100124,Blue,150000,2500,Active,2017-10-20
CARD204443,C102842,Blue,75000,1000,Active,2018-06-03
CARD204444,C100210,Blue,200000,0,Active,2019-10-30
CARD204445,C104454,Blue,100000,1000,Inactive,2017-12-01
CARD204446,C106388,Gold,200000,500,Active,2025-02-03
CARD204447,C107048,Blue,150000,5000,Active,2018-09-30
CARD204448,C105250,Premium,50000,1000,Active,2021-11-04
CARD204449,C106133,Blue,100000,500,Active,2018-02-02
CARD204450,C109282,Platinum,100000,500,Active,2019-06-18
CARD204451,C109597,Platinum,300000,0,Active,2019-07-23
CARD204452,C103323,Platinum,200000,1000,Active,2023-07-08
CARD204453,C103467,Blue,100000,2500,Closed,2018-05-17
CARD204454,C100591,Premium,150000,1000,Closed,2021-04-10
CARD204455,C100773,Blue,100000,1000,Active,2023-04-01
CARD204456,C107167,Blue,150000,0,Active,2017-02-28
CARD204457,C107872,Blue,100000,0,Inactive,2020-07-03
CARD204458,C108359,Gold,100000,5000,Active,2022-01-29
CARD204459,C102547,Blue,200000,500,Active,2020-01-19
CARD204460,C106204,Platinum,300000,2500,Active,2017-08-08
CARD204461,C106356,Gold,50000,2500,Active,2024-01-29
CARD204462,C108600,Premium,50000,0,Active,2018-01-27
CARD204463,C107613,Gold,150000,2500,Blocked,2023-02-25
CARD204464,C101493,Blue,200000,0,Inactive,2023-09-27
CARD204465,C109487,Gold,300000,2500,Active,2018-05-14
CARD204466,C102466,Blue,100000,0,Active,2023-08-25
CARD204467,C104264,Premium,100000,2500,Active,2018-09-07
CARD204468,C105688,Gold,200000,500,Closed,2020-08-18
CARD204469,C105358,Blue,100000,500,Active,2017-09-24
CARD204470,C103153,Gold,50000,1000,Inactive,2019-02-14
CARD204471,C101768,Platinum,200000,2500,Active,2023-02-22
CARD204472,C104781,Premium,75000,0,Active,2017-04-09
CARD204473,C109925,Gold,500000,5000,Active,2022-11-13
CARD204474,C103134,Gold,75000,2500,Closed,2023-11-09
CARD204475,C102225,Gold,150000,500,Active,2022-05-08
CARD204476,C104616,Blue,300000,0,Closed,2023-06-27
CARD204477,C103508,Gold,75000,0,Active,2020-01-30
CARD204478,C101681,Gold,100000,1000,Active,2024-02-08
CARD204479,C104458,Platinum,100000,2500,Active,2021-11-13
CARD204480,C109223,Gold,150000,5000,Active,2018-01-03
CARD204481,C107700,Premium,100000,500,Active,2022-04-08
CARD204482,C105320,Gold,150000,0,Active,2017-06-23
CARD204483,C101877,Gold,150000,1000,Active,2023-10-30
CARD204484,C109879,Blue,100000,500,Blocked,2018-11-22
CARD204485,C108147,Gold,150000,1000,Inactive,2021-06-17
CARD204486,C106340,Blue,75000,500,Active,2024-06-01
CARD204487,C107699,Gold,75000,1000,Active,2019-12-03
CARD204488,C107761,Gold,50000,0,Active,2018-06-19
CARD204489,C100128,Gold,300000,0,Active,2017-03-04
CARD204490,C108719,Platinum,100000,0,Active,2022-08-12
CARD204491,C101153,Gold,100000,5000,Active,2025-08-27
CARD204492,C101590,Gold,150000,2500,Inactive,2022-12-23
CARD204493,C108227,Gold,100000,2500,Active,2018-05-30
CARD204494,C104841,Blue,100000,1000,Inactive,2024-04-06
CARD204495,C103301,Blue,100000,500,Active,2025-08-12
CARD204496,C109344,Blue,75000,0,Active,2017-01-15
CARD204497,C108079,Platinum,500000,1000,Inactive,2023-11-16
CARD204498,C109380,Blue,50000,500,Active,2022-11-16
CARD204499,C106241,Premium,100000,1000,Active,2024-12-07
CARD204500,C106574,Blue,150000,500,Inactive,2025-08-10
CARD204501,C105808,Platinum,100000,0,Active,2021-09-06
CARD204502,C103287,Platinum,100000,1000,Active,2021-04-01
CARD204503,C104201,Gold,150000,5000,Active,2019-07-17
CARD204504,C103385,Gold,200000,500,Active,2023-12-10
CARD204505,C106981,Gold,50000,0,Closed,2019-07-21
CARD204506,C109010,Blue,50000,1000,Active,2020-08-19
CARD204507,C107765,Blue,100000,500,Inactive,2026-01-13
CARD204508,C105926,Platinum,100000,1000,Active,2018-03-21
CARD204509,C101085,Gold,200000,2500,Active,2017-01-26
CARD204510,C104666,Premium,50000,0,Active,2020-03-22
CARD204511,C107299,Blue,150000,0,Active,2024-10-14
CARD204512,C104663,Gold,100000,500,Active,2023-06-22
CARD204513,C108763,Gold,100000,0,Active,2023-07-20
CARD204514,C100032,Gold,150000,0,Active,2017-11-10
CARD204515,C104761,Gold,75000,500,Active,2023-11-15
CARD204516,C105463,Blue,75000,500,Active,2021-01-10
CARD204517,C102027,Blue,200000,500,Active,2017-03-18
CARD204518,C100561,Blue,200000,1000,Active,2017-07-21
CARD204519,C102798,Gold,75000,5000,Active,2024-05-28
CARD204520,C100018,Blue,150000,5000,Closed,2025-02-21
CARD204521,C102148,Blue,150000,500,Active,2020-12-20
CARD204522,C104030,Gold,150000,1000,Active,2025-05-17
CARD204523,C103858,Gold,300000,500,Closed,2019-05-28
CARD204524,C100398,Gold,150000,1000,Active,2020-12-18
CARD204525,C102824,Platinum,300000,500,Active,2017-08-12
CARD204526,C106965,Gold,100000,0,Active,2020-06-16
CARD204527,C109688,Blue,50000,500,Active,2017-09-30
CARD204528,C107019,Blue,75000,5000,Inactive,2024-07-14
CARD204529,C100539,Blue,150000,0,Inactive,2024-11-20
CARD204530,C108527,Blue,100000,2500,Active,2025-02-26
CARD204531,C101388,Platinum,100000,0,Active,2025-03-21
CARD204532,C105387,Blue,200000,1000,Active,2022-11-19
CARD204533,C106066,Blue,150000,500,Active,2021-12-22
CARD204534,C100451,Blue,200000,1000,Active,2025-04-07
CARD204535,C102527,Blue,50000,2500,Active,2023-04-20
CARD204536,C101080,Gold,300000,0,Active,2021-10-01
CARD204537,C108044,Platinum,100000,1000,Active,2017-01-19
CARD204538,C101921,Blue,200000,0,Active,2018-05-13
CARD204539,C107093,Gold,100000,5000,Active,2023-04-08
CARD204540,C100482,Blue,75000,500,Active,2026-04-10
CARD204541,C104031,Platinum,150000,0,Active,2020-08-09
CARD204542,C108189,Premium,50000,1000,Active,2025-05-02
CARD204543,C102155,Blue,50000,1000,Active,2018-12-19
CARD204544,C105838,Gold,75000,500,Active,2024-07-31
CARD204545,C108035,Gold,100000,5000,Active,2024-12-26
CARD204546,C105048,Blue,75000,5000,Active,2025-05-14
CARD204547,C105223,Blue,500000,500,Inactive,2021-01-24
CARD204548,C109488,Blue,50000,1000,Active,2017-01-09
CARD204549,C100337,Gold,300000,0,Closed,2023-09-22
CARD204550,C101951,Blue,100000,500,Blocked,2026-04-06
CARD204551,C101638,Gold,200000,2500,Closed,2024-02-15
CARD204552,C105850,Blue,300000,0,Active,2021-01-21
CARD204553,C104261,Gold,150000,0,Inactive,2017-05-12
CARD204554,C106135,Blue,100000,1000,Active,2017-04-11
CARD204555,C102148,Blue,150000,500,Active,2019-02-18
CARD204556,C103769,Blue,500000,2500,Active,2023-01-09
CARD204557,C102974,Gold,50000,5000,Active,2020-04-04
CARD204558,C106295,Blue,150000,500,Active,2017-12-07
CARD204559,C101927,Platinum,100000,5000,Active,2024-07-24
CARD204560,C108752,Gold,200000,1000,Inactive,2019-09-03
CARD204561,C107112,Blue,50000,500,Active,2019-04-21
CARD204562,C109138,Blue,150000,500,Active,2020-01-11
CARD204563,C107523,Platinum,100000,5000,Active,2017-08-16
CARD204564,C105554,Blue,200000,0,Active,2025-04-11
CARD204565,C103746,Gold,50000,500,Active,2023-08-20
CARD204566,C100312,Gold,200000,500,Active,2023-05-03
CARD204567,C106534,Gold,50000,500,Active,2025-11-06
CARD204568,C103476,Gold,300000,1000,Active,2025-12-18
CARD204569,C104004,Blue,100000,0,Closed,2019-07-27
CARD204570,C101974,Gold,300000,1000,Closed,2017-03-21
CARD204571,C101303,Platinum,50000,5000,Active,2019-08-16
CARD204572,C109033,Platinum,300000,500,Active,2024-11-01
CARD204573,C101619,Blue,150000,500,Active,2022-03-10
CARD204574,C109251,Platinum,50000,0,Closed,2018-08-12
CARD204575,C104927,Gold,500000,1000,Closed,2020-09-06
CARD204576,C108846,Gold,100000,1000,Active,2019-12-17
CARD204577,C100163,Gold,75000,1000,Active,2025-04-23
CARD204578,C108783,Gold,50000,5000,Active,2024-12-17
CARD204579,C107001,Platinum,150000,500,Active,2017-06-30
CARD204580,C106999,Gold,150000,1000,Blocked,2017-07-03
CARD204581,C109436,Platinum,100000,5000,Active,2023-01-24
CARD204582,C106087,Platinum,150000,1000,Active,2026-03-25
CARD204583,C109041,Platinum,200000,1000,Active,2024-11-15
CARD204584,C109226,Platinum,100000,1000,Active,2023-01-01
CARD204585,C104274,Blue,500000,0,Active,2023-11-24
CARD204586,C106788,Gold,50000,0,Inactive,2021-06-07
CARD204587,C104556,Gold,200000,0,Active,2019-08-21
CARD204588,C108363,Gold,200000,1000,Active,2026-02-01
CARD204589,C102647,Gold,150000,500,Active,2022-07-02
CARD204590,C104735,Premium,75000,2500,Active,2022-09-15
CARD204591,C109089,Gold,150000,0,Active,2024-02-03
CARD204592,C104320,Gold,75000,1000,Closed,2019-03-20
CARD204593,C105900,Platinum,50000,0,Active,2017-06-23
CARD204594,C108887,Platinum,150000,500,Active,2023-01-22
CARD204595,C100256,Blue,150000,2500,Active,2021-07-25
CARD204596,C102785,Gold,200000,500,Active,2017-10-04
CARD204597,C107594,Premium,75000,500,Closed,2025-01-25
CARD204598,C101160,Platinum,300000,2500,Active,2025-05-27
CARD204599,C106646,Blue,150000,0,Active,2018-12-10
CARD204600,C100044,Blue,150000,0,Inactive,2023-01-10
CARD204601,C100024,Platinum,75000,2500,Active,2026-04-21
CARD204602,C109600,Platinum,200000,500,Active,2023-01-08
CARD204603,C105428,Platinum,150000,2500,Active,2021-10-04
CARD204604,C105731,Blue,75000,2500,Active,2021-03-20
CARD204605,C101571,Platinum,150000,2500,Active,2018-07-01
CARD204606,C105313,Premium,100000,5000,Active,2024-07-25
CARD204607,C109876,Gold,500000,500,Active,2023-03-05
CARD204608,C100590,Gold,500000,0,Active,2024-02-22
CARD204609,C109128,Blue,150000,500,Closed,2025-07-19
CARD204610,C105657,Blue,100000,2500,Active,2022-05-25
CARD204611,C103678,Blue,100000,1000,Active,2025-06-16
CARD204612,C108709,Blue,75000,1000,Closed,2021-08-01
CARD204613,C104340,Blue,200000,0,Active,2020-11-09
CARD204614,C101732,Gold,150000,1000,Active,2020-12-19
CARD204615,C109258,Blue,150000,1000,Active,2021-04-28
CARD204616,C100624,Premium,50000,2500,Active,2024-12-30
CARD204617,C105191,Platinum,50000,2500,Closed,2025-09-29
CARD204618,C103081,Blue,75000,500,Inactive,2025-08-31
CARD204619,C107251,Platinum,100000,0,Active,2020-07-09
CARD204620,C104816,Gold,100000,0,Closed,2023-05-01
CARD204621,C101317,Platinum,200000,0,Active,2024-08-25
CARD204622,C107601,Gold,200000,5000,Closed,2026-02-20
CARD204623,C106050,Blue,150000,500,Active,2022-08-16
CARD204624,C100013,Platinum,50000,0,Active,2025-12-12
CARD204625,C103258,Gold,150000,5000,Active,2021-11-05
CARD204626,C108173,Platinum,500000,1000,Active,2022-07-21
CARD204627,C103185,Platinum,100000,500,Active,2023-01-12
CARD204628,C101591,Platinum,150000,0,Active,2021-07-06
CARD204629,C106247,Gold,50000,0,Active,2022-09-10
CARD204630,C104583,Platinum,75000,500,Active,2021-11-07
CARD204631,C107240,Platinum,150000,2500,Blocked,2023-01-30
CARD204632,C102270,Platinum,300000,1000,Active,2020-12-03
CARD204633,C103676,Blue,200000,0,Active,2018-11-12
CARD204634,C103209,Premium,200000,0,Active,2024-10-05
CARD204635,C105257,Platinum,200000,1000,Active,2017-05-10
CARD204636,C109627,Gold,150000,500,Active,2023-08-11
CARD204637,C101996,Platinum,150000,1000,Active,2023-11-25
CARD204638,C105883,Gold,100000,5000,Active,2022-07-22
CARD204639,C107277,Gold,200000,1000,Active,2023-07-27
CARD204640,C101404,Platinum,100000,1000,Active,2024-07-17
CARD204641,C104910,Gold,150000,2500,Active,2019-03-02
CARD204642,C101472,Platinum,500000,500,Active,2022-08-08
CARD204643,C107968,Platinum,100000,1000,Active,2019-12-01
CARD204644,C108383,Platinum,100000,2500,Active,2025-06-21
CARD204645,C100770,Gold,50000,2500,Active,2024-06-09
CARD204646,C109868,Blue,100000,500,Active,2017-02-18
CARD204647,C108828,Platinum,300000,500,Active,2024-11-05
CARD204648,C106938,Blue,75000,0,Active,2022-01-14
CARD204649,C106857,Gold,200000,2500,Active,2018-02-27
CARD204650,C101231,Platinum,150000,1000,Blocked,2024-02-09
CARD204651,C108708,Platinum,150000,1000,Inactive,2021-03-09
CARD204652,C103225,Gold,500000,0,Active,2024-09-29
CARD204653,C105211,Platinum,100000,500,Active,2019-07-21
CARD204654,C108587,Gold,100000,0,Active,2021-05-13
CARD204655,C100697,Gold,150000,500,Active,2022-05-12
CARD204656,C101822,Gold,150000,5000,Active,2019-07-19
CARD204657,C107194,Blue,100000,1000,Active,2025-01-13
CARD204658,C107559,Platinum,300000,1000,Active,2019-01-29
CARD204659,C103765,Blue,200000,1000,Active,2018-01-30
CARD204660,C109438,Premium,100000,1000,Active,2020-06-17
CARD204661,C109050,Blue,75000,5000,Active,2020-12-11
CARD204662,C102399,Premium,50000,5000,Active,2025-07-03
CARD204663,C104789,Blue,75000,0,Active,2024-09-07
CARD204664,C106682,Gold,500000,0,Active,2022-02-10
CARD204665,C104963,Gold,50000,0,Active,2024-07-13
CARD204666,C105460,Gold,500000,5000,Active,2023-10-12
CARD204667,C103435,Platinum,150000,2500,Closed,2017-03-06
CARD204668,C100650,Gold,100000,5000,Blocked,2020-12-24
CARD204669,C101191,Gold,200000,0,Active,2024-01-08
CARD204670,C100856,Platinum,100000,1000,Blocked,2023-07-09
CARD204671,C103767,Gold,50000,0,Active,2024-07-06
CARD204672,C105942,Gold,75000,0,Inactive,2026-01-14
CARD204673,C109687,Platinum,200000,2500,Active,2025-01-04
CARD204674,C108115,Gold,150000,1000,Active,2022-05-18
CARD204675,C103427,Blue,100000,500,Active,2023-05-28
CARD204676,C109471,Platinum,200000,0,Active,2025-11-28
CARD204677,C105620,Gold,100000,0,Active,2019-08-11
CARD204678,C105040,Blue,100000,500,Blocked,2024-08-20
CARD204679,C100096,Blue,300000,500,Active,2020-10-04
CARD204680,C106719,Blue,150000,0,Active,2019-03-21
CARD204681,C104328,Platinum,150000,0,Inactive,2020-04-08
CARD204682,C103578,Gold,150000,1000,Active,2019-02-19
CARD204683,C103141,Blue,75000,1000,Active,2018-09-16
CARD204684,C109641,Platinum,500000,500,Closed,2025-03-18
CARD204685,C107790,Gold,50000,500,Active,2019-08-29
CARD204686,C106468,Gold,100000,2500,Active,2019-04-22
CARD204687,C100741,Platinum,100000,0,Active,2017-06-25
CARD204688,C106983,Platinum,500000,0,Active,2019-02-27
CARD204689,C103592,Gold,150000,500,Active,2021-03-24
CARD204690,C106211,Platinum,100000,0,Inactive,2020-08-07
CARD204691,C102150,Blue,100000,0,Active,2017-08-17
CARD204692,C103433,Gold,50000,500,Active,2023-04-14
CARD204693,C107347,Gold,50000,0,Inactive,2022-02-11
CARD204694,C102266,Blue,75000,0,Active,2019-09-05
CARD204695,C102653,Gold,100000,1000,Closed,2019-10-13
CARD204696,C102354,Gold,100000,1000,Active,2023-09-29
CARD204697,C105525,Blue,500000,0,Closed,2017-05-30
CARD204698,C100607,Premium,75000,0,Blocked,2018-08-19
CARD204699,C101580,Blue,200000,500,Blocked,2018-11-29
CARD204700,C109067,Platinum,300000,0,Active,2025-07-02
CARD204701,C100298,Platinum,75000,5000,Active,2018-04-29
CARD204702,C104271,Blue,75000,0,Active,2019-04-28
CARD204703,C102918,Blue,200000,1000,Active,2023-07-15
CARD204704,C105466,Gold,500000,0,Active,2019-04-15
CARD204705,C105047,Blue,150000,500,Active,2019-12-01
CARD204706,C107065,Platinum,100000,0,Active,2019-09-06
CARD204707,C108773,Gold,50000,0,Active,2024-10-15
CARD204708,C109141,Blue,200000,0,Blocked,2024-11-22
CARD204709,C106754,Gold,75000,1000,Active,2019-09-02
CARD204710,C108390,Blue,75000,0,Active,2017-12-06
CARD204711,C107980,Gold,75000,500,Active,2023-01-07
CARD204712,C104606,Gold,150000,0,Inactive,2020-12-21
CARD204713,C102141,Gold,100000,1000,Active,2020-07-08
CARD204714,C108868,Platinum,200000,0,Active,2024-05-03
CARD204715,C103935,Gold,50000,1000,Active,2022-05-22
CARD204716,C107555,Platinum,150000,1000,Inactive,2017-05-03
CARD204717,C104365,Platinum,300000,0,Active,2022-12-03
CARD204718,C103895,Premium,300000,1000,Active,2021-11-16
CARD204719,C104398,Blue,75000,0,Active,2018-01-23
CARD204720,C108680,Gold,150000,0,Active,2017-03-09
CARD204721,C107885,Platinum,500000,0,Active,2017-12-21
CARD204722,C107483,Platinum,200000,5000,Active,2021-11-09
CARD204723,C100261,Platinum,300000,0,Active,2026-04-23
CARD204724,C101623,Gold,300000,2500,Active,2024-03-20
CARD204725,C107967,Gold,50000,500,Active,2024-07-30
CARD204726,C107025,Blue,75000,2500,Active,2023-05-14
CARD204727,C106358,Blue,200000,2500,Active,2025-09-03
CARD204728,C109741,Gold,200000,0,Active,2017-06-05
CARD204729,C106429,Blue,50000,500,Active,2017-02-05
CARD204730,C100550,Blue,300000,0,Active,2018-09-25
CARD204731,C105646,Blue,100000,500,Active,2024-06-09
CARD204732,C104871,Platinum,300000,5000,Active,2018-01-15
CARD204733,C103658,Platinum,50000,500,Blocked,2017-07-07
CARD204734,C105202,Gold,150000,0,Active,2020-11-19
CARD204735,C103550,Platinum,500000,500,Active,2020-07-07
CARD204736,C103593,Platinum,150000,1000,Inactive,2021-12-26
CARD204737,C103932,Blue,50000,500,Closed,2021-05-15
CARD204738,C107153,Platinum,50000,500,Active,2019-11-05
CARD204739,C106980,Blue,150000,2500,Active,2022-07-15
CARD204740,C103468,Blue,200000,500,Active,2023-03-17
CARD204741,C108000,Gold,200000,2500,Active,2019-01-10
CARD204742,C105756,Gold,150000,2500,Active,2017-04-18
CARD204743,C105297,Gold,100000,2500,Active,2017-01-16
CARD204744,C101441,Blue,50000,2500,Active,2018-01-17
CARD204745,C105596,Gold,150000,1000,Active,2021-02-23
CARD204746,C101377,Platinum,150000,500,Inactive,2017-10-22
CARD204747,C106343,Platinum,75000,2500,Active,2017-08-04
CARD204748,C107806,Blue,500000,1000,Inactive,2022-07-13
CARD204749,C105936,Platinum,150000,500,Inactive,2024-09-11
CARD204750,C106773,Gold,200000,0,Active,2017-05-08
CARD204751,C109835,Platinum,150000,500,Inactive,2017-04-05
CARD204752,C101543,Blue,75000,2500,Active,2019-04-30
CARD204753,C105175,Premium,300000,0,Active,2024-03-19
CARD204754,C109700,Blue,150000,1000,Active,2026-03-07
CARD204755,C108236,Gold,150000,500,Closed,2021-03-29
CARD204756,C102207,Platinum,150000,0,Active,2019-10-25
CARD204757,C105332,Gold,200000,1000,Active,2017-05-25
CARD204758,C100235,Gold,300000,5000,Blocked,2019-04-26
CARD204759,C102966,Gold,100000,0,Active,2020-02-16
CARD204760,C104989,Gold,300000,1000,Active,2022-02-25
CARD204761,C106500,Blue,50000,0,Closed,2017-04-12
CARD204762,C101385,Gold,100000,0,Inactive,2017-01-21
CARD204763,C106442,Gold,300000,0,Active,2017-09-27
CARD204764,C107745,Blue,150000,0,Active,2018-05-09
CARD204765,C104420,Blue,50000,0,Blocked,2021-08-29
CARD204766,C100224,Blue,100000,1000,Blocked,2024-07-14
CARD204767,C101707,Gold,200000,2500,Active,2020-05-12
CARD204768,C104911,Blue,100000,0,Active,2019-02-10
CARD204769,C109860,Blue,75000,0,Active,2025-07-18
CARD204770,C100695,Gold,200000,0,Active,2018-05-24
CARD204771,C108888,Platinum,75000,500,Active,2022-02-19
CARD204772,C100640,Blue,75000,500,Active,2017-10-15
CARD204773,C106961,Blue,150000,5000,Active,2022-11-19
CARD204774,C107662,Gold,150000,0,Active,2021-03-01
CARD204775,C106615,Gold,50000,500,Closed,2023-07-24
CARD204776,C107874,Premium,150000,2500,Active,2025-05-22
CARD204777,C104694,Platinum,50000,1000,Active,2025-07-10
CARD204778,C103874,Gold,300000,1000,Active,2019-06-27
CARD204779,C108512,Blue,200000,1000,Active,2017-01-15
CARD204780,C107901,Blue,200000,2500,Closed,2021-12-18
CARD204781,C101097,Platinum,200000,500,Blocked,2018-11-25
CARD204782,C105870,Gold,75000,500,Active,2024-02-10
CARD204783,C105060,Blue,50000,0,Active,2024-08-29
CARD204784,C108004,Gold,100000,5000,Active,2017-12-07
CARD204785,C101190,Gold,150000,5000,Active,2017-01-19
CARD204786,C107782,Blue,500000,1000,Active,2022-12-18
CARD204787,C103943,Blue,75000,500,Active,2017-08-18
CARD204788,C101318,Gold,300000,1000,Active,2017-09-04
CARD204789,C100086,Gold,50000,0,Inactive,2024-11-03
CARD204790,C102919,Gold,100000,1000,Active,2019-05-05
CARD204791,C101025,Premium,100000,1000,Active,2024-03-21
CARD204792,C107647,Blue,100000,1000,Active,2024-02-23
CARD204793,C105095,Gold,200000,0,Blocked,2021-09-04
CARD204794,C102099,Gold,100000,0,Active,2018-09-16
CARD204795,C107727,Gold,200000,0,Closed,2017-04-21
CARD204796,C105366,Platinum,300000,1000,Active,2026-04-23
CARD204797,C106925,Blue,150000,500,Active,2021-12-25
CARD204798,C108771,Platinum,100000,2500,Active,2021-02-06
CARD204799,C105530,Blue,50000,5000,Active,2023-04-28
CARD204800,C105754,Blue,200000,500,Active,2020-01-18
CARD204801,C104527,Platinum,500000,500,Active,2017-04-17
CARD204802,C108328,Blue,75000,1000,Active,2020-11-29
CARD204803,C100134,Platinum,300000,500,Active,2020-10-26
CARD204804,C102700,Platinum,500000,500,Closed,2017-10-08
CARD204805,C106634,Gold,150000,0,Active,2020-07-27
CARD204806,C109526,Blue,150000,500,Closed,2018-02-21
CARD204807,C101390,Gold,200000,5000,Active,2023-09-15
CARD204808,C105485,Platinum,500000,1000,Active,2020-07-07
CARD204809,C104150,Blue,150000,5000,Active,2018-11-19
CARD204810,C107826,Gold,50000,500,Active,2024-02-16
CARD204811,C105367,Blue,200000,0,Active,2019-10-19
CARD204812,C100955,Blue,100000,0,Active,2017-01-07
CARD204813,C101541,Gold,150000,1000,Active,2019-10-30
CARD204814,C108192,Blue,150000,2500,Inactive,2018-06-06
CARD204815,C103837,Platinum,100000,5000,Active,2023-06-27
CARD204816,C101269,Gold,50000,0,Active,2018-02-14
CARD204817,C107889,Platinum,150000,0,Active,2018-09-12
CARD204818,C101160,Gold,100000,500,Active,2021-04-03
CARD204819,C103409,Premium,500000,500,Inactive,2022-10-14
CARD204820,C106774,Blue,50000,1000,Active,2020-11-23
CARD204821,C109561,Platinum,300000,1000,Active,2025-02-27
CARD204822,C100347,Blue,100000,1000,Closed,2022-10-17
CARD204823,C108570,Platinum,75000,5000,Active,2026-01-21
CARD204824,C101524,Platinum,100000,2500,Blocked,2020-01-16
CARD204825,C108657,Platinum,50000,500,Active,2021-12-02
CARD204826,C105510,Blue,150000,0,Active,2018-08-23
CARD204827,C103458,Blue,300000,2500,Blocked,2026-04-15
CARD204828,C104882,Platinum,200000,0,Inactive,2023-01-02
CARD204829,C101648,Gold,100000,500,Active,2022-09-05
CARD204830,C106854,Gold,100000,500,Active,2023-05-01
CARD204831,C106919,Gold,100000,0,Active,2025-08-20
CARD204832,C108163,Blue,75000,500,Active,2022-05-30
CARD204833,C100971,Gold,75000,0,Active,2024-04-08
CARD204834,C108984,Gold,200000,1000,Active,2022-11-10
CARD204835,C101266,Premium,150000,0,Active,2020-12-30
CARD204836,C104997,Gold,100000,5000,Active,2020-08-25
CARD204837,C101886,Premium,75000,1000,Active,2023-11-09
CARD204838,C109979,Blue,200000,0,Active,2018-05-05
CARD204839,C102161,Gold,50000,2500,Closed,2018-11-06
CARD204840,C101119,Platinum,75000,5000,Active,2025-09-24
CARD204841,C108557,Gold,100000,0,Active,2018-01-25
CARD204842,C100732,Gold,300000,500,Closed,2017-11-22
CARD204843,C102827,Blue,200000,2500,Active,2025-05-06
CARD204844,C104356,Blue,50000,0,Active,2024-06-02
CARD204845,C100273,Gold,150000,2500,Active,2025-04-13
CARD204846,C108192,Gold,200000,0,Active,2021-05-11
CARD204847,C107128,Platinum,150000,0,Inactive,2023-09-22
CARD204848,C107954,Platinum,100000,1000,Active,2021-11-18
CARD204849,C100441,Gold,300000,0,Inactive,2025-04-06
CARD204850,C107981,Gold,200000,2500,Active,2019-05-13
CARD204851,C108760,Gold,150000,1000,Active,2025-01-06
CARD204852,C108906,Gold,75000,5000,Active,2024-09-22
CARD204853,C108589,Gold,75000,0,Active,2025-05-27
CARD204854,C106510,Gold,75000,0,Active,2024-09-03
CARD204855,C101964,Blue,150000,500,Active,2018-06-07
CARD204856,C109221,Premium,150000,1000,Active,2023-04-30
CARD204857,C107464,Blue,150000,500,Active,2024-01-20
CARD204858,C101214,Blue,75000,0,Active,2019-10-13
CARD204859,C105214,Premium,150000,0,Active,2021-08-10
CARD204860,C101748,Gold,150000,500,Active,2019-11-18
CARD204861,C107184,Platinum,300000,0,Blocked,2018-09-01
CARD204862,C107522,Gold,75000,0,Blocked,2023-06-18
CARD204863,C101862,Gold,75000,0,Active,2024-01-19
CARD204864,C101426,Platinum,500000,1000,Closed,2017-03-15
CARD204865,C109062,Gold,50000,2500,Active,2020-04-28
CARD204866,C100603,Platinum,100000,0,Active,2026-04-13
CARD204867,C101172,Gold,300000,500,Active,2017-06-29
CARD204868,C109496,Gold,150000,1000,Inactive,2017-06-15
CARD204869,C107481,Platinum,150000,2500,Active,2021-02-10
CARD204870,C101043,Gold,75000,0,Blocked,2021-05-30
CARD204871,C104124,Blue,200000,2500,Active,2020-03-07
CARD204872,C105203,Blue,500000,500,Active,2024-10-16
CARD204873,C107563,Gold,100000,1000,Active,2020-02-11
CARD204874,C103248,Gold,300000,500,Active,2022-06-28
CARD204875,C105055,Premium,50000,1000,Inactive,2017-10-29
CARD204876,C104641,Platinum,200000,1000,Active,2021-02-20
CARD204877,C105146,Gold,500000,500,Active,2018-02-10
CARD204878,C109027,Blue,300000,5000,Active,2020-05-05
CARD204879,C105050,Platinum,50000,5000,Active,2020-01-03
CARD204880,C104908,Gold,150000,500,Active,2018-12-19
CARD204881,C105263,Platinum,50000,0,Active,2022-11-07
CARD204882,C109129,Gold,50000,0,Active,2024-02-28
CARD204883,C103354,Gold,50000,0,Blocked,2022-12-17
CARD204884,C109246,Gold,75000,1000,Active,2023-06-24
CARD204885,C107379,Gold,150000,0,Active,2023-10-03
CARD204886,C108523,Gold,200000,1000,Active,2024-09-30
CARD204887,C100834,Blue,75000,1000,Active,2018-04-11
CARD204888,C108036,Blue,50000,0,Blocked,2024-02-17
CARD204889,C105858,Blue,100000,500,Active,2018-05-05
CARD204890,C109637,Gold,100000,0,Active,2018-02-26
CARD204891,C104419,Blue,100000,0,Active,2023-03-14
CARD204892,C103161,Gold,150000,500,Active,2017-02-17
CARD204893,C101569,Gold,500000,0,Active,2019-01-15
CARD204894,C108869,Gold,100000,0,Active,2018-10-15
CARD204895,C106030,Gold,150000,500,Inactive,2026-01-10
CARD204896,C101277,Platinum,200000,0,Active,2017-03-10
CARD204897,C102887,Blue,100000,1000,Active,2022-01-28
CARD204898,C102763,Blue,50000,1000,Active,2025-03-05
CARD204899,C106363,Gold,100000,0,Active,2025-08-28
CARD204900,C106878,Blue,200000,0,Active,2020-03-29
CARD204901,C106780,Gold,75000,0,Active,2018-02-11
CARD204902,C108171,Platinum,150000,1000,Active,2025-10-15
CARD204903,C109174,Blue,50000,0,Active,2019-07-11
CARD204904,C107489,Blue,150000,500,Active,2018-03-17
CARD204905,C104756,Platinum,150000,1000,Active,2019-03-09
CARD204906,C102392,Gold,200000,500,Blocked,2023-03-10
CARD204907,C104476,Premium,50000,0,Active,2019-12-26
CARD204908,C103415,Blue,500000,500,Active,2017-10-16
CARD204909,C102188,Platinum,150000,5000,Active,2024-03-05
CARD204910,C107942,Platinum,150000,0,Active,2023-07-16
CARD204911,C103361,Premium,200000,500,Active,2020-10-08
CARD204912,C107560,Blue,50000,500,Active,2017-03-02
CARD204913,C102749,Gold,75000,0,Active,2022-11-12
CARD204914,C108575,Gold,75000,1000,Closed,2017-10-18
CARD204915,C102711,Gold,75000,500,Active,2018-04-04
CARD204916,C109454,Blue,50000,500,Active,2019-06-09
CARD204917,C106477,Gold,300000,0,Active,2017-11-07
CARD204918,C100417,Blue,100000,500,Inactive,2022-03-26
CARD204919,C108321,Blue,50000,5000,Active,2025-10-03
CARD204920,C102615,Platinum,200000,2500,Active,2021-09-27
CARD204921,C103294,Gold,100000,0,Active,2020-05-10
CARD204922,C105057,Platinum,75000,1000,Active,2022-12-06
CARD204923,C106147,Blue,300000,500,Active,2020-06-03
CARD204924,C101873,Platinum,200000,1000,Active,2024-07-21
CARD204925,C107316,Blue,150000,5000,Active,2017-04-18
CARD204926,C105051,Blue,100000,0,Inactive,2017-10-03
CARD204927,C103703,Platinum,50000,1000,Active,2020-08-07
CARD204928,C109045,Blue,100000,0,Active,2022-01-05
CARD204929,C106621,Gold,100000,500,Active,2021-07-23
CARD204930,C104326,Premium,150000,500,Active,2019-06-28
CARD204931,C109962,Blue,100000,0,Active,2024-02-27
CARD204932,C102473,Premium,150000,0,Inactive,2021-08-18
CARD204933,C102351,Blue,150000,1000,Active,2026-02-18
CARD204934,C107021,Blue,50000,0,Active,2017-09-29
CARD204935,C105282,Gold,75000,1000,Active,2023-08-01
CARD204936,C107618,Blue,100000,1000,Active,2020-12-25
CARD204937,C108338,Platinum,300000,500,Active,2019-05-24
CARD204938,C103087,Platinum,300000,1000,Blocked,2020-05-01
CARD204939,C100310,Gold,150000,500,Active,2023-04-28
CARD204940,C106418,Gold,150000,500,Active,2025-07-28
CARD204941,C108382,Gold,150000,500,Active,2024-05-27
CARD204942,C105635,Gold,100000,5000,Active,2017-10-31
CARD204943,C100084,Gold,100000,0,Active,2020-11-01
CARD204944,C100565,Gold,150000,0,Active,2017-12-10
CARD204945,C105997,Blue,300000,0,Active,2019-12-13
CARD204946,C103653,Gold,100000,2500,Blocked,2021-03-24
CARD204947,C106419,Gold,75000,500,Active,2020-11-12
CARD204948,C107953,Blue,75000,1000,Active,2025-11-11
CARD204949,C103208,Gold,100000,0,Active,2025-12-26
CARD204950,C102658,Blue,150000,0,Active,2024-04-11
CARD204951,C104577,Blue,500000,1000,Active,2017-04-06
CARD204952,C101932,Blue,75000,1000,Active,2019-12-28
CARD204953,C102894,Blue,50000,500,Active,2017-09-12
CARD204954,C106650,Blue,75000,1000,Active,2023-08-28
CARD204955,C109758,Blue,150000,2500,Active,2019-06-05
CARD204956,C104870,Platinum,500000,0,Active,2017-09-27
CARD204957,C101888,Blue,150000,0,Active,2021-01-20
CARD204958,C105180,Gold,200000,1000,Active,2026-02-24
CARD204959,C101373,Gold,150000,2500,Active,2019-04-10
CARD204960,C107656,Platinum,500000,2500,Active,2018-09-07
CARD204961,C109870,Blue,150000,1000,Active,2023-05-12
CARD204962,C109521,Platinum,150000,500,Active,2018-07-15
CARD204963,C109730,Blue,500000,0,Active,2020-02-23
CARD204964,C101988,Gold,150000,5000,Inactive,2017-02-07
CARD204965,C102909,Platinum,75000,1000,Active,2023-04-07
CARD204966,C101113,Gold,300000,0,Active,2019-09-27
CARD204967,C101718,Premium,150000,500,Active,2023-09-25
CARD204968,C104671,Platinum,200000,0,Active,2017-08-13
CARD204969,C100584,Blue,100000,5000,Active,2021-12-07
CARD204970,C103037,Blue,500000,500,Active,2025-08-28
CARD204971,C108145,Platinum,200000,2500,Active,2023-12-03
CARD204972,C102679,Platinum,150000,1000,Active,2020-04-27
CARD204973,C105293,Gold,200000,500,Active,2023-01-19
CARD204974,C104215,Blue,200000,5000,Active,2021-12-08
CARD204975,C105947,Gold,300000,0,Closed,2017-01-10
CARD204976,C103452,Blue,150000,0,Active,2019-05-20
CARD204977,C101874,Gold,200000,1000,Active,2018-08-12
CARD204978,C102430,Premium,500000,5000,Active,2018-05-26
CARD204979,C105624,Blue,150000,0,Active,2019-04-21
CARD204980,C102119,Gold,50000,0,Active,2017-08-13
CARD204981,C108451,Blue,50000,500,Active,2022-03-29
CARD204982,C108922,Platinum,200000,5000,Active,2021-05-01
CARD204983,C105426,Gold,50000,2500,Active,2024-11-05
CARD204984,C102676,Blue,150000,5000,Active,2020-02-24
CARD204985,C104814,Gold,300000,2500,Active,2017-11-07
CARD204986,C107895,Platinum,150000,500,Inactive,2022-03-03
CARD204987,C107921,Platinum,75000,0,Active,2025-06-06
CARD204988,C109097,Gold,300000,1000,Active,2025-06-13
CARD204989,C107131,Gold,150000,2500,Active,2025-02-04
CARD204990,C107152,Blue,75000,500,Active,2026-01-22
CARD204991,C106645,Gold,100000,500,Active,2024-05-03
CARD204992,C100121,Gold,200000,2500,Active,2025-08-12
CARD204993,C108333,Blue,150000,500,Active,2019-09-25
CARD204994,C106335,Blue,150000,1000,Active,2019-10-27
CARD204995,C103859,Blue,50000,0,Blocked,2023-08-22
CARD204996,C103438,Gold,100000,1000,Active,2017-07-25
CARD204997,C101213,Platinum,150000,1000,Active,2019-12-02
CARD204998,C106541,Platinum,75000,500,Active,2021-12-09
CARD204999,C100998,Premium,500000,500,Active,2019-09-25
CARD205000,C105334,Platinum,50000,1000,Active,2022-11-27
CARD205001,C108777,Gold,75000,5000,Active,2020-08-29
CARD205002,C102859,Platinum,50000,500,Active,2018-02-18
CARD205003,C100616,Blue,75000,0,Blocked,2023-07-15
CARD205004,C109981,Gold,100000,2500,Active,2023-08-22
CARD205005,C101370,Platinum,100000,0,Active,2018-06-10
CARD205006,C107058,Gold,300000,0,Active,2017-06-28
CARD205007,C102306,Gold,100000,0,Active,2023-03-12
CARD205008,C103709,Gold,75000,1000,Active,2019-03-05
CARD205009,C107852,Platinum,75000,0,Active,2020-11-02
CARD205010,C104650,Blue,50000,500,Closed,2025-10-21
CARD205011,C101263,Gold,75000,0,Active,2020-02-18
CARD205012,C107937,Premium,100000,1000,Active,2024-01-06
CARD205013,C100987,Premium,75000,500,Active,2026-04-18
CARD205014,C101009,Gold,50000,500,Active,2024-04-20
CARD205015,C109394,Blue,500000,1000,Active,2025-04-02
CARD205016,C109691,Platinum,50000,500,Active,2025-04-26
CARD205017,C107463,Platinum,200000,2500,Active,2024-12-30
CARD205018,C100123,Blue,75000,5000,Active,2020-02-01
CARD205019,C105782,Platinum,150000,500,Active,2018-07-09
CARD205020,C103209,Premium,50000,0,Active,2022-09-16
CARD205021,C102657,Gold,50000,500,Active,2017-07-27
CARD205022,C101712,Blue,100000,2500,Active,2023-04-05
CARD205023,C109912,Platinum,200000,0,Active,2020-11-05
CARD205024,C102888,Gold,500000,0,Active,2023-01-21
CARD205025,C100972,Platinum,100000,5000,Active,2019-12-31
CARD205026,C109539,Gold,150000,1000,Active,2018-11-17
CARD205027,C107599,Gold,150000,500,Active,2019-01-04
CARD205028,C105813,Premium,300000,5000,Active,2017-07-16
CARD205029,C105499,Gold,150000,500,Inactive,2023-03-21
CARD205030,C107127,Gold,75000,500,Active,2020-05-24
CARD205031,C103691,Gold,200000,500,Closed,2025-06-04
CARD205032,C106231,Platinum,300000,1000,Active,2025-07-05
CARD205033,C107532,Gold,200000,1000,Active,2019-09-10
CARD205034,C109182,Blue,200000,0,Active,2022-12-03
CARD205035,C105111,Blue,50000,2500,Active,2017-03-28
CARD205036,C101649,Gold,100000,500,Inactive,2020-06-14
CARD205037,C106945,Blue,100000,500,Active,2020-03-20
CARD205038,C108249,Platinum,500000,5000,Active,2020-06-17
CARD205039,C107148,Platinum,75000,0,Active,2018-06-08
CARD205040,C109113,Platinum,100000,500,Active,2022-07-29
CARD205041,C103389,Gold,200000,500,Active,2017-04-17
CARD205042,C102587,Blue,50000,1000,Active,2025-11-10
CARD205043,C102267,Platinum,300000,0,Active,2025-03-14
CARD205044,C103602,Gold,200000,0,Blocked,2019-09-24
CARD205045,C103821,Gold,75000,0,Active,2017-06-13
CARD205046,C108110,Blue,150000,2500,Active,2020-12-02
CARD205047,C104532,Premium,150000,0,Active,2020-03-12
CARD205048,C102795,Platinum,75000,1000,Active,2026-04-11
CARD205049,C108979,Premium,500000,0,Active,2026-01-21
CARD205050,C104022,Premium,150000,1000,Inactive,2022-01-22
CARD205051,C106709,Blue,150000,0,Active,2023-08-06
CARD205052,C104477,Platinum,150000,1000,Active,2021-08-24
CARD205053,C109303,Gold,75000,2500,Inactive,2018-11-16
CARD205054,C104978,Gold,150000,5000,Blocked,2023-02-19
CARD205055,C106394,Gold,100000,1000,Active,2021-10-17
CARD205056,C101458,Blue,300000,5000,Active,2024-01-23
CARD205057,C103560,Gold,300000,5000,Closed,2018-11-28
CARD205058,C105160,Gold,200000,0,Blocked,2020-07-09
CARD205059,C104429,Blue,75000,500,Active,2017-07-18
CARD205060,C103577,Gold,100000,500,Active,2024-10-25
CARD205061,C102121,Blue,500000,500,Active,2020-10-24
CARD205062,C101017,Platinum,100000,1000,Active,2019-03-19
CARD205063,C109401,Blue,100000,500,Active,2025-11-07
CARD205064,C100162,Gold,75000,5000,Active,2017-09-22
CARD205065,C109214,Blue,50000,1000,Active,2021-06-01
CARD205066,C108271,Platinum,50000,500,Active,2022-01-20
CARD205067,C106736,Platinum,75000,2500,Active,2021-08-26
CARD205068,C108111,Blue,100000,1000,Active,2022-07-20
CARD205069,C106174,Blue,150000,500,Active,2022-12-18
CARD205070,C106018,Gold,150000,2500,Active,2019-11-16
CARD205071,C104827,Premium,100000,500,Active,2024-04-30
CARD205072,C101325,Gold,300000,0,Active,2019-08-26
CARD205073,C106917,Platinum,200000,2500,Active,2021-11-30
CARD205074,C102698,Platinum,100000,1000,Closed,2021-05-14
CARD205075,C101270,Platinum,150000,0,Inactive,2019-04-07
CARD205076,C107688,Blue,300000,0,Active,2021-07-17
CARD205077,C100390,Blue,75000,2500,Active,2025-10-30
CARD205078,C101272,Gold,100000,0,Active,2024-05-09
CARD205079,C100675,Gold,150000,1000,Active,2018-03-21
CARD205080,C104591,Gold,100000,0,Active,2022-12-01
CARD205081,C107077,Gold,150000,2500,Active,2019-07-12
CARD205082,C109910,Blue,50000,0,Active,2024-10-18
CARD205083,C105132,Platinum,100000,1000,Active,2023-06-09
CARD205084,C106270,Blue,500000,5000,Active,2023-05-30
CARD205085,C100736,Blue,300000,1000,Blocked,2025-03-13
CARD205086,C107773,Blue,150000,500,Active,2019-02-10
CARD205087,C100799,Gold,300000,500,Inactive,2024-03-10
CARD205088,C106855,Gold,200000,5000,Active,2024-09-20
CARD205089,C104302,Gold,75000,1000,Active,2026-03-25
CARD205090,C106631,Gold,150000,5000,Inactive,2019-02-27
CARD205091,C108126,Gold,500000,0,Active,2022-04-28
CARD205092,C108873,Blue,150000,2500,Active,2022-05-03
CARD205093,C101044,Gold,200000,0,Blocked,2020-08-01
CARD205094,C103901,Platinum,150000,500,Active,2019-03-29
CARD205095,C104868,Blue,50000,1000,Active,2021-08-05
CARD205096,C105200,Blue,50000,2500,Active,2021-10-21
CARD205097,C106224,Blue,200000,1000,Active,2019-07-01
CARD205098,C102058,Gold,100000,0,Active,2020-08-03
CARD205099,C108437,Blue,100000,0,Active,2023-01-31
CARD205100,C104284,Platinum,100000,2500,Inactive,2021-10-29
CARD205101,C102789,Blue,75000,0,Active,2025-09-06
CARD205102,C100122,Platinum,100000,1000,Blocked,2021-08-24
CARD205103,C106683,Blue,100000,2500,Active,2023-07-09
CARD205104,C103209,Blue,100000,1000,Inactive,2020-12-04
CARD205105,C102456,Gold,500000,0,Inactive,2020-08-27
CARD205106,C104591,Blue,300000,2500,Active,2024-04-19
CARD205107,C109699,Premium,50000,2500,Inactive,2018-06-06
CARD205108,C109222,Gold,75000,2500,Active,2024-04-24
CARD205109,C109287,Platinum,75000,500,Inactive,2024-04-18
CARD205110,C106706,Blue,150000,0,Inactive,2020-11-30
CARD205111,C102853,Blue,150000,1000,Active,2022-03-23
CARD205112,C107383,Platinum,75000,1000,Active,2024-12-05
CARD205113,C101394,Blue,150000,0,Active,2025-07-06
CARD205114,C106097,Gold,100000,1000,Closed,2020-05-24
CARD205115,C102539,Platinum,100000,2500,Active,2026-02-14
CARD205116,C105576,Blue,200000,500,Active,2022-05-17
CARD205117,C107927,Gold,50000,500,Active,2018-05-13
CARD205118,C109285,Premium,300000,1000,Active,2018-01-17
CARD205119,C103948,Gold,50000,1000,Active,2018-05-06
CARD205120,C103797,Blue,150000,1000,Active,2024-10-27
CARD205121,C108082,Premium,300000,500,Active,2023-04-12
CARD205122,C102765,Platinum,500000,1000,Active,2018-08-09
CARD205123,C108407,Gold,200000,2500,Closed,2019-05-29
CARD205124,C108513,Platinum,150000,2500,Active,2022-10-31
CARD205125,C105378,Platinum,150000,500,Active,2020-08-06
CARD205126,C102628,Gold,75000,1000,Blocked,2025-10-10
CARD205127,C102503,Blue,100000,500,Closed,2020-07-17
CARD205128,C101689,Blue,100000,2500,Active,2020-03-04
CARD205129,C102883,Blue,300000,2500,Active,2017-12-12
CARD205130,C107545,Blue,50000,2500,Active,2018-12-20
CARD205131,C107886,Blue,150000,500,Inactive,2021-05-30
CARD205132,C108875,Blue,200000,500,Active,2022-01-19
CARD205133,C108090,Blue,50000,2500,Active,2023-01-29
CARD205134,C108370,Gold,150000,0,Active,2024-12-02
CARD205135,C109523,Blue,150000,1000,Active,2019-08-31
CARD205136,C101624,Premium,50000,0,Active,2025-04-12
CARD205137,C106960,Gold,200000,1000,Active,2022-04-27
CARD205138,C109618,Premium,100000,500,Active,2019-02-07
CARD205139,C102479,Blue,100000,1000,Active,2024-12-04
CARD205140,C108845,Blue,50000,0,Active,2026-01-22
CARD205141,C109136,Platinum,100000,5000,Active,2022-10-29
CARD205142,C107876,Gold,50000,1000,Active,2022-06-13
CARD205143,C104599,Gold,200000,0,Active,2021-02-20
CARD205144,C100971,Platinum,200000,2500,Inactive,2022-12-26
CARD205145,C101021,Gold,75000,1000,Active,2025-07-05
CARD205146,C106499,Platinum,50000,500,Active,2019-04-27
CARD205147,C109929,Gold,500000,0,Active,2023-08-05
CARD205148,C109782,Gold,100000,500,Active,2020-04-28
CARD205149,C103898,Blue,200000,0,Active,2026-01-16
CARD205150,C107487,Blue,75000,500,Active,2018-01-09
CARD205151,C103048,Blue,75000,500,Active,2017-07-06
CARD205152,C102087,Blue,100000,2500,Active,2023-12-17
CARD205153,C106458,Platinum,200000,1000,Active,2019-03-29
CARD205154,C109774,Blue,150000,0,Active,2020-04-17
CARD205155,C100965,Platinum,200000,5000,Active,2019-03-16
CARD205156,C106158,Premium,50000,0,Blocked,2022-09-08
CARD205157,C102982,Gold,150000,1000,Active,2021-03-19
CARD205158,C105710,Gold,100000,500,Closed,2024-03-14
CARD205159,C107156,Platinum,75000,0,Active,2024-02-01
CARD205160,C102606,Gold,100000,2500,Active,2022-08-17
CARD205161,C106519,Platinum,100000,1000,Active,2020-05-06
CARD205162,C107271,Platinum,100000,500,Closed,2018-07-19
CARD205163,C107064,Gold,300000,500,Active,2025-06-27
CARD205164,C100041,Gold,100000,2500,Active,2018-03-04
CARD205165,C109603,Blue,300000,2500,Inactive,2026-03-21
CARD205166,C100515,Gold,150000,2500,Active,2021-02-19
CARD205167,C108872,Blue,200000,0,Active,2018-05-13
CARD205168,C104129,Gold,150000,0,Active,2021-01-11
CARD205169,C107551,Platinum,200000,0,Active,2018-01-19
CARD205170,C101838,Blue,75000,500,Active,2020-01-31
CARD205171,C103121,Gold,50000,0,Active,2026-02-03
CARD205172,C102781,Gold,150000,0,Active,2017-07-15
CARD205173,C105448,Blue,75000,1000,Active,2024-03-27
CARD205174,C100260,Blue,100000,1000,Active,2018-09-13
CARD205175,C105027,Blue,75000,0,Active,2025-05-22
CARD205176,C103817,Blue,150000,2500,Active,2021-12-26
CARD205177,C101993,Blue,200000,1000,Active,2018-01-03
CARD205178,C104951,Gold,150000,500,Closed,2025-10-21
CARD205179,C103395,Platinum,100000,0,Active,2020-04-11
CARD205180,C106138,Gold,150000,1000,Active,2019-02-08
CARD205181,C109576,Blue,200000,2500,Active,2022-12-31
CARD205182,C107442,Blue,100000,0,Active,2017-05-07
CARD205183,C106969,Blue,75000,0,Active,2025-08-19
CARD205184,C103220,Gold,150000,500,Closed,2018-07-18
CARD205185,C105773,Gold,100000,1000,Active,2018-02-09
CARD205186,C100457,Blue,150000,5000,Closed,2022-07-11
CARD205187,C108010,Gold,100000,500,Active,2025-09-28
CARD205188,C101512,Blue,150000,2500,Inactive,2018-09-14
CARD205189,C107716,Platinum,500000,2500,Active,2021-08-26
CARD205190,C107035,Blue,75000,2500,Active,2018-05-08
CARD205191,C104204,Platinum,75000,1000,Inactive,2022-08-30
CARD205192,C107845,Gold,500000,5000,Blocked,2024-11-04
CARD205193,C108323,Gold,500000,5000,Active,2021-11-04
CARD205194,C106332,Blue,100000,0,Active,2022-06-02
CARD205195,C105041,Blue,100000,500,Active,2021-06-22
CARD205196,C105420,Gold,150000,500,Active,2025-09-30
CARD205197,C107305,Gold,150000,2500,Active,2020-01-29
CARD205198,C109277,Gold,200000,500,Active,2024-01-19
CARD205199,C102683,Blue,150000,5000,Active,2024-05-31
CARD205200,C101384,Blue,200000,5000,Active,2019-11-24
CARD205201,C108999,Gold,200000,500,Active,2019-10-19
CARD205202,C105940,Premium,100000,1000,Active,2022-05-20
CARD205203,C106191,Gold,150000,0,Active,2023-01-10
CARD205204,C109188,Platinum,150000,500,Active,2020-02-06
CARD205205,C105735,Premium,500000,1000,Active,2017-11-14
CARD205206,C106317,Blue,150000,0,Active,2017-03-07
CARD205207,C108303,Premium,200000,0,Blocked,2020-03-02
CARD205208,C101200,Platinum,50000,5000,Active,2021-01-21
CARD205209,C101385,Blue,150000,1000,Active,2019-04-16
CARD205210,C109779,Platinum,50000,1000,Closed,2026-01-09
CARD205211,C102690,Gold,150000,2500,Active,2020-04-14
CARD205212,C104409,Blue,100000,1000,Active,2024-06-04
CARD205213,C109186,Blue,150000,1000,Active,2024-03-06
CARD205214,C108765,Platinum,100000,500,Active,2017-01-27
CARD205215,C105658,Blue,200000,500,Active,2017-01-21
CARD205216,C106823,Premium,75000,0,Active,2020-04-21
CARD205217,C101035,Platinum,75000,1000,Active,2019-12-17
CARD205218,C103450,Gold,100000,1000,Active,2023-05-26
CARD205219,C109558,Gold,100000,0,Inactive,2019-02-18
CARD205220,C107070,Platinum,50000,2500,Active,2023-04-27
CARD205221,C100811,Blue,100000,0,Active,2018-09-04
CARD205222,C103260,Platinum,150000,1000,Active,2019-04-08
CARD205223,C103473,Gold,200000,0,Active,2023-07-06
CARD205224,C102191,Platinum,75000,5000,Active,2020-10-01
CARD205225,C103884,Blue,100000,0,Active,2025-09-22
CARD205226,C106710,Platinum,100000,0,Active,2023-11-06
CARD205227,C108546,Platinum,200000,0,Active,2018-12-26
CARD205228,C101138,Gold,100000,500,Active,2025-11-07
CARD205229,C104483,Blue,200000,1000,Active,2025-11-27
CARD205230,C106146,Blue,300000,0,Active,2020-01-06
CARD205231,C100184,Platinum,75000,2500,Active,2025-04-07
CARD205232,C102508,Blue,150000,0,Active,2017-11-17
CARD205233,C101656,Platinum,75000,5000,Inactive,2025-06-29
CARD205234,C104911,Gold,200000,500,Active,2022-11-10
CARD205235,C100179,Gold,100000,500,Active,2022-06-14
CARD205236,C103418,Blue,150000,2500,Active,2020-11-21
CARD205237,C102882,Blue,300000,2500,Blocked,2025-07-16
CARD205238,C101211,Platinum,75000,2500,Active,2022-05-02
CARD205239,C100967,Gold,150000,500,Active,2021-02-13
CARD205240,C103043,Platinum,150000,1000,Blocked,2019-09-26
CARD205241,C100388,Premium,150000,0,Active,2018-11-30
CARD205242,C107913,Blue,50000,1000,Active,2022-07-14
CARD205243,C102090,Blue,50000,500,Active,2018-08-25
CARD205244,C107222,Gold,200000,0,Closed,2018-06-11
CARD205245,C108914,Gold,100000,2500,Active,2023-08-06
CARD205246,C104944,Blue,150000,2500,Inactive,2017-07-19
CARD205247,C107532,Gold,150000,0,Active,2021-03-26
CARD205248,C102905,Gold,75000,0,Active,2025-01-05
CARD205249,C104431,Blue,100000,0,Active,2023-01-29
CARD205250,C105795,Gold,50000,5000,Active,2017-04-13
CARD205251,C105279,Blue,50000,0,Active,2017-04-28
CARD205252,C101640,Gold,300000,1000,Active,2020-08-27
CARD205253,C100465,Gold,150000,0,Active,2022-07-02
CARD205254,C102164,Gold,100000,1000,Active,2020-11-05
CARD205255,C102824,Platinum,150000,5000,Active,2021-08-22
CARD205256,C100613,Gold,150000,0,Active,2021-05-15
CARD205257,C100927,Blue,50000,1000,Active,2022-12-30
CARD205258,C105986,Blue,100000,1000,Blocked,2025-10-02
CARD205259,C104344,Blue,150000,500,Active,2023-09-11
CARD205260,C103816,Platinum,100000,2500,Blocked,2020-08-02
CARD205261,C105442,Blue,100000,1000,Active,2026-03-25
CARD205262,C104349,Gold,100000,0,Active,2022-11-24
CARD205263,C106522,Gold,200000,0,Inactive,2025-01-10
CARD205264,C109349,Gold,200000,2500,Active,2021-06-02
CARD205265,C100698,Gold,150000,0,Active,2020-07-13
CARD205266,C104735,Blue,200000,2500,Active,2023-01-29
CARD205267,C102394,Blue,75000,0,Closed,2020-10-14
CARD205268,C103667,Blue,75000,2500,Active,2026-01-29
CARD205269,C109777,Gold,200000,0,Active,2017-09-28
CARD205270,C107935,Platinum,75000,2500,Active,2025-06-27
CARD205271,C102435,Blue,75000,5000,Closed,2022-12-23
CARD205272,C106255,Blue,50000,0,Active,2025-07-26
CARD205273,C102003,Platinum,100000,2500,Active,2024-12-28
CARD205274,C104947,Blue,150000,2500,Active,2024-06-14
CARD205275,C104331,Gold,100000,2500,Active,2019-12-29
CARD205276,C100379,Gold,100000,500,Active,2022-12-06
CARD205277,C109950,Gold,500000,2500,Inactive,2025-06-20
CARD205278,C109181,Platinum,75000,5000,Active,2022-10-12
CARD205279,C102367,Premium,100000,0,Active,2018-08-31
CARD205280,C101189,Blue,100000,2500,Active,2022-06-26
CARD205281,C102591,Blue,150000,0,Active,2023-11-06
CARD205282,C107297,Gold,200000,0,Active,2018-12-11
CARD205283,C109698,Gold,300000,500,Active,2022-01-07
CARD205284,C100416,Gold,100000,5000,Active,2024-06-20
CARD205285,C100355,Platinum,100000,1000,Active,2021-08-31
CARD205286,C102290,Gold,150000,5000,Active,2023-06-13
CARD205287,C104416,Gold,300000,500,Active,2018-01-02
CARD205288,C104338,Blue,50000,1000,Active,2023-04-10
CARD205289,C108733,Platinum,500000,1000,Active,2019-12-16
CARD205290,C100335,Gold,200000,0,Inactive,2023-07-07
CARD205291,C101973,Blue,100000,0,Active,2019-11-16
CARD205292,C105315,Gold,150000,0,Active,2023-08-19
CARD205293,C109206,Blue,500000,500,Active,2023-12-22
CARD205294,C107878,Gold,75000,1000,Active,2018-07-08
CARD205295,C100503,Blue,300000,0,Active,2025-02-02
CARD205296,C106443,Gold,75000,0,Active,2025-04-24
CARD205297,C109437,Blue,500000,2500,Inactive,2019-04-28
CARD205298,C100257,Blue,50000,0,Active,2018-11-06
CARD205299,C106158,Gold,200000,1000,Closed,2024-06-18
CARD205300,C107267,Platinum,50000,500,Active,2022-11-24
CARD205301,C102648,Gold,100000,0,Active,2021-03-20
CARD205302,C103145,Blue,50000,1000,Active,2021-08-27
CARD205303,C107078,Gold,50000,2500,Active,2021-03-05
CARD205304,C108242,Gold,200000,500,Active,2019-01-02
CARD205305,C108029,Gold,300000,500,Active,2022-03-16
CARD205306,C102185,Blue,200000,0,Active,2025-06-24
CARD205307,C108806,Gold,200000,5000,Blocked,2020-06-30
CARD205308,C106293,Blue,75000,2500,Active,2020-08-26
CARD205309,C109312,Blue,150000,5000,Blocked,2018-08-09
CARD205310,C101882,Platinum,100000,1000,Active,2024-08-16
CARD205311,C107815,Blue,300000,1000,Inactive,2018-06-01
CARD205312,C106661,Platinum,150000,2500,Active,2020-09-28
CARD205313,C109270,Gold,300000,5000,Active,2022-08-14
CARD205314,C103219,Blue,300000,5000,Active,2025-08-18
CARD205315,C108050,Gold,100000,0,Blocked,2022-07-05
CARD205316,C104880,Blue,200000,2500,Active,2017-04-11
CARD205317,C102301,Platinum,300000,500,Active,2019-05-13
CARD205318,C100880,Blue,100000,2500,Inactive,2025-05-04
CARD205319,C103902,Gold,200000,0,Active,2018-07-11
CARD205320,C104432,Platinum,50000,500,Active,2025-09-13
CARD205321,C100619,Blue,100000,5000,Active,2018-01-13
CARD205322,C106757,Platinum,150000,1000,Active,2024-11-16
CARD205323,C105776,Gold,100000,0,Active,2017-09-03
CARD205324,C102907,Premium,300000,5000,Active,2022-04-28
CARD205325,C101551,Gold,150000,0,Active,2021-06-24
CARD205326,C101372,Blue,150000,5000,Active,2026-03-10
CARD205327,C107899,Platinum,300000,0,Active,2021-03-19
CARD205328,C105947,Gold,200000,500,Active,2020-01-22
CARD205329,C100845,Platinum,75000,0,Active,2020-07-09
CARD205330,C102105,Gold,200000,2500,Inactive,2023-05-30
CARD205331,C104769,Gold,150000,1000,Active,2018-10-14
CARD205332,C106139,Premium,75000,0,Active,2022-04-18
CARD205333,C100345,Gold,500000,2500,Active,2019-12-25
CARD205334,C102045,Platinum,100000,5000,Active,2018-07-29
CARD205335,C102576,Premium,50000,5000,Active,2018-11-04
CARD205336,C104352,Platinum,300000,0,Active,2022-06-12
CARD205337,C101075,Platinum,75000,2500,Closed,2023-06-08
CARD205338,C102103,Blue,100000,5000,Inactive,2020-09-07
CARD205339,C105343,Blue,150000,5000,Active,2023-08-17
CARD205340,C100653,Platinum,200000,5000,Active,2018-04-09
CARD205341,C100869,Premium,50000,2500,Active,2023-05-31
CARD205342,C106171,Gold,200000,5000,Active,2019-10-30
CARD205343,C109362,Platinum,200000,0,Active,2023-01-30
CARD205344,C104640,Blue,100000,5000,Active,2017-01-10
CARD205345,C106374,Blue,200000,2500,Blocked,2023-12-03
CARD205346,C109847,Blue,75000,500,Active,2026-02-25
CARD205347,C109581,Blue,500000,500,Active,2021-12-15
CARD205348,C109365,Blue,300000,500,Active,2017-03-13
CARD205349,C106035,Blue,150000,1000,Active,2023-12-28
CARD205350,C109564,Gold,100000,0,Active,2021-04-09
CARD205351,C109776,Gold,100000,500,Active,2020-05-06
CARD205352,C102999,Gold,200000,1000,Active,2017-04-14
CARD205353,C104391,Blue,75000,2500,Active,2024-12-05
CARD205354,C108850,Gold,100000,500,Active,2021-01-25
CARD205355,C100223,Blue,100000,1000,Active,2018-12-27
CARD205356,C107205,Gold,200000,1000,Active,2023-05-11
CARD205357,C102017,Blue,75000,500,Active,2025-10-11
CARD205358,C109077,Platinum,50000,1000,Active,2022-06-23
CARD205359,C106881,Blue,300000,0,Active,2017-10-06
CARD205360,C105779,Blue,500000,5000,Active,2021-11-18
CARD205361,C106884,Blue,150000,0,Blocked,2023-03-13
CARD205362,C101151,Blue,200000,500,Inactive,2018-03-27
CARD205363,C100963,Blue,75000,5000,Active,2024-05-19
CARD205364,C104214,Premium,300000,500,Active,2021-07-24
CARD205365,C109613,Blue,300000,0,Active,2021-03-31
CARD205366,C104953,Gold,75000,2500,Active,2018-08-24
CARD205367,C102814,Gold,200000,0,Active,2020-10-01
CARD205368,C105187,Platinum,75000,2500,Active,2021-11-27
CARD205369,C104236,Gold,100000,0,Closed,2025-02-12
CARD205370,C105686,Blue,100000,0,Active,2019-12-10
CARD205371,C100745,Blue,300000,0,Active,2022-06-21
CARD205372,C101866,Gold,100000,500,Active,2021-05-23
CARD205373,C102468,Gold,200000,500,Active,2024-02-24
CARD205374,C108233,Gold,150000,2500,Active,2018-08-17
CARD205375,C102510,Gold,100000,2500,Active,2025-08-29
CARD205376,C103109,Platinum,150000,500,Active,2019-08-04
CARD205377,C108885,Gold,50000,0,Active,2021-09-04
CARD205378,C108782,Blue,150000,500,Blocked,2022-07-16
CARD205379,C105371,Platinum,75000,2500,Active,2020-02-19
CARD205380,C106990,Blue,200000,5000,Active,2019-03-05
CARD205381,C107348,Premium,300000,0,Active,2026-01-04
CARD205382,C108437,Platinum,200000,0,Active,2021-09-19
CARD205383,C100433,Platinum,300000,2500,Active,2018-10-08
CARD205384,C100981,Platinum,75000,500,Active,2025-06-01
CARD205385,C107791,Platinum,75000,1000,Active,2024-01-18
CARD205386,C106488,Blue,200000,0,Active,2017-01-02
CARD205387,C104603,Gold,75000,500,Active,2026-03-12
CARD205388,C108030,Gold,150000,500,Active,2023-08-16
CARD205389,C104899,Gold,150000,1000,Active,2024-10-10
CARD205390,C109727,Blue,75000,1000,Active,2022-08-27
CARD205391,C104013,Blue,100000,500,Active,2024-10-09
CARD205392,C104056,Gold,200000,5000,Active,2025-12-06
CARD205393,C104567,Platinum,100000,5000,Active,2021-09-28
CARD205394,C105085,Blue,150000,0,Active,2026-02-10
CARD205395,C105220,Blue,500000,500,Active,2017-02-24
CARD205396,C104346,Gold,200000,500,Active,2024-08-03
CARD205397,C105799,Gold,200000,500,Active,2019-09-24
CARD205398,C106008,Blue,100000,0,Active,2024-12-14
CARD205399,C100868,Blue,75000,1000,Active,2022-05-03
CARD205400,C106264,Gold,200000,0,Active,2022-06-16
CARD205401,C103867,Platinum,100000,0,Inactive,2025-04-24
CARD205402,C100608,Blue,150000,1000,Active,2020-10-27
CARD205403,C108531,Premium,100000,2500,Active,2024-06-18
CARD205404,C108032,Premium,75000,0,Active,2023-07-27
CARD205405,C108302,Gold,150000,2500,Active,2020-05-01
CARD205406,C108335,Premium,50000,1000,Inactive,2018-07-09
CARD205407,C107687,Gold,150000,500,Active,2018-03-05
CARD205408,C101833,Gold,75000,1000,Active,2023-06-13
CARD205409,C106433,Platinum,75000,500,Inactive,2018-09-07
CARD205410,C109527,Blue,100000,1000,Active,2022-06-10
CARD205411,C105980,Platinum,150000,500,Active,2019-02-23
CARD205412,C108100,Premium,200000,500,Active,2018-09-13
CARD205413,C102601,Gold,100000,0,Active,2018-03-26
CARD205414,C109585,Blue,150000,500,Active,2020-01-11
CARD205415,C102679,Blue,150000,500,Active,2023-06-24
CARD205416,C100685,Blue,75000,0,Active,2018-10-22
CARD205417,C102970,Blue,50000,0,Active,2020-04-28
CARD205418,C101267,Platinum,150000,5000,Active,2018-06-06
CARD205419,C101839,Blue,150000,0,Active,2022-09-22
CARD205420,C106074,Premium,300000,0,Active,2020-08-29
CARD205421,C109529,Platinum,150000,2500,Inactive,2024-06-14
CARD205422,C109400,Platinum,75000,500,Active,2025-07-16
CARD205423,C102725,Gold,200000,5000,Inactive,2017-02-22
CARD205424,C108609,Blue,50000,0,Blocked,2018-10-20
CARD205425,C102920,Platinum,200000,500,Active,2021-04-20
CARD205426,C103229,Gold,200000,500,Active,2017-12-22
CARD205427,C103459,Blue,75000,500,Active,2026-04-08
CARD205428,C106591,Platinum,75000,1000,Active,2025-12-23
CARD205429,C100162,Blue,50000,1000,Closed,2018-03-30
CARD205430,C107254,Gold,75000,500,Active,2021-04-01
CARD205431,C109913,Blue,75000,0,Active,2020-02-10
CARD205432,C104849,Blue,75000,5000,Active,2019-10-31
CARD205433,C102556,Gold,100000,0,Active,2020-04-16
CARD205434,C106916,Blue,300000,500,Active,2022-10-21
CARD205435,C102542,Gold,50000,0,Active,2021-09-29
CARD205436,C104606,Blue,100000,500,Active,2025-05-12
CARD205437,C104301,Gold,75000,0,Active,2021-07-29
CARD205438,C104027,Gold,200000,0,Active,2024-07-31
CARD205439,C103368,Blue,300000,2500,Active,2018-03-20
CARD205440,C109560,Platinum,100000,0,Active,2019-01-15
CARD205441,C100756,Gold,300000,0,Active,2020-06-16
CARD205442,C105536,Blue,300000,0,Active,2022-08-02
CARD205443,C102945,Gold,100000,2500,Closed,2021-07-10
CARD205444,C103482,Gold,50000,1000,Active,2020-12-19
CARD205445,C106640,Gold,500000,2500,Active,2022-01-04
CARD205446,C103583,Gold,200000,500,Active,2022-11-29
CARD205447,C105865,Blue,200000,1000,Active,2018-01-30
CARD205448,C108945,Blue,100000,500,Active,2018-02-22
CARD205449,C101219,Platinum,75000,2500,Active,2024-10-04
CARD205450,C104202,Blue,100000,500,Active,2024-10-16
CARD205451,C107598,Gold,100000,0,Active,2022-10-17
CARD205452,C100288,Premium,150000,0,Closed,2024-07-26
CARD205453,C107425,Platinum,50000,1000,Active,2020-09-25
CARD205454,C105424,Blue,200000,0,Blocked,2022-09-13
CARD205455,C106395,Blue,200000,0,Active,2022-11-26
CARD205456,C100168,Blue,500000,2500,Active,2017-11-19
CARD205457,C103819,Blue,200000,500,Active,2022-01-10
CARD205458,C102707,Gold,500000,0,Active,2025-05-30
CARD205459,C101557,Gold,50000,1000,Active,2022-06-06
CARD205460,C109834,Gold,300000,1000,Active,2023-06-13
CARD205461,C105144,Platinum,200000,0,Active,2021-10-03
CARD205462,C105104,Blue,150000,500,Active,2019-10-30
CARD205463,C107447,Gold,100000,0,Active,2020-04-20
CARD205464,C103274,Gold,75000,0,Closed,2022-11-30
CARD205465,C103314,Platinum,50000,0,Active,2023-11-30
CARD205466,C105273,Gold,100000,2500,Blocked,2021-05-01
CARD205467,C107978,Blue,100000,0,Active,2021-08-12
CARD205468,C101989,Platinum,200000,0,Active,2023-01-16
CARD205469,C105176,Blue,75000,500,Active,2024-11-16
CARD205470,C107943,Gold,75000,5000,Active,2022-05-13
CARD205471,C102324,Blue,75000,500,Blocked,2021-05-31
CARD205472,C102737,Gold,500000,500,Active,2019-01-02
CARD205473,C101298,Premium,75000,2500,Closed,2023-07-31
CARD205474,C108650,Gold,150000,500,Active,2021-04-15
CARD205475,C101315,Gold,100000,1000,Active,2025-07-22
CARD205476,C101583,Gold,150000,0,Inactive,2022-01-08
CARD205477,C106995,Platinum,50000,0,Inactive,2018-06-23
CARD205478,C102695,Gold,300000,500,Active,2021-05-19
CARD205479,C101258,Blue,100000,500,Active,2019-06-22
CARD205480,C106795,Platinum,75000,0,Active,2022-01-17
CARD205481,C105571,Gold,100000,500,Active,2025-01-04
CARD205482,C105032,Platinum,500000,0,Active,2017-05-28
CARD205483,C103221,Platinum,100000,500,Active,2023-12-16
CARD205484,C101952,Platinum,100000,2500,Closed,2025-04-14
CARD205485,C102664,Gold,300000,0,Active,2025-09-12
CARD205486,C108947,Premium,500000,500,Active,2020-08-14
CARD205487,C101864,Platinum,500000,500,Active,2025-11-29
CARD205488,C102629,Gold,75000,500,Blocked,2023-03-08
CARD205489,C106934,Blue,150000,500,Active,2023-08-11
CARD205490,C104169,Gold,150000,0,Active,2022-06-10
CARD205491,C103900,Blue,200000,1000,Active,2020-01-29
CARD205492,C108342,Blue,100000,500,Active,2025-07-01
CARD205493,C109720,Blue,100000,2500,Active,2017-02-21
CARD205494,C107922,Blue,100000,0,Active,2024-11-26
CARD205495,C108253,Gold,200000,1000,Inactive,2022-11-05
CARD205496,C100380,Platinum,150000,0,Active,2024-03-05
CARD205497,C109000,Blue,500000,500,Active,2022-09-14
CARD205498,C102953,Gold,150000,500,Active,2022-04-07
CARD205499,C109974,Premium,300000,0,Active,2022-02-18
CARD205500,C107766,Gold,500000,5000,Inactive,2021-10-16
CARD205501,C105873,Blue,50000,500,Inactive,2018-01-26
CARD205502,C104144,Gold,50000,5000,Active,2020-03-27
CARD205503,C108762,Gold,500000,1000,Active,2019-12-12
CARD205504,C104923,Blue,150000,5000,Active,2020-03-16
CARD205505,C103365,Gold,100000,5000,Active,2018-08-30
CARD205506,C103469,Premium,100000,0,Inactive,2018-07-19
CARD205507,C104857,Gold,100000,0,Active,2024-03-17
CARD205508,C103334,Premium,50000,5000,Closed,2020-04-11
CARD205509,C108735,Gold,300000,500,Inactive,2017-02-02
CARD205510,C100254,Blue,100000,500,Active,2024-04-04
CARD205511,C108193,Platinum,150000,0,Inactive,2020-05-26
CARD205512,C103162,Platinum,300000,2500,Active,2022-03-28
CARD205513,C105097,Blue,300000,500,Active,2025-07-03
CARD205514,C109580,Blue,75000,1000,Active,2021-06-15
CARD205515,C100846,Gold,75000,500,Active,2025-12-16
CARD205516,C106122,Premium,75000,1000,Active,2024-09-29
CARD205517,C107670,Platinum,75000,1000,Active,2022-06-07
CARD205518,C101643,Gold,100000,0,Blocked,2023-03-16
CARD205519,C104046,Platinum,200000,0,Active,2022-05-30
CARD205520,C105320,Blue,75000,500,Active,2020-12-12
CARD205521,C102278,Gold,75000,2500,Active,2025-10-13
CARD205522,C100315,Platinum,100000,500,Active,2018-07-03
CARD205523,C106956,Blue,50000,1000,Active,2026-03-04
CARD205524,C105841,Blue,75000,500,Active,2025-12-10
CARD205525,C108800,Gold,100000,0,Active,2019-07-13
CARD205526,C103589,Platinum,150000,500,Active,2019-02-23
CARD205527,C108924,Premium,150000,500,Active,2019-12-01
CARD205528,C106569,Gold,100000,2500,Active,2023-12-05
CARD205529,C100478,Gold,150000,2500,Blocked,2024-05-28
CARD205530,C106842,Gold,300000,1000,Active,2017-03-13
CARD205531,C101228,Blue,200000,0,Active,2026-02-07
CARD205532,C106230,Gold,150000,1000,Closed,2024-04-05
CARD205533,C102175,Gold,200000,500,Active,2017-10-24
CARD205534,C104394,Blue,100000,5000,Active,2023-08-13
CARD205535,C104657,Platinum,500000,500,Active,2019-01-29
CARD205536,C109967,Gold,150000,0,Active,2022-12-12
CARD205537,C108054,Platinum,150000,1000,Blocked,2017-04-11
CARD205538,C103487,Gold,200000,500,Inactive,2019-02-21
CARD205539,C103298,Blue,50000,500,Closed,2019-10-06
CARD205540,C106370,Gold,75000,1000,Active,2025-05-06
CARD205541,C101682,Premium,150000,500,Closed,2026-03-13
CARD205542,C108840,Gold,150000,500,Active,2020-04-20
CARD205543,C108692,Gold,300000,5000,Active,2020-04-13
CARD205544,C103695,Platinum,150000,500,Active,2019-07-11
CARD205545,C107231,Platinum,75000,500,Active,2024-11-18
CARD205546,C106406,Premium,100000,2500,Inactive,2018-05-02
CARD205547,C101792,Gold,100000,1000,Active,2026-02-01
CARD205548,C105071,Blue,150000,0,Active,2022-02-22
CARD205549,C103980,Blue,150000,500,Active,2020-10-31
CARD205550,C109864,Gold,75000,500,Blocked,2024-04-09
CARD205551,C109351,Blue,100000,1000,Inactive,2021-08-08
CARD205552,C108574,Platinum,150000,500,Blocked,2018-09-24
CARD205553,C109553,Premium,300000,1000,Active,2024-08-22
CARD205554,C103708,Gold,100000,500,Active,2021-07-25
CARD205555,C103721,Blue,200000,500,Active,2024-04-12
CARD205556,C104810,Blue,100000,5000,Active,2025-04-29
CARD205557,C107779,Gold,100000,5000,Active,2017-10-27
CARD205558,C105481,Gold,150000,5000,Active,2023-10-08
CARD205559,C104147,Platinum,500000,1000,Blocked,2024-02-20
CARD205560,C108837,Premium,100000,1000,Active,2019-04-24
CARD205561,C108014,Blue,100000,0,Active,2017-09-11
CARD205562,C101651,Premium,50000,0,Active,2020-10-02
CARD205563,C108333,Platinum,150000,0,Active,2020-01-05
CARD205564,C106460,Platinum,100000,500,Closed,2018-01-08
CARD205565,C106985,Gold,50000,0,Active,2017-12-22
CARD205566,C101421,Gold,150000,500,Active,2017-09-04
CARD205567,C101664,Gold,150000,500,Active,2025-06-07
CARD205568,C105566,Gold,75000,1000,Active,2023-08-05
CARD205569,C101120,Blue,150000,2500,Active,2017-02-26
CARD205570,C103972,Gold,200000,5000,Active,2018-01-07
CARD205571,C101302,Premium,150000,1000,Active,2023-03-31
CARD205572,C109005,Blue,200000,5000,Active,2023-02-04
CARD205573,C100425,Blue,100000,0,Active,2020-03-21
CARD205574,C107304,Blue,75000,500,Active,2025-02-28
CARD205575,C107681,Gold,75000,2500,Active,2020-02-25
CARD205576,C105775,Gold,75000,5000,Blocked,2017-10-30
CARD205577,C101232,Blue,150000,5000,Active,2021-02-17
CARD205578,C103425,Gold,100000,2500,Inactive,2019-01-11
CARD205579,C101250,Blue,150000,0,Active,2018-07-09
CARD205580,C102366,Gold,200000,2500,Active,2017-05-29
CARD205581,C108258,Platinum,50000,0,Active,2024-11-21
CARD205582,C106749,Blue,50000,2500,Active,2022-10-21
CARD205583,C101828,Platinum,200000,0,Active,2020-04-15
CARD205584,C103127,Gold,50000,1000,Active,2019-06-29
CARD205585,C100343,Gold,75000,2500,Active,2018-02-27
CARD205586,C105164,Gold,100000,0,Active,2022-06-11
CARD205587,C101661,Platinum,500000,0,Active,2023-11-10
CARD205588,C105600,Platinum,150000,2500,Active,2024-01-23
CARD205589,C100546,Gold,75000,1000,Active,2023-01-12
CARD205590,C101941,Blue,150000,500,Closed,2020-06-04
CARD205591,C100302,Gold,100000,500,Active,2021-12-20
CARD205592,C107621,Platinum,50000,0,Closed,2018-06-23
CARD205593,C109075,Blue,150000,2500,Blocked,2017-10-13
CARD205594,C109601,Platinum,150000,2500,Active,2017-09-10
CARD205595,C106514,Blue,500000,0,Active,2017-04-03
CARD205596,C104784,Gold,200000,1000,Inactive,2022-06-30
CARD205597,C108419,Gold,200000,2500,Active,2018-06-17
CARD205598,C103088,Blue,300000,500,Active,2017-08-09
CARD205599,C109888,Gold,100000,5000,Active,2024-05-13
CARD205600,C100900,Blue,150000,0,Active,2023-06-09
CARD205601,C105218,Blue,500000,5000,Active,2022-04-02
CARD205602,C107903,Gold,150000,0,Active,2017-07-18
CARD205603,C108777,Blue,75000,0,Active,2025-05-17
CARD205604,C106779,Gold,500000,500,Active,2019-08-16
CARD205605,C108975,Platinum,100000,0,Active,2020-11-10
CARD205606,C101433,Platinum,75000,2500,Active,2024-06-20
CARD205607,C107367,Blue,150000,1000,Active,2017-01-15
CARD205608,C109800,Blue,100000,0,Active,2024-06-19
CARD205609,C106629,Premium,100000,0,Closed,2018-11-16
CARD205610,C103952,Platinum,75000,500,Active,2019-08-26
CARD205611,C101107,Premium,50000,5000,Active,2025-08-03
CARD205612,C105768,Gold,50000,2500,Active,2021-07-13
CARD205613,C107590,Gold,75000,500,Active,2022-04-19
CARD205614,C101058,Gold,100000,500,Active,2022-09-14
CARD205615,C106416,Platinum,200000,1000,Active,2023-08-08
CARD205616,C100648,Blue,75000,500,Closed,2022-04-29
CARD205617,C100119,Blue,150000,1000,Active,2025-03-05
CARD205618,C109956,Blue,300000,0,Active,2025-03-28
CARD205619,C107422,Gold,100000,2500,Active,2023-11-26
CARD205620,C102560,Blue,500000,0,Inactive,2021-12-12
CARD205621,C104121,Blue,150000,500,Active,2020-10-27
CARD205622,C107607,Blue,500000,1000,Active,2022-09-24
CARD205623,C109589,Platinum,100000,0,Active,2023-06-16
CARD205624,C105708,Gold,150000,5000,Inactive,2023-03-24
CARD205625,C104994,Gold,75000,500,Inactive,2024-01-30
CARD205626,C103924,Blue,300000,1000,Active,2020-08-01
CARD205627,C104836,Gold,100000,2500,Active,2026-03-31
CARD205628,C103947,Gold,75000,5000,Active,2024-10-26
CARD205629,C101533,Blue,150000,5000,Active,2025-04-28
CARD205630,C102196,Blue,75000,5000,Active,2018-07-13
CARD205631,C101604,Platinum,100000,1000,Active,2025-06-23
CARD205632,C109350,Platinum,100000,0,Active,2023-08-13
CARD205633,C102998,Blue,75000,0,Active,2024-04-15
CARD205634,C100007,Gold,50000,1000,Active,2018-06-26
CARD205635,C101609,Platinum,100000,1000,Blocked,2024-06-04
CARD205636,C108722,Gold,75000,1000,Active,2019-01-31
CARD205637,C107735,Gold,150000,0,Active,2023-06-14
CARD205638,C107324,Premium,50000,0,Active,2024-05-29
CARD205639,C103672,Gold,150000,1000,Active,2017-02-27
CARD205640,C100928,Gold,150000,500,Active,2022-12-10
CARD205641,C105652,Gold,150000,1000,Active,2024-09-18
CARD205642,C103182,Blue,150000,0,Active,2022-10-30
CARD205643,C102496,Gold,150000,500,Active,2026-03-02
CARD205644,C106655,Blue,150000,0,Active,2020-05-11
CARD205645,C109549,Blue,100000,0,Active,2023-05-08
CARD205646,C103462,Blue,100000,500,Active,2025-10-25
CARD205647,C104755,Premium,100000,0,Active,2020-01-19
CARD205648,C109295,Platinum,50000,500,Active,2020-01-04
CARD205649,C104557,Blue,100000,500,Active,2023-03-17
CARD205650,C107836,Gold,100000,500,Active,2018-06-18
CARD205651,C105983,Gold,200000,0,Active,2025-11-07
CARD205652,C106434,Gold,100000,500,Active,2020-02-18
CARD205653,C106671,Blue,200000,0,Active,2017-06-12
CARD205654,C106091,Premium,200000,500,Active,2018-05-19
CARD205655,C105333,Gold,100000,0,Active,2024-06-23
CARD205656,C102760,Platinum,100000,1000,Active,2026-02-13
CARD205657,C107792,Platinum,100000,0,Active,2020-06-08
CARD205658,C107990,Premium,50000,0,Active,2025-08-11
CARD205659,C101443,Blue,300000,5000,Active,2022-04-12
CARD205660,C103328,Gold,200000,1000,Active,2024-03-12
CARD205661,C106281,Gold,50000,2500,Blocked,2021-10-23
CARD205662,C101059,Gold,150000,0,Active,2023-10-19
CARD205663,C104818,Platinum,200000,1000,Active,2024-11-10
CARD205664,C102910,Gold,50000,500,Active,2017-10-15
CARD205665,C103966,Platinum,100000,5000,Active,2018-08-15
CARD205666,C102047,Gold,75000,1000,Active,2020-07-30
CARD205667,C104492,Gold,100000,0,Active,2017-06-06
CARD205668,C100143,Blue,75000,0,Active,2019-09-22
CARD205669,C103169,Blue,50000,0,Active,2024-08-11
CARD205670,C106924,Gold,50000,1000,Active,2017-10-21
CARD205671,C107101,Blue,300000,500,Active,2023-12-12
CARD205672,C106728,Blue,50000,5000,Active,2024-10-31
CARD205673,C105365,Gold,75000,2500,Active,2025-05-24
CARD205674,C107191,Blue,150000,0,Active,2025-08-29
CARD205675,C103297,Gold,150000,5000,Active,2022-06-09
CARD205676,C103044,Gold,50000,2500,Active,2023-05-25
CARD205677,C106890,Blue,150000,0,Inactive,2021-11-22
CARD205678,C102828,Blue,100000,5000,Active,2018-09-11
CARD205679,C103504,Gold,75000,1000,Active,2025-04-13
CARD205680,C103726,Gold,200000,500,Active,2025-01-18
CARD205681,C104916,Platinum,500000,0,Closed,2022-10-27
CARD205682,C105199,Gold,100000,2500,Active,2023-10-24
CARD205683,C102359,Gold,75000,0,Active,2023-01-15
CARD205684,C108053,Gold,100000,500,Inactive,2017-10-14
CARD205685,C105309,Blue,300000,5000,Blocked,2019-02-20
CARD205686,C107281,Blue,200000,2500,Active,2023-06-09
CARD205687,C101958,Blue,200000,1000,Active,2018-12-06
CARD205688,C103498,Gold,300000,500,Active,2017-10-12
CARD205689,C108628,Gold,75000,1000,Active,2021-06-19
CARD205690,C102009,Blue,300000,1000,Active,2020-03-22
CARD205691,C108183,Gold,300000,0,Active,2021-07-13
CARD205692,C103151,Premium,150000,2500,Active,2017-05-20
CARD205693,C103311,Blue,100000,0,Active,2022-11-26
CARD205694,C105556,Platinum,300000,0,Active,2024-01-28
CARD205695,C109149,Gold,50000,0,Active,2019-04-02
CARD205696,C104926,Platinum,100000,1000,Active,2022-05-21
CARD205697,C101273,Blue,50000,0,Active,2018-05-16
CARD205698,C102255,Premium,100000,5000,Active,2021-03-18
CARD205699,C106453,Gold,200000,1000,Active,2026-01-17
CARD205700,C101168,Gold,100000,5000,Active,2024-06-16
CARD205701,C108671,Gold,150000,0,Blocked,2018-01-13
CARD205702,C106782,Gold,100000,0,Active,2024-05-23
CARD205703,C103994,Gold,50000,2500,Blocked,2023-02-15
CARD205704,C100206,Gold,50000,2500,Active,2022-07-27
CARD205705,C106680,Gold,50000,0,Active,2026-02-09
CARD205706,C108691,Platinum,200000,1000,Active,2017-01-08
CARD205707,C109194,Platinum,50000,2500,Active,2018-07-09
CARD205708,C109660,Gold,100000,500,Active,2026-04-08
CARD205709,C101700,Platinum,150000,500,Active,2021-06-15
CARD205710,C103868,Platinum,150000,500,Active,2025-06-24
CARD205711,C108104,Blue,150000,2500,Active,2017-06-09
CARD205712,C107656,Premium,150000,500,Active,2021-06-06
CARD205713,C104198,Platinum,100000,0,Active,2025-09-13
CARD205714,C103391,Gold,150000,1000,Active,2025-02-10
CARD205715,C106371,Gold,100000,0,Active,2025-09-12
CARD205716,C107531,Gold,100000,1000,Inactive,2020-04-01
CARD205717,C106313,Gold,100000,0,Active,2022-04-16
CARD205718,C106829,Gold,100000,1000,Active,2018-10-15
CARD205719,C101089,Premium,500000,0,Closed,2017-07-17
CARD205720,C100445,Gold,300000,1000,Active,2020-03-22
CARD205721,C101969,Blue,150000,5000,Active,2023-11-03
CARD205722,C108066,Platinum,200000,1000,Active,2024-06-02
CARD205723,C103426,Gold,300000,500,Active,2018-09-05
CARD205724,C106063,Gold,100000,500,Active,2017-05-28
CARD205725,C103283,Blue,150000,2500,Active,2025-07-15
CARD205726,C107279,Gold,100000,2500,Active,2025-06-05
CARD205727,C107122,Platinum,300000,0,Active,2018-02-01
CARD205728,C105241,Blue,150000,0,Inactive,2025-05-01
CARD205729,C107994,Gold,150000,0,Active,2025-01-12
CARD205730,C106073,Blue,100000,500,Active,2017-12-31
CARD205731,C106016,Gold,150000,0,Inactive,2022-09-25
CARD205732,C104575,Gold,100000,1000,Inactive,2020-08-14
CARD205733,C107376,Platinum,150000,2500,Closed,2020-07-02
CARD205734,C109623,Gold,75000,0,Active,2024-05-19
CARD205735,C100545,Premium,75000,1000,Active,2020-08-25
CARD205736,C104175,Platinum,75000,0,Active,2026-01-13
CARD205737,C108756,Platinum,75000,0,Active,2017-12-16
CARD205738,C101076,Gold,100000,500,Active,2024-08-06
CARD205739,C105075,Blue,50000,5000,Active,2021-09-23
CARD205740,C107230,Gold,100000,0,Active,2018-06-25
CARD205741,C102296,Platinum,100000,500,Active,2017-02-11
CARD205742,C101573,Gold,75000,5000,Active,2019-11-05
CARD205743,C105958,Premium,100000,1000,Inactive,2024-04-30
CARD205744,C101817,Blue,150000,500,Active,2020-05-17
CARD205745,C101652,Platinum,300000,500,Blocked,2021-03-29
CARD205746,C105871,Platinum,100000,0,Active,2019-07-08
CARD205747,C107538,Gold,50000,0,Active,2019-02-15
CARD205748,C107164,Platinum,150000,0,Inactive,2021-08-05
CARD205749,C103284,Blue,500000,1000,Blocked,2024-03-02
CARD205750,C107840,Blue,500000,1000,Active,2022-04-22
CARD205751,C103557,Blue,100000,0,Active,2017-12-30
CARD205752,C101713,Blue,75000,500,Active,2022-11-14
CARD205753,C100567,Blue,150000,0,Active,2022-09-14
CARD205754,C100973,Blue,200000,500,Active,2018-03-16
CARD205755,C100038,Blue,150000,1000,Active,2022-11-21
CARD205756,C107526,Platinum,100000,0,Inactive,2018-01-18
CARD205757,C100833,Blue,100000,1000,Active,2023-08-26
CARD205758,C108614,Gold,100000,0,Active,2023-11-27
CARD205759,C108058,Gold,75000,0,Active,2018-03-16
CARD205760,C100354,Gold,100000,2500,Active,2025-12-20
CARD205761,C105831,Premium,200000,1000,Active,2019-04-04
CARD205762,C102382,Platinum,150000,0,Active,2021-06-21
CARD205763,C107630,Gold,75000,0,Active,2020-08-04
CARD205764,C108407,Blue,150000,2500,Active,2024-07-11
CARD205765,C104711,Blue,100000,0,Active,2019-05-22
CARD205766,C102101,Platinum,75000,1000,Active,2017-12-30
CARD205767,C108493,Platinum,50000,1000,Active,2024-01-17
CARD205768,C106260,Gold,300000,2500,Active,2019-01-10
CARD205769,C108444,Premium,150000,500,Active,2022-05-22
CARD205770,C101556,Platinum,50000,1000,Active,2025-08-23
CARD205771,C100774,Premium,100000,0,Active,2018-02-12
CARD205772,C109342,Platinum,100000,2500,Closed,2024-12-13
CARD205773,C105444,Premium,75000,500,Active,2019-04-07
CARD205774,C102167,Gold,300000,0,Active,2021-03-03
CARD205775,C106730,Gold,500000,0,Active,2021-07-03
CARD205776,C104328,Blue,200000,500,Active,2026-03-03
CARD205777,C107566,Premium,75000,0,Active,2021-03-29
CARD205778,C103165,Gold,50000,1000,Active,2024-07-11
CARD205779,C100394,Blue,50000,1000,Active,2017-01-20
CARD205780,C103798,Platinum,50000,0,Active,2021-06-03
CARD205781,C108062,Blue,500000,500,Active,2021-05-10
CARD205782,C108311,Gold,75000,500,Active,2019-01-17
CARD205783,C109496,Premium,200000,0,Active,2025-03-31
CARD205784,C101235,Gold,100000,500,Active,2020-09-16
CARD205785,C109843,Blue,200000,1000,Blocked,2022-11-27
CARD205786,C105583,Blue,200000,1000,Active,2022-03-16
CARD205787,C109570,Gold,75000,0,Active,2021-05-09
CARD205788,C109381,Blue,100000,1000,Active,2018-08-12
CARD205789,C103036,Blue,100000,1000,Inactive,2021-12-28
CARD205790,C102164,Blue,50000,0,Active,2018-12-28
CARD205791,C105719,Blue,50000,0,Active,2024-06-25
CARD205792,C104014,Platinum,200000,500,Active,2020-11-15
CARD205793,C103384,Gold,100000,1000,Active,2019-02-06
CARD205794,C101504,Gold,100000,500,Active,2019-06-17
CARD205795,C108659,Platinum,150000,2500,Blocked,2020-04-30
CARD205796,C105188,Blue,100000,1000,Active,2020-05-06
CARD205797,C103802,Blue,200000,1000,Active,2022-02-09
CARD205798,C108714,Blue,50000,0,Active,2025-06-30
CARD205799,C106872,Premium,75000,500,Active,2019-03-13
CARD205800,C106887,Blue,300000,0,Active,2023-03-11
CARD205801,C106402,Gold,300000,0,Active,2026-04-10
CARD205802,C105399,Gold,50000,0,Active,2023-01-28
CARD205803,C103536,Gold,150000,1000,Active,2020-01-25
CARD205804,C106603,Platinum,200000,1000,Active,2024-06-29
CARD205805,C105196,Blue,75000,5000,Active,2021-04-13
CARD205806,C108996,Blue,50000,1000,Active,2022-02-14
CARD205807,C106839,Gold,150000,0,Active,2023-03-21
CARD205808,C101058,Blue,200000,1000,Active,2021-08-20
CARD205809,C104885,Platinum,200000,0,Active,2026-01-07
CARD205810,C109278,Gold,75000,2500,Active,2019-02-05
CARD205811,C109678,Blue,150000,0,Active,2022-03-22
CARD205812,C102569,Blue,75000,1000,Active,2026-04-22
CARD205813,C102615,Gold,150000,2500,Active,2018-09-13
CARD205814,C104524,Premium,100000,500,Active,2023-09-23
CARD205815,C107283,Gold,150000,500,Active,2018-03-19
CARD205816,C107095,Blue,100000,1000,Active,2023-05-08
CARD205817,C101860,Gold,150000,500,Active,2024-02-09
CARD205818,C102903,Gold,150000,5000,Active,2020-02-21
CARD205819,C107209,Platinum,75000,0,Active,2018-12-05
CARD205820,C107262,Gold,50000,0,Active,2018-11-06
CARD205821,C106427,Gold,150000,5000,Active,2024-12-23
CARD205822,C106337,Gold,75000,500,Active,2023-06-28
CARD205823,C102431,Platinum,150000,2500,Active,2026-03-30
CARD205824,C109150,Gold,50000,1000,Active,2021-01-02
CARD205825,C106643,Gold,75000,2500,Active,2020-03-07
CARD205826,C107858,Blue,50000,500,Active,2022-09-16
CARD205827,C102515,Blue,100000,5000,Active,2025-09-22
CARD205828,C101051,Blue,200000,0,Active,2018-02-04
CARD205829,C102595,Platinum,150000,1000,Active,2021-06-10
CARD205830,C103466,Platinum,75000,500,Active,2024-11-24
CARD205831,C107492,Platinum,75000,0,Active,2018-07-12
CARD205832,C106044,Gold,50000,2500,Active,2024-03-02
CARD205833,C104716,Gold,200000,0,Active,2021-09-30
CARD205834,C104374,Blue,100000,2500,Active,2024-04-20
CARD205835,C102287,Blue,500000,500,Active,2022-10-15
CARD205836,C108478,Blue,150000,1000,Closed,2024-01-17
CARD205837,C100118,Gold,500000,500,Active,2021-12-27
CARD205838,C109317,Gold,75000,1000,Active,2019-02-16
CARD205839,C104695,Blue,300000,1000,Active,2024-01-14
CARD205840,C108930,Gold,300000,500,Active,2017-03-07
CARD205841,C108172,Platinum,75000,2500,Active,2023-05-04
CARD205842,C101048,Gold,500000,5000,Active,2022-07-13
CARD205843,C109517,Gold,100000,5000,Inactive,2024-05-15
CARD205844,C104059,Gold,75000,2500,Active,2022-01-13
CARD205845,C109417,Blue,100000,0,Active,2017-05-01
CARD205846,C107084,Blue,50000,5000,Active,2021-09-02
CARD205847,C107239,Blue,150000,1000,Active,2023-06-15
CARD205848,C100851,Gold,150000,0,Active,2020-11-21
CARD205849,C102856,Premium,100000,1000,Closed,2024-12-22
CARD205850,C106525,Blue,100000,1000,Active,2022-09-06
CARD205851,C104233,Blue,50000,500,Active,2018-04-08
CARD205852,C107757,Blue,150000,0,Active,2022-01-09
CARD205853,C107140,Blue,75000,1000,Active,2022-12-05
CARD205854,C105570,Gold,100000,0,Active,2024-01-12
CARD205855,C106555,Platinum,150000,0,Active,2019-08-25
CARD205856,C109773,Platinum,200000,2500,Blocked,2025-01-22
CARD205857,C105054,Blue,150000,1000,Inactive,2024-07-23
CARD205858,C103489,Platinum,500000,0,Active,2018-08-16
CARD205859,C103642,Gold,150000,1000,Active,2026-02-06
CARD205860,C105890,Blue,100000,0,Active,2022-04-19
CARD205861,C102410,Premium,300000,1000,Active,2025-11-13
CARD205862,C101894,Platinum,150000,500,Active,2021-11-21
CARD205863,C100968,Gold,75000,0,Active,2019-05-04
CARD205864,C107511,Gold,150000,500,Active,2022-07-30
CARD205865,C107874,Gold,75000,2500,Closed,2021-05-21
CARD205866,C107767,Premium,100000,0,Active,2018-08-31
CARD205867,C103377,Blue,50000,1000,Active,2026-04-17
CARD205868,C102958,Blue,50000,5000,Inactive,2018-10-14
CARD205869,C109372,Gold,75000,0,Active,2020-01-31
CARD205870,C105478,Blue,150000,0,Active,2019-12-12
CARD205871,C103962,Platinum,100000,5000,Active,2018-08-06
CARD205872,C100101,Blue,100000,500,Active,2021-06-17
CARD205873,C101636,Platinum,150000,0,Active,2017-05-21
CARD205874,C103439,Blue,75000,500,Active,2019-12-19
CARD205875,C103800,Platinum,150000,500,Active,2021-10-12
CARD205876,C107394,Blue,150000,500,Blocked,2020-08-23
CARD205877,C102140,Blue,75000,500,Active,2020-04-23
CARD205878,C100272,Blue,150000,500,Active,2017-11-28
CARD205879,C108758,Gold,50000,500,Active,2019-05-28
CARD205880,C103657,Blue,150000,5000,Active,2021-12-14
CARD205881,C108254,Gold,75000,2500,Active,2025-06-22
CARD205882,C108553,Platinum,50000,1000,Active,2018-10-09
CARD205883,C101511,Blue,75000,500,Active,2023-11-03
CARD205884,C100485,Blue,100000,2500,Active,2024-08-27
CARD205885,C102330,Gold,200000,500,Active,2021-02-28
CARD205886,C100477,Blue,100000,2500,Active,2021-12-10
CARD205887,C102667,Platinum,100000,0,Active,2022-06-07
CARD205888,C100910,Gold,100000,0,Active,2019-12-09
CARD205889,C100931,Premium,300000,1000,Active,2024-09-29
CARD205890,C107202,Blue,200000,1000,Active,2019-12-27
CARD205891,C102240,Gold,300000,5000,Active,2021-10-02
CARD205892,C104843,Platinum,200000,500,Active,2019-01-14
CARD205893,C103017,Gold,100000,500,Active,2019-08-01
CARD205894,C103787,Blue,150000,0,Active,2020-10-22
CARD205895,C104166,Blue,150000,1000,Active,2025-05-17
CARD205896,C101823,Gold,500000,2500,Active,2024-12-29
CARD205897,C103464,Gold,200000,0,Blocked,2017-09-16
CARD205898,C101205,Blue,150000,1000,Active,2021-04-28
CARD205899,C106177,Platinum,150000,0,Active,2024-09-05
CARD205900,C100643,Blue,500000,1000,Inactive,2022-11-20
CARD205901,C103738,Premium,75000,0,Blocked,2023-04-29
CARD205902,C105409,Platinum,300000,500,Inactive,2024-12-16
CARD205903,C109311,Gold,100000,2500,Active,2018-12-17
CARD205904,C106355,Gold,100000,5000,Active,2023-02-21
CARD205905,C108829,Blue,75000,1000,Active,2023-06-20
CARD205906,C105650,Gold,100000,0,Active,2017-08-14
CARD205907,C103960,Platinum,150000,500,Active,2024-03-06
CARD205908,C102350,Premium,75000,500,Inactive,2020-10-30
CARD205909,C101992,Blue,75000,500,Closed,2020-09-29
CARD205910,C105745,Platinum,100000,500,Active,2018-09-19
CARD205911,C102086,Gold,50000,0,Active,2023-11-07
CARD205912,C107259,Gold,150000,1000,Active,2020-04-15
CARD205913,C109295,Platinum,75000,1000,Active,2023-01-18
CARD205914,C101780,Blue,300000,500,Active,2022-10-02
CARD205915,C103003,Blue,100000,1000,Closed,2025-04-20
CARD205916,C103172,Gold,100000,1000,Active,2018-07-10
CARD205917,C103562,Gold,300000,500,Active,2018-04-14
CARD205918,C106428,Gold,50000,500,Active,2020-10-26
CARD205919,C108430,Gold,200000,500,Active,2019-08-29
CARD205920,C107378,Platinum,150000,500,Active,2023-03-08
CARD205921,C103545,Blue,150000,500,Active,2018-04-02
CARD205922,C101684,Premium,500000,500,Active,2021-04-24
CARD205923,C104475,Blue,75000,1000,Active,2021-03-25
CARD205924,C107618,Premium,150000,1000,Active,2023-02-21
CARD205925,C104470,Platinum,200000,500,Blocked,2019-01-25
CARD205926,C108834,Platinum,100000,2500,Active,2026-03-30
CARD205927,C103352,Platinum,75000,500,Active,2019-07-08
CARD205928,C106090,Blue,75000,0,Active,2019-09-26
CARD205929,C101127,Gold,100000,500,Active,2020-06-03
CARD205930,C103160,Blue,150000,1000,Active,2025-01-02
CARD205931,C108247,Gold,150000,0,Active,2021-05-19
CARD205932,C108618,Gold,50000,500,Active,2020-08-21
CARD205933,C102813,Gold,50000,0,Active,2022-06-29
CARD205934,C101872,Platinum,100000,2500,Active,2025-10-13
CARD205935,C107111,Gold,50000,500,Active,2019-02-22
CARD205936,C109377,Blue,75000,0,Active,2024-12-17
CARD205937,C100505,Gold,150000,500,Active,2022-08-05
CARD205938,C103373,Platinum,100000,500,Active,2023-10-11
CARD205939,C104269,Platinum,150000,5000,Blocked,2019-12-20
CARD205940,C101104,Gold,100000,1000,Active,2022-06-12
CARD205941,C108541,Blue,50000,500,Active,2023-12-27
CARD205942,C100334,Platinum,50000,5000,Active,2020-07-12
CARD205943,C101392,Blue,50000,1000,Active,2021-03-24
CARD205944,C105232,Platinum,300000,0,Active,2020-07-04
CARD205945,C103471,Gold,500000,500,Active,2023-01-22
CARD205946,C103945,Gold,75000,500,Active,2024-03-09
CARD205947,C106062,Blue,300000,5000,Active,2022-07-09
CARD205948,C104894,Blue,75000,1000,Active,2020-04-24
CARD205949,C105389,Blue,150000,1000,Active,2026-02-19
CARD205950,C100814,Gold,100000,0,Active,2025-08-31
CARD205951,C102347,Gold,150000,500,Active,2020-10-24
CARD205952,C101364,Gold,200000,0,Active,2017-01-14
CARD205953,C107103,Platinum,300000,500,Inactive,2018-09-16
CARD205954,C109895,Blue,300000,2500,Active,2024-08-03
CARD205955,C100408,Premium,75000,2500,Inactive,2023-10-22
CARD205956,C101437,Gold,200000,0,Active,2024-01-31
CARD205957,C101769,Blue,100000,500,Active,2025-10-12
CARD205958,C108085,Gold,75000,5000,Active,2021-10-09
CARD205959,C109784,Gold,100000,0,Active,2019-08-03
CARD205960,C102186,Platinum,100000,0,Active,2025-03-13
CARD205961,C107358,Blue,150000,0,Blocked,2023-03-30
CARD205962,C102229,Gold,150000,500,Active,2017-05-25
CARD205963,C101154,Platinum,100000,5000,Blocked,2018-02-01
CARD205964,C107195,Premium,200000,2500,Active,2021-06-03
CARD205965,C101412,Blue,50000,0,Active,2017-02-24
CARD205966,C101306,Gold,300000,2500,Active,2017-02-04
CARD205967,C109471,Gold,200000,0,Active,2018-04-28
CARD205968,C104881,Gold,100000,1000,Active,2019-03-25
CARD205969,C105954,Gold,150000,2500,Active,2017-03-24
CARD205970,C101650,Blue,100000,500,Blocked,2024-03-14
CARD205971,C104565,Gold,50000,500,Active,2018-06-02
CARD205972,C108061,Blue,500000,1000,Active,2020-08-01
CARD205973,C102491,Platinum,100000,2500,Blocked,2022-11-22
CARD205974,C105152,Platinum,200000,500,Inactive,2020-07-18
CARD205975,C108270,Blue,200000,5000,Active,2017-12-20
CARD205976,C101276,Blue,200000,1000,Active,2021-01-03
CARD205977,C100757,Gold,50000,500,Inactive,2022-09-04
CARD205978,C108267,Gold,200000,2500,Active,2023-05-29
CARD205979,C108395,Gold,100000,2500,Active,2025-01-15
CARD205980,C109943,Blue,300000,1000,Active,2022-11-02
CARD205981,C102810,Gold,100000,0,Active,2017-09-15
CARD205982,C106952,Blue,150000,0,Inactive,2024-11-09
CARD205983,C105001,Blue,100000,0,Active,2018-02-19
CARD205984,C109972,Blue,200000,0,Active,2022-11-18
CARD205985,C100144,Platinum,500000,0,Active,2022-11-27
CARD205986,C100431,Platinum,100000,1000,Inactive,2025-08-18
CARD205987,C101278,Blue,100000,500,Active,2024-02-05
CARD205988,C104123,Blue,200000,0,Active,2024-09-16
CARD205989,C100415,Blue,100000,2500,Active,2023-08-01
CARD205990,C106280,Gold,75000,1000,Active,2018-08-20
CARD205991,C109996,Blue,500000,500,Active,2025-07-08
CARD205992,C100074,Platinum,50000,500,Active,2018-11-29
CARD205993,C101893,Gold,300000,0,Active,2022-11-02
CARD205994,C104287,Platinum,50000,500,Active,2017-06-14
CARD205995,C107830,Blue,150000,5000,Active,2021-11-22
CARD205996,C106886,Gold,100000,500,Blocked,2024-04-13
CARD205997,C103931,Blue,150000,0,Inactive,2025-04-21
CARD205998,C105281,Gold,150000,1000,Active,2020-06-23
CARD205999,C100749,Blue,100000,0,Inactive,2024-12-01
CARD206000,C101481,Blue,100000,5000,Active,2024-06-03
CARD206001,C104422,Blue,200000,500,Active,2024-08-18
CARD206002,C105353,Gold,50000,1000,Active,2023-08-21
CARD206003,C100922,Platinum,100000,2500,Active,2022-06-28
CARD206004,C106462,Premium,75000,2500,Active,2024-11-06
CARD206005,C107581,Gold,100000,500,Active,2018-10-30
CARD206006,C109363,Platinum,75000,500,Active,2021-08-02
CARD206007,C104466,Blue,150000,5000,Active,2025-01-26
CARD206008,C101979,Platinum,200000,0,Active,2024-08-06
CARD206009,C107895,Blue,100000,500,Active,2017-09-04
CARD206010,C105034,Gold,150000,500,Active,2025-08-24
CARD206011,C109726,Gold,100000,2500,Active,2017-05-22
CARD206012,C109888,Gold,75000,0,Active,2024-05-08
CARD206013,C100278,Gold,200000,1000,Active,2019-09-16
CARD206014,C109394,Platinum,100000,1000,Active,2018-08-03
CARD206015,C100899,Blue,150000,5000,Active,2025-04-14
CARD206016,C104446,Platinum,300000,2500,Active,2019-01-30
CARD206017,C105880,Blue,150000,500,Blocked,2025-04-28
CARD206018,C102716,Blue,100000,0,Active,2021-11-02
CARD206019,C106844,Gold,150000,2500,Closed,2019-03-22
CARD206020,C103661,Blue,300000,0,Active,2021-07-10
CARD206021,C100623,Gold,150000,2500,Closed,2018-09-18
CARD206022,C103438,Blue,150000,1000,Inactive,2023-05-07
CARD206023,C107011,Platinum,100000,0,Active,2019-05-24
CARD206024,C105573,Platinum,200000,0,Active,2019-09-06
CARD206025,C100065,Gold,75000,0,Active,2020-11-02
CARD206026,C107329,Gold,200000,0,Active,2023-09-25
CARD206027,C108955,Gold,150000,0,Active,2024-05-15
CARD206028,C103240,Blue,50000,0,Active,2024-02-21
CARD206029,C101052,Gold,200000,2500,Active,2017-03-21
CARD206030,C107046,Gold,150000,500,Active,2023-12-13
CARD206031,C103400,Gold,150000,0,Active,2021-11-18
CARD206032,C105449,Gold,150000,0,Active,2022-09-22
CARD206033,C109577,Gold,300000,1000,Active,2020-12-02
CARD206034,C102851,Platinum,150000,1000,Active,2024-04-10
CARD206035,C102250,Platinum,200000,1000,Active,2025-05-14
CARD206036,C105292,Platinum,150000,1000,Active,2024-10-24
CARD206037,C109910,Platinum,200000,1000,Active,2025-06-07
CARD206038,C100283,Gold,200000,2500,Active,2017-09-15
CARD206039,C103074,Platinum,500000,0,Active,2017-06-19
CARD206040,C104484,Gold,150000,1000,Active,2021-06-08
CARD206041,C103356,Blue,100000,0,Active,2024-07-25
CARD206042,C103653,Platinum,300000,0,Active,2018-07-11
CARD206043,C100742,Platinum,150000,2500,Active,2018-07-14
CARD206044,C104783,Gold,150000,5000,Active,2026-01-15
CARD206045,C101101,Gold,200000,500,Active,2017-10-10
CARD206046,C103760,Platinum,150000,500,Active,2019-08-23
CARD206047,C106762,Blue,200000,1000,Active,2019-02-11
CARD206048,C105511,Platinum,500000,5000,Active,2017-10-12
CARD206049,C107390,Blue,200000,1000,Active,2022-02-18
CARD206050,C104581,Premium,200000,1000,Closed,2023-05-23
CARD206051,C109546,Blue,200000,0,Active,2025-02-10
CARD206052,C108089,Gold,150000,500,Active,2020-02-07
CARD206053,C105911,Platinum,150000,2500,Active,2025-05-06
CARD206054,C101859,Blue,500000,0,Active,2018-03-01
CARD206055,C101924,Platinum,150000,1000,Inactive,2017-01-30
CARD206056,C103316,Gold,50000,0,Active,2022-04-21
CARD206057,C106870,Blue,75000,0,Active,2021-03-15
CARD206058,C103256,Gold,75000,0,Active,2018-06-08
CARD206059,C100329,Blue,150000,500,Active,2019-09-20
CARD206060,C100160,Premium,75000,1000,Active,2018-06-07
CARD206061,C108812,Gold,300000,0,Active,2026-01-13
CARD206062,C101494,Platinum,75000,500,Active,2019-08-15
CARD206063,C101001,Gold,200000,5000,Active,2021-04-23
CARD206064,C103191,Premium,300000,500,Active,2020-07-01
CARD206065,C107775,Gold,500000,0,Active,2023-07-09
CARD206066,C106490,Blue,50000,0,Active,2026-03-15
CARD206067,C105937,Blue,100000,0,Closed,2022-12-09
CARD206068,C107933,Blue,200000,1000,Blocked,2017-12-18
CARD206069,C104370,Platinum,300000,2500,Active,2023-09-05
CARD206070,C105304,Premium,150000,2500,Active,2017-04-06
CARD206071,C106022,Blue,75000,0,Active,2025-12-31
CARD206072,C105491,Blue,100000,2500,Active,2023-10-01
CARD206073,C106315,Blue,100000,500,Blocked,2021-08-26
CARD206074,C105836,Gold,200000,2500,Active,2023-06-15
CARD206075,C101293,Gold,300000,500,Active,2024-04-27
CARD206076,C107411,Premium,100000,500,Closed,2017-04-18
CARD206077,C101896,Gold,500000,5000,Active,2017-10-20
CARD206078,C108159,Gold,150000,500,Active,2022-10-09
CARD206079,C102332,Platinum,100000,0,Active,2021-06-25
CARD206080,C104456,Blue,50000,5000,Active,2024-12-24
CARD206081,C108622,Platinum,150000,5000,Inactive,2024-07-24
CARD206082,C108505,Gold,100000,0,Active,2017-06-19
CARD206083,C107466,Platinum,75000,0,Active,2020-03-14
CARD206084,C102685,Premium,300000,2500,Active,2023-10-06
CARD206085,C101184,Gold,50000,0,Closed,2020-05-26
CARD206086,C109081,Platinum,300000,500,Active,2025-10-18
CARD206087,C101045,Premium,50000,500,Active,2020-06-06
CARD206088,C102988,Platinum,75000,500,Active,2025-02-03
CARD206089,C102450,Gold,200000,0,Active,2019-03-02
CARD206090,C109446,Blue,500000,0,Blocked,2019-08-03
CARD206091,C105631,Gold,50000,500,Closed,2017-12-13
CARD206092,C108854,Platinum,75000,500,Closed,2023-02-17
CARD206093,C100800,Blue,150000,0,Active,2018-02-26
CARD206094,C100668,Platinum,300000,0,Active,2019-04-15
CARD206095,C109963,Gold,100000,1000,Active,2026-01-27
CARD206096,C104482,Platinum,150000,0,Inactive,2024-08-20
CARD206097,C108948,Gold,100000,0,Active,2019-06-24
CARD206098,C107338,Blue,75000,0,Active,2021-12-04
CARD206099,C107597,Premium,50000,2500,Inactive,2018-01-02
CARD206100,C103215,Gold,150000,0,Closed,2022-10-18
CARD206101,C102898,Gold,300000,500,Inactive,2019-09-16
CARD206102,C105028,Premium,75000,500,Active,2019-12-11
CARD206103,C108547,Gold,150000,0,Active,2022-06-07
CARD206104,C100147,Blue,200000,2500,Active,2024-04-22
CARD206105,C106002,Blue,100000,5000,Active,2025-05-16
CARD206106,C103631,Gold,100000,500,Active,2018-06-04
CARD206107,C106129,Platinum,300000,5000,Active,2026-03-26
CARD206108,C107162,Gold,100000,0,Active,2023-09-03
CARD206109,C105113,Gold,75000,2500,Active,2019-08-06
CARD206110,C108588,Gold,50000,500,Active,2023-08-17
CARD206111,C101105,Blue,150000,500,Active,2019-06-10
CARD206112,C100015,Gold,100000,5000,Active,2018-06-14
CARD206113,C107161,Platinum,500000,5000,Active,2018-01-15
CARD206114,C104118,Blue,150000,0,Active,2020-09-23
CARD206115,C106272,Gold,75000,0,Inactive,2025-09-30
CARD206116,C101632,Gold,50000,0,Closed,2024-06-23
CARD206117,C108457,Platinum,300000,500,Active,2019-01-21
CARD206118,C102877,Platinum,200000,1000,Active,2024-05-27
CARD206119,C103747,Platinum,150000,2500,Blocked,2020-04-11
CARD206120,C101111,Platinum,100000,5000,Active,2025-07-25
CARD206121,C100730,Gold,50000,500,Active,2024-02-24
CARD206122,C108815,Blue,150000,500,Active,2025-10-01
CARD206123,C106783,Platinum,75000,2500,Active,2020-04-04
CARD206124,C108638,Platinum,200000,1000,Active,2025-07-13
CARD206125,C105722,Blue,300000,0,Active,2021-07-26
CARD206126,C107249,Platinum,300000,1000,Active,2023-06-14
CARD206127,C102109,Platinum,50000,2500,Active,2021-04-03
CARD206128,C104559,Gold,100000,0,Active,2018-11-19
CARD206129,C101714,Platinum,150000,500,Active,2020-03-22
CARD206130,C105968,Platinum,100000,0,Active,2017-01-04
CARD206131,C104576,Blue,150000,0,Active,2025-11-13
CARD206132,C108995,Blue,150000,0,Active,2023-11-19
CARD206133,C103515,Blue,50000,5000,Active,2026-03-19
CARD206134,C102267,Premium,75000,1000,Active,2017-04-06
CARD206135,C108595,Blue,150000,5000,Active,2024-09-17
CARD206136,C106067,Gold,200000,2500,Closed,2018-06-10
CARD206137,C104915,Blue,50000,500,Active,2022-02-14
CARD206138,C101099,Gold,100000,500,Active,2023-02-01
CARD206139,C102799,Gold,75000,1000,Active,2022-03-06
CARD206140,C109878,Blue,300000,0,Active,2022-04-28
CARD206141,C103382,Gold,100000,0,Active,2023-08-07
CARD206142,C108170,Gold,100000,2500,Active,2023-01-12
CARD206143,C106308,Gold,200000,1000,Active,2023-04-02
CARD206144,C106651,Premium,50000,5000,Active,2023-06-29
CARD206145,C102702,Blue,100000,1000,Active,2021-04-28
CARD206146,C109157,Premium,300000,0,Active,2025-03-08
CARD206147,C104638,Platinum,150000,0,Active,2023-02-05
CARD206148,C102500,Blue,100000,500,Inactive,2021-07-18
CARD206149,C104733,Gold,150000,0,Active,2020-09-07
CARD206150,C106895,Blue,150000,500,Active,2020-04-15
CARD206151,C109321,Platinum,75000,0,Active,2024-09-17
CARD206152,C103770,Blue,300000,2500,Active,2023-06-20
CARD206153,C102111,Blue,100000,2500,Active,2019-07-03
CARD206154,C102059,Platinum,100000,0,Active,2021-03-17
CARD206155,C106593,Platinum,50000,500,Active,2026-04-20
CARD206156,C102179,Platinum,150000,2500,Inactive,2017-01-29
CARD206157,C101275,Gold,150000,0,Active,2024-06-04
CARD206158,C104677,Platinum,150000,2500,Active,2019-01-14
CARD206159,C100300,Gold,200000,0,Active,2023-01-30
CARD206160,C100102,Platinum,100000,500,Active,2022-06-19
CARD206161,C103449,Platinum,150000,1000,Inactive,2020-02-08
CARD206162,C105522,Gold,75000,2500,Closed,2023-09-22
CARD206163,C101507,Gold,300000,0,Active,2019-04-16
CARD206164,C105406,Blue,200000,5000,Active,2021-12-06
CARD206165,C108496,Gold,75000,500,Active,2018-03-30
CARD206166,C109888,Premium,50000,500,Active,2017-12-15
CARD206167,C107805,Premium,75000,0,Active,2022-12-07
CARD206168,C101747,Blue,75000,500,Active,2023-02-16
CARD206169,C102404,Gold,200000,500,Active,2024-08-18
CARD206170,C103272,Blue,50000,2500,Active,2020-10-08
CARD206171,C101521,Platinum,75000,500,Active,2024-05-02
CARD206172,C101783,Gold,100000,500,Active,2019-02-14
CARD206173,C108262,Platinum,50000,0,Inactive,2018-02-05
CARD206174,C109347,Blue,75000,1000,Active,2020-06-24
CARD206175,C106311,Gold,200000,500,Active,2025-01-14
CARD206176,C100622,Gold,300000,2500,Active,2023-05-15
CARD206177,C107069,Gold,100000,0,Blocked,2023-04-16
CARD206178,C102239,Platinum,200000,1000,Active,2022-04-14
CARD206179,C100698,Platinum,200000,0,Active,2026-01-18
CARD206180,C107514,Blue,50000,0,Blocked,2019-10-08
CARD206181,C109742,Platinum,200000,5000,Active,2022-12-31
CARD206182,C101332,Premium,200000,1000,Active,2025-01-03
CARD206183,C106116,Platinum,200000,500,Active,2018-04-03
CARD206184,C105922,Blue,100000,0,Active,2024-08-21
CARD206185,C106360,Blue,150000,0,Closed,2022-08-18
CARD206186,C101155,Blue,75000,0,Active,2017-05-25
CARD206187,C104735,Premium,200000,500,Active,2019-10-06
CARD206188,C102721,Gold,200000,0,Inactive,2024-04-10
CARD206189,C109574,Platinum,150000,500,Inactive,2020-01-05
CARD206190,C105723,Platinum,200000,0,Active,2022-04-16
CARD206191,C109198,Gold,50000,5000,Blocked,2026-04-15
CARD206192,C101448,Blue,150000,1000,Active,2017-08-09
CARD206193,C100522,Gold,100000,1000,Active,2020-08-31
CARD206194,C103635,Blue,150000,500,Blocked,2021-04-29
CARD206195,C100698,Gold,50000,0,Active,2025-03-19
CARD206196,C108593,Blue,100000,500,Inactive,2017-01-13
CARD206197,C109241,Gold,50000,1000,Active,2020-06-20
CARD206198,C100136,Platinum,100000,2500,Active,2026-01-03
CARD206199,C109530,Blue,300000,5000,Closed,2019-02-09
CARD206200,C109984,Blue,50000,1000,Active,2023-09-17
CARD206201,C106976,Platinum,300000,2500,Inactive,2025-11-05
CARD206202,C102534,Gold,150000,500,Blocked,2025-03-21
CARD206203,C108261,Blue,300000,0,Active,2021-12-20
CARD206204,C100167,Gold,200000,1000,Closed,2021-10-20
CARD206205,C106874,Blue,100000,1000,Active,2020-11-10
CARD206206,C108970,Blue,100000,0,Active,2025-07-02
CARD206207,C107253,Platinum,50000,2500,Active,2021-05-04
CARD206208,C109533,Blue,150000,500,Active,2019-01-13
CARD206209,C105976,Blue,150000,1000,Active,2024-05-31
CARD206210,C103230,Blue,200000,500,Active,2022-11-02
CARD206211,C105683,Platinum,150000,1000,Active,2018-10-19
CARD206212,C109557,Gold,100000,1000,Active,2018-01-26
CARD206213,C101842,Gold,75000,0,Blocked,2020-04-04
CARD206214,C107213,Blue,200000,2500,Active,2025-04-11
CARD206215,C106669,Platinum,150000,500,Active,2020-02-18
CARD206216,C109723,Platinum,50000,1000,Active,2017-11-14
CARD206217,C104759,Platinum,200000,1000,Active,2025-06-04
CARD206218,C102316,Platinum,100000,5000,Active,2022-05-12
CARD206219,C109056,Premium,75000,0,Inactive,2022-12-02
CARD206220,C104637,Gold,50000,500,Blocked,2022-03-14
CARD206221,C101994,Platinum,75000,0,Active,2021-07-11
CARD206222,C102832,Platinum,50000,500,Inactive,2018-07-27
CARD206223,C105792,Gold,200000,1000,Active,2025-04-23
CARD206224,C107042,Blue,150000,500,Active,2022-02-03
CARD206225,C108582,Gold,500000,1000,Active,2023-06-15
CARD206226,C108501,Platinum,75000,1000,Active,2020-11-21
CARD206227,C108894,Gold,100000,500,Active,2024-04-05
CARD206228,C105949,Platinum,150000,2500,Active,2017-05-25
CARD206229,C109092,Blue,150000,0,Active,2022-03-29
CARD206230,C102713,Blue,150000,1000,Active,2023-11-10
CARD206231,C107388,Blue,50000,2500,Blocked,2024-12-26
CARD206232,C100447,Gold,50000,2500,Closed,2020-02-07
CARD206233,C105072,Blue,200000,500,Active,2024-09-18
CARD206234,C104710,Blue,200000,500,Blocked,2018-07-02
CARD206235,C101870,Premium,50000,0,Active,2019-04-18
CARD206236,C108153,Platinum,200000,500,Inactive,2017-10-22
CARD206237,C101273,Gold,200000,500,Active,2025-11-21
CARD206238,C106423,Blue,75000,1000,Active,2023-05-29
CARD206239,C103912,Blue,150000,0,Active,2021-02-25
CARD206240,C106084,Gold,75000,0,Active,2020-11-27
CARD206241,C108821,Blue,200000,2500,Active,2021-09-15
CARD206242,C101299,Blue,75000,2500,Active,2025-12-14
CARD206243,C103737,Platinum,200000,0,Active,2024-01-12
CARD206244,C100011,Blue,150000,1000,Active,2025-11-26
CARD206245,C106287,Platinum,75000,2500,Active,2025-09-24
CARD206246,C102861,Premium,300000,500,Active,2018-10-20
CARD206247,C106222,Gold,200000,500,Active,2017-08-24
CARD206248,C104901,Blue,150000,0,Closed,2017-12-05
CARD206249,C107208,Gold,100000,0,Blocked,2023-01-04
CARD206250,C104981,Premium,150000,500,Active,2021-08-29
CARD206251,C102377,Platinum,150000,1000,Active,2020-06-14
CARD206252,C109022,Blue,50000,1000,Active,2018-09-21
CARD206253,C108410,Platinum,100000,500,Active,2023-10-18
CARD206254,C100849,Gold,300000,500,Active,2021-03-27
CARD206255,C103544,Gold,200000,5000,Active,2018-01-24
CARD206256,C104220,Blue,50000,5000,Active,2018-02-23
CARD206257,C104723,Gold,300000,0,Inactive,2020-03-07
CARD206258,C104880,Platinum,50000,1000,Active,2021-02-20
CARD206259,C109683,Gold,150000,1000,Active,2019-09-17
CARD206260,C104585,Premium,100000,1000,Active,2018-02-07
CARD206261,C103291,Blue,75000,1000,Active,2018-04-23
CARD206262,C108840,Blue,100000,500,Active,2026-03-16
CARD206263,C100130,Gold,50000,2500,Closed,2018-11-27
CARD206264,C101665,Blue,500000,1000,Active,2018-04-14
CARD206265,C109169,Gold,500000,1000,Active,2017-03-30
CARD206266,C104822,Gold,75000,2500,Active,2018-05-28
CARD206267,C109531,Gold,500000,500,Inactive,2024-11-07
CARD206268,C105701,Gold,500000,0,Active,2018-06-20
CARD206269,C100764,Blue,75000,0,Active,2017-10-16
CARD206270,C103880,Blue,50000,1000,Active,2020-05-07
CARD206271,C105112,Gold,100000,500,Active,2017-01-02
CARD206272,C106434,Platinum,100000,2500,Active,2018-08-04
CARD206273,C103171,Platinum,100000,0,Closed,2022-01-11
CARD206274,C102939,Blue,150000,0,Active,2021-02-27
CARD206275,C103238,Blue,200000,2500,Inactive,2022-12-30
CARD206276,C100517,Gold,150000,5000,Active,2020-11-04
CARD206277,C105853,Gold,150000,2500,Active,2021-05-27
CARD206278,C104646,Gold,150000,500,Inactive,2024-01-07
CARD206279,C105312,Gold,300000,2500,Active,2021-06-30
CARD206280,C107044,Gold,100000,0,Inactive,2023-07-29
CARD206281,C102778,Blue,75000,1000,Blocked,2018-10-27
CARD206282,C100692,Blue,100000,0,Active,2025-06-15
CARD206283,C100961,Platinum,200000,0,Active,2023-04-15
CARD206284,C107419,Platinum,100000,500,Active,2025-09-01
CARD206285,C108002,Platinum,150000,0,Active,2025-07-25
CARD206286,C104387,Blue,100000,500,Active,2019-08-08
CARD206287,C102310,Platinum,100000,500,Active,2022-07-05
CARD206288,C100293,Platinum,200000,500,Active,2019-02-15
CARD206289,C108899,Platinum,75000,500,Active,2017-03-03
CARD206290,C108278,Blue,150000,0,Active,2024-08-02
CARD206291,C106009,Blue,150000,2500,Active,2022-12-20
CARD206292,C100155,Premium,200000,2500,Blocked,2020-03-24
CARD206293,C101702,Gold,300000,1000,Active,2020-01-14
CARD206294,C106178,Platinum,75000,1000,Active,2024-09-19
CARD206295,C101063,Blue,75000,500,Active,2018-09-02
CARD206296,C100233,Gold,75000,1000,Active,2026-01-29
CARD206297,C102900,Gold,500000,2500,Active,2018-01-15
CARD206298,C105852,Platinum,150000,2500,Active,2021-02-09
CARD206299,C108537,Blue,300000,0,Active,2022-10-29
CARD206300,C104743,Gold,500000,0,Active,2025-02-16
CARD206301,C101667,Platinum,300000,1000,Active,2021-08-01
CARD206302,C101595,Platinum,75000,500,Active,2020-10-10
CARD206303,C109780,Platinum,150000,500,Active,2018-08-25
CARD206304,C107545,Blue,75000,5000,Active,2021-09-08
CARD206305,C107331,Gold,100000,1000,Active,2023-08-13
CARD206306,C105152,Blue,100000,500,Inactive,2024-05-08
CARD206307,C109625,Premium,300000,500,Active,2017-10-10
CARD206308,C106810,Gold,150000,0,Active,2024-11-19
CARD206309,C108093,Platinum,200000,5000,Active,2017-06-26
CARD206310,C101357,Blue,200000,0,Active,2017-01-27
CARD206311,C108707,Platinum,150000,2500,Active,2026-02-17
CARD206312,C106216,Gold,100000,0,Active,2017-08-07
CARD206313,C102659,Gold,200000,2500,Active,2018-06-29
CARD206314,C100555,Platinum,100000,500,Active,2023-08-10
CARD206315,C102984,Blue,150000,500,Active,2024-10-22
CARD206316,C101903,Blue,75000,2500,Active,2020-09-07
CARD206317,C103262,Blue,150000,0,Active,2022-06-13
CARD206318,C100372,Gold,100000,0,Active,2022-11-22
CARD206319,C108974,Gold,300000,0,Closed,2020-03-20
CARD206320,C101746,Premium,100000,0,Active,2020-05-09
CARD206321,C102511,Platinum,100000,5000,Active,2023-10-24
CARD206322,C104873,Gold,75000,0,Active,2025-07-09
CARD206323,C109031,Gold,100000,2500,Active,2025-11-12
CARD206324,C103520,Gold,200000,2500,Active,2022-03-08
CARD206325,C109447,Gold,150000,0,Active,2018-12-26
CARD206326,C109297,Platinum,50000,0,Inactive,2021-03-16
CARD206327,C102812,Gold,100000,2500,Closed,2023-08-03
CARD206328,C109959,Blue,100000,1000,Active,2025-04-12
CARD206329,C103111,Platinum,150000,2500,Active,2019-10-29
CARD206330,C105561,Platinum,200000,2500,Active,2017-09-12
CARD206331,C103165,Platinum,500000,0,Active,2022-08-05
CARD206332,C109410,Gold,75000,1000,Active,2023-05-30
CARD206333,C109208,Gold,75000,0,Active,2021-07-31
CARD206334,C107596,Platinum,100000,5000,Active,2019-04-08
CARD206335,C106751,Platinum,150000,500,Inactive,2019-06-18
CARD206336,C100508,Gold,200000,500,Inactive,2018-11-20
CARD206337,C101723,Gold,200000,0,Active,2022-10-06
CARD206338,C108031,Blue,100000,1000,Active,2021-04-24
CARD206339,C101863,Gold,200000,2500,Active,2025-05-28
CARD206340,C107201,Gold,150000,0,Active,2024-11-08
CARD206341,C101608,Gold,50000,5000,Active,2018-02-06
CARD206342,C100842,Blue,500000,0,Active,2020-12-05
CARD206343,C103910,Gold,75000,2500,Active,2017-12-03
CARD206344,C109632,Platinum,50000,0,Active,2017-05-17
CARD206345,C100568,Gold,100000,0,Closed,2017-05-14
CARD206346,C103850,Gold,150000,0,Active,2021-07-05
CARD206347,C106037,Premium,100000,0,Active,2023-05-22
CARD206348,C108759,Gold,200000,2500,Active,2020-07-24
CARD206349,C107432,Platinum,50000,1000,Active,2018-09-27
CARD206350,C105186,Blue,200000,5000,Active,2022-08-09
CARD206351,C103046,Blue,100000,0,Blocked,2021-12-04
CARD206352,C102115,Premium,50000,0,Closed,2021-04-15
CARD206353,C106921,Premium,500000,0,Active,2017-09-06
CARD206354,C100443,Blue,300000,2500,Active,2020-04-30
CARD206355,C108308,Premium,100000,500,Inactive,2020-01-01
CARD206356,C103830,Platinum,150000,1000,Active,2025-08-06
CARD206357,C101657,Blue,75000,500,Active,2018-04-11
CARD206358,C100576,Blue,150000,500,Active,2022-11-15
CARD206359,C104333,Gold,75000,1000,Active,2025-05-11
CARD206360,C105256,Blue,100000,0,Active,2023-07-21
CARD206361,C103243,Platinum,75000,5000,Active,2025-12-10
CARD206362,C100037,Platinum,100000,500,Active,2019-04-15
CARD206363,C104347,Gold,50000,0,Active,2024-01-01
CARD206364,C100976,Platinum,150000,2500,Active,2021-08-12
CARD206365,C109607,Gold,75000,5000,Active,2021-12-25
CARD206366,C107480,Gold,75000,500,Active,2019-05-05
CARD206367,C107803,Gold,100000,500,Active,2017-06-01
CARD206368,C108420,Gold,200000,0,Active,2022-02-14
CARD206369,C104960,Premium,100000,0,Active,2018-10-20
CARD206370,C108624,Blue,200000,0,Active,2017-12-30
CARD206371,C100843,Blue,500000,5000,Active,2020-06-14
CARD206372,C102000,Gold,300000,2500,Blocked,2025-10-04
CARD206373,C109217,Premium,75000,2500,Active,2022-10-08
CARD206374,C101818,Gold,300000,5000,Active,2018-04-07
CARD206375,C100812,Gold,300000,1000,Active,2022-08-01
CARD206376,C105674,Premium,50000,500,Active,2019-12-07
CARD206377,C106455,Blue,500000,0,Active,2026-03-17
CARD206378,C100031,Blue,500000,2500,Active,2018-04-27
CARD206379,C106410,Gold,200000,1000,Active,2022-03-31
CARD206380,C105535,Gold,150000,500,Active,2019-10-14
CARD206381,C108465,Blue,500000,1000,Active,2017-02-13
CARD206382,C106962,Gold,75000,1000,Active,2017-11-11
CARD206383,C105755,Gold,200000,500,Active,2019-05-08
CARD206384,C102181,Blue,300000,0,Active,2025-06-22
CARD206385,C105925,Gold,100000,0,Blocked,2022-08-12
CARD206386,C103793,Blue,100000,0,Active,2020-03-20
CARD206387,C109146,Blue,100000,0,Active,2022-03-16
CARD206388,C107006,Platinum,500000,500,Active,2022-02-03
CARD206389,C105913,Gold,200000,0,Active,2024-10-16
CARD206390,C104568,Gold,150000,0,Active,2022-06-28
CARD206391,C102224,Gold,50000,500,Active,2019-02-22
CARD206392,C106399,Blue,150000,0,Inactive,2018-10-31
CARD206393,C100491,Gold,75000,1000,Active,2020-05-05
CARD206394,C107999,Blue,500000,500,Active,2026-02-10
CARD206395,C108006,Gold,150000,0,Active,2019-07-03
CARD206396,C100460,Blue,150000,0,Active,2025-04-16
CARD206397,C101807,Platinum,500000,0,Active,2025-07-16
CARD206398,C101805,Platinum,200000,0,Active,2018-11-26
CARD206399,C102136,Premium,100000,0,Active,2020-11-21
CARD206400,C106273,Platinum,150000,0,Active,2025-10-30
CARD206401,C102050,Gold,300000,0,Blocked,2018-06-06
CARD206402,C106633,Blue,300000,1000,Closed,2025-11-18
CARD206403,C103993,Blue,100000,0,Active,2024-09-02
CARD206404,C105236,Blue,100000,0,Active,2022-07-10
CARD206405,C100061,Platinum,200000,500,Active,2025-10-23
CARD206406,C109713,Platinum,75000,500,Active,2017-10-12
CARD206407,C106353,Blue,100000,500,Active,2020-10-01
CARD206408,C100483,Blue,50000,5000,Inactive,2017-04-11
CARD206409,C105670,Blue,200000,0,Inactive,2019-10-11
CARD206410,C100251,Premium,50000,2500,Inactive,2022-02-14
CARD206411,C100461,Blue,150000,0,Active,2022-02-02
CARD206412,C103650,Platinum,500000,500,Active,2022-04-22
CARD206413,C106634,Platinum,100000,0,Active,2017-04-27
CARD206414,C101423,Platinum,200000,1000,Closed,2025-04-13
CARD206415,C106974,Gold,75000,5000,Active,2025-12-11
CARD206416,C100915,Blue,75000,1000,Active,2023-09-23
CARD206417,C100504,Blue,75000,500,Active,2023-06-15
CARD206418,C108389,Premium,200000,1000,Closed,2020-09-09
CARD206419,C104496,Gold,150000,0,Active,2025-09-28
CARD206420,C109548,Gold,200000,2500,Active,2023-11-24
CARD206421,C105157,Gold,100000,0,Active,2022-10-16
CARD206422,C108642,Blue,75000,5000,Active,2023-10-16
CARD206423,C103515,Platinum,150000,5000,Inactive,2025-12-04
CARD206424,C100426,Platinum,50000,500,Active,2020-06-20
CARD206425,C105672,Blue,100000,0,Active,2017-12-07
CARD206426,C103553,Blue,500000,0,Active,2021-10-31
CARD206427,C101369,Blue,150000,2500,Active,2018-11-13
CARD206428,C100657,Platinum,150000,500,Active,2022-10-22
CARD206429,C106538,Gold,75000,500,Active,2025-05-15
CARD206430,C106737,Platinum,100000,1000,Active,2019-03-28
CARD206431,C101654,Blue,150000,0,Active,2020-08-26
CARD206432,C104858,Gold,150000,1000,Active,2019-05-10
CARD206433,C103693,Blue,150000,500,Inactive,2026-02-24
CARD206434,C102353,Gold,500000,5000,Active,2021-08-22
CARD206435,C106290,Blue,75000,5000,Active,2017-05-24
CARD206436,C101587,Premium,100000,500,Active,2025-01-10
CARD206437,C104660,Platinum,75000,500,Blocked,2020-04-14
CARD206438,C109894,Blue,100000,0,Active,2023-08-09
CARD206439,C109386,Blue,50000,500,Active,2023-06-30
CARD206440,C101451,Blue,100000,1000,Active,2018-11-28
CARD206441,C106040,Blue,100000,2500,Active,2023-11-28
CARD206442,C109840,Premium,200000,0,Active,2017-05-20
CARD206443,C103767,Premium,300000,5000,Active,2018-10-17
CARD206444,C105757,Blue,150000,0,Active,2025-09-19
CARD206445,C106619,Blue,200000,2500,Active,2019-06-19
CARD206446,C108166,Blue,100000,500,Active,2019-12-29
CARD206447,C106245,Gold,100000,0,Active,2021-08-05
CARD206448,C109111,Gold,75000,1000,Active,2021-09-27
CARD206449,C105370,Gold,100000,2500,Active,2020-05-08
CARD206450,C100327,Blue,200000,5000,Closed,2017-05-14
CARD206451,C108658,Blue,150000,2500,Active,2019-09-01
CARD206452,C109414,Gold,75000,5000,Active,2020-09-15
CARD206453,C107444,Blue,200000,500,Active,2025-07-14
CARD206454,C100839,Gold,50000,5000,Active,2019-06-06
CARD206455,C103474,Blue,75000,500,Active,2020-08-02
CARD206456,C108693,Gold,75000,0,Active,2026-01-02
CARD206457,C108402,Platinum,150000,5000,Active,2020-07-26
CARD206458,C100247,Gold,100000,0,Active,2020-03-17
CARD206459,C104063,Platinum,300000,0,Active,2017-12-26
CARD206460,C104206,Blue,50000,500,Active,2018-07-29
CARD206461,C103241,Blue,300000,1000,Active,2021-12-22
CARD206462,C105169,Gold,50000,500,Active,2023-07-28
CARD206463,C107314,Blue,300000,1000,Active,2017-12-11
CARD206464,C108223,Blue,75000,1000,Closed,2020-07-31
CARD206465,C108694,Blue,50000,1000,Active,2017-04-04
CARD206466,C101935,Gold,75000,5000,Inactive,2024-04-21
CARD206467,C105884,Gold,100000,1000,Active,2025-07-18
CARD206468,C109709,Blue,200000,0,Active,2017-03-29
CARD206469,C108372,Gold,300000,0,Active,2018-08-23
CARD206470,C106120,Platinum,100000,1000,Active,2020-07-15
CARD206471,C108459,Blue,75000,500,Active,2023-07-08
CARD206472,C108832,Gold,100000,500,Active,2017-03-08
CARD206473,C102526,Premium,300000,500,Active,2020-12-03
CARD206474,C109882,Blue,50000,500,Active,2017-05-18
CARD206475,C107693,Gold,100000,500,Inactive,2024-02-27
CARD206476,C105493,Gold,75000,1000,Inactive,2019-12-30
CARD206477,C101902,Gold,100000,2500,Blocked,2022-01-18
CARD206478,C109892,Platinum,75000,500,Active,2018-03-17
CARD206479,C105923,Gold,200000,0,Active,2019-04-28
CARD206480,C105697,Platinum,75000,500,Active,2021-12-25
CARD206481,C107749,Blue,300000,2500,Active,2018-09-06
CARD206482,C105482,Gold,200000,5000,Closed,2026-02-20
CARD206483,C102689,Blue,100000,5000,Active,2018-07-15
CARD206484,C104368,Blue,50000,2500,Active,2025-06-02
CARD206485,C105696,Gold,75000,1000,Closed,2023-03-07
CARD206486,C100520,Blue,150000,500,Active,2021-08-12
CARD206487,C105033,Blue,200000,500,Inactive,2024-07-14
CARD206488,C105728,Premium,100000,2500,Closed,2021-02-03
CARD206489,C105280,Platinum,100000,0,Inactive,2018-02-28
CARD206490,C107296,Blue,300000,1000,Active,2025-05-17
CARD206491,C103105,Blue,100000,500,Active,2020-01-27
CARD206492,C107214,Blue,75000,1000,Active,2022-10-19
CARD206493,C104343,Blue,75000,500,Closed,2020-09-07
CARD206494,C109581,Blue,300000,1000,Active,2024-01-09
CARD206495,C109345,Platinum,100000,2500,Active,2025-04-28
CARD206496,C103555,Blue,200000,500,Active,2022-01-07
CARD206497,C101012,Platinum,150000,2500,Active,2021-01-27
CARD206498,C108543,Premium,75000,0,Active,2019-01-30
CARD206499,C104197,Blue,75000,2500,Active,2022-11-17
CARD206500,C109668,Gold,75000,2500,Active,2020-03-17
CARD206501,C102185,Blue,50000,5000,Active,2025-04-07
CARD206502,C109125,Gold,150000,500,Active,2025-09-27
CARD206503,C100701,Blue,200000,500,Active,2024-06-18
CARD206504,C107441,Gold,150000,500,Active,2021-12-29
CARD206505,C107957,Gold,300000,0,Active,2019-03-15
CARD206506,C106769,Premium,300000,2500,Active,2020-03-22
CARD206507,C105284,Blue,300000,0,Active,2017-02-28
CARD206508,C103330,Blue,200000,0,Active,2017-02-02
CARD206509,C103981,Blue,100000,2500,Active,2018-11-30
CARD206510,C105239,Blue,100000,0,Active,2020-08-19
CARD206511,C104554,Gold,50000,2500,Active,2023-08-04
CARD206512,C100415,Premium,300000,2500,Active,2019-10-22
CARD206513,C104252,Gold,100000,0,Active,2021-11-03
CARD206514,C101068,Gold,75000,0,Closed,2020-11-17
CARD206515,C103143,Gold,50000,500,Active,2024-02-02
CARD206516,C109309,Blue,75000,0,Blocked,2021-07-12
CARD206517,C102189,Premium,300000,1000,Active,2022-10-01
CARD206518,C102002,Premium,300000,2500,Active,2022-12-13
CARD206519,C101039,Blue,75000,500,Inactive,2019-07-16
CARD206520,C108893,Blue,200000,0,Closed,2025-07-20
CARD206521,C105578,Gold,150000,1000,Active,2020-01-20
CARD206522,C101876,Platinum,100000,0,Closed,2022-04-13
CARD206523,C109493,Gold,100000,500,Closed,2022-12-20
CARD206524,C104553,Gold,100000,5000,Active,2025-03-24
CARD206525,C101867,Gold,75000,2500,Active,2018-09-23
CARD206526,C106117,Gold,150000,2500,Active,2026-02-26
CARD206527,C101198,Premium,50000,1000,Active,2017-11-23
CARD206528,C109435,Platinum,300000,1000,Active,2017-05-23
CARD206529,C100571,Platinum,200000,1000,Active,2018-05-22
CARD206530,C103764,Blue,100000,1000,Active,2017-07-14
CARD206531,C103890,Blue,100000,0,Active,2024-01-01
CARD206532,C107659,Platinum,100000,0,Active,2025-08-23
CARD206533,C102548,Blue,500000,0,Active,2021-09-01
CARD206534,C102268,Blue,100000,500,Active,2017-08-26
CARD206535,C105725,Platinum,300000,0,Active,2018-09-18
CARD206536,C109376,Gold,200000,500,Active,2018-10-08
CARD206537,C108686,Gold,200000,1000,Active,2021-12-26
CARD206538,C100004,Blue,200000,1000,Active,2018-05-11
CARD206539,C100691,Blue,150000,1000,Active,2024-02-07
CARD206540,C105337,Platinum,100000,1000,Active,2022-03-19
CARD206541,C107915,Blue,50000,500,Inactive,2023-12-05
CARD206542,C104421,Gold,150000,5000,Inactive,2021-10-13
CARD206543,C109860,Gold,200000,2500,Active,2021-12-21
CARD206544,C101876,Gold,75000,500,Active,2018-01-17
CARD206545,C107948,Platinum,100000,0,Active,2021-08-12
CARD206546,C103083,Blue,75000,1000,Active,2022-09-29
CARD206547,C106750,Gold,100000,500,Active,2020-06-19
CARD206548,C107256,Platinum,75000,0,Active,2017-02-22
CARD206549,C108749,Blue,150000,1000,Blocked,2022-10-03
CARD206550,C100518,Premium,150000,500,Active,2024-11-26
CARD206551,C107669,Gold,100000,2500,Active,2017-06-26
CARD206552,C100190,Gold,75000,0,Active,2018-12-20
CARD206553,C108687,Blue,75000,500,Active,2022-07-25
CARD206554,C109117,Gold,75000,500,Active,2019-01-27
CARD206555,C103812,Blue,500000,2500,Active,2025-09-21
CARD206556,C103353,Blue,75000,500,Active,2023-06-01
CARD206557,C102283,Premium,100000,0,Active,2017-10-04
CARD206558,C104508,Platinum,150000,2500,Active,2022-01-14
CARD206559,C105878,Gold,150000,5000,Active,2025-04-07
CARD206560,C102876,Premium,200000,500,Active,2023-03-05
CARD206561,C102863,Blue,100000,2500,Closed,2022-05-27
CARD206562,C103347,Blue,150000,500,Active,2018-06-15
CARD206563,C109507,Platinum,300000,1000,Active,2020-05-21
CARD206564,C103173,Blue,50000,0,Active,2020-04-22
CARD206565,C100050,Platinum,100000,0,Active,2018-09-15
CARD206566,C104782,Gold,75000,500,Active,2020-02-01
CARD206567,C107436,Blue,50000,500,Active,2024-03-01
CARD206568,C105243,Gold,75000,0,Active,2026-01-12
CARD206569,C103083,Gold,75000,0,Closed,2024-08-17
CARD206570,C100379,Blue,150000,1000,Active,2024-02-15
CARD206571,C106594,Platinum,200000,500,Closed,2025-02-07
CARD206572,C102246,Blue,300000,0,Active,2025-11-21
CARD206573,C108006,Blue,500000,500,Active,2021-03-07
CARD206574,C105807,Gold,300000,0,Blocked,2022-07-05
CARD206575,C102486,Gold,150000,0,Active,2019-10-04
CARD206576,C103361,Blue,100000,2500,Active,2023-06-02
CARD206577,C102125,Gold,100000,0,Active,2020-12-19
CARD206578,C104174,Gold,500000,500,Active,2019-04-23
CARD206579,C103622,Blue,150000,500,Active,2021-02-25
CARD206580,C101819,Platinum,200000,5000,Active,2018-01-20
CARD206581,C108986,Gold,50000,0,Active,2025-03-05
CARD206582,C103196,Blue,500000,500,Blocked,2022-02-05
CARD206583,C109702,Blue,150000,1000,Blocked,2018-04-22
CARD206584,C101890,Platinum,150000,5000,Active,2023-09-24
CARD206585,C108844,Blue,200000,500,Active,2017-03-14
CARD206586,C106741,Platinum,50000,1000,Active,2023-01-15
CARD206587,C108142,Blue,50000,0,Active,2024-07-07
CARD206588,C105020,Platinum,500000,1000,Blocked,2025-07-09
CARD206589,C106721,Platinum,75000,0,Active,2017-09-10
CARD206590,C105741,Blue,50000,0,Active,2020-05-30
CARD206591,C103196,Blue,300000,500,Active,2022-03-25
CARD206592,C106094,Blue,100000,0,Closed,2018-08-24
CARD206593,C104405,Premium,300000,0,Active,2017-04-02
CARD206594,C100242,Gold,300000,0,Inactive,2018-05-18
CARD206595,C100365,Premium,75000,5000,Blocked,2018-10-05
CARD206596,C105548,Gold,50000,500,Active,2017-05-09
CARD206597,C104373,Platinum,50000,1000,Active,2019-09-10
CARD206598,C105015,Premium,75000,2500,Active,2022-02-20
CARD206599,C106545,Blue,75000,500,Active,2019-03-06
CARD206600,C106642,Blue,300000,0,Active,2020-01-24
CARD206601,C101668,Blue,300000,0,Closed,2018-09-14
CARD206602,C109611,Gold,100000,1000,Active,2021-01-29
CARD206603,C109696,Gold,100000,5000,Active,2018-07-02
CARD206604,C103701,Premium,100000,500,Active,2020-09-21
CARD206605,C104518,Platinum,200000,500,Active,2019-04-13
CARD206606,C108902,Blue,75000,2500,Active,2022-01-01
CARD206607,C106628,Premium,75000,500,Inactive,2020-05-15
CARD206608,C106016,Platinum,100000,0,Active,2020-12-16
CARD206609,C101533,Blue,150000,0,Active,2020-06-21
CARD206610,C108420,Platinum,200000,2500,Active,2024-03-20
CARD206611,C101036,Blue,500000,2500,Active,2020-07-05
CARD206612,C103655,Gold,50000,2500,Active,2020-10-04
CARD206613,C105710,Platinum,100000,5000,Active,2024-04-11
CARD206614,C109052,Blue,100000,0,Closed,2026-02-16
CARD206615,C101177,Platinum,50000,500,Active,2018-01-15
CARD206616,C107863,Gold,200000,1000,Active,2021-06-25
CARD206617,C102385,Gold,100000,5000,Active,2022-07-04
CARD206618,C103133,Gold,150000,5000,Active,2019-07-04
CARD206619,C106397,Blue,100000,500,Active,2020-08-01
CARD206620,C101253,Blue,100000,2500,Active,2024-06-15
CARD206621,C109547,Blue,75000,500,Active,2018-09-20
CARD206622,C104752,Blue,300000,0,Active,2020-03-10
CARD206623,C109249,Gold,50000,0,Active,2017-08-25
CARD206624,C103186,Gold,150000,5000,Active,2021-04-24
CARD206625,C102517,Blue,500000,5000,Active,2018-11-17
CARD206626,C100485,Platinum,100000,1000,Closed,2019-07-13
CARD206627,C100028,Platinum,100000,1000,Active,2018-11-10
CARD206628,C106476,Blue,200000,1000,Active,2024-06-11
CARD206629,C109931,Blue,75000,2500,Inactive,2019-11-28
CARD206630,C100318,Gold,75000,0,Active,2022-04-05
CARD206631,C102566,Gold,50000,0,Blocked,2022-02-26
CARD206632,C108655,Blue,50000,500,Active,2019-12-08
CARD206633,C108662,Blue,100000,0,Active,2023-07-11
CARD206634,C109474,Premium,150000,500,Blocked,2023-10-04
CARD206635,C100820,Gold,50000,5000,Active,2020-03-12
CARD206636,C106933,Blue,200000,500,Active,2018-10-13
CARD206637,C107219,Gold,100000,1000,Active,2019-09-01
CARD206638,C107354,Gold,150000,2500,Closed,2020-08-06
CARD206639,C106379,Platinum,100000,1000,Blocked,2020-02-02
CARD206640,C100628,Premium,150000,0,Active,2019-12-25
CARD206641,C109134,Blue,200000,1000,Active,2018-01-29
CARD206642,C102942,Platinum,50000,1000,Active,2024-04-04
CARD206643,C106424,Platinum,300000,500,Active,2023-12-13
CARD206644,C106713,Blue,150000,1000,Active,2023-11-14
CARD206645,C103084,Platinum,150000,2500,Active,2017-06-15
CARD206646,C103768,Blue,150000,2500,Active,2023-12-29
CARD206647,C109863,Blue,50000,2500,Active,2021-03-08
CARD206648,C109509,Platinum,100000,500,Inactive,2017-07-22
CARD206649,C103496,Blue,75000,2500,Active,2018-07-08
CARD206650,C100544,Premium,150000,0,Active,2023-01-11
CARD206651,C101606,Gold,300000,1000,Active,2025-03-10
CARD206652,C100439,Gold,100000,0,Active,2019-03-08
CARD206653,C107823,Platinum,75000,0,Active,2021-02-16
CARD206654,C107707,Platinum,150000,500,Active,2025-12-21
CARD206655,C101548,Blue,100000,0,Active,2019-06-15
CARD206656,C105100,Blue,300000,5000,Active,2022-01-06
CARD206657,C102084,Platinum,100000,0,Active,2024-04-25
CARD206658,C105459,Blue,200000,5000,Active,2025-04-14
CARD206659,C106668,Gold,100000,2500,Active,2025-04-24
CARD206660,C106546,Blue,75000,2500,Active,2022-06-03
CARD206661,C109480,Gold,150000,500,Active,2019-11-01
CARD206662,C104743,Blue,50000,0,Active,2019-11-28
CARD206663,C103794,Platinum,200000,500,Active,2022-12-13
CARD206664,C107056,Platinum,300000,5000,Active,2025-05-22
CARD206665,C100854,Gold,150000,500,Active,2025-11-21
CARD206666,C103057,Blue,75000,0,Active,2021-06-06
CARD206667,C102805,Blue,75000,2500,Active,2023-06-21
CARD206668,C100363,Blue,200000,500,Active,2017-01-19
CARD206669,C109186,Blue,75000,0,Active,2023-01-29
CARD206670,C104932,Gold,150000,0,Active,2020-07-23
CARD206671,C108554,Gold,300000,2500,Active,2024-08-05
CARD206672,C101621,Premium,200000,0,Blocked,2025-11-05
CARD206673,C106092,Platinum,50000,0,Active,2023-11-16
CARD206674,C100357,Gold,200000,5000,Active,2017-04-12
CARD206675,C106617,Platinum,50000,2500,Active,2024-07-23
CARD206676,C108838,Gold,100000,1000,Active,2018-07-08
CARD206677,C108728,Gold,100000,1000,Active,2020-05-25
CARD206678,C109937,Blue,100000,0,Active,2018-03-12
CARD206679,C103407,Platinum,150000,500,Active,2023-03-08
CARD206680,C104661,Blue,500000,1000,Active,2022-09-11
CARD206681,C106227,Blue,75000,500,Active,2017-03-05
CARD206682,C100781,Blue,150000,1000,Active,2024-07-03
CARD206683,C101815,Platinum,75000,1000,Active,2024-04-09
CARD206684,C100740,Platinum,100000,5000,Closed,2017-01-27
CARD206685,C108260,Gold,200000,0,Active,2021-10-29
CARD206686,C107416,Premium,50000,0,Active,2024-09-11
CARD206687,C105662,Gold,50000,0,Active,2026-03-14
CARD206688,C101312,Gold,100000,5000,Closed,2018-04-30
CARD206689,C104037,Premium,100000,1000,Active,2020-05-08
CARD206690,C103514,Gold,100000,2500,Active,2020-06-02
CARD206691,C109019,Gold,150000,1000,Active,2021-05-10
CARD206692,C105839,Blue,200000,0,Active,2023-11-21
CARD206693,C105785,Platinum,150000,1000,Active,2024-12-23
CARD206694,C104838,Blue,200000,1000,Active,2025-09-01
CARD206695,C108391,Gold,150000,5000,Active,2018-03-31
CARD206696,C103772,Platinum,100000,500,Active,2025-12-23
CARD206697,C102772,Gold,75000,1000,Active,2024-06-08
CARD206698,C104664,Platinum,500000,500,Active,2019-03-19
CARD206699,C106377,Platinum,150000,0,Active,2017-08-23
CARD206700,C101175,Platinum,75000,2500,Active,2026-03-22
CARD206701,C100746,Blue,150000,500,Active,2020-11-02
CARD206702,C106862,Blue,150000,500,Active,2024-07-21
CARD206703,C105565,Platinum,100000,500,Active,2023-09-15
CARD206704,C107618,Blue,150000,5000,Active,2021-08-01
CARD206705,C108754,Platinum,75000,1000,Closed,2019-05-14
CARD206706,C107217,Gold,500000,0,Active,2022-11-15
CARD206707,C100449,Premium,100000,500,Inactive,2022-11-06
CARD206708,C109512,Blue,150000,0,Active,2022-10-18
CARD206709,C104365,Platinum,50000,500,Active,2023-01-16
CARD206710,C104279,Gold,300000,500,Active,2025-04-12
CARD206711,C108697,Blue,150000,0,Active,2019-09-04
CARD206712,C100040,Gold,50000,2500,Active,2020-09-12
CARD206713,C102852,Gold,100000,1000,Active,2019-06-01
CARD206714,C108666,Blue,75000,0,Active,2024-11-21
CARD206715,C104889,Blue,100000,0,Active,2024-06-28
CARD206716,C108234,Platinum,100000,5000,Active,2024-04-28
CARD206717,C100533,Gold,200000,0,Active,2023-07-19
CARD206718,C107873,Platinum,150000,1000,Active,2018-05-17
CARD206719,C103517,Gold,100000,2500,Active,2025-10-30
CARD206720,C108155,Gold,75000,2500,Blocked,2021-06-19
CARD206721,C102516,Blue,300000,2500,Closed,2024-11-02
CARD206722,C102600,Blue,100000,1000,Inactive,2024-09-30
CARD206723,C102001,Premium,50000,1000,Active,2021-01-10
CARD206724,C106502,Blue,100000,500,Active,2026-01-11
CARD206725,C102872,Gold,75000,0,Active,2024-04-21
CARD206726,C103981,Premium,100000,1000,Active,2017-10-09
CARD206727,C101471,Gold,200000,500,Active,2023-04-27
CARD206728,C106761,Blue,100000,500,Active,2026-01-31
CARD206729,C103140,Gold,100000,1000,Active,2022-12-05
CARD206730,C104378,Gold,200000,1000,Active,2025-02-22
CARD206731,C101399,Gold,150000,2500,Active,2025-08-01
CARD206732,C106157,Platinum,200000,1000,Inactive,2023-05-13
CARD206733,C100281,Gold,100000,2500,Active,2019-12-24
CARD206734,C104229,Platinum,100000,5000,Active,2020-06-21
CARD206735,C102440,Gold,150000,500,Active,2024-08-22
CARD206736,C109949,Gold,500000,500,Active,2025-04-15
CARD206737,C102509,Gold,50000,0,Active,2021-10-15
CARD206738,C103866,Platinum,300000,0,Active,2019-07-11
CARD206739,C105968,Platinum,150000,500,Active,2018-01-20
CARD206740,C100521,Blue,500000,500,Active,2018-01-04
CARD206741,C107947,Gold,75000,500,Active,2019-11-29
CARD206742,C108421,Platinum,100000,500,Active,2017-01-19
CARD206743,C107098,Gold,50000,2500,Active,2025-01-07
CARD206744,C100075,Gold,50000,0,Active,2020-10-15
CARD206745,C102792,Premium,100000,1000,Active,2020-11-20
CARD206746,C102684,Blue,50000,1000,Active,2022-08-18
CARD206747,C101581,Gold,150000,500,Active,2023-08-24
CARD206748,C100395,Blue,150000,2500,Blocked,2019-01-23
CARD206749,C105170,Blue,300000,5000,Active,2017-09-12
CARD206750,C104871,Gold,300000,1000,Active,2017-06-21
CARD206751,C102465,Blue,100000,1000,Active,2020-04-20
CARD206752,C103754,Blue,300000,0,Active,2017-04-09
CARD206753,C105727,Blue,50000,2500,Active,2023-12-20
CARD206754,C105584,Gold,200000,0,Active,2023-10-11
CARD206755,C109059,Premium,150000,2500,Closed,2023-10-28
CARD206756,C102147,Gold,100000,2500,Active,2020-08-05
CARD206757,C100903,Gold,200000,1000,Active,2020-11-20
CARD206758,C107070,Gold,100000,500,Active,2022-11-29
CARD206759,C107562,Blue,150000,500,Active,2021-08-08
CARD206760,C100244,Platinum,150000,2500,Active,2019-12-20
CARD206761,C102634,Blue,75000,0,Closed,2019-06-20
CARD206762,C102439,Platinum,50000,0,Active,2018-06-04
CARD206763,C105296,Gold,150000,0,Active,2018-03-05
CARD206764,C108565,Gold,75000,1000,Active,2017-10-18
CARD206765,C107684,Gold,75000,0,Active,2017-04-21
CARD206766,C100956,Blue,75000,0,Active,2017-01-04
CARD206767,C105755,Gold,200000,2500,Active,2024-07-01
CARD206768,C107562,Blue,100000,1000,Active,2021-03-23
CARD206769,C107443,Blue,200000,500,Closed,2017-08-13
CARD206770,C106094,Gold,150000,0,Closed,2017-12-26
CARD206771,C106913,Platinum,150000,0,Active,2023-02-24
CARD206772,C103857,Gold,300000,0,Active,2025-11-11
CARD206773,C106867,Premium,150000,0,Active,2018-10-20
CARD206774,C106717,Blue,75000,0,Active,2020-06-24
CARD206775,C108517,Blue,500000,500,Active,2023-01-24
CARD206776,C101009,Platinum,100000,500,Inactive,2025-04-01
CARD206777,C102954,Blue,100000,0,Active,2026-02-12
CARD206778,C103645,Blue,100000,2500,Active,2017-10-01
CARD206779,C102640,Platinum,200000,2500,Active,2024-10-20
CARD206780,C105856,Blue,100000,500,Active,2018-01-30
CARD206781,C103979,Gold,100000,2500,Active,2020-10-09
CARD206782,C108251,Blue,150000,5000,Active,2021-08-15
CARD206783,C108265,Platinum,100000,500,Active,2017-10-15
CARD206784,C108954,Gold,50000,1000,Active,2024-07-09
CARD206785,C100094,Gold,150000,2500,Active,2017-10-02
CARD206786,C104925,Gold,75000,2500,Active,2023-12-07
CARD206787,C109798,Blue,500000,0,Active,2022-10-14
CARD206788,C101688,Blue,200000,1000,Active,2019-02-12
CARD206789,C105502,Premium,100000,500,Closed,2023-06-09
CARD206790,C101231,Blue,50000,0,Inactive,2020-09-02
CARD206791,C101217,Blue,100000,1000,Active,2021-07-02
CARD206792,C108207,Gold,150000,0,Inactive,2022-07-24
CARD206793,C103120,Blue,300000,0,Active,2021-03-10
CARD206794,C100860,Blue,200000,0,Active,2019-10-26
CARD206795,C102529,Blue,200000,5000,Active,2017-02-18
CARD206796,C109055,Blue,75000,0,Active,2018-07-03
CARD206797,C106939,Platinum,75000,2500,Active,2021-10-30
CARD206798,C101662,Blue,200000,2500,Active,2021-02-20
CARD206799,C106086,Blue,100000,500,Active,2019-04-09
CARD206800,C109498,Platinum,300000,0,Active,2021-05-10
CARD206801,C103337,Gold,50000,2500,Active,2025-06-25
CARD206802,C102145,Gold,150000,1000,Active,2019-01-20
CARD206803,C103871,Gold,150000,1000,Active,2020-04-10
CARD206804,C107163,Gold,200000,1000,Active,2020-06-12
CARD206805,C108296,Gold,75000,500,Inactive,2022-12-15
CARD206806,C105637,Platinum,75000,5000,Active,2018-07-18
CARD206807,C102524,Platinum,100000,1000,Active,2024-07-01
CARD206808,C101950,Gold,150000,1000,Active,2021-10-18
CARD206809,C102419,Blue,75000,1000,Active,2017-03-12
CARD206810,C101095,Gold,300000,0,Active,2024-08-10
CARD206811,C105039,Blue,200000,1000,Blocked,2019-01-28
CARD206812,C100019,Blue,75000,500,Active,2019-02-24
CARD206813,C109953,Gold,200000,500,Active,2017-03-05
CARD206814,C106393,Gold,300000,500,Active,2025-07-07
CARD206815,C102684,Blue,75000,2500,Active,2025-07-11
CARD206816,C101739,Gold,300000,2500,Blocked,2018-02-11
CARD206817,C100536,Gold,150000,2500,Active,2024-07-21
CARD206818,C103887,Gold,200000,1000,Active,2025-12-17
CARD206819,C100766,Platinum,150000,1000,Active,2026-03-20
CARD206820,C100986,Blue,100000,0,Inactive,2025-12-08
CARD206821,C103869,Blue,150000,0,Inactive,2022-05-06
CARD206822,C107661,Gold,150000,1000,Active,2022-03-17
CARD206823,C101725,Gold,200000,5000,Active,2018-07-02
CARD206824,C106650,Blue,200000,1000,Active,2023-04-27
CARD206825,C105786,Blue,150000,5000,Active,2020-05-11
CARD206826,C108056,Blue,100000,500,Active,2024-04-14
CARD206827,C100454,Gold,100000,500,Active,2021-05-25
CARD206828,C109352,Gold,300000,2500,Active,2018-11-01
CARD206829,C100729,Gold,200000,1000,Active,2021-05-18
CARD206830,C109812,Gold,200000,0,Active,2020-02-03
CARD206831,C107488,Blue,50000,0,Inactive,2017-04-30
CARD206832,C103042,Platinum,100000,0,Active,2020-01-20
CARD206833,C105625,Blue,100000,0,Active,2024-05-21
CARD206834,C106740,Gold,300000,5000,Active,2019-10-27
CARD206835,C106238,Gold,100000,0,Active,2023-01-30
CARD206836,C103236,Blue,300000,0,Active,2019-10-05
CARD206837,C103688,Blue,200000,1000,Active,2019-03-13
CARD206838,C103924,Blue,300000,5000,Active,2023-03-18
CARD206839,C103878,Gold,50000,0,Active,2020-03-23
CARD206840,C108701,Gold,500000,0,Active,2020-07-21
CARD206841,C109152,Premium,100000,500,Active,2021-08-09
CARD206842,C104914,Gold,50000,500,Active,2019-09-30
CARD206843,C101183,Blue,150000,0,Active,2023-04-12
CARD206844,C100905,Gold,300000,0,Blocked,2023-10-15
CARD206845,C104500,Blue,200000,0,Active,2017-12-11
CARD206846,C109070,Gold,200000,5000,Active,2024-07-05
CARD206847,C109831,Platinum,300000,1000,Blocked,2023-10-04
CARD206848,C109354,Platinum,500000,5000,Active,2018-04-15
CARD206849,C103595,Blue,200000,2500,Active,2018-02-05
CARD206850,C101911,Blue,200000,5000,Active,2021-06-10
CARD206851,C106791,Platinum,100000,500,Active,2024-12-09
CARD206852,C103842,Blue,100000,2500,Active,2019-10-30
CARD206853,C108485,Platinum,150000,5000,Active,2021-05-20
CARD206854,C104005,Blue,100000,500,Active,2022-06-01
CARD206855,C105806,Blue,200000,2500,Active,2019-08-27
CARD206856,C104744,Blue,500000,5000,Active,2021-01-12
CARD206857,C102139,Blue,75000,1000,Active,2018-07-26
CARD206858,C105842,Blue,200000,0,Active,2022-06-02
CARD206859,C108619,Gold,150000,2500,Active,2019-11-24
CARD206860,C103129,Gold,200000,0,Active,2024-04-17
CARD206861,C100737,Gold,150000,5000,Active,2020-03-09
CARD206862,C104679,Blue,150000,2500,Active,2020-10-24
CARD206863,C105436,Platinum,150000,500,Blocked,2021-06-30
CARD206864,C105630,Blue,150000,1000,Active,2021-08-21
CARD206865,C108129,Platinum,500000,5000,Active,2020-09-24
CARD206866,C109239,Blue,50000,500,Active,2019-11-10
CARD206867,C109706,Gold,100000,2500,Active,2020-05-16
CARD206868,C102637,Gold,150000,500,Active,2017-11-01
CARD206869,C102944,Gold,100000,500,Blocked,2024-09-16
CARD206870,C102571,Gold,100000,5000,Active,2019-03-26
CARD206871,C103255,Gold,100000,500,Active,2017-08-20
CARD206872,C108332,Gold,200000,0,Active,2019-02-28
CARD206873,C102488,Blue,50000,500,Active,2024-01-11
CARD206874,C105422,Blue,100000,500,Inactive,2021-07-20
CARD206875,C105736,Platinum,150000,2500,Active,2023-01-31
CARD206876,C103231,Gold,100000,2500,Active,2023-03-01
CARD206877,C102986,Blue,50000,2500,Active,2017-07-12
CARD206878,C100950,Platinum,300000,1000,Closed,2020-10-29
CARD206879,C106361,Platinum,100000,5000,Active,2017-03-13
CARD206880,C100267,Gold,300000,0,Active,2021-03-20
CARD206881,C108918,Premium,300000,0,Inactive,2017-10-31
CARD206882,C102529,Blue,75000,1000,Active,2021-12-25
CARD206883,C105099,Blue,150000,1000,Active,2022-07-29
CARD206884,C104439,Blue,100000,500,Inactive,2019-10-08
CARD206885,C103106,Blue,75000,0,Active,2025-02-14
CARD206886,C108688,Platinum,150000,500,Inactive,2024-06-25
CARD206887,C108774,Gold,150000,0,Active,2019-12-04
CARD206888,C102719,Blue,300000,0,Active,2021-05-26
CARD206889,C101341,Gold,150000,2500,Active,2018-03-18
CARD206890,C100785,Blue,200000,500,Active,2021-04-07
CARD206891,C108258,Gold,200000,500,Active,2021-09-22
CARD206892,C105407,Premium,50000,0,Active,2022-02-23
CARD206893,C103150,Blue,100000,5000,Active,2017-09-30
CARD206894,C106354,Gold,150000,500,Inactive,2020-05-27
CARD206895,C101547,Blue,200000,1000,Active,2019-01-06
CARD206896,C108394,Blue,200000,0,Active,2017-12-05
CARD206897,C108007,Blue,300000,500,Active,2023-05-31
CARD206898,C105115,Platinum,150000,0,Active,2021-01-29
CARD206899,C103552,Blue,75000,500,Active,2019-07-15
CARD206900,C102418,Blue,75000,2500,Active,2024-07-01
CARD206901,C102640,Blue,150000,0,Closed,2022-05-26
CARD206902,C101574,Gold,150000,500,Active,2026-03-14
CARD206903,C106161,Blue,50000,0,Active,2025-04-25
CARD206904,C107391,Blue,100000,0,Active,2024-09-09
CARD206905,C101000,Gold,500000,500,Active,2022-01-22
CARD206906,C106710,Gold,50000,5000,Active,2019-06-04
CARD206907,C109371,Blue,100000,500,Active,2023-11-08
CARD206908,C107325,Premium,150000,1000,Active,2019-01-23
CARD206909,C105026,Blue,300000,2500,Active,2025-03-06
CARD206910,C101999,Platinum,50000,0,Active,2024-12-28
CARD206911,C101962,Gold,200000,500,Active,2026-02-14
CARD206912,C103480,Gold,100000,0,Active,2023-03-28
CARD206913,C103975,Gold,100000,0,Active,2018-03-02
CARD206914,C104055,Blue,75000,0,Blocked,2023-08-05
CARD206915,C105195,Premium,300000,1000,Active,2018-11-02
CARD206916,C109591,Platinum,75000,500,Active,2019-02-28
CARD206917,C104360,Platinum,50000,0,Active,2018-03-19
CARD206918,C102675,Premium,200000,0,Active,2019-05-14
CARD206919,C101081,Premium,300000,500,Active,2022-04-14
CARD206920,C108498,Blue,75000,0,Active,2021-08-28
CARD206921,C108114,Platinum,500000,0,Closed,2020-08-22
CARD206922,C107558,Platinum,300000,0,Closed,2020-01-21
CARD206923,C109902,Gold,75000,1000,Active,2022-12-21
CARD206924,C108293,Gold,75000,0,Active,2020-06-14
CARD206925,C103497,Gold,100000,500,Active,2017-02-09
CARD206926,C108629,Gold,150000,0,Active,2026-03-30
CARD206927,C100993,Gold,50000,2500,Active,2019-01-02
CARD206928,C106820,Gold,150000,1000,Active,2020-07-06
CARD206929,C105993,Platinum,300000,500,Active,2018-09-19
CARD206930,C104817,Premium,100000,2500,Active,2024-12-30
CARD206931,C103522,Gold,50000,2500,Blocked,2024-03-18
CARD206932,C100852,Premium,75000,1000,Active,2024-07-21
CARD206933,C109635,Premium,150000,500,Active,2022-01-26
CARD206934,C106708,Gold,150000,500,Active,2021-09-02
CARD206935,C108722,Blue,75000,2500,Active,2020-01-15
CARD206936,C102650,Gold,150000,0,Active,2025-10-21
CARD206937,C108877,Platinum,100000,1000,Active,2024-04-19
CARD206938,C100452,Blue,50000,5000,Active,2020-08-27
CARD206939,C109266,Platinum,150000,2500,Active,2018-09-08
CARD206940,C106420,Premium,150000,500,Active,2021-01-02
CARD206941,C102622,Platinum,75000,2500,Active,2017-02-19
CARD206942,C103852,Premium,200000,0,Active,2018-09-17
CARD206943,C103580,Platinum,50000,5000,Active,2020-05-07
CARD206944,C105611,Premium,75000,500,Active,2022-10-26
CARD206945,C106278,Premium,100000,2500,Active,2017-07-25
CARD206946,C109054,Gold,100000,500,Active,2019-08-28
CARD206947,C106323,Gold,150000,1000,Active,2019-09-10
CARD206948,C100512,Platinum,100000,500,Active,2021-02-20
CARD206949,C109867,Platinum,75000,0,Active,2018-05-29
CARD206950,C100864,Gold,500000,500,Active,2024-12-23
CARD206951,C104185,Platinum,50000,5000,Active,2023-02-15
CARD206952,C106531,Blue,50000,0,Active,2024-05-02
CARD206953,C104076,Premium,150000,500,Active,2025-10-07
CARD206954,C107626,Gold,75000,0,Active,2017-12-30
CARD206955,C100708,Blue,150000,1000,Active,2019-02-03
CARD206956,C102370,Gold,150000,500,Blocked,2024-01-04
CARD206957,C105645,Gold,150000,5000,Active,2022-04-12
CARD206958,C105777,Premium,100000,0,Active,2022-12-17
CARD206959,C109364,Gold,150000,500,Active,2026-01-16
CARD206960,C109655,Blue,150000,5000,Active,2023-12-10
CARD206961,C105467,Blue,75000,0,Active,2017-06-17
CARD206962,C103799,Gold,50000,0,Active,2017-04-28
CARD206963,C100500,Platinum,75000,1000,Active,2017-04-30
CARD206964,C108585,Gold,150000,0,Closed,2022-06-21
CARD206965,C106491,Premium,100000,500,Active,2021-03-10
CARD206966,C100558,Blue,150000,0,Active,2018-01-03
CARD206967,C100817,Gold,50000,500,Active,2018-02-09
CARD206968,C104895,Premium,500000,0,Active,2023-06-18
CARD206969,C101260,Gold,150000,2500,Active,2017-11-27
CARD206970,C106665,Gold,75000,0,Active,2017-08-24
CARD206971,C105164,Blue,75000,5000,Active,2019-03-07
CARD206972,C101520,Platinum,300000,2500,Closed,2018-01-14
CARD206973,C108813,Premium,50000,2500,Active,2025-12-04
CARD206974,C100836,Gold,50000,1000,Closed,2018-06-25
CARD206975,C102935,Platinum,200000,5000,Active,2025-03-01
CARD206976,C101020,Blue,300000,2500,Active,2022-07-30
CARD206977,C106156,Gold,100000,500,Active,2025-07-29
CARD206978,C107178,Blue,50000,2500,Active,2021-06-28
CARD206979,C106484,Blue,150000,5000,Closed,2020-07-28
CARD206980,C104382,Gold,75000,2500,Active,2022-09-12
CARD206981,C102863,Gold,300000,1000,Active,2018-01-19
CARD206982,C106127,Gold,300000,5000,Blocked,2020-06-25
CARD206983,C107716,Platinum,300000,1000,Active,2020-06-08
CARD206984,C101534,Gold,50000,0,Active,2023-02-14
CARD206985,C107300,Gold,300000,0,Active,2017-01-12
CARD206986,C102703,Platinum,150000,1000,Active,2020-09-17
CARD206987,C104604,Platinum,50000,500,Active,2025-10-13
CARD206988,C103178,Gold,200000,0,Active,2021-07-02
CARD206989,C103569,Gold,300000,0,Active,2025-12-02
CARD206990,C101934,Gold,100000,0,Active,2025-04-27
CARD206991,C108058,Gold,150000,2500,Active,2022-01-17
CARD206992,C108583,Gold,100000,0,Active,2019-10-02
CARD206993,C101658,Platinum,150000,2500,Active,2026-03-23
CARD206994,C101922,Platinum,150000,0,Closed,2023-03-31
CARD206995,C104023,Platinum,75000,0,Active,2022-04-18
CARD206996,C109395,Premium,50000,2500,Active,2018-07-03
CARD206997,C101741,Gold,200000,2500,Active,2020-07-31
CARD206998,C108425,Premium,75000,1000,Active,2024-03-08
CARD206999,C106695,Gold,100000,0,Inactive,2020-05-24
CARD207000,C100182,Platinum,300000,0,Active,2018-06-05
CARD207001,C109367,Gold,200000,500,Active,2017-05-05
CARD207002,C109358,Gold,150000,2500,Active,2024-09-29
CARD207003,C104757,Platinum,75000,500,Inactive,2020-03-03
CARD207004,C104205,Premium,75000,2500,Active,2017-05-25
CARD207005,C108464,Blue,75000,1000,Active,2017-05-29
CARD207006,C101751,Blue,300000,2500,Active,2019-09-11
CARD207007,C101971,Platinum,150000,2500,Inactive,2023-11-16
CARD207008,C104019,Gold,100000,0,Active,2023-04-07
CARD207009,C105319,Blue,300000,0,Active,2019-08-26
CARD207010,C106128,Blue,150000,0,Active,2017-11-19
CARD207011,C101201,Blue,100000,0,Closed,2022-09-23
CARD207012,C105619,Platinum,75000,0,Active,2025-07-17
CARD207013,C108802,Blue,50000,2500,Active,2022-10-01
CARD207014,C102327,Gold,150000,0,Active,2021-09-01
CARD207015,C102200,Blue,50000,500,Active,2022-02-28
CARD207016,C106221,Gold,50000,5000,Closed,2020-12-01
CARD207017,C101879,Premium,500000,0,Active,2019-05-11
CARD207018,C101409,Gold,150000,1000,Active,2022-03-25
CARD207019,C105894,Premium,300000,500,Active,2026-01-14
CARD207020,C104306,Platinum,75000,2500,Active,2025-03-11
CARD207021,C103029,Blue,500000,5000,Active,2020-08-24
CARD207022,C108310,Blue,200000,5000,Active,2019-05-01
CARD207023,C105809,Blue,100000,0,Active,2021-09-02
CARD207024,C102672,Platinum,300000,5000,Active,2021-03-03
CARD207025,C100611,Gold,50000,2500,Active,2017-09-06
CARD207026,C100877,Gold,300000,500,Active,2018-07-11
CARD207027,C100705,Blue,150000,1000,Active,2025-01-20
CARD207028,C105272,Blue,150000,0,Active,2025-07-09
CARD207029,C109832,Premium,300000,2500,Active,2024-11-05
CARD207030,C102302,Platinum,50000,0,Active,2026-03-17
CARD207031,C105932,Blue,150000,500,Closed,2020-08-30
CARD207032,C106130,Platinum,150000,1000,Active,2020-04-23
CARD207033,C109087,Gold,75000,2500,Active,2021-07-03
CARD207034,C103093,Gold,75000,2500,Active,2023-03-16
CARD207035,C102608,Platinum,75000,1000,Active,2017-06-20
CARD207036,C107399,Platinum,75000,500,Active,2023-08-01
CARD207037,C103919,Platinum,200000,2500,Active,2024-02-07
CARD207038,C102138,Gold,500000,0,Active,2020-04-14
CARD207039,C109201,Gold,150000,2500,Active,2018-08-04
CARD207040,C109513,Platinum,150000,0,Closed,2025-05-29
CARD207041,C105681,Platinum,100000,500,Active,2025-04-07
CARD207042,C108635,Premium,75000,500,Blocked,2021-08-20
CARD207043,C102289,Platinum,200000,1000,Active,2019-11-28
CARD207044,C106014,Blue,300000,1000,Active,2024-11-07
CARD207045,C107732,Platinum,100000,0,Active,2017-03-27
CARD207046,C102156,Blue,50000,500,Active,2021-12-16
CARD207047,C102902,Platinum,150000,1000,Active,2026-02-24
CARD207048,C101733,Blue,200000,0,Active,2023-08-19
CARD207049,C109725,Blue,75000,5000,Active,2017-05-19
CARD207050,C104794,Blue,75000,2500,Active,2020-05-12
CARD207051,C106398,Premium,100000,0,Active,2019-11-07
CARD207052,C104084,Premium,100000,2500,Active,2022-08-22
CARD207053,C109158,Gold,75000,0,Closed,2025-03-08
CARD207054,C104572,Gold,150000,500,Active,2025-09-30
CARD207055,C104292,Gold,300000,0,Active,2018-10-25
CARD207056,C100587,Gold,150000,2500,Active,2022-08-13
CARD207057,C102082,Blue,75000,0,Active,2020-06-18
CARD207058,C105415,Blue,75000,0,Active,2019-11-09
CARD207059,C105694,Gold,500000,1000,Active,2026-01-11
CARD207060,C101329,Blue,50000,0,Active,2023-07-18
CARD207061,C103933,Gold,300000,0,Active,2017-02-08
CARD207062,C109203,Platinum,100000,5000,Active,2024-02-08
CARD207063,C107272,Platinum,50000,2500,Active,2022-11-15
CARD207064,C107453,Gold,75000,1000,Active,2025-03-01
CARD207065,C106026,Blue,150000,500,Active,2025-06-19
CARD207066,C107786,Gold,75000,1000,Active,2022-09-15
CARD207067,C107772,Blue,300000,500,Active,2018-08-30
CARD207068,C104121,Blue,50000,0,Active,2019-11-18
CARD207069,C103594,Premium,100000,500,Active,2020-09-23
CARD207070,C109457,Platinum,100000,1000,Blocked,2022-07-21
CARD207071,C103811,Gold,200000,1000,Active,2024-03-08
CARD207072,C100879,Gold,500000,500,Active,2020-02-27
CARD207073,C109322,Blue,300000,5000,Inactive,2017-07-09
CARD207074,C101051,Gold,100000,0,Closed,2021-08-27
CARD207075,C109093,Blue,150000,500,Active,2020-04-26
CARD207076,C107186,Premium,300000,0,Active,2019-03-26
CARD207077,C102276,Platinum,200000,500,Active,2022-01-06
CARD207078,C106580,Blue,75000,500,Active,2020-02-25
CARD207079,C104574,Gold,300000,0,Active,2025-06-14
CARD207080,C100408,Blue,100000,0,Active,2024-06-05
CARD207081,C106532,Blue,100000,2500,Active,2025-09-29
CARD207082,C100479,Blue,50000,500,Active,2022-03-01
CARD207083,C107809,Blue,300000,5000,Active,2025-08-30
CARD207084,C101308,Platinum,300000,5000,Active,2022-11-13
CARD207085,C102841,Blue,300000,2500,Active,2018-12-07
CARD207086,C106558,Gold,75000,1000,Active,2023-07-22
CARD207087,C108277,Gold,50000,1000,Active,2025-06-23
CARD207088,C102641,Gold,75000,1000,Active,2020-01-08
CARD207089,C105564,Blue,75000,0,Active,2018-10-17
CARD207090,C100888,Platinum,100000,0,Active,2019-03-10
CARD207091,C106611,Blue,150000,0,Active,2025-12-02
CARD207092,C107040,Gold,500000,2500,Active,2018-05-29
CARD207093,C100674,Blue,100000,0,Active,2019-04-12
CARD207094,C101585,Platinum,75000,5000,Active,2018-07-20
CARD207095,C100151,Blue,75000,1000,Active,2022-06-06
CARD207096,C101626,Platinum,150000,5000,Active,2019-01-23
CARD207097,C100097,Platinum,150000,1000,Active,2019-01-04
CARD207098,C103669,Platinum,100000,0,Active,2019-04-29
CARD207099,C102868,Premium,200000,500,Blocked,2018-05-10
CARD207100,C103687,Gold,50000,0,Active,2024-01-03
CARD207101,C105129,Platinum,150000,0,Active,2020-06-15
CARD207102,C102938,Gold,150000,1000,Blocked,2019-07-28
CARD207103,C108948,Platinum,300000,500,Active,2021-03-30
CARD207104,C108956,Gold,75000,500,Active,2025-06-09
CARD207105,C102332,Platinum,100000,500,Closed,2018-01-19
CARD207106,C108122,Blue,100000,0,Active,2020-07-20
CARD207107,C106704,Blue,150000,0,Active,2023-12-07
CARD207108,C101367,Blue,100000,5000,Active,2022-03-24
CARD207109,C107832,Gold,150000,500,Blocked,2022-09-22
CARD207110,C109430,Platinum,75000,0,Inactive,2019-07-06
CARD207111,C100635,Blue,100000,500,Active,2020-01-21
CARD207112,C107592,Gold,300000,1000,Inactive,2021-09-14
CARD207113,C108585,Gold,75000,1000,Active,2019-02-05
CARD207114,C106954,Gold,75000,0,Active,2017-06-08
CARD207115,C102688,Blue,50000,0,Active,2024-10-15
CARD207116,C105264,Blue,200000,1000,Active,2018-02-15
CARD207117,C109952,Platinum,150000,500,Active,2021-08-01
CARD207118,C105260,Blue,75000,1000,Active,2020-09-18
CARD207119,C106304,Gold,100000,0,Active,2023-05-26
CARD207120,C104673,Blue,75000,500,Inactive,2022-12-07
CARD207121,C105772,Blue,150000,2500,Active,2024-07-18
CARD207122,C102761,Blue,75000,1000,Active,2025-05-19
CARD207123,C105543,Blue,200000,500,Closed,2017-03-27
CARD207124,C102941,Premium,100000,0,Blocked,2024-03-27
CARD207125,C106565,Gold,100000,1000,Active,2026-02-06
CARD207126,C106609,Gold,200000,500,Active,2024-02-11
CARD207127,C106576,Platinum,150000,500,Active,2026-04-12
CARD207128,C103416,Blue,100000,1000,Active,2022-06-16
CARD207129,C106755,Gold,100000,1000,Active,2018-03-05
CARD207130,C107338,Gold,150000,0,Active,2020-12-10
CARD207131,C103605,Platinum,75000,2500,Active,2019-07-29
CARD207132,C104120,Blue,75000,2500,Active,2025-08-05
CARD207133,C106377,Gold,150000,1000,Active,2026-03-13
CARD207134,C100822,Blue,75000,1000,Active,2017-05-10
CARD207135,C107295,Gold,150000,0,Active,2019-10-26
CARD207136,C104136,Gold,75000,500,Active,2017-04-23
CARD207137,C106371,Platinum,150000,2500,Active,2025-03-11
CARD207138,C103942,Platinum,75000,2500,Active,2025-01-09
CARD207139,C102292,Gold,150000,2500,Closed,2017-08-22
CARD207140,C104587,Blue,200000,2500,Active,2025-03-16
CARD207141,C101965,Blue,100000,2500,Closed,2017-08-27
CARD207142,C106528,Blue,200000,500,Active,2019-04-01
CARD207143,C100683,Blue,100000,500,Active,2019-02-27
CARD207144,C109422,Gold,200000,5000,Blocked,2021-06-25
CARD207145,C101091,Gold,300000,2500,Active,2023-05-05
CARD207146,C103194,Blue,50000,0,Active,2019-09-22
CARD207147,C102039,Platinum,75000,0,Inactive,2025-12-01
CARD207148,C108703,Gold,500000,1000,Active,2020-12-14
CARD207149,C102309,Platinum,50000,2500,Active,2019-09-03
CARD207150,C109153,Platinum,75000,0,Active,2021-12-15
CARD207151,C101272,Blue,50000,1000,Active,2017-12-13
CARD207152,C106605,Premium,75000,1000,Active,2024-08-22
CARD207153,C102469,Gold,150000,500,Active,2022-03-05
CARD207154,C108883,Platinum,75000,500,Active,2017-06-16
CARD207155,C107158,Premium,500000,0,Active,2022-08-06
CARD207156,C100271,Platinum,100000,500,Active,2023-06-16
CARD207157,C105361,Gold,150000,0,Active,2023-11-11
CARD207158,C107665,Gold,75000,1000,Active,2017-10-12
CARD207159,C103826,Gold,150000,1000,Blocked,2018-03-01
CARD207160,C103224,Platinum,75000,0,Active,2026-04-20
CARD207161,C102661,Blue,300000,5000,Active,2021-04-18
CARD207162,C109296,Gold,200000,500,Active,2021-08-11
CARD207163,C106957,Blue,50000,0,Active,2017-05-19
CARD207164,C105863,Gold,100000,500,Active,2022-03-31
CARD207165,C108249,Gold,100000,1000,Active,2023-01-14
CARD207166,C108048,Platinum,150000,5000,Active,2022-11-09
CARD207167,C103329,Blue,200000,5000,Active,2026-02-18
CARD207168,C109276,Gold,300000,1000,Active,2025-07-28
CARD207169,C104590,Blue,150000,2500,Active,2026-01-16
CARD207170,C102220,Platinum,150000,500,Active,2018-07-16
CARD207171,C106518,Blue,100000,500,Active,2020-03-05
CARD207172,C104652,Blue,50000,500,Active,2021-08-21
CARD207173,C104824,Blue,50000,500,Closed,2021-08-27
CARD207174,C102123,Gold,50000,1000,Active,2020-11-30
CARD207175,C104594,Blue,200000,500,Active,2022-01-15
CARD207176,C109599,Gold,75000,500,Active,2025-01-11
CARD207177,C109883,Platinum,200000,2500,Active,2018-01-09
CARD207178,C100204,Blue,50000,5000,Active,2021-03-14
CARD207179,C109634,Gold,200000,500,Active,2023-11-17
CARD207180,C100245,Platinum,150000,500,Active,2022-02-26
CARD207181,C104065,Platinum,100000,2500,Active,2020-03-09
CARD207182,C104440,Platinum,200000,0,Inactive,2022-06-03
CARD207183,C103680,Blue,150000,1000,Active,2022-01-09
CARD207184,C100933,Gold,200000,0,Active,2018-09-11
CARD207185,C104732,Premium,200000,0,Active,2020-07-06
CARD207186,C107860,Blue,50000,500,Active,2025-06-30
CARD207187,C100634,Blue,150000,0,Blocked,2020-12-26
CARD207188,C102532,Gold,150000,500,Active,2021-04-02
CARD207189,C109983,Blue,200000,2500,Active,2023-12-11
CARD207190,C107945,Gold,75000,1000,Active,2021-05-15
CARD207191,C101782,Gold,75000,1000,Active,2021-08-23
CARD207192,C107422,Gold,50000,0,Active,2025-07-26
CARD207193,C102535,Blue,100000,0,Active,2022-07-11
CARD207194,C102495,Gold,50000,2500,Inactive,2018-09-03
CARD207195,C108411,Platinum,150000,2500,Closed,2017-06-09
CARD207196,C101525,Platinum,75000,0,Active,2021-03-04
CARD207197,C101549,Blue,75000,500,Active,2021-11-27
CARD207198,C104786,Blue,50000,5000,Active,2019-09-26
CARD207199,C108630,Platinum,100000,2500,Closed,2026-02-23
CARD207200,C103978,Blue,75000,500,Active,2025-04-29
CARD207201,C102445,Gold,50000,500,Active,2020-06-12
CARD207202,C109764,Blue,75000,500,Active,2020-05-17
CARD207203,C103835,Blue,200000,0,Active,2021-11-13
CARD207204,C101124,Platinum,50000,1000,Closed,2023-08-18
CARD207205,C107729,Blue,75000,500,Active,2018-08-21
CARD207206,C101498,Gold,75000,0,Active,2020-07-08
CARD207207,C100319,Gold,75000,0,Active,2018-09-21
CARD207208,C107243,Blue,75000,1000,Active,2024-12-25
CARD207209,C102572,Platinum,100000,1000,Active,2025-02-22
CARD207210,C106053,Blue,200000,2500,Active,2022-08-29
CARD207211,C103494,Gold,150000,0,Active,2021-04-20
CARD207212,C106689,Platinum,100000,0,Active,2017-04-02
CARD207213,C106638,Blue,200000,2500,Active,2018-12-13
CARD207214,C104566,Blue,100000,0,Active,2021-12-01
CARD207215,C105498,Gold,100000,0,Active,2021-12-08
CARD207216,C100212,Blue,150000,5000,Active,2018-02-21
CARD207217,C108246,Blue,150000,0,Active,2024-01-29
CARD207218,C107185,Gold,100000,500,Active,2021-02-06
CARD207219,C100588,Gold,75000,2500,Active,2022-10-28
CARD207220,C105521,Platinum,150000,0,Inactive,2019-08-15
CARD207221,C100751,Gold,100000,500,Active,2021-12-08
CARD207222,C107036,Gold,150000,5000,Active,2026-01-20
CARD207223,C105187,Platinum,100000,0,Active,2023-03-12
CARD207224,C100199,Premium,200000,2500,Active,2025-03-30
CARD207225,C109063,Gold,300000,1000,Inactive,2023-07-28
CARD207226,C101912,Gold,300000,1000,Active,2018-10-24
CARD207227,C101134,Platinum,50000,500,Active,2022-04-19
CARD207228,C109680,Platinum,100000,1000,Active,2024-01-20
CARD207229,C105979,Blue,100000,1000,Active,2019-11-23
CARD207230,C100541,Gold,50000,2500,Active,2018-05-01
CARD207231,C101494,Blue,200000,0,Active,2024-04-04
CARD207232,C108515,Premium,150000,0,Active,2022-12-29
CARD207233,C105715,Platinum,150000,500,Active,2023-03-15
CARD207234,C102095,Blue,300000,1000,Active,2020-11-18
CARD207235,C103363,Platinum,150000,500,Active,2017-10-11
CARD207236,C109966,Platinum,300000,500,Active,2021-09-04
CARD207237,C103744,Platinum,150000,0,Active,2021-08-15
CARD207238,C103331,Platinum,50000,0,Inactive,2025-04-04
CARD207239,C107222,Blue,50000,0,Active,2018-02-03
CARD207240,C103533,Blue,300000,500,Active,2021-03-04
CARD207241,C109656,Blue,150000,500,Active,2021-10-14
CARD207242,C104995,Gold,100000,5000,Active,2018-11-27
CARD207243,C103297,Gold,150000,500,Active,2023-12-10
CARD207244,C100649,Gold,100000,0,Active,2021-10-10
CARD207245,C108669,Gold,100000,500,Active,2019-01-02
CARD207246,C101988,Gold,100000,500,Active,2022-07-13
CARD207247,C102545,Blue,150000,1000,Active,2025-06-29
CARD207248,C103325,Platinum,150000,2500,Active,2019-01-13
CARD207249,C109433,Gold,300000,500,Active,2022-10-24
CARD207250,C109801,Platinum,200000,0,Active,2018-04-18
CARD207251,C100441,Blue,200000,2500,Active,2022-10-08
CARD207252,C107171,Blue,200000,500,Active,2023-10-16
CARD207253,C108373,Gold,50000,0,Closed,2023-11-14
CARD207254,C108968,Blue,500000,0,Active,2019-11-16
CARD207255,C109262,Gold,500000,500,Active,2024-10-08
CARD207256,C100174,Platinum,75000,5000,Active,2023-01-30
CARD207257,C108231,Blue,200000,0,Active,2024-12-03
CARD207258,C105721,Blue,100000,2500,Active,2019-11-08
CARD207259,C106218,Gold,200000,0,Inactive,2022-03-09
CARD207260,C104851,Premium,75000,1000,Active,2018-12-28
CARD207261,C109428,Blue,300000,0,Active,2024-06-14
CARD207262,C108780,Gold,300000,500,Active,2017-12-30
CARD207263,C104082,Blue,200000,2500,Active,2022-04-18
CARD207264,C103176,Gold,50000,1000,Closed,2025-09-28
CARD207265,C104912,Gold,50000,2500,Active,2019-06-21
CARD207266,C104442,Gold,150000,0,Active,2023-08-04
CARD207267,C105512,Gold,300000,500,Active,2017-12-02
CARD207268,C102767,Gold,75000,0,Active,2017-11-18
CARD207269,C103492,Platinum,75000,2500,Active,2020-10-13
CARD207270,C104195,Blue,100000,1000,Active,2017-11-16
CARD207271,C102420,Gold,300000,500,Active,2018-02-27
CARD207272,C105308,Gold,300000,0,Inactive,2018-06-05
CARD207273,C102173,Platinum,300000,0,Blocked,2019-01-25
CARD207274,C101438,Gold,150000,500,Active,2021-08-04
CARD207275,C104704,Blue,300000,0,Active,2018-02-06
CARD207276,C101998,Blue,500000,0,Active,2021-03-14
CARD207277,C106110,Blue,300000,1000,Active,2021-10-03
CARD207278,C100807,Gold,100000,1000,Closed,2023-06-03
CARD207279,C108300,Gold,75000,0,Active,2022-06-05
CARD207280,C107650,Blue,200000,2500,Active,2022-11-24
CARD207281,C101969,Blue,75000,5000,Active,2018-09-14
CARD207282,C107136,Platinum,100000,2500,Active,2024-08-19
CARD207283,C101064,Gold,150000,0,Closed,2018-09-14
CARD207284,C108839,Platinum,300000,2500,Active,2020-01-26
CARD207285,C102822,Blue,100000,1000,Active,2018-09-07
CARD207286,C103037,Gold,50000,1000,Active,2025-01-28
CARD207287,C106385,Blue,150000,0,Closed,2023-02-05
CARD207288,C103946,Blue,50000,500,Active,2022-11-24
CARD207289,C104691,Gold,75000,0,Active,2019-05-13
CARD207290,C109502,Blue,50000,5000,Active,2019-02-04
CARD207291,C100758,Platinum,150000,0,Blocked,2019-06-05
CARD207292,C107933,Gold,75000,5000,Active,2025-08-29
CARD207293,C102400,Blue,150000,2500,Active,2021-10-22
CARD207294,C100265,Gold,150000,0,Active,2024-09-17
CARD207295,C109144,Platinum,100000,500,Active,2024-04-15
CARD207296,C101560,Premium,50000,1000,Active,2017-08-27
CARD207297,C107464,Blue,50000,0,Active,2023-04-04
CARD207298,C102657,Premium,100000,1000,Closed,2023-01-09
CARD207299,C102026,Blue,75000,500,Inactive,2018-08-12
CARD207300,C108689,Platinum,100000,0,Active,2021-10-02
CARD207301,C100720,Platinum,150000,1000,Active,2020-08-12
CARD207302,C100222,Platinum,100000,1000,Active,2025-06-07
CARD207303,C102302,Gold,150000,2500,Inactive,2025-03-12
CARD207304,C104935,Platinum,500000,5000,Active,2020-07-12
CARD207305,C107150,Gold,150000,0,Active,2018-03-04
CARD207306,C103180,Blue,75000,1000,Active,2020-01-14
CARD207307,C107126,Platinum,75000,500,Active,2024-07-15
CARD207308,C108013,Platinum,500000,1000,Active,2017-01-24
CARD207309,C103761,Gold,500000,0,Active,2019-07-04
CARD207310,C106234,Platinum,100000,0,Active,2019-05-06
CARD207311,C103073,Gold,300000,2500,Active,2022-12-28
CARD207312,C108220,Platinum,150000,0,Active,2023-07-31
CARD207313,C105194,Gold,50000,500,Active,2018-07-07
CARD207314,C102962,Gold,200000,2500,Active,2020-04-24
CARD207315,C104818,Blue,100000,0,Active,2022-09-27
CARD207316,C101686,Blue,150000,500,Closed,2026-04-15
CARD207317,C103984,Gold,300000,0,Active,2023-06-12
CARD207318,C104078,Platinum,150000,0,Blocked,2025-12-12
CARD207319,C101743,Blue,150000,0,Active,2025-10-05
CARD207320,C107839,Blue,200000,0,Active,2023-09-09
CARD207321,C101376,Blue,200000,0,Closed,2018-01-11
CARD207322,C101685,Platinum,150000,1000,Inactive,2021-09-26
CARD207323,C102655,Platinum,50000,500,Active,2025-01-26
CARD207324,C106544,Blue,300000,0,Active,2021-01-10
CARD207325,C100506,Gold,150000,0,Inactive,2022-07-08
CARD207326,C105465,Platinum,150000,2500,Active,2021-01-29
CARD207327,C109692,Blue,200000,2500,Active,2017-09-05
CARD207328,C104614,Gold,100000,5000,Active,2023-12-24
CARD207329,C102472,Blue,50000,0,Active,2025-01-08
CARD207330,C106627,Blue,75000,500,Blocked,2020-05-30
CARD207331,C103773,Blue,300000,0,Active,2026-04-16
CARD207332,C105402,Blue,200000,1000,Blocked,2026-03-15
CARD207333,C105615,Premium,100000,1000,Active,2020-07-05
CARD207334,C109580,Gold,200000,500,Active,2022-11-10
CARD207335,C109156,Blue,300000,0,Active,2025-05-30
CARD207336,C105507,Blue,200000,500,Active,2023-08-17
CARD207337,C101227,Blue,500000,500,Active,2019-11-28
CARD207338,C107394,Blue,500000,5000,Active,2025-04-26
CARD207339,C108475,Blue,150000,0,Inactive,2020-11-23
CARD207340,C104070,Blue,150000,500,Active,2025-01-09
CARD207341,C107479,Gold,500000,2500,Active,2023-05-19
CARD207342,C107499,Gold,300000,500,Active,2022-11-21
CARD207343,C105413,Platinum,100000,500,Active,2022-03-02
CARD207344,C109160,Blue,75000,0,Closed,2019-12-10
CARD207345,C108146,Blue,75000,1000,Active,2023-09-03
CARD207346,C107970,Blue,75000,500,Inactive,2023-10-29
CARD207347,C106223,Blue,50000,2500,Active,2018-12-13
CARD207348,C109730,Blue,200000,1000,Active,2021-07-28
CARD207349,C101538,Blue,150000,1000,Active,2025-05-28
CARD207350,C105557,Platinum,100000,1000,Active,2017-07-26
CARD207351,C106909,Gold,50000,0,Active,2021-09-04
CARD207352,C102880,Platinum,100000,0,Active,2021-11-14
CARD207353,C101779,Gold,50000,500,Active,2022-06-09
CARD207354,C101134,Platinum,150000,2500,Active,2019-10-19
CARD207355,C108065,Blue,500000,0,Active,2017-08-01
CARD207356,C106149,Blue,300000,500,Active,2018-03-31
CARD207357,C107269,Gold,75000,1000,Closed,2022-07-20
CARD207358,C109815,Premium,150000,1000,Active,2023-10-14
CARD207359,C103834,Platinum,75000,2500,Active,2022-08-01
CARD207360,C104570,Blue,150000,500,Active,2017-03-14
CARD207361,C103814,Premium,100000,0,Active,2019-12-19
CARD207362,C100339,Gold,75000,500,Active,2020-11-03
CARD207363,C100165,Gold,150000,500,Active,2024-01-26
CARD207364,C106657,Blue,150000,500,Active,2017-11-20
CARD207365,C108603,Gold,150000,500,Blocked,2023-11-06
CARD207366,C106941,Gold,75000,500,Closed,2019-03-01
CARD207367,C102436,Platinum,50000,0,Active,2018-05-08
CARD207368,C108055,Platinum,200000,0,Active,2017-05-13
CARD207369,C107918,Platinum,150000,500,Active,2024-03-24
CARD207370,C100373,Blue,100000,0,Active,2022-07-11
CARD207371,C107814,Blue,150000,2500,Active,2022-05-07
CARD207372,C104194,Gold,300000,1000,Active,2024-03-31
CARD207373,C100191,Blue,100000,2500,Active,2019-08-07
CARD207374,C106331,Gold,100000,500,Active,2019-08-01
CARD207375,C101176,Blue,150000,1000,Blocked,2022-02-10
CARD207376,C108330,Blue,150000,5000,Active,2021-10-28
CARD207377,C102165,Blue,100000,0,Active,2023-01-18
CARD207378,C108401,Platinum,200000,5000,Active,2019-05-23
CARD207379,C109038,Gold,75000,0,Active,2018-09-12
CARD207380,C108761,Blue,75000,0,Active,2023-04-19
CARD207381,C102992,Gold,50000,1000,Active,2024-03-03
CARD207382,C109226,Blue,50000,5000,Active,2022-12-31
CARD207383,C103211,Platinum,50000,2500,Active,2021-03-03
CARD207384,C100440,Blue,500000,0,Active,2022-02-10
CARD207385,C103652,Blue,200000,0,Inactive,2019-01-31
CARD207386,C107062,Gold,150000,1000,Active,2018-05-06
CARD207387,C105781,Blue,75000,2500,Active,2021-11-16
CARD207388,C106637,Gold,200000,500,Active,2018-05-22
CARD207389,C106815,Platinum,500000,1000,Active,2025-06-24
CARD207390,C101824,Platinum,100000,500,Active,2020-05-27
CARD207391,C107941,Blue,100000,500,Active,2020-06-30
CARD207392,C105192,Blue,300000,2500,Active,2024-02-10
CARD207393,C103484,Gold,100000,2500,Active,2019-12-20
CARD207394,C102811,Blue,300000,1000,Active,2019-09-20
CARD207395,C108025,Blue,75000,0,Active,2018-08-17
CARD207396,C106132,Blue,300000,500,Closed,2022-11-29
CARD207397,C107141,Blue,75000,1000,Active,2020-09-11
CARD207398,C106806,Blue,200000,0,Active,2025-12-21
CARD207399,C104074,Gold,100000,1000,Active,2021-11-07
CARD207400,C107353,Platinum,200000,1000,Active,2025-08-22
CARD207401,C102118,Gold,75000,1000,Active,2018-12-16
CARD207402,C106846,Blue,150000,500,Active,2020-01-10
CARD207403,C107472,Gold,150000,500,Closed,2021-03-07
CARD207404,C108931,Blue,100000,1000,Active,2020-04-13
CARD207405,C101019,Blue,100000,500,Active,2019-11-16
CARD207406,C107503,Gold,500000,5000,Active,2026-01-29
CARD207407,C100597,Blue,200000,0,Closed,2022-09-24
CARD207408,C106763,Gold,50000,5000,Active,2022-04-19
CARD207409,C101527,Blue,500000,2500,Active,2024-02-05
CARD207410,C103302,Blue,200000,1000,Active,2022-06-24
CARD207411,C101426,Gold,75000,2500,Inactive,2022-05-21
CARD207412,C101809,Gold,500000,500,Active,2021-03-05
CARD207413,C103423,Platinum,100000,0,Active,2017-11-18
CARD207414,C106926,Blue,150000,500,Active,2017-12-14
CARD207415,C101774,Premium,75000,2500,Active,2017-05-13
CARD207416,C100690,Gold,500000,1000,Active,2017-03-29
CARD207417,C108767,Premium,100000,2500,Active,2025-02-10
CARD207418,C109116,Blue,150000,2500,Active,2022-04-06
CARD207419,C106613,Premium,150000,0,Inactive,2024-08-28
CARD207420,C109909,Premium,200000,2500,Active,2020-04-11
CARD207421,C106039,Blue,50000,0,Active,2023-04-04
CARD207422,C108211,Blue,100000,5000,Active,2022-01-12
CARD207423,C103322,Gold,75000,0,Active,2019-02-23
CARD207424,C105427,Blue,75000,0,Active,2025-08-12
CARD207425,C103966,Blue,150000,500,Active,2021-11-25
CARD207426,C107631,Premium,100000,5000,Blocked,2025-08-21
CARD207427,C108009,Platinum,100000,1000,Inactive,2020-12-11
CARD207428,C103472,Platinum,100000,0,Active,2019-03-19
CARD207429,C104799,Platinum,100000,500,Active,2026-03-03
CARD207430,C108674,Gold,50000,2500,Active,2025-08-13
CARD207431,C101673,Platinum,150000,0,Active,2025-08-25
CARD207432,C102850,Platinum,300000,2500,Active,2017-03-30
CARD207433,C104500,Gold,100000,1000,Active,2019-08-30
CARD207434,C101755,Blue,100000,500,Active,2023-06-23
CARD207435,C104034,Gold,100000,1000,Active,2021-01-08
CARD207436,C101834,Platinum,75000,2500,Inactive,2019-04-16
CARD207437,C101363,Blue,100000,0,Active,2019-06-17
CARD207438,C104420,Blue,50000,5000,Active,2018-12-26
CARD207439,C105457,Premium,75000,0,Active,2021-11-18
CARD207440,C109886,Blue,300000,1000,Active,2021-01-14
CARD207441,C104750,Gold,100000,1000,Active,2021-08-19
CARD207442,C105245,Platinum,50000,0,Active,2018-09-17
CARD207443,C107534,Blue,50000,0,Active,2026-01-26
CARD207444,C104507,Gold,500000,2500,Active,2024-07-07
CARD207445,C100452,Gold,200000,500,Active,2017-07-14
CARD207446,C107437,Blue,75000,1000,Active,2018-12-18
CARD207447,C103591,Gold,100000,0,Active,2025-10-15
CARD207448,C101222,Gold,200000,2500,Active,2026-03-28
CARD207449,C107705,Gold,150000,2500,Active,2022-02-13
CARD207450,C104225,Blue,150000,500,Closed,2023-09-29
CARD207451,C107812,Platinum,100000,0,Active,2020-01-04
CARD207452,C100466,Platinum,200000,0,Active,2022-03-20
CARD207453,C106894,Platinum,200000,0,Active,2024-12-24
CARD207454,C108365,Gold,200000,500,Active,2018-08-31
CARD207455,C101761,Platinum,75000,0,Active,2019-07-28
CARD207456,C102346,Platinum,100000,0,Active,2024-04-25
CARD207457,C100526,Premium,100000,0,Active,2021-08-25
CARD207458,C101987,Platinum,100000,1000,Closed,2022-06-30
CARD207459,C106456,Blue,75000,0,Active,2024-10-26
CARD207460,C105037,Blue,150000,2500,Active,2019-02-04
CARD207461,C109419,Gold,150000,0,Active,2026-03-18
CARD207462,C108065,Platinum,150000,0,Inactive,2018-02-15
CARD207463,C105328,Platinum,150000,500,Blocked,2025-05-22
CARD207464,C100340,Blue,500000,1000,Active,2026-03-16
CARD207465,C106839,Gold,50000,2500,Active,2023-01-09
CARD207466,C101436,Gold,150000,1000,Active,2022-05-17
CARD207467,C100982,Gold,200000,1000,Active,2017-04-07
CARD207468,C104684,Gold,100000,500,Active,2022-07-24
CARD207469,C109857,Platinum,100000,5000,Active,2018-07-23
CARD207470,C108067,Platinum,150000,0,Active,2019-12-10
CARD207471,C102356,Gold,200000,0,Active,2021-02-28
CARD207472,C106931,Blue,300000,1000,Active,2019-06-10
CARD207473,C101663,Gold,150000,2500,Active,2019-09-05
CARD207474,C108870,Blue,150000,5000,Active,2020-03-17
CARD207475,C106615,Gold,300000,500,Active,2017-08-26
CARD207476,C107349,Blue,150000,500,Inactive,2018-07-15
CARD207477,C108004,Blue,100000,2500,Active,2017-09-05
CARD207478,C103024,Gold,75000,5000,Active,2023-07-08
CARD207479,C104993,Gold,75000,1000,Closed,2024-10-27
CARD207480,C105872,Premium,100000,0,Active,2024-06-09
CARD207481,C109452,Gold,50000,500,Inactive,2019-06-14
CARD207482,C101972,Gold,150000,500,Active,2021-10-29
CARD207483,C107211,Platinum,300000,500,Closed,2020-05-14
CARD207484,C106537,Blue,150000,0,Active,2026-02-05
CARD207485,C105876,Blue,500000,1000,Active,2024-01-19
CARD207486,C106617,Blue,300000,5000,Active,2022-04-08
CARD207487,C107102,Gold,150000,1000,Active,2019-07-13
CARD207488,C101228,Gold,75000,0,Active,2019-08-26
CARD207489,C107133,Platinum,75000,500,Closed,2025-04-14
CARD207490,C103584,Gold,100000,1000,Active,2020-02-26
CARD207491,C100885,Blue,75000,2500,Inactive,2022-06-22
CARD207492,C100401,Platinum,100000,2500,Active,2021-09-02
CARD207493,C104511,Blue,500000,500,Active,2021-03-15
CARD207494,C106533,Platinum,500000,5000,Active,2024-09-01
CARD207495,C101297,Gold,200000,5000,Active,2025-09-03
CARD207496,C108958,Gold,150000,1000,Active,2026-03-21
CARD207497,C102360,Platinum,300000,2500,Inactive,2019-12-26
CARD207498,C107024,Blue,500000,1000,Closed,2017-05-28
CARD207499,C108371,Gold,200000,0,Active,2022-02-21
CARD207500,C106892,Premium,150000,500,Active,2021-08-27
CARD207501,C108711,Blue,100000,500,Active,2020-05-02
CARD207502,C105526,Platinum,100000,0,Active,2017-11-04
CARD207503,C100693,Gold,100000,500,Active,2017-01-22
CARD207504,C101359,Platinum,75000,500,Active,2018-11-14
CARD207505,C108479,Blue,75000,1000,Active,2021-02-01
CARD207506,C108472,Platinum,200000,500,Active,2022-08-27
CARD207507,C104523,Gold,150000,0,Active,2021-05-19
CARD207508,C106432,Blue,100000,5000,Active,2017-08-16
CARD207509,C103009,Gold,150000,500,Inactive,2024-03-24
CARD207510,C108607,Premium,100000,500,Active,2022-09-14
CARD207511,C107053,Gold,75000,1000,Active,2024-11-30
CARD207512,C105084,Blue,50000,5000,Active,2024-08-07
CARD207513,C105702,Blue,150000,500,Blocked,2019-01-31
CARD207514,C108203,Blue,150000,500,Active,2017-05-22
CARD207515,C108349,Blue,50000,500,Active,2019-10-07
CARD207516,C108460,Gold,50000,0,Active,2019-11-28
CARD207517,C107886,Gold,75000,0,Active,2022-05-06
CARD207518,C104633,Platinum,200000,500,Inactive,2020-05-01
CARD207519,C102774,Platinum,200000,5000,Blocked,2019-12-19
CARD207520,C105622,Gold,100000,500,Active,2019-01-18
CARD207521,C100219,Blue,500000,500,Active,2021-07-07
CARD207522,C107386,Gold,150000,0,Active,2023-05-22
CARD207523,C104655,Gold,150000,1000,Inactive,2022-10-03
CARD207524,C106495,Blue,150000,500,Active,2022-08-04
CARD207525,C104531,Platinum,300000,500,Active,2020-10-10
CARD207526,C108211,Gold,75000,2500,Active,2020-10-26
CARD207527,C100970,Premium,50000,0,Closed,2018-04-24
CARD207528,C103469,Gold,150000,2500,Active,2019-06-03
CARD207529,C101515,Gold,150000,2500,Active,2023-07-30
CARD207530,C105205,Gold,200000,0,Inactive,2020-07-20
CARD207531,C104978,Blue,100000,5000,Active,2020-07-24
CARD207532,C105182,Blue,75000,0,Active,2023-12-17
CARD207533,C109622,Blue,100000,500,Active,2017-03-01
CARD207534,C104791,Gold,200000,500,Active,2024-11-27
CARD207535,C104432,Blue,100000,1000,Active,2017-01-13
CARD207536,C102874,Gold,300000,500,Active,2019-08-02
CARD207537,C107343,Gold,50000,5000,Active,2023-08-05
CARD207538,C108476,Gold,100000,5000,Active,2025-08-27
CARD207539,C109209,Gold,200000,0,Blocked,2023-05-07
CARD207540,C107704,Premium,100000,500,Active,2018-04-27
CARD207541,C104041,Gold,150000,2500,Active,2019-06-13
CARD207542,C107117,Platinum,500000,1000,Active,2018-04-06
CARD207543,C104971,Platinum,50000,2500,Active,2020-09-29
CARD207544,C104321,Gold,50000,1000,Active,2023-05-13
CARD207545,C103822,Blue,150000,5000,Active,2024-11-04
CARD207546,C103396,Blue,500000,500,Active,2020-05-24
CARD207547,C109091,Blue,100000,500,Blocked,2025-04-28
CARD207548,C109802,Blue,100000,0,Active,2019-07-29
CARD207549,C107090,Platinum,75000,0,Closed,2023-06-06
CARD207550,C100598,Blue,100000,5000,Active,2021-08-08
CARD207551,C100202,Platinum,50000,1000,Inactive,2021-09-14
CARD207552,C100494,Gold,150000,500,Active,2024-12-22
CARD207553,C103021,Gold,200000,2500,Inactive,2026-03-13
CARD207554,C101683,Blue,200000,5000,Active,2024-04-18
CARD207555,C107952,Platinum,100000,1000,Active,2021-01-22
CARD207556,C103318,Blue,100000,2500,Active,2024-02-22
CARD207557,C106105,Gold,150000,0,Active,2017-09-12
CARD207558,C105094,Blue,300000,0,Active,2022-10-10
CARD207559,C102020,Platinum,200000,0,Active,2026-02-26
CARD207560,C101737,Gold,100000,0,Active,2021-02-10
CARD207561,C107587,Gold,300000,2500,Active,2022-03-10
CARD207562,C102619,Blue,500000,1000,Closed,2019-11-23
CARD207563,C107028,Gold,200000,2500,Active,2020-01-24
CARD207564,C104859,Blue,300000,500,Closed,2022-04-29
CARD207565,C102187,Gold,300000,500,Active,2018-09-18
CARD207566,C108015,Blue,150000,0,Active,2024-06-13
CARD207567,C108143,Platinum,100000,500,Active,2017-10-21
CARD207568,C100806,Blue,200000,2500,Inactive,2022-06-27
CARD207569,C107608,Gold,75000,500,Active,2021-02-27
CARD207570,C106800,Blue,100000,1000,Active,2017-05-24
CARD207571,C109046,Platinum,100000,5000,Active,2018-09-08
CARD207572,C109418,Blue,200000,1000,Active,2023-04-20
CARD207573,C103638,Premium,100000,1000,Active,2018-10-30
CARD207574,C103718,Blue,150000,5000,Active,2021-03-29
CARD207575,C103539,Gold,300000,500,Active,2020-05-11
CARD207576,C106624,Premium,75000,5000,Active,2023-01-23
CARD207577,C106485,Platinum,150000,2500,Active,2022-05-02
CARD207578,C109852,Blue,150000,1000,Active,2025-09-12
CARD207579,C103276,Premium,150000,500,Blocked,2024-12-13
CARD207580,C105131,Blue,300000,0,Active,2024-05-16
CARD207581,C108847,Gold,150000,500,Active,2020-07-13
CARD207582,C107417,Platinum,75000,500,Active,2018-10-03
CARD207583,C107666,Gold,150000,0,Active,2018-04-16
CARD207584,C103162,Platinum,100000,500,Active,2020-02-23
CARD207585,C108224,Gold,500000,5000,Active,2020-03-20
CARD207586,C100509,Platinum,200000,500,Active,2026-04-03
CARD207587,C109848,Blue,75000,500,Inactive,2024-08-14
CARD207588,C109068,Platinum,100000,0,Active,2017-07-19
CARD207589,C105468,Gold,75000,0,Active,2025-12-23
CARD207590,C105750,Gold,300000,0,Active,2017-04-23
CARD207591,C107287,Blue,50000,0,Active,2017-09-22
CARD207592,C107606,Blue,100000,2500,Active,2017-07-24
CARD207593,C105193,Blue,75000,2500,Active,2019-02-17
CARD207594,C107929,Gold,100000,1000,Closed,2024-03-03
CARD207595,C107409,Gold,200000,0,Active,2021-06-20
CARD207596,C107681,Platinum,50000,5000,Active,2022-06-29
CARD207597,C105024,Blue,75000,5000,Active,2020-06-04
CARD207598,C105275,Premium,200000,1000,Active,2018-11-06
CARD207599,C102182,Blue,100000,5000,Inactive,2017-01-13
CARD207600,C105496,Gold,100000,2500,Active,2023-08-07
CARD207601,C106421,Platinum,100000,0,Active,2022-06-05
CARD207602,C102837,Gold,150000,1000,Active,2024-03-10
CARD207603,C106768,Gold,300000,500,Active,2018-05-20
CARD207604,C108146,Blue,100000,500,Active,2023-10-01
CARD207605,C103190,Gold,500000,1000,Active,2023-06-05
CARD207606,C104542,Premium,75000,1000,Blocked,2019-10-08
CARD207607,C108051,Gold,300000,1000,Active,2020-11-21
CARD207608,C106548,Platinum,100000,5000,Active,2019-06-06
CARD207609,C104337,Platinum,75000,0,Active,2021-03-16
CARD207610,C109195,Platinum,150000,2500,Active,2019-02-04
CARD207611,C108427,Blue,75000,1000,Active,2017-11-29
CARD207612,C107642,Gold,75000,0,Active,2020-07-27
CARD207613,C103649,Blue,100000,500,Active,2025-03-30
CARD207614,C106013,Gold,75000,0,Active,2017-09-25
CARD207615,C101710,Platinum,150000,0,Active,2023-02-12
CARD207616,C104240,Blue,300000,1000,Active,2022-05-13
CARD207617,C105998,Premium,50000,2500,Active,2019-05-13
CARD207618,C108966,Gold,100000,1000,Active,2019-04-03
CARD207619,C109302,Gold,150000,500,Inactive,2022-08-08
CARD207620,C105827,Platinum,100000,0,Active,2022-01-17
CARD207621,C109323,Platinum,150000,500,Active,2022-03-02
CARD207622,C103804,Platinum,50000,0,Active,2017-03-22
CARD207623,C104525,Gold,150000,2500,Active,2023-02-08
CARD207624,C107106,Gold,150000,500,Active,2019-07-03
CARD207625,C102873,Blue,150000,5000,Active,2022-06-25
CARD207626,C107449,Platinum,50000,0,Active,2017-03-21
CARD207627,C106947,Gold,50000,0,Closed,2017-05-07
CARD207628,C106481,Blue,150000,0,Active,2019-10-30
CARD207629,C105000,Premium,75000,5000,Active,2023-06-04
CARD207630,C100959,Gold,100000,500,Closed,2020-03-17
CARD207631,C103752,Platinum,100000,1000,Blocked,2025-03-10
CARD207632,C106893,Gold,100000,0,Active,2021-03-03
CARD207633,C108628,Blue,50000,0,Active,2023-12-14
CARD207634,C105346,Gold,100000,0,Active,2018-09-09
CARD207635,C107834,Gold,100000,0,Active,2022-07-22
CARD207636,C108825,Premium,100000,0,Active,2025-01-14
CARD207637,C105057,Blue,150000,0,Active,2019-07-01
CARD207638,C108814,Gold,200000,500,Active,2024-04-07
CARD207639,C100883,Gold,500000,500,Inactive,2017-05-30
CARD207640,C108723,Gold,500000,500,Closed,2024-09-26
CARD207641,C102671,Blue,150000,1000,Active,2018-01-06
CARD207642,C105254,Gold,75000,0,Active,2022-02-02
CARD207643,C101622,Blue,200000,500,Active,2018-08-01
CARD207644,C106054,Gold,100000,5000,Active,2022-11-04
CARD207645,C103581,Gold,75000,1000,Active,2021-11-01
CARD207646,C103390,Blue,100000,2500,Active,2019-08-31
CARD207647,C107868,Premium,50000,2500,Active,2020-08-11
CARD207648,C107992,Platinum,100000,0,Active,2020-02-21
CARD207649,C103943,Premium,200000,0,Active,2017-11-17
CARD207650,C103535,Platinum,50000,0,Active,2024-05-20
CARD207651,C103988,Gold,50000,500,Active,2019-12-15
CARD207652,C107682,Gold,75000,5000,Active,2022-03-14
CARD207653,C109793,Blue,75000,2500,Inactive,2017-01-20
CARD207654,C102752,Blue,150000,500,Active,2024-01-07
CARD207655,C103032,Gold,75000,500,Active,2021-03-20
CARD207656,C108889,Blue,100000,2500,Active,2020-12-21
CARD207657,C103749,Platinum,150000,1000,Active,2021-01-20
CARD207658,C103926,Blue,75000,500,Closed,2026-02-28
CARD207659,C101195,Blue,75000,0,Active,2021-09-08
CARD207660,C100767,Gold,300000,500,Active,2020-10-11
CARD207661,C104472,Gold,75000,0,Active,2020-02-09
CARD207662,C107150,Blue,300000,0,Closed,2024-09-30
CARD207663,C102692,Blue,300000,0,Active,2023-11-26
CARD207664,C101729,Gold,300000,1000,Active,2018-07-31
CARD207665,C102110,Platinum,100000,500,Active,2019-11-03
CARD207666,C109968,Blue,200000,2500,Active,2018-02-02
CARD207667,C105608,Platinum,75000,1000,Active,2018-06-22
CARD207668,C105544,Gold,50000,0,Active,2024-05-11
CARD207669,C102034,Platinum,150000,500,Active,2026-04-01
CARD207670,C105567,Blue,50000,1000,Active,2021-08-12
CARD207671,C102847,Premium,200000,2500,Blocked,2021-09-22
CARD207672,C105451,Gold,150000,5000,Active,2017-10-16
CARD207673,C102719,Blue,50000,500,Active,2019-03-17
CARD207674,C100671,Platinum,200000,0,Active,2017-11-18
CARD207675,C108968,Gold,100000,500,Inactive,2024-10-11
CARD207676,C107325,Blue,100000,0,Active,2021-07-11
CARD207677,C107595,Platinum,150000,0,Active,2018-07-04
CARD207678,C102427,Platinum,200000,0,Blocked,2024-01-08
CARD207679,C107894,Blue,75000,1000,Active,2024-03-24
CARD207680,C109259,Gold,50000,1000,Closed,2017-02-08
CARD207681,C101206,Gold,75000,500,Active,2018-03-29
CARD207682,C104933,Blue,100000,0,Active,2020-08-02
CARD207683,C102064,Gold,200000,1000,Active,2026-01-15
CARD207684,C105728,Blue,150000,0,Active,2019-07-01
CARD207685,C109390,Blue,50000,0,Active,2017-12-18
CARD207686,C103041,Blue,200000,500,Active,2021-08-10
CARD207687,C105292,Blue,50000,500,Active,2017-01-05
CARD207688,C104203,Platinum,75000,500,Active,2026-02-28
CARD207689,C109552,Gold,300000,2500,Blocked,2019-03-12
CARD207690,C107427,Blue,100000,2500,Active,2020-05-24
CARD207691,C100658,Blue,100000,2500,Closed,2021-06-30
CARD207692,C105944,Gold,75000,1000,Active,2022-03-18
CARD207693,C104872,Gold,75000,0,Active,2020-05-01
CARD207694,C104026,Gold,50000,500,Active,2025-02-28
CARD207695,C107696,Blue,200000,500,Closed,2026-04-13
CARD207696,C108353,Platinum,200000,1000,Active,2023-09-11
CARD207697,C108907,Premium,100000,0,Active,2022-12-02
CARD207698,C108706,Platinum,200000,0,Inactive,2024-03-05
CARD207699,C101685,Platinum,100000,2500,Inactive,2019-12-28
CARD207700,C107568,Blue,100000,5000,Active,2018-11-09
CARD207701,C101930,Gold,300000,0,Active,2022-12-31
CARD207702,C104075,Blue,75000,2500,Blocked,2021-10-06
CARD207703,C109708,Platinum,300000,0,Active,2018-08-10
CARD207704,C100578,Platinum,75000,0,Inactive,2025-10-01
CARD207705,C109440,Blue,300000,0,Inactive,2017-12-27
CARD207706,C101564,Platinum,75000,2500,Active,2019-11-15
CARD207707,C105759,Gold,100000,500,Active,2023-05-12
CARD207708,C108406,Premium,150000,1000,Active,2019-10-20
CARD207709,C106910,Premium,75000,2500,Blocked,2021-09-11
CARD207710,C102735,Blue,50000,1000,Active,2017-09-28
CARD207711,C108187,Platinum,100000,0,Active,2021-08-06
CARD207712,C106589,Blue,100000,1000,Active,2022-06-01
CARD207713,C105590,Gold,50000,0,Active,2024-01-27
CARD207714,C108217,Gold,200000,500,Blocked,2021-09-24
CARD207715,C100003,Blue,75000,2500,Active,2020-04-27
CARD207716,C109996,Platinum,75000,2500,Active,2025-02-26
CARD207717,C104841,Gold,150000,500,Active,2026-03-16
CARD207718,C102349,Gold,300000,1000,Active,2021-05-30
CARD207719,C104831,Gold,100000,2500,Inactive,2023-01-03
CARD207720,C103526,Gold,100000,0,Active,2022-07-12
CARD207721,C107788,Blue,100000,1000,Active,2025-07-31
CARD207722,C103167,Blue,75000,0,Active,2023-04-30
CARD207723,C100906,Blue,100000,0,Active,2025-03-01
CARD207724,C107061,Platinum,100000,0,Active,2023-07-03
CARD207725,C101812,Blue,500000,500,Blocked,2017-04-01
CARD207726,C103444,Gold,100000,0,Active,2026-04-15
CARD207727,C104561,Gold,50000,2500,Inactive,2017-01-11
CARD207728,C105562,Platinum,75000,500,Active,2018-10-24
CARD207729,C103493,Platinum,300000,2500,Active,2024-11-13
CARD207730,C103815,Blue,200000,0,Active,2019-10-31
CARD207731,C108965,Gold,150000,1000,Active,2020-03-12
CARD207732,C101797,Blue,150000,5000,Active,2023-09-15
CARD207733,C107225,Premium,150000,2500,Active,2024-07-17
CARD207734,C104414,Gold,500000,5000,Closed,2022-02-01
CARD207735,C100109,Blue,100000,0,Active,2022-04-09
CARD207736,C107245,Blue,200000,500,Active,2020-06-28
CARD207737,C103453,Platinum,300000,5000,Active,2022-03-25
CARD207738,C102211,Gold,75000,0,Active,2018-10-11
CARD207739,C107410,Platinum,100000,2500,Active,2017-02-08
CARD207740,C103067,Gold,200000,1000,Active,2020-01-14
CARD207741,C102627,Gold,75000,0,Active,2025-12-09
CARD207742,C105354,Platinum,100000,0,Active,2025-10-08
CARD207743,C105009,Platinum,100000,5000,Blocked,2018-01-04
CARD207744,C107081,Gold,500000,0,Blocked,2022-03-11
CARD207745,C107522,Blue,150000,1000,Active,2026-03-08
CARD207746,C109393,Platinum,150000,500,Active,2024-01-19
CARD207747,C109998,Platinum,100000,1000,Blocked,2017-03-18
CARD207748,C101653,Platinum,150000,2500,Active,2019-08-02
CARD207749,C106277,Blue,300000,2500,Active,2023-05-14
CARD207750,C105010,Premium,75000,2500,Active,2021-10-07
CARD207751,C107664,Gold,200000,5000,Closed,2023-07-03
CARD207752,C105434,Blue,75000,2500,Closed,2018-09-19
CARD207753,C103944,Platinum,200000,1000,Closed,2023-05-27
CARD207754,C103018,Platinum,200000,0,Active,2022-03-29
CARD207755,C106953,Blue,150000,0,Active,2025-08-13
CARD207756,C109631,Blue,75000,0,Active,2018-05-18
CARD207757,C105265,Gold,500000,1000,Active,2022-06-22
CARD207758,C106708,Platinum,100000,0,Active,2024-10-11
CARD207759,C106143,Blue,300000,0,Active,2023-06-14
CARD207760,C102009,Platinum,75000,500,Active,2018-03-14
CARD207761,C106222,Premium,100000,500,Inactive,2022-01-25
CARD207762,C105500,Premium,50000,5000,Closed,2024-07-08
CARD207763,C100498,Blue,50000,2500,Active,2024-10-06
CARD207764,C102241,Gold,100000,500,Active,2017-08-26
CARD207765,C102744,Gold,200000,2500,Active,2023-04-30
CARD207766,C104172,Gold,150000,1000,Active,2025-07-30
CARD207767,C102914,Gold,150000,500,Active,2022-06-02
CARD207768,C104734,Platinum,50000,2500,Active,2024-11-06
CARD207769,C101208,Platinum,200000,5000,Active,2022-04-10
CARD207770,C107334,Gold,100000,1000,Active,2023-06-27
CARD207771,C102916,Premium,150000,1000,Active,2023-02-27
CARD207772,C108913,Premium,200000,2500,Active,2023-03-25
CARD207773,C102560,Blue,50000,500,Active,2025-12-12
CARD207774,C100679,Gold,100000,2500,Closed,2020-08-24
CARD207775,C103271,Premium,500000,500,Active,2022-10-17
CARD207776,C105245,Platinum,50000,2500,Active,2026-04-10
CARD207777,C107709,Platinum,100000,2500,Active,2026-02-21
CARD207778,C102597,Gold,300000,0,Active,2017-01-15
CARD207779,C108188,Blue,75000,500,Active,2019-10-02
CARD207780,C109743,Blue,150000,1000,Inactive,2017-06-11
CARD207781,C108387,Blue,150000,0,Active,2023-03-21
CARD207782,C106194,Gold,75000,500,Active,2023-09-09
CARD207783,C103810,Premium,75000,500,Active,2022-11-17
CARD207784,C107126,Gold,200000,1000,Inactive,2022-07-23
CARD207785,C107573,Gold,75000,0,Active,2017-12-03
CARD207786,C104444,Gold,200000,2500,Active,2019-06-01
CARD207787,C101676,Blue,300000,500,Active,2018-10-12
CARD207788,C104439,Blue,50000,0,Active,2020-08-08
CARD207789,C100507,Gold,75000,5000,Active,2022-08-14
CARD207790,C104522,Platinum,200000,1000,Active,2022-07-29
CARD207791,C104654,Gold,150000,0,Active,2022-09-25
CARD207792,C107710,Gold,150000,2500,Active,2020-11-03
CARD207793,C106767,Premium,100000,2500,Active,2017-03-01
CARD207794,C101249,Blue,500000,2500,Active,2017-07-31
CARD207795,C101210,Platinum,200000,1000,Inactive,2017-06-27
CARD207796,C106093,Blue,150000,1000,Active,2017-05-02
CARD207797,C109167,Gold,100000,2500,Active,2019-08-19
CARD207798,C107730,Platinum,50000,1000,Active,2021-02-17
CARD207799,C105597,Gold,150000,0,Active,2019-07-28
CARD207800,C109792,Gold,75000,1000,Active,2021-06-01
CARD207801,C101224,Gold,75000,5000,Active,2026-01-17
CARD207802,C106666,Blue,50000,500,Active,2023-03-23
CARD207803,C102273,Platinum,300000,0,Active,2023-02-27
CARD207804,C103112,Gold,150000,5000,Active,2026-03-01
CARD207805,C101028,Platinum,200000,500,Active,2021-09-05
CARD207806,C104617,Premium,50000,500,Active,2017-09-24
CARD207807,C106502,Gold,100000,2500,Active,2024-06-29
CARD207808,C102526,Blue,150000,1000,Active,2019-08-10
CARD207809,C103838,Gold,300000,500,Closed,2024-05-18
CARD207810,C108613,Gold,150000,500,Active,2022-06-03
CARD207811,C101611,Blue,75000,2500,Active,2023-03-18
CARD207812,C103105,Gold,200000,500,Active,2020-03-28
CARD207813,C108026,Gold,100000,500,Active,2018-05-20
CARD207814,C108055,Gold,75000,500,Active,2019-10-02
CARD207815,C101482,Blue,200000,5000,Active,2024-10-03
CARD207816,C109494,Gold,150000,2500,Inactive,2019-11-11
CARD207817,C100830,Blue,100000,1000,Active,2018-03-23
CARD207818,C101662,Blue,200000,1000,Active,2019-01-02
CARD207819,C108305,Platinum,300000,500,Active,2024-07-19
CARD207820,C100645,Gold,150000,0,Active,2022-09-28
CARD207821,C108611,Gold,200000,2500,Active,2025-12-07
CARD207822,C105259,Blue,100000,5000,Active,2022-11-26
CARD207823,C104062,Gold,300000,1000,Active,2020-04-13
CARD207824,C106542,Blue,200000,0,Active,2023-08-01
CARD207825,C102747,Blue,300000,500,Inactive,2018-01-25
CARD207826,C109043,Platinum,300000,2500,Active,2018-03-27
CARD207827,C107755,Blue,100000,2500,Active,2024-01-19
CARD207828,C106338,Platinum,300000,500,Closed,2018-09-04
CARD207829,C109624,Gold,150000,1000,Active,2020-12-27
CARD207830,C106876,Blue,200000,5000,Active,2026-04-13
CARD207831,C107137,Blue,200000,1000,Active,2025-03-10
CARD207832,C109038,Blue,300000,500,Closed,2019-04-17
CARD207833,C107120,Gold,200000,500,Active,2021-08-11
CARD207834,C101731,Blue,200000,2500,Active,2022-09-15
CARD207835,C105581,Premium,500000,0,Active,2023-08-04
CARD207836,C109524,Blue,300000,2500,Active,2017-10-24
CARD207837,C108322,Gold,150000,0,Active,2019-10-28
CARD207838,C106001,Blue,200000,2500,Inactive,2023-11-21
CARD207839,C108516,Gold,75000,5000,Active,2018-01-29
CARD207840,C105471,Blue,150000,0,Active,2018-04-18
CARD207841,C109453,Gold,500000,5000,Active,2024-10-15
CARD207842,C103862,Platinum,75000,0,Active,2020-09-21
CARD207843,C103368,Premium,300000,500,Active,2026-02-16
CARD207844,C109506,Blue,200000,0,Active,2019-01-20
CARD207845,C100473,Gold,100000,0,Active,2020-12-03
CARD207846,C106051,Blue,300000,0,Blocked,2020-12-22
CARD207847,C108489,Blue,100000,0,Active,2021-06-23
CARD207848,C104054,Platinum,100000,2500,Active,2025-08-27
CARD207849,C109139,Platinum,100000,5000,Active,2019-05-15
CARD207850,C103092,Blue,75000,500,Active,2019-05-31
CARD207851,C104973,Gold,150000,1000,Active,2020-11-06
CARD207852,C109753,Platinum,150000,0,Active,2018-08-23
CARD207853,C102171,Blue,500000,5000,Active,2022-08-24
CARD207854,C109621,Blue,200000,1000,Active,2017-09-18
CARD207855,C100667,Platinum,100000,1000,Active,2017-06-28
CARD207856,C107210,Gold,300000,0,Closed,2018-10-19
CARD207857,C108047,Blue,300000,500,Active,2020-01-04
CARD207858,C102452,Blue,150000,500,Active,2024-04-15
CARD207859,C100669,Platinum,500000,2500,Active,2019-08-23
CARD207860,C105470,Gold,150000,1000,Active,2018-12-14
CARD207861,C108681,Gold,75000,0,Active,2021-12-22
CARD207862,C109099,Blue,150000,0,Active,2025-11-11
CARD207863,C102181,Blue,100000,2500,Active,2018-10-14
CARD207864,C105695,Gold,150000,0,Active,2019-09-04
CARD207865,C103267,Blue,75000,500,Inactive,2023-01-14
CARD207866,C109314,Blue,75000,1000,Active,2019-04-29
CARD207867,C106301,Blue,100000,1000,Active,2020-05-21
CARD207868,C102808,Gold,200000,0,Active,2024-08-28
CARD207869,C107725,Blue,75000,1000,Active,2019-09-13
CARD207870,C100514,Premium,50000,0,Active,2022-08-06
CARD207871,C109058,Platinum,75000,1000,Inactive,2021-02-25
CARD207872,C101878,Blue,100000,0,Blocked,2021-04-03
CARD207873,C103615,Platinum,50000,500,Active,2025-04-21
CARD207874,C108081,Blue,100000,1000,Active,2018-08-16
CARD207875,C106687,Gold,150000,0,Closed,2020-12-13
CARD207876,C100977,Gold,200000,2500,Active,2023-08-10
CARD207877,C102217,Platinum,100000,500,Active,2020-10-10
CARD207878,C101642,Gold,200000,5000,Active,2022-11-02
CARD207879,C107602,Blue,150000,1000,Active,2020-11-29
CARD207880,C108525,Gold,150000,0,Active,2025-10-26
CARD207881,C107593,Gold,150000,1000,Active,2019-11-01
CARD207882,C103588,Blue,100000,1000,Active,2025-12-19
CARD207883,C109887,Platinum,75000,0,Active,2022-03-10
CARD207884,C107879,Gold,150000,0,Active,2022-08-06
CARD207885,C109595,Blue,75000,2500,Active,2019-06-29
CARD207886,C106649,Blue,100000,500,Active,2019-08-11
CARD207887,C107202,Gold,200000,1000,Active,2023-09-10
CARD207888,C108715,Gold,150000,500,Active,2025-05-09
CARD207889,C103853,Blue,75000,2500,Active,2022-04-03
CARD207890,C106194,Blue,75000,0,Active,2018-08-18
CARD207891,C102569,Blue,300000,0,Active,2024-03-23
CARD207892,C100716,Premium,100000,500,Active,2022-08-07
CARD207893,C102536,Gold,75000,500,Active,2025-05-08
CARD207894,C103348,Gold,150000,1000,Active,2018-08-30
CARD207895,C101567,Blue,500000,0,Active,2018-01-21
CARD207896,C109881,Gold,150000,2500,Active,2021-04-19
CARD207897,C103393,Premium,150000,1000,Active,2020-09-25
CARD207898,C100099,Platinum,300000,500,Active,2018-06-08
CARD207899,C100080,Gold,75000,500,Active,2022-10-11
CARD207900,C101065,Platinum,150000,1000,Active,2026-03-22
CARD207901,C103006,Gold,75000,5000,Closed,2023-06-01
CARD207902,C109641,Gold,150000,500,Active,2018-07-31
CARD207903,C104829,Gold,150000,0,Closed,2021-12-20
CARD207904,C107076,Gold,300000,500,Active,2022-08-05
CARD207905,C108820,Platinum,150000,0,Active,2024-05-24
CARD207906,C104086,Blue,150000,0,Active,2019-09-26
CARD207907,C107854,Platinum,100000,5000,Active,2022-03-26
CARD207908,C103762,Blue,50000,500,Active,2025-08-13
CARD207909,C106812,Platinum,100000,500,Active,2020-01-20
CARD207910,C108281,Premium,50000,0,Active,2025-06-28
CARD207911,C101034,Blue,150000,1000,Active,2017-12-12
CARD207912,C108580,Premium,75000,500,Active,2025-01-08
CARD207913,C107641,Platinum,50000,0,Active,2021-01-01
CARD207914,C109333,Platinum,200000,0,Blocked,2022-08-23
CARD207915,C102355,Blue,100000,1000,Active,2021-06-10
CARD207916,C107865,Gold,150000,2500,Blocked,2020-07-03
CARD207917,C105492,Gold,150000,0,Active,2021-10-28
CARD207918,C101974,Platinum,100000,0,Active,2023-01-28
CARD207919,C109648,Gold,50000,2500,Active,2018-03-04
CARD207920,C108468,Gold,200000,1000,Inactive,2017-10-17
CARD207921,C100311,Gold,100000,5000,Blocked,2020-01-14
CARD207922,C103710,Premium,75000,0,Closed,2017-02-06
CARD207923,C105654,Gold,200000,1000,Active,2026-02-19
CARD207924,C101734,Gold,200000,0,Active,2021-07-12
CARD207925,C107609,Platinum,200000,500,Blocked,2018-10-26
CARD207926,C105603,Blue,200000,500,Closed,2020-07-29
CARD207927,C100467,Platinum,75000,500,Active,2024-10-25
CARD207928,C104642,Gold,200000,1000,Active,2025-01-21
CARD207929,C108569,Blue,75000,500,Active,2021-05-24
CARD207930,C109032,Blue,100000,2500,Active,2023-09-01
CARD207931,C108405,Gold,75000,0,Active,2023-01-06
CARD207932,C100221,Platinum,75000,0,Active,2025-07-04
CARD207933,C105492,Blue,150000,2500,Active,2025-06-10
CARD207934,C103048,Premium,150000,2500,Active,2017-10-03
CARD207935,C100534,Gold,200000,2500,Active,2024-12-15
CARD207936,C104423,Platinum,75000,500,Closed,2023-08-26
CARD207937,C109120,Blue,100000,500,Active,2017-10-14
CARD207938,C108064,Gold,150000,500,Active,2021-12-22
CARD207939,C109324,Premium,100000,500,Active,2026-02-15
CARD207940,C108654,Gold,75000,0,Active,2017-01-01
CARD207941,C105896,Platinum,50000,1000,Active,2019-10-06
CARD207942,C108908,Platinum,75000,1000,Active,2017-07-06
CARD207943,C103864,Blue,150000,2500,Inactive,2022-04-27
CARD207944,C101386,Platinum,75000,1000,Active,2026-02-12
CARD207945,C106168,Gold,300000,0,Active,2024-12-11
CARD207946,C100535,Gold,200000,2500,Active,2019-04-13
CARD207947,C105082,Gold,50000,500,Active,2022-11-07
CARD207948,C103071,Blue,75000,1000,Active,2018-02-20
CARD207949,C104469,Platinum,50000,0,Active,2023-07-27
CARD207950,C101510,Blue,300000,500,Closed,2022-05-23
CARD207951,C103911,Platinum,75000,1000,Active,2025-10-30
CARD207952,C101532,Gold,500000,1000,Active,2018-03-09
CARD207953,C100600,Gold,500000,500,Active,2020-06-23
CARD207954,C101563,Premium,75000,1000,Active,2023-01-17
CARD207955,C102288,Premium,300000,0,Blocked,2022-03-14
CARD207956,C100263,Platinum,100000,1000,Closed,2020-06-17
CARD207957,C109424,Platinum,100000,5000,Active,2021-04-01
CARD207958,C102896,Gold,300000,500,Active,2024-01-01
CARD207959,C105468,Blue,150000,500,Blocked,2020-12-26
CARD207960,C102424,Gold,150000,500,Active,2021-03-23
CARD207961,C100658,Gold,100000,0,Closed,2019-05-18
CARD207962,C101693,Blue,150000,500,Active,2024-03-14
CARD207963,C102602,Gold,200000,2500,Active,2022-12-11
CARD207964,C104568,Gold,75000,5000,Active,2022-09-29
CARD207965,C101283,Platinum,500000,0,Active,2018-08-10
CARD207966,C107871,Gold,200000,1000,Active,2023-11-27
CARD207967,C103775,Platinum,75000,500,Active,2018-12-01
CARD207968,C107494,Gold,200000,5000,Active,2025-05-17
CARD207969,C108492,Gold,50000,500,Active,2018-02-27
CARD207970,C108017,Gold,200000,0,Active,2022-06-08
CARD207971,C103027,Blue,200000,0,Active,2018-05-21
CARD207972,C107059,Gold,75000,2500,Active,2019-12-21
CARD207973,C104780,Blue,100000,1000,Active,2023-06-20
CARD207974,C103290,Platinum,150000,5000,Active,2022-12-31
CARD207975,C104247,Platinum,200000,0,Active,2020-10-09
CARD207976,C108876,Blue,50000,5000,Active,2019-09-30
CARD207977,C104726,Gold,100000,0,Active,2024-06-22
CARD207978,C100255,Platinum,100000,1000,Active,2020-11-22
CARD207979,C108862,Gold,150000,1000,Active,2022-10-19
CARD207980,C107309,Gold,100000,0,Closed,2019-04-29
CARD207981,C106946,Gold,100000,1000,Active,2025-02-08
CARD207982,C107746,Gold,75000,500,Active,2022-06-29
CARD207983,C107210,Gold,300000,2500,Active,2023-05-28
CARD207984,C105133,Premium,50000,500,Active,2020-03-17
CARD207985,C103971,Gold,100000,0,Active,2019-02-14
CARD207986,C108838,Platinum,75000,1000,Active,2018-04-19
CARD207987,C107812,Platinum,50000,5000,Active,2019-06-29
CARD207988,C102583,Gold,150000,2500,Active,2022-10-27
CARD207989,C109861,Platinum,75000,1000,Active,2019-02-08
CARD207990,C107636,Blue,150000,5000,Active,2025-08-28
CARD207991,C107261,Premium,150000,1000,Active,2023-11-15
CARD207992,C107265,Platinum,500000,0,Active,2017-11-20
CARD207993,C109629,Gold,100000,500,Active,2025-02-27
CARD207994,C105868,Gold,50000,0,Active,2026-04-18
CARD207995,C103893,Premium,100000,500,Active,2025-05-19
CARD207996,C107977,Platinum,75000,0,Active,2024-02-19
CARD207997,C100011,Gold,150000,1000,Blocked,2019-01-06
CARD207998,C103786,Platinum,100000,0,Active,2020-09-27
CARD207999,C106835,Gold,100000,0,Active,2024-12-26
CARD208000,C108514,Platinum,200000,5000,Active,2023-11-30
CARD208001,C107828,Gold,100000,2500,Active,2017-09-07
CARD208002,C108769,Blue,200000,500,Active,2026-04-11
CARD208003,C100527,Blue,200000,0,Active,2020-07-09
CARD208004,C106136,Platinum,100000,0,Active,2021-05-02
CARD208005,C100164,Blue,100000,0,Inactive,2019-02-26
CARD208006,C104430,Platinum,50000,1000,Active,2018-10-03
CARD208007,C108273,Gold,200000,500,Inactive,2022-08-23
CARD208008,C100453,Blue,200000,1000,Active,2018-01-25
CARD208009,C104623,Platinum,75000,2500,Active,2020-07-09
CARD208010,C106381,Platinum,75000,500,Active,2025-06-05
CARD208011,C107620,Gold,200000,0,Blocked,2018-12-27
CARD208012,C100481,Platinum,75000,5000,Active,2025-05-28
CARD208013,C101023,Platinum,200000,500,Active,2023-04-08
CARD208014,C108306,Platinum,75000,0,Active,2023-04-13
CARD208015,C107345,Gold,100000,2500,Inactive,2018-12-19
CARD208016,C108232,Platinum,75000,0,Active,2025-04-12
CARD208017,C108110,Gold,75000,1000,Active,2022-12-10
CARD208018,C100277,Gold,150000,500,Active,2025-10-16
CARD208019,C102263,Gold,300000,5000,Active,2024-05-04
CARD208020,C102312,Platinum,150000,1000,Active,2023-04-20
CARD208021,C102195,Blue,75000,0,Active,2020-12-01
CARD208022,C108299,Gold,150000,500,Active,2017-01-14
CARD208023,C101573,Blue,75000,500,Blocked,2020-06-17
CARD208024,C102796,Gold,150000,2500,Inactive,2019-12-20
CARD208025,C105854,Gold,75000,500,Active,2017-04-24
CARD208026,C103685,Blue,200000,1000,Active,2018-11-19
CARD208027,C109250,Gold,300000,0,Inactive,2023-12-04
CARD208028,C108684,Blue,150000,0,Active,2022-04-07
CARD208029,C109280,Platinum,100000,0,Active,2022-12-06
CARD208030,C108590,Gold,200000,0,Active,2022-09-26
CARD208031,C109099,Blue,100000,500,Active,2019-07-17
CARD208032,C101131,Gold,100000,500,Active,2025-11-11
CARD208033,C105299,Gold,75000,1000,Active,2017-12-12
CARD208034,C106664,Platinum,300000,1000,Active,2025-09-24
CARD208035,C102651,Platinum,75000,0,Active,2023-10-01
CARD208036,C103612,Gold,300000,0,Active,2017-08-12
CARD208037,C108604,Gold,200000,0,Active,2021-08-14
CARD208038,C105086,Premium,200000,500,Active,2023-12-30
CARD208039,C103019,Blue,100000,500,Active,2020-06-27
CARD208040,C106527,Platinum,75000,1000,Inactive,2021-05-01
CARD208041,C105929,Platinum,100000,1000,Active,2020-12-19
CARD208042,C107206,Platinum,200000,500,Blocked,2025-01-30
CARD208043,C103548,Premium,100000,500,Active,2023-08-10
CARD208044,C100053,Blue,75000,2500,Active,2017-01-29
CARD208045,C103311,Gold,150000,1000,Active,2022-04-23
CARD208046,C100593,Blue,50000,0,Active,2021-07-08
CARD208047,C101575,Blue,200000,500,Active,2021-11-04
CARD208048,C109653,Platinum,150000,5000,Active,2020-04-16
CARD208049,C107335,Platinum,75000,1000,Active,2019-04-06
CARD208050,C103051,Gold,75000,0,Active,2021-08-20
CARD208051,C104323,Platinum,200000,2500,Active,2024-04-21
CARD208052,C108950,Blue,100000,0,Active,2023-12-19
CARD208053,C108022,Gold,150000,500,Active,2021-02-15
CARD208054,C105618,Blue,150000,5000,Closed,2023-08-31
CARD208055,C105254,Platinum,150000,0,Active,2023-03-31
CARD208056,C106871,Blue,50000,500,Active,2019-02-19
CARD208057,C106557,Blue,100000,5000,Active,2024-12-31
CARD208058,C106891,Gold,200000,2500,Active,2018-06-09
CARD208059,C102964,Gold,200000,0,Active,2024-10-09
CARD208060,C105952,Platinum,100000,2500,Active,2022-01-19
CARD208061,C108241,Gold,50000,0,Active,2023-05-01
CARD208062,C103131,Blue,150000,1000,Closed,2024-02-28
CARD208063,C105222,Blue,150000,1000,Active,2020-06-06
CARD208064,C106858,Platinum,200000,500,Active,2026-04-20
CARD208065,C109260,Blue,200000,5000,Active,2017-12-04
CARD208066,C109098,Blue,100000,500,Active,2017-01-01
CARD208067,C107540,Blue,150000,0,Active,2024-01-11
CARD208068,C103446,Premium,150000,0,Active,2019-09-25
CARD208069,C106568,Gold,75000,1000,Active,2017-11-22
CARD208070,C101223,Blue,75000,500,Active,2024-09-17
CARD208071,C109896,Gold,200000,1000,Active,2017-12-28
CARD208072,C102912,Platinum,200000,1000,Active,2021-11-02
CARD208073,C102401,Gold,200000,500,Active,2018-05-18
CARD208074,C102170,Gold,100000,500,Active,2017-12-18
CARD208075,C105606,Blue,150000,500,Active,2022-04-06
CARD208076,C105908,Gold,75000,500,Active,2019-01-13
CARD208077,C107451,Blue,150000,0,Active,2019-04-19
CARD208078,C100891,Blue,100000,0,Blocked,2020-05-23
CARD208079,C106647,Premium,100000,2500,Closed,2019-06-14
CARD208080,C106659,Platinum,100000,2500,Inactive,2026-04-17
CARD208081,C109713,Blue,50000,1000,Closed,2020-09-20
CARD208082,C102606,Gold,100000,500,Active,2022-04-05
CARD208083,C104822,Platinum,150000,500,Active,2025-03-12
CARD208084,C104185,Gold,50000,0,Active,2020-10-30
CARD208085,C107366,Gold,100000,5000,Active,2025-11-23
CARD208086,C106760,Gold,500000,500,Active,2023-06-16
CARD208087,C103067,Gold,100000,1000,Inactive,2022-08-04
CARD208088,C104087,Platinum,100000,500,Active,2020-02-06
CARD208089,C108750,Blue,150000,0,Active,2018-04-18
CARD208090,C105837,Platinum,100000,1000,Active,2019-12-30
CARD208091,C103362,Gold,75000,0,Closed,2021-11-07
CARD208092,C107244,Blue,200000,1000,Active,2018-03-23
CARD208093,C104050,Blue,200000,2500,Active,2023-12-31
CARD208094,C100248,Platinum,200000,500,Active,2022-02-05
CARD208095,C103343,Blue,75000,2500,Active,2023-12-17
CARD208096,C104096,Gold,150000,500,Active,2024-08-17
CARD208097,C100448,Blue,100000,500,Closed,2025-11-29
CARD208098,C104029,Gold,150000,2500,Active,2021-10-01
CARD208099,C107740,Blue,200000,1000,Active,2022-06-17
CARD208100,C109408,Gold,100000,1000,Active,2026-03-20
CARD208101,C106312,Gold,200000,0,Active,2019-04-20
CARD208102,C106641,Platinum,150000,0,Active,2022-12-06
CARD208103,C108539,Blue,200000,1000,Inactive,2017-11-13
CARD208104,C102530,Gold,200000,500,Active,2022-01-13
CARD208105,C101657,Gold,200000,0,Active,2026-02-10
CARD208106,C100367,Platinum,150000,0,Blocked,2021-09-18
CARD208107,C106134,Platinum,150000,0,Active,2025-09-25
CARD208108,C107706,Blue,50000,500,Active,2017-09-25
CARD208109,C108934,Blue,150000,2500,Active,2017-10-26
CARD208110,C104964,Blue,300000,1000,Active,2026-02-19
CARD208111,C102493,Blue,100000,0,Active,2017-05-01
CARD208112,C104257,Blue,100000,1000,Active,2025-01-13
CARD208113,C108505,Gold,150000,5000,Active,2020-11-27
CARD208114,C101116,Platinum,100000,2500,Active,2018-06-08
CARD208115,C106320,Platinum,75000,500,Active,2022-05-05
CARD208116,C105185,Blue,300000,1000,Active,2026-02-16
CARD208117,C107653,Blue,50000,0,Blocked,2024-08-29
CARD208118,C101909,Gold,75000,2500,Active,2018-07-23
CARD208119,C100826,Gold,150000,0,Active,2019-10-12
CARD208120,C100203,Gold,200000,500,Active,2017-08-30
CARD208121,C103392,Platinum,75000,1000,Active,2017-12-01
CARD208122,C109839,Gold,100000,1000,Active,2021-05-19
CARD208123,C108139,Blue,200000,1000,Active,2022-02-18
CARD208124,C102783,Gold,75000,2500,Active,2019-01-31
CARD208125,C107739,Gold,50000,0,Active,2019-08-15
CARD208126,C109065,Blue,50000,2500,Active,2017-10-15
CARD208127,C100828,Blue,300000,0,Closed,2024-06-10
CARD208128,C101804,Premium,200000,0,Closed,2019-06-06
CARD208129,C107047,Platinum,100000,5000,Active,2021-07-04
CARD208130,C109677,Gold,300000,2500,Active,2020-06-12
CARD208131,C107808,Blue,50000,0,Active,2018-10-15
CARD208132,C100704,Premium,50000,500,Active,2021-12-22
CARD208133,C105589,Gold,100000,0,Active,2023-10-24
CARD208134,C102648,Blue,200000,500,Active,2025-07-05
CARD208135,C103949,Gold,50000,5000,Active,2018-04-04
CARD208136,C106321,Gold,100000,1000,Active,2021-09-19
CARD208137,C101925,Blue,75000,1000,Blocked,2021-10-10
CARD208138,C101813,Gold,200000,2500,Active,2026-04-17
CARD208139,C105553,Blue,75000,1000,Active,2021-01-28
CARD208140,C109609,Gold,150000,1000,Blocked,2022-07-09
CARD208141,C109177,Gold,50000,0,Blocked,2024-12-22
CARD208142,C109875,Blue,100000,1000,Active,2024-11-14
CARD208143,C102304,Blue,50000,1000,Active,2024-11-17
CARD208144,C106112,Premium,300000,500,Active,2021-12-07
CARD208145,C105945,Blue,150000,500,Active,2020-08-18
CARD208146,C107290,Gold,150000,0,Active,2019-10-20
CARD208147,C102434,Platinum,100000,0,Active,2025-02-22
CARD208148,C104463,Platinum,50000,5000,Active,2026-04-22
CARD208149,C103596,Gold,100000,0,Active,2017-10-04
CARD208150,C100886,Blue,75000,1000,Active,2023-03-18
CARD208151,C101187,Gold,100000,1000,Active,2021-09-20
CARD208152,C102942,Gold,50000,0,Active,2025-11-23
CARD208153,C106859,Platinum,150000,0,Closed,2020-11-12
CARD208154,C108928,Gold,200000,0,Active,2022-12-14
CARD208155,C106928,Blue,100000,500,Active,2019-08-09
CARD208156,C103836,Gold,50000,0,Active,2017-03-10
CARD208157,C105192,Blue,150000,0,Active,2019-12-17
CARD208158,C105899,Gold,300000,500,Inactive,2023-09-14
CARD208159,C107513,Blue,300000,0,Active,2019-06-17
CARD208160,C107460,Platinum,100000,0,Blocked,2026-03-23
CARD208161,C105638,Gold,100000,0,Active,2020-03-28
CARD208162,C102567,Blue,100000,2500,Active,2022-09-14
CARD208163,C103608,Gold,300000,5000,Active,2018-04-20
CARD208164,C102318,Platinum,75000,1000,Active,2023-01-31
CARD208165,C100470,Blue,150000,0,Blocked,2017-02-17
CARD208166,C105216,Platinum,100000,500,Blocked,2018-12-26
CARD208167,C109396,Platinum,50000,2500,Active,2020-02-26
CARD208168,C105289,Gold,150000,2500,Active,2024-10-18
CARD208169,C101953,Gold,150000,1000,Active,2023-06-13
CARD208170,C106017,Gold,75000,0,Active,2017-01-12
CARD208171,C106466,Gold,75000,500,Active,2025-07-11
CARD208172,C100268,Gold,100000,5000,Active,2024-01-24
CARD208173,C105320,Blue,500000,2500,Blocked,2019-02-07
CARD208174,C108578,Gold,500000,1000,Active,2019-07-10
CARD208175,C105319,Platinum,100000,500,Inactive,2025-08-07
CARD208176,C107063,Blue,200000,0,Active,2019-02-21
CARD208177,C105310,Blue,200000,500,Active,2022-12-25
CARD208178,C107382,Blue,300000,0,Active,2024-07-09
CARD208179,C106010,Blue,150000,500,Active,2026-03-06
CARD208180,C108824,Gold,100000,2500,Inactive,2020-02-10
CARD208181,C100132,Platinum,500000,0,Active,2020-08-16
CARD208182,C100189,Blue,100000,0,Active,2020-09-09
CARD208183,C105612,Platinum,75000,0,Active,2025-08-18
CARD208184,C103175,Platinum,100000,5000,Active,2020-08-04
CARD208185,C101553,Gold,500000,0,Active,2022-05-07
CARD208186,C107151,Blue,150000,500,Active,2022-11-07
CARD208187,C108831,Blue,150000,5000,Active,2020-04-02
CARD208188,C109887,Blue,100000,2500,Inactive,2025-05-04
CARD208189,C102721,Blue,200000,1000,Active,2023-04-17
CARD208190,C105377,Gold,75000,1000,Active,2024-08-28
CARD208191,C105823,Blue,50000,1000,Active,2022-02-25
CARD208192,C102282,Gold,300000,0,Inactive,2023-05-09
CARD208193,C102228,Platinum,150000,0,Active,2018-07-11
CARD208194,C103642,Blue,300000,0,Inactive,2024-03-02
CARD208195,C102478,Platinum,50000,500,Active,2023-12-15
CARD208196,C101484,Blue,200000,1000,Active,2017-11-28
CARD208197,C103296,Gold,75000,500,Active,2025-06-29
CARD208198,C107420,Platinum,75000,0,Active,2025-12-31
CARD208199,C109425,Gold,75000,1000,Active,2018-02-20
CARD208200,C109250,Platinum,50000,500,Active,2019-11-11
CARD208201,C107647,Platinum,500000,2500,Active,2018-04-13
CARD208202,C108127,Blue,150000,5000,Active,2018-01-29
CARD208203,C101528,Gold,300000,500,Inactive,2018-11-25
CARD208204,C107713,Gold,75000,500,Active,2025-07-14
CARD208205,C104848,Premium,200000,500,Active,2024-08-28
CARD208206,C104891,Premium,50000,500,Closed,2019-06-06
CARD208207,C107465,Blue,75000,1000,Active,2018-02-07
CARD208208,C104430,Platinum,300000,1000,Active,2018-05-14
CARD208209,C106399,Blue,75000,500,Closed,2018-02-12
CARD208210,C102215,Platinum,200000,0,Active,2026-03-23
CARD208211,C101678,Blue,300000,0,Active,2023-05-24
CARD208212,C100780,Platinum,50000,1000,Active,2017-03-07
CARD208213,C105668,Blue,300000,500,Active,2017-08-06
CARD208214,C105519,Platinum,150000,1000,Active,2023-06-12
CARD208215,C108552,Gold,150000,500,Active,2025-11-13
CARD208216,C101539,Platinum,200000,1000,Active,2020-08-18
CARD208217,C103510,Blue,150000,500,Active,2017-12-04
CARD208218,C106803,Platinum,500000,5000,Active,2024-08-13
CARD208219,C108052,Gold,300000,500,Active,2025-09-15
CARD208220,C103280,Gold,75000,1000,Active,2017-08-14
CARD208221,C104763,Blue,200000,1000,Active,2024-07-07
CARD208222,C104730,Blue,100000,2500,Active,2019-12-15
CARD208223,C105116,Gold,50000,1000,Closed,2020-02-11
CARD208224,C108083,Blue,100000,500,Active,2019-04-02
CARD208225,C106102,Platinum,50000,0,Active,2020-09-23
CARD208226,C101740,Platinum,150000,500,Active,2018-03-06
CARD208227,C105811,Blue,50000,5000,Active,2018-02-22
CARD208228,C107469,Blue,75000,2500,Active,2022-05-28
CARD208229,C101440,Premium,500000,500,Active,2025-05-10
CARD208230,C104523,Gold,300000,500,Active,2019-12-15
CARD208231,C102917,Gold,150000,0,Active,2025-02-15
CARD208232,C106624,Gold,500000,500,Active,2020-09-04
CARD208233,C108836,Blue,100000,1000,Active,2021-01-17
CARD208234,C105249,Platinum,100000,5000,Closed,2023-02-09
CARD208235,C108786,Gold,100000,1000,Active,2024-08-02
CARD208236,C103845,Blue,50000,0,Closed,2017-09-11
CARD208237,C105392,Gold,100000,500,Active,2018-02-15
CARD208238,C101842,Platinum,150000,2500,Active,2024-06-02
CARD208239,C103750,Platinum,150000,2500,Inactive,2020-10-18
CARD208240,C104500,Platinum,150000,0,Active,2020-09-17
CARD208241,C100434,Blue,100000,0,Active,2024-05-01
CARD208242,C108467,Blue,200000,500,Active,2019-06-14
CARD208243,C104265,Platinum,500000,2500,Closed,2024-04-05
CARD208244,C106679,Platinum,200000,1000,Active,2024-08-01
CARD208245,C109296,Platinum,100000,0,Active,2025-09-10
CARD208246,C101546,Premium,100000,1000,Active,2019-04-08
CARD208247,C101597,Gold,300000,1000,Inactive,2022-07-21
CARD208248,C100662,Gold,75000,500,Active,2022-11-25
CARD208249,C100747,Gold,50000,5000,Active,2021-01-26
CARD208250,C102194,Blue,75000,2500,Active,2018-10-23
CARD208251,C100727,Gold,150000,1000,Active,2020-06-02
CARD208252,C101118,Premium,50000,500,Active,2022-03-15
CARD208253,C108215,Premium,75000,0,Active,2021-10-03
CARD208254,C102638,Gold,75000,0,Active,2020-09-23
CARD208255,C106596,Blue,150000,2500,Active,2022-05-01
CARD208256,C105359,Platinum,200000,2500,Active,2025-01-09
CARD208257,C104290,Platinum,500000,0,Blocked,2023-06-20
CARD208258,C100829,Gold,75000,0,Closed,2020-09-18
CARD208259,C103195,Gold,150000,1000,Active,2023-09-27
CARD208260,C100861,Blue,75000,1000,Blocked,2023-05-19
CARD208261,C105046,Blue,150000,500,Active,2019-11-23
CARD208262,C108456,Blue,75000,500,Active,2026-02-24
CARD208263,C100196,Gold,100000,0,Closed,2018-02-26
CARD208264,C105651,Blue,100000,0,Active,2017-01-09
CARD208265,C105255,Gold,500000,0,Inactive,2021-11-21
CARD208266,C104948,Blue,75000,500,Active,2017-10-30
CARD208267,C105364,Platinum,200000,500,Inactive,2023-02-25
CARD208268,C104314,Blue,200000,5000,Inactive,2022-04-27
CARD208269,C106004,Gold,150000,0,Active,2019-11-16
CARD208270,C109866,Blue,200000,2500,Active,2019-04-24
CARD208271,C103614,Gold,100000,0,Active,2025-06-19
CARD208272,C102547,Blue,150000,1000,Active,2017-01-21
CARD208273,C108517,Blue,75000,0,Active,2021-02-11
CARD208274,C108648,Gold,200000,0,Active,2025-10-16
CARD208275,C103666,Gold,100000,0,Active,2024-02-06
CARD208276,C106435,Blue,500000,0,Active,2019-08-28
CARD208277,C104313,Premium,100000,0,Active,2021-12-11
CARD208278,C103268,Platinum,300000,0,Blocked,2026-04-12
CARD208279,C105676,Gold,75000,500,Active,2018-11-09
CARD208280,C103541,Premium,100000,0,Active,2018-12-14
CARD208281,C108194,Platinum,200000,5000,Active,2018-01-27
CARD208282,C105262,Gold,300000,2500,Active,2025-08-13
CARD208283,C104170,Premium,100000,0,Active,2025-01-22
CARD208284,C107846,Gold,50000,1000,Inactive,2017-01-13
CARD208285,C103096,Blue,100000,500,Active,2026-01-31
CARD208286,C102499,Blue,200000,500,Inactive,2022-08-15
CARD208287,C104678,Blue,100000,500,Active,2022-10-23
CARD208288,C103004,Gold,200000,1000,Active,2023-12-06
CARD208289,C106346,Blue,100000,0,Active,2020-06-13
CARD208290,C109276,Gold,50000,500,Active,2023-06-18
CARD208291,C101985,Gold,150000,2500,Active,2023-10-10
CARD208292,C107326,Gold,100000,5000,Active,2024-04-25
CARD208293,C107424,Gold,100000,0,Active,2018-02-14
CARD208294,C106930,Gold,300000,500,Active,2025-01-24
CARD208295,C103077,Premium,75000,500,Inactive,2021-04-21
CARD208296,C106979,Gold,100000,500,Active,2020-02-29
CARD208297,C103764,Premium,75000,500,Active,2019-07-30
CARD208298,C100711,Platinum,50000,2500,Active,2022-08-05
CARD208299,C107037,Gold,100000,1000,Active,2024-05-28
CARD208300,C106771,Blue,50000,2500,Active,2023-08-22
CARD208301,C105036,Platinum,100000,1000,Closed,2021-04-28
CARD208302,C109543,Blue,200000,5000,Active,2024-12-26
CARD208303,C109148,Blue,50000,1000,Inactive,2025-10-24
CARD208304,C106183,Platinum,150000,0,Active,2017-03-20
CARD208305,C103570,Gold,100000,1000,Active,2022-09-20
CARD208306,C106237,Blue,100000,0,Active,2017-03-26
CARD208307,C100046,Blue,150000,0,Active,2022-08-30
CARD208308,C107454,Platinum,100000,5000,Active,2026-04-02
CARD208309,C109049,Blue,50000,5000,Active,2026-01-21
CARD208310,C101901,Platinum,300000,0,Active,2018-02-27
CARD208311,C104026,Gold,75000,500,Closed,2020-01-05
CARD208312,C105120,Platinum,150000,5000,Blocked,2019-05-26
CARD208313,C102714,Gold,200000,0,Active,2018-12-09
CARD208314,C104938,Premium,75000,5000,Inactive,2019-08-13
CARD208315,C103627,Platinum,75000,5000,Active,2019-09-30
CARD208316,C100149,Blue,300000,2500,Active,2020-10-30
CARD208317,C106412,Gold,50000,2500,Active,2023-09-22
CARD208318,C103969,Premium,100000,1000,Blocked,2023-12-01
CARD208319,C103488,Blue,50000,5000,Active,2021-02-23
CARD208320,C106390,Gold,100000,0,Active,2025-09-24
CARD208321,C104686,Gold,75000,0,Active,2018-06-23
CARD208322,C105951,Gold,300000,1000,Active,2022-01-26
CARD208323,C102819,Blue,100000,0,Active,2025-05-29
CARD208324,C101799,Blue,200000,1000,Active,2022-05-04
CARD208325,C103650,Gold,100000,1000,Active,2022-07-11
CARD208326,C104406,Platinum,150000,1000,Active,2020-09-13
CARD208327,C103049,Gold,150000,0,Active,2023-09-28
CARD208328,C109752,Blue,150000,5000,Active,2022-07-25
CARD208329,C109973,Blue,300000,1000,Active,2026-01-17
CARD208330,C109465,Gold,100000,0,Active,2017-05-21
CARD208331,C102108,Blue,100000,1000,Active,2017-08-10
CARD208332,C103847,Blue,200000,500,Blocked,2022-01-02
CARD208333,C100946,Blue,100000,2500,Active,2023-07-01
CARD208334,C109528,Gold,75000,500,Active,2025-08-22
CARD208335,C101960,Platinum,75000,0,Closed,2024-12-16
CARD208336,C107004,Gold,100000,2500,Closed,2024-03-30
CARD208337,C107676,Blue,75000,500,Active,2019-04-02
CARD208338,C100867,Blue,75000,5000,Active,2020-08-07
CARD208339,C100020,Blue,50000,500,Active,2017-02-03
CARD208340,C100129,Blue,75000,1000,Active,2024-05-03
CARD208341,C109151,Gold,300000,500,Blocked,2018-08-02
CARD208342,C100722,Premium,150000,500,Inactive,2019-04-14
CARD208343,C102825,Blue,100000,5000,Inactive,2022-03-05
CARD208344,C101032,Gold,200000,0,Active,2023-08-16
CARD208345,C107990,Gold,150000,2500,Active,2024-01-18
CARD208346,C103381,Gold,75000,2500,Active,2019-05-09
CARD208347,C107546,Blue,150000,1000,Active,2022-10-20
CARD208348,C106361,Blue,300000,500,Active,2023-11-08
CARD208349,C103896,Gold,50000,500,Inactive,2023-02-17
CARD208350,C106387,Gold,500000,1000,Active,2019-03-19
CARD208351,C109596,Gold,100000,5000,Active,2025-04-09
CARD208352,C105408,Platinum,100000,500,Closed,2020-03-04
CARD208353,C106942,Blue,50000,5000,Inactive,2020-07-22
CARD208354,C109737,Gold,75000,0,Active,2019-08-24
CARD208355,C104435,Gold,100000,500,Active,2026-04-09
CARD208356,C106648,Blue,500000,500,Active,2025-02-10
CARD208357,C105274,Platinum,200000,0,Inactive,2023-04-29
CARD208358,C109572,Blue,300000,0,Active,2024-08-02
CARD208359,C107907,Gold,200000,2500,Active,2025-07-05
CARD208360,C107565,Gold,200000,5000,Active,2023-08-25
CARD208361,C105446,Blue,50000,5000,Active,2017-11-16
CARD208362,C101715,Blue,300000,0,Active,2019-01-26
CARD208363,C104392,Gold,200000,0,Active,2021-12-23
CARD208364,C103365,Blue,150000,0,Inactive,2021-11-23
CARD208365,C104863,Gold,200000,1000,Active,2019-04-13
CARD208366,C105780,Gold,200000,0,Active,2024-07-04
CARD208367,C103193,Platinum,50000,1000,Active,2023-07-03
CARD208368,C102985,Blue,75000,0,Active,2022-06-07
CARD208369,C103064,Platinum,300000,1000,Closed,2022-06-04
CARD208370,C106309,Gold,100000,0,Active,2019-04-19
CARD208371,C106702,Gold,50000,5000,Active,2017-08-24
CARD208372,C107402,Premium,150000,0,Active,2019-03-08
CARD208373,C100120,Gold,100000,0,Active,2018-07-30
CARD208374,C109261,Platinum,200000,0,Active,2023-07-14
CARD208375,C109143,Blue,150000,0,Active,2019-09-30
CARD208376,C108621,Platinum,500000,1000,Inactive,2023-03-18
CARD208377,C103551,Premium,200000,500,Active,2024-10-15
CARD208378,C104585,Blue,150000,500,Active,2017-07-13
CARD208379,C105909,Gold,100000,1000,Inactive,2024-11-27
CARD208380,C107440,Platinum,50000,1000,Active,2018-04-28
CARD208381,C103986,Gold,50000,1000,Active,2023-08-15
CARD208382,C104884,Gold,200000,500,Active,2019-07-24
CARD208383,C100282,Blue,200000,0,Active,2021-06-30
CARD208384,C106907,Blue,75000,0,Active,2021-03-16
CARD208385,C104754,Gold,150000,0,Closed,2021-07-21
CARD208386,C101537,Gold,100000,0,Active,2017-07-05
CARD208387,C107168,Gold,200000,500,Blocked,2018-07-11
CARD208388,C104741,Gold,200000,5000,Active,2020-12-10
CARD208389,C103310,Premium,100000,500,Active,2019-11-02
CARD208390,C107143,Blue,150000,5000,Active,2024-10-21
CARD208391,C107564,Gold,100000,1000,Active,2025-04-28
CARD208392,C101082,Gold,150000,0,Active,2025-03-13
CARD208393,C100557,Premium,200000,2500,Inactive,2025-07-07
CARD208394,C108867,Platinum,75000,1000,Active,2019-09-01
CARD208395,C100368,Blue,50000,1000,Inactive,2019-01-24
CARD208396,C109592,Platinum,150000,0,Active,2024-02-18
CARD208397,C109664,Gold,200000,0,Closed,2026-02-27
CARD208398,C108443,Blue,150000,2500,Inactive,2023-11-08
CARD208399,C104355,Blue,75000,1000,Active,2018-01-07
CARD208400,C103490,Blue,150000,1000,Active,2023-07-16
CARD208401,C109415,Gold,100000,2500,Active,2021-05-23
CARD208402,C103824,Gold,300000,1000,Blocked,2024-08-27
CARD208403,C102389,Blue,150000,1000,Active,2019-04-15
CARD208404,C100602,Platinum,150000,5000,Active,2024-12-17
CARD208405,C109684,Gold,100000,0,Blocked,2021-04-15
CARD208406,C106350,Premium,100000,0,Active,2022-08-15
CARD208407,C103206,Blue,75000,0,Active,2020-07-28
CARD208408,C103694,Blue,200000,0,Active,2023-09-29
CARD208409,C107977,Platinum,150000,2500,Active,2024-10-09
CARD208410,C106144,Platinum,50000,1000,Blocked,2017-02-23
CARD208411,C105074,Blue,100000,1000,Inactive,2018-02-24
CARD208412,C109192,Gold,200000,0,Active,2018-05-06
CARD208413,C105178,Blue,75000,500,Active,2022-05-25
CARD208414,C107734,Platinum,200000,1000,Active,2017-08-29
CARD208415,C109713,Blue,100000,0,Inactive,2017-01-30
CARD208416,C100635,Blue,50000,0,Active,2019-09-29
CARD208417,C109590,Platinum,300000,0,Active,2023-09-14
CARD208418,C104270,Blue,75000,2500,Closed,2019-02-27
CARD208419,C108352,Gold,50000,1000,Active,2023-12-25
CARD208420,C102189,Blue,150000,1000,Active,2025-06-20
CARD208421,C109091,Gold,75000,0,Active,2021-08-13
CARD208422,C109582,Blue,50000,500,Active,2019-08-19
CARD208423,C109944,Blue,150000,0,Active,2022-10-29
CARD208424,C106945,Gold,50000,2500,Active,2017-12-20
CARD208425,C103078,Gold,500000,0,Active,2021-10-29
CARD208426,C100775,Gold,200000,0,Closed,2020-08-06
CARD208427,C107043,Blue,300000,1000,Active,2017-02-16
CARD208428,C100213,Premium,150000,1000,Active,2021-04-18
CARD208429,C101637,Gold,150000,2500,Inactive,2022-07-07
CARD208430,C100280,Gold,150000,2500,Active,2024-11-15
CARD208431,C102736,Platinum,150000,2500,Active,2018-06-12
CARD208432,C104980,Blue,200000,2500,Active,2021-10-16
CARD208433,C106927,Gold,75000,0,Active,2018-12-21
CARD208434,C102633,Gold,75000,500,Inactive,2017-12-22
CARD208435,C108503,Blue,150000,0,Active,2025-04-09
CARD208436,C101744,Blue,75000,500,Active,2020-04-12
CARD208437,C100996,Blue,500000,2500,Active,2024-01-30
CARD208438,C109042,Platinum,75000,500,Active,2025-09-21
CARD208439,C102933,Gold,150000,500,Active,2025-08-29
CARD208440,C104905,Gold,200000,5000,Active,2026-02-03
CARD208441,C102261,Blue,100000,500,Active,2020-09-01
CARD208442,C100677,Blue,150000,0,Active,2022-02-15
CARD208443,C105614,Gold,500000,500,Active,2023-02-26
CARD208444,C100497,Blue,500000,500,Active,2021-10-14
CARD208445,C108070,Platinum,75000,500,Active,2024-09-12
CARD208446,C104697,Blue,50000,0,Inactive,2018-09-16
CARD208447,C104410,Gold,100000,5000,Closed,2018-09-11
CARD208448,C107881,Platinum,50000,500,Active,2020-01-23
CARD208449,C108915,Blue,75000,1000,Active,2017-04-13
CARD208450,C106452,Platinum,100000,0,Active,2020-08-16
CARD208451,C100896,Blue,50000,500,Active,2020-09-13
CARD208452,C109165,Gold,50000,500,Active,2020-05-31
CARD208453,C108568,Gold,500000,500,Active,2024-08-04
CARD208454,C108529,Gold,200000,0,Active,2021-03-26
CARD208455,C104106,Blue,100000,500,Blocked,2026-03-01
CARD208456,C107407,Blue,75000,0,Active,2018-09-30
CARD208457,C108185,Blue,100000,0,Active,2017-01-10
CARD208458,C107588,Platinum,150000,5000,Active,2024-04-17
CARD208459,C108951,Premium,75000,500,Active,2023-07-02
CARD208460,C101122,Blue,150000,500,Active,2022-11-21
CARD208461,C108499,Blue,100000,500,Active,2025-01-07
CARD208462,C100046,Gold,150000,2500,Active,2022-03-09
CARD208463,C104618,Gold,100000,0,Active,2023-09-05
CARD208464,C101630,Gold,150000,5000,Inactive,2018-09-19
CARD208465,C109479,Gold,75000,1000,Closed,2020-04-10
CARD208466,C105965,Gold,75000,0,Inactive,2017-06-05
CARD208467,C104494,Blue,100000,2500,Active,2024-04-05
CARD208468,C103342,Platinum,150000,1000,Blocked,2021-05-29
CARD208469,C108701,Platinum,200000,1000,Inactive,2026-01-05
CARD208470,C101509,Premium,75000,500,Active,2021-09-08
CARD208471,C103689,Gold,150000,2500,Active,2021-02-10
CARD208472,C106265,Gold,100000,2500,Blocked,2022-03-25
CARD208473,C100402,Gold,50000,0,Active,2020-12-01
CARD208474,C101542,Blue,50000,500,Active,2018-01-08
CARD208475,C101960,Blue,150000,500,Active,2025-03-15
CARD208476,C101242,Platinum,150000,5000,Active,2017-01-24
CARD208477,C108263,Platinum,300000,500,Active,2023-04-26
CARD208478,C109184,Premium,75000,500,Active,2022-09-10
CARD208479,C108933,Gold,200000,0,Active,2023-09-14
CARD208480,C108325,Blue,75000,1000,Active,2025-06-19
CARD208481,C109090,Platinum,150000,2500,Active,2024-11-10
CARD208482,C108801,Gold,75000,5000,Active,2019-05-21
CARD208483,C103882,Blue,150000,1000,Active,2024-02-05
CARD208484,C104592,Blue,75000,1000,Active,2022-07-09
CARD208485,C105832,Gold,100000,1000,Active,2022-06-14
CARD208486,C106570,Gold,150000,2500,Active,2018-05-10
CARD208487,C103989,Blue,150000,500,Active,2020-11-13
CARD208488,C103630,Premium,50000,0,Blocked,2020-01-31
CARD208489,C103497,Blue,150000,500,Active,2020-07-24
CARD208490,C105533,Blue,150000,1000,Active,2018-02-03
CARD208491,C108473,Gold,200000,2500,Active,2025-02-16
CARD208492,C101109,Gold,300000,1000,Active,2019-06-20
CARD208493,C101066,Gold,75000,1000,Active,2021-10-12
CARD208494,C101348,Gold,150000,0,Blocked,2023-02-22
CARD208495,C109181,Blue,100000,5000,Active,2020-12-01
CARD208496,C104397,Gold,75000,0,Active,2018-08-23
CARD208497,C105087,Gold,200000,0,Active,2018-08-31
CARD208498,C101152,Platinum,150000,0,Active,2023-08-13
CARD208499,C109294,Platinum,300000,0,Active,2024-03-16
CARD208500,C100030,Platinum,75000,0,Active,2020-01-06
CARD208501,C108243,Platinum,75000,0,Active,2023-06-05
CARD208502,C100468,Blue,150000,5000,Active,2024-09-15
CARD208503,C105494,Gold,200000,500,Active,2017-04-18
CARD208504,C102489,Platinum,150000,0,Active,2020-09-17
CARD208505,C104473,Platinum,100000,500,Active,2018-02-24
CARD208506,C102904,Platinum,150000,1000,Active,2023-05-23
CARD208507,C109695,Blue,150000,2500,Active,2025-04-20
CARD208508,C101904,Gold,150000,500,Active,2021-08-09
CARD208509,C105239,Blue,200000,1000,Active,2017-11-05
CARD208510,C107129,Blue,500000,0,Active,2020-09-25
CARD208511,C106540,Gold,75000,2500,Active,2022-09-16
CARD208512,C109361,Premium,150000,2500,Active,2017-10-10
CARD208513,C103621,Platinum,150000,0,Active,2021-09-22
CARD208514,C106336,Gold,75000,500,Active,2019-04-28
CARD208515,C106187,Platinum,500000,2500,Active,2020-10-30
CARD208516,C103844,Gold,200000,0,Active,2023-04-01
CARD208517,C108636,Blue,75000,0,Active,2023-01-01
CARD208518,C108432,Gold,500000,0,Active,2021-06-28
CARD208519,C109620,Blue,75000,0,Active,2017-03-15
CARD208520,C101798,Gold,75000,0,Active,2025-05-04
CARD208521,C101309,Gold,50000,1000,Active,2020-12-06
CARD208522,C106228,Premium,50000,0,Active,2023-12-20
CARD208523,C109319,Blue,50000,1000,Active,2017-01-22
CARD208524,C101961,Platinum,300000,5000,Active,2017-03-01
CARD208525,C107052,Blue,300000,5000,Active,2020-12-17
CARD208526,C109686,Gold,150000,1000,Inactive,2022-09-27
CARD208527,C102398,Platinum,100000,500,Active,2023-08-16
CARD208528,C104049,Gold,200000,500,Active,2017-02-14
CARD208529,C108571,Gold,100000,500,Active,2022-03-07
CARD208530,C100047,Platinum,500000,2500,Closed,2025-11-18
CARD208531,C107578,Blue,50000,0,Active,2025-06-11
CARD208532,C104844,Blue,50000,0,Active,2021-08-14
CARD208533,C102864,Gold,100000,0,Active,2021-05-27
CARD208534,C101268,Gold,200000,500,Active,2022-02-12
CARD208535,C102702,Gold,150000,500,Active,2017-02-07
CARD208536,C100406,Platinum,100000,5000,Inactive,2020-01-23
CARD208537,C104017,Platinum,50000,500,Active,2022-09-14
CARD208538,C108060,Gold,150000,1000,Closed,2020-01-09
CARD208539,C103739,Blue,150000,2500,Active,2021-09-22
CARD208540,C100958,Platinum,50000,2500,Active,2023-10-02
CARD208541,C101540,Gold,200000,0,Active,2019-06-30
CARD208542,C107833,Platinum,200000,1000,Blocked,2021-01-25
CARD208543,C103359,Premium,100000,1000,Inactive,2024-07-08
CARD208544,C105192,Blue,75000,500,Active,2017-09-30
CARD208545,C105167,Platinum,150000,2500,Active,2018-01-18
CARD208546,C100246,Blue,150000,500,Active,2022-02-08
CARD208547,C106442,Blue,300000,0,Active,2018-07-05
CARD208548,C101450,Platinum,75000,0,Active,2017-08-27
CARD208549,C102867,Blue,200000,1000,Active,2024-03-07
CARD208550,C107627,Blue,150000,500,Active,2023-03-29
CARD208551,C102718,Gold,50000,2500,Active,2019-09-04
CARD208552,C106131,Gold,200000,2500,Inactive,2020-06-24
CARD208553,C104999,Blue,150000,1000,Active,2024-12-27
CARD208554,C105126,Blue,50000,1000,Active,2017-01-08
CARD208555,C100479,Gold,150000,0,Active,2022-11-14
CARD208556,C103166,Gold,150000,1000,Active,2020-04-07
CARD208557,C101374,Gold,100000,500,Active,2022-05-11
CARD208558,C102209,Blue,50000,1000,Active,2025-09-19
CARD208559,C105644,Gold,300000,500,Inactive,2021-04-19
CARD208560,C109795,Platinum,300000,1000,Active,2022-08-31
CARD208561,C100237,Platinum,300000,2500,Active,2017-07-04
CARD208562,C107780,Blue,150000,2500,Active,2022-07-16
CARD208563,C105345,Gold,50000,500,Active,2018-02-13
CARD208564,C101712,Blue,150000,2500,Active,2024-08-21
CARD208565,C105977,Gold,200000,1000,Closed,2018-03-19
CARD208566,C109064,Platinum,500000,500,Active,2022-09-25
CARD208567,C107616,Blue,150000,500,Active,2022-11-13
CARD208568,C100963,Premium,100000,2500,Active,2021-11-25
CARD208569,C107708,Blue,100000,500,Active,2023-04-25
CARD208570,C108466,Gold,150000,2500,Active,2025-04-14
CARD208571,C100840,Gold,200000,1000,Closed,2024-12-20
CARD208572,C104069,Gold,300000,0,Active,2017-04-27
CARD208573,C106077,Gold,75000,500,Active,2021-02-17
CARD208574,C102462,Blue,75000,500,Active,2024-03-04
CARD208575,C107529,Blue,200000,1000,Active,2020-07-05
CARD208576,C101362,Platinum,100000,2500,Active,2025-05-22
CARD208577,C109316,Platinum,75000,0,Active,2021-08-04
CARD208578,C104656,Gold,75000,1000,Active,2017-04-12
CARD208579,C100832,Premium,75000,1000,Active,2018-06-10
CARD208580,C107322,Blue,100000,2500,Active,2025-04-21
CARD208581,C108917,Platinum,50000,500,Active,2019-04-15
CARD208582,C100496,Gold,500000,0,Active,2017-04-29
CARD208583,C102892,Platinum,150000,0,Active,2022-08-29
CARD208584,C101772,Gold,200000,500,Active,2019-01-07
CARD208585,C101313,Platinum,100000,1000,Active,2019-11-23
CARD208586,C109204,Premium,500000,5000,Active,2025-06-30
CARD208587,C105429,Platinum,100000,500,Active,2019-12-21
CARD208588,C104377,Blue,100000,1000,Active,2017-11-22
CARD208589,C100214,Platinum,200000,1000,Active,2023-03-18
CARD208590,C103136,Gold,150000,0,Active,2017-12-05
CARD208591,C101868,Blue,100000,500,Active,2022-09-21
CARD208592,C101389,Platinum,50000,0,Active,2024-05-03
CARD208593,C101633,Gold,75000,500,Active,2026-03-25
CARD208594,C107530,Gold,75000,2500,Inactive,2026-02-09
CARD208595,C104965,Platinum,50000,2500,Active,2026-01-23
CARD208596,C105621,Platinum,150000,1000,Active,2026-01-20
CARD208597,C104913,Gold,100000,5000,Active,2023-11-03
CARD208598,C109738,Gold,150000,500,Active,2017-04-08
CARD208599,C107637,Gold,100000,500,Active,2023-03-25
CARD208600,C106701,Gold,75000,0,Active,2023-08-11
CARD208601,C103339,Premium,100000,500,Active,2023-11-17
CARD208602,C106583,Blue,200000,1000,Active,2017-01-11
CARD208603,C109745,Blue,150000,1000,Closed,2026-03-11
CARD208604,C106198,Gold,100000,0,Active,2023-07-30
CARD208605,C100126,Gold,100000,2500,Active,2018-08-29
CARD208606,C108997,Blue,150000,0,Active,2025-06-06
CARD208607,C100661,Blue,200000,0,Active,2022-08-02
CARD208608,C106799,Gold,150000,500,Active,2019-03-22
CARD208609,C107581,Gold,150000,500,Active,2020-07-26
CARD208610,C101597,Gold,100000,1000,Active,2020-10-03
CARD208611,C104190,Platinum,200000,1000,Active,2017-06-08
CARD208612,C106011,Blue,300000,1000,Active,2018-11-15
CARD208613,C108424,Gold,75000,500,Active,2025-01-11
CARD208614,C103076,Gold,300000,0,Closed,2018-09-30
CARD208615,C104162,Premium,75000,0,Active,2018-05-17
CARD208616,C107331,Premium,75000,5000,Closed,2025-07-06
CARD208617,C103670,Gold,150000,0,Active,2017-04-25
CARD208618,C108608,Gold,100000,500,Active,2018-06-23
CARD208619,C109511,Premium,500000,2500,Active,2022-11-15
CARD208620,C102069,Blue,100000,500,Active,2022-06-04
CARD208621,C108729,Gold,150000,5000,Active,2020-07-17
CARD208622,C104327,Premium,75000,5000,Active,2017-08-26
CARD208623,C101098,Gold,100000,2500,Active,2022-12-13
CARD208624,C106464,Gold,150000,500,Active,2021-04-10
CARD208625,C101734,Blue,75000,2500,Active,2024-05-16
CARD208626,C104718,Platinum,150000,1000,Active,2024-06-18
CARD208627,C101895,Blue,500000,2500,Active,2026-01-14
CARD208628,C100552,Blue,100000,0,Active,2017-10-17
CARD208629,C109505,Blue,150000,0,Active,2020-06-10
CARD208630,C106843,Gold,150000,1000,Active,2020-02-03
CARD208631,C104737,Platinum,200000,500,Inactive,2023-04-11
CARD208632,C107680,Blue,75000,1000,Active,2018-02-21
CARD208633,C105523,Gold,200000,2500,Active,2025-12-03
CARD208634,C102272,Gold,150000,2500,Active,2022-03-17
CARD208635,C100309,Gold,150000,0,Active,2018-11-28
CARD208636,C106677,Gold,150000,0,Active,2026-02-15
CARD208637,C105607,Gold,200000,1000,Active,2024-03-18
CARD208638,C108381,Platinum,200000,500,Active,2019-06-20
CARD208639,C108020,Blue,50000,0,Active,2021-07-12
CARD208640,C100100,Blue,100000,0,Active,2018-01-29
CARD208641,C109455,Platinum,150000,0,Active,2021-07-03
CARD208642,C106738,Blue,50000,0,Closed,2018-10-17
CARD208643,C107142,Premium,100000,0,Active,2018-10-31
CARD208644,C105857,Gold,50000,5000,Active,2017-07-01
CARD208645,C105245,Gold,100000,5000,Active,2020-10-05
CARD208646,C100621,Gold,200000,0,Blocked,2018-12-26
CARD208647,C101416,Blue,200000,1000,Active,2017-09-24
CARD208648,C102338,Platinum,150000,2500,Active,2020-11-30
CARD208649,C101192,Gold,75000,500,Active,2024-01-02
CARD208650,C103976,Blue,200000,500,Active,2018-06-06
CARD208651,C104547,Platinum,200000,0,Closed,2017-03-19
CARD208652,C100646,Platinum,50000,1000,Active,2017-01-24
CARD208653,C103884,Gold,150000,0,Active,2021-01-26
CARD208654,C104941,Gold,150000,500,Active,2021-12-18
CARD208655,C101328,Platinum,150000,500,Inactive,2017-07-12
CARD208656,C108404,Blue,150000,2500,Active,2019-09-19
CARD208657,C108549,Platinum,50000,2500,Inactive,2018-01-22
CARD208658,C101837,Gold,75000,1000,Active,2024-09-20
CARD208659,C108177,Premium,200000,0,Active,2023-05-22
CARD208660,C108632,Premium,150000,1000,Active,2021-11-05
CARD208661,C100735,Blue,200000,1000,Active,2021-01-22
CARD208662,C101887,Blue,75000,1000,Active,2021-05-13
CARD208663,C103659,Gold,300000,500,Active,2025-06-17
CARD208664,C106503,Blue,100000,0,Active,2025-03-19
CARD208665,C109014,Gold,100000,1000,Active,2022-05-05
CARD208666,C109739,Blue,100000,500,Active,2019-09-24
CARD208667,C101006,Premium,200000,500,Active,2020-05-29
CARD208668,C107426,Blue,150000,2500,Active,2022-01-14
CARD208669,C100511,Blue,300000,1000,Active,2023-04-24
CARD208670,C104407,Gold,100000,2500,Active,2021-07-13
CARD208671,C104534,Blue,200000,500,Active,2023-11-21
CARD208672,C107477,Platinum,100000,500,Active,2017-09-04
CARD208673,C108140,Blue,100000,500,Active,2020-06-05
CARD208674,C104259,Gold,500000,0,Active,2020-03-29
CARD208675,C103157,Gold,75000,0,Active,2021-08-21
CARD208676,C108106,Premium,75000,2500,Active,2023-05-17
CARD208677,C109871,Platinum,150000,5000,Active,2022-02-14
CARD208678,C101348,Platinum,200000,0,Active,2026-01-17
CARD208679,C108771,Gold,75000,0,Active,2020-05-30
CARD208680,C107939,Gold,200000,0,Active,2022-08-12
CARD208681,C109078,Blue,500000,2500,Active,2023-04-24
CARD208682,C102613,Premium,150000,1000,Active,2017-05-07
CARD208683,C107556,Premium,500000,5000,Active,2017-08-12
CARD208684,C109539,Blue,75000,5000,Closed,2021-05-09
CARD208685,C107728,Gold,150000,500,Active,2024-11-16
CARD208686,C104487,Gold,300000,0,Active,2018-10-21
CARD208687,C104715,Gold,100000,0,Active,2022-06-13
CARD208688,C109463,Gold,200000,500,Active,2021-01-12
CARD208689,C109898,Gold,150000,2500,Active,2020-12-28
CARD208690,C108626,Platinum,75000,1000,Active,2025-09-19
CARD208691,C104860,Gold,300000,0,Blocked,2024-04-13
CARD208692,C109796,Blue,100000,500,Active,2025-06-01
CARD208693,C105593,Blue,50000,2500,Active,2018-06-29
CARD208694,C102102,Blue,75000,500,Active,2020-04-19
CARD208695,C105337,Gold,200000,500,Closed,2025-10-22
CARD208696,C109482,Gold,200000,2500,Inactive,2025-06-06
CARD208697,C106432,Blue,150000,500,Active,2020-08-18
CARD208698,C104682,Blue,50000,0,Active,2017-06-26
CARD208699,C100405,Platinum,200000,2500,Active,2017-07-19
CARD208700,C100348,Platinum,150000,5000,Active,2025-04-18
CARD208701,C108351,Gold,75000,2500,Active,2023-10-18
CARD208702,C103253,Blue,100000,500,Active,2023-07-12
CARD208703,C107727,Platinum,100000,2500,Active,2026-03-19
CARD208704,C105882,Blue,200000,1000,Active,2025-08-13
CARD208705,C105659,Platinum,100000,500,Active,2023-12-04
CARD208706,C105347,Gold,150000,500,Active,2020-06-25
CARD208707,C105117,Blue,300000,5000,Closed,2023-07-24
CARD208708,C101139,Blue,100000,500,Inactive,2022-05-10
CARD208709,C107275,Platinum,300000,0,Active,2021-03-29
CARD208710,C107934,Blue,100000,0,Active,2024-12-04
CARD208711,C109213,Gold,100000,500,Active,2023-04-10
CARD208712,C102298,Blue,75000,500,Active,2022-06-30
CARD208713,C102461,Platinum,200000,0,Active,2018-05-16
CARD208714,C102626,Platinum,200000,500,Active,2019-02-14
CARD208715,C101166,Blue,75000,0,Active,2023-09-29
CARD208716,C105547,Gold,300000,5000,Active,2023-05-15
CARD208717,C108623,Gold,100000,1000,Active,2026-01-16
CARD208718,C103846,Blue,150000,500,Blocked,2018-09-28
CARD208719,C100186,Gold,300000,1000,Active,2017-01-15
CARD208720,C100821,Gold,150000,5000,Active,2019-01-07
CARD208721,C104821,Blue,300000,0,Active,2023-12-08
CARD208722,C105591,Premium,200000,1000,Active,2018-05-10
CARD208723,C104949,Blue,100000,500,Active,2023-11-05
CARD208724,C105278,Gold,100000,1000,Closed,2018-02-01
CARD208725,C106474,Premium,150000,1000,Active,2026-02-17
CARD208726,C101963,Blue,300000,0,Active,2020-03-02
CARD208727,C108791,Blue,500000,1000,Active,2021-07-10
CARD208728,C108075,Platinum,75000,0,Active,2023-11-09
CARD208729,C108983,Gold,150000,2500,Active,2018-03-01
CARD208730,C107467,Platinum,300000,0,Active,2023-10-04
CARD208731,C102333,Gold,75000,500,Blocked,2022-07-18
CARD208732,C100788,Platinum,150000,2500,Active,2022-01-21
CARD208733,C101062,Blue,200000,0,Closed,2022-05-03
CARD208734,C104276,Gold,100000,1000,Active,2025-06-16
CARD208735,C103085,Platinum,75000,0,Active,2021-03-07
CARD208736,C107580,Blue,75000,0,Closed,2019-08-08
CARD208737,C101270,Gold,150000,5000,Inactive,2023-07-21
CARD208738,C108348,Gold,500000,0,Active,2019-06-24
CARD208739,C107859,Gold,50000,0,Active,2017-10-28
CARD208740,C104298,Blue,100000,2500,Active,2024-01-07
CARD208741,C100949,Gold,50000,1000,Active,2026-04-02
CARD208742,C106433,Gold,200000,0,Active,2023-08-30
CARD208743,C102112,Gold,200000,0,Active,2024-06-27
CARD208744,C104431,Blue,200000,0,Active,2020-01-27
CARD208745,C109516,Gold,150000,500,Closed,2017-05-04
CARD208746,C107988,Gold,200000,500,Active,2025-07-13
CARD208747,C101617,Gold,200000,500,Closed,2019-04-30
CARD208748,C104193,Premium,150000,500,Active,2024-08-02
CARD208749,C109971,Blue,200000,2500,Active,2022-09-04
CARD208750,C109534,Premium,50000,2500,Active,2019-06-23
CARD208751,C102692,Platinum,100000,500,Closed,2018-07-16
CARD208752,C109790,Gold,150000,0,Active,2021-04-02
CARD208753,C109820,Gold,200000,1000,Active,2022-05-10
CARD208754,C104796,Blue,75000,500,Active,2019-06-09
CARD208755,C101983,Gold,100000,0,Active,2021-03-12
CARD208756,C108806,Platinum,100000,500,Active,2019-04-11
CARD208757,C104267,Blue,300000,5000,Active,2024-11-25
CARD208758,C102774,Platinum,100000,500,Blocked,2025-06-27
CARD208759,C102755,Gold,75000,0,Active,2021-07-24
CARD208760,C101360,Gold,300000,0,Active,2022-10-02
CARD208761,C108314,Gold,100000,500,Active,2019-04-27
CARD208762,C106487,Blue,300000,1000,Active,2018-04-30
CARD208763,C101427,Gold,50000,0,Active,2021-09-19
CARD208764,C101535,Gold,300000,2500,Active,2018-01-08
CARD208765,C101475,Gold,500000,5000,Active,2025-10-03
CARD208766,C104177,Gold,100000,5000,Active,2020-08-02
CARD208767,C107464,Blue,50000,1000,Inactive,2023-09-25
CARD208768,C106289,Platinum,100000,0,Active,2020-03-30
CARD208769,C102670,Gold,75000,2500,Active,2025-10-01
CARD208770,C100510,Platinum,200000,2500,Active,2025-11-06
CARD208771,C109205,Gold,50000,0,Active,2017-10-15
CARD208772,C103695,Blue,50000,1000,Active,2024-07-30
CARD208773,C101429,Platinum,150000,500,Active,2019-05-18
CARD208774,C106991,Premium,200000,1000,Active,2026-03-04
CARD208775,C106471,Gold,50000,2500,Blocked,2019-05-08
CARD208776,C104720,Gold,75000,500,Active,2025-09-05
CARD208777,C109941,Gold,150000,0,Inactive,2020-03-12
CARD208778,C102512,Platinum,100000,500,Active,2024-02-23
CARD208779,C108843,Blue,150000,0,Blocked,2021-12-02
CARD208780,C103461,Blue,150000,500,Active,2022-07-09
CARD208781,C105648,Platinum,150000,5000,Active,2019-11-01
CARD208782,C107718,Blue,200000,0,Active,2020-08-22
CARD208783,C101661,Platinum,50000,500,Active,2025-11-08
CARD208784,C106813,Platinum,50000,500,Active,2024-08-09
CARD208785,C109897,Blue,75000,500,Active,2023-02-26
CARD208786,C109023,Premium,500000,0,Active,2018-12-07
CARD208787,C109336,Platinum,75000,2500,Inactive,2023-06-06
CARD208788,C107683,Gold,100000,0,Active,2024-05-30
CARD208789,C106122,Gold,75000,0,Active,2024-08-21
CARD208790,C101619,Blue,200000,2500,Active,2020-08-06
CARD208791,C100711,Gold,75000,2500,Active,2020-05-11
CARD208792,C108138,Blue,150000,1000,Closed,2024-01-28
CARD208793,C103308,Gold,50000,0,Active,2022-10-19
CARD208794,C107673,Gold,200000,5000,Active,2021-05-30
CARD208795,C109617,Platinum,500000,0,Active,2023-05-10
CARD208796,C107046,Blue,100000,500,Active,2021-03-16
CARD208797,C105253,Blue,50000,5000,Active,2020-09-18
CARD208798,C108897,Blue,100000,2500,Blocked,2025-06-03
CARD208799,C107100,Platinum,75000,500,Active,2026-01-31
CARD208800,C101073,Gold,300000,500,Active,2018-09-08
CARD208801,C101552,Blue,500000,0,Active,2020-12-25
CARD208802,C100424,Platinum,100000,2500,Active,2017-09-27
CARD208803,C102152,Blue,200000,5000,Active,2021-12-27
CARD208804,C100798,Gold,200000,2500,Active,2021-07-26
CARD208805,C103543,Gold,200000,500,Closed,2020-11-17
CARD208806,C104539,Platinum,50000,5000,Active,2018-02-22
CARD208807,C108880,Gold,200000,0,Active,2025-02-23
CARD208808,C102846,Gold,100000,500,Active,2021-01-06
CARD208809,C104900,Blue,200000,2500,Active,2021-07-02
CARD208810,C108856,Gold,100000,5000,Active,2017-02-12
CARD208811,C104253,Gold,300000,5000,Active,2024-07-09
CARD208812,C109818,Blue,75000,500,Active,2022-05-19
CARD208813,C109008,Platinum,75000,5000,Active,2020-02-29
CARD208814,C108030,Gold,50000,1000,Active,2022-03-01
CARD208815,C105002,Gold,100000,1000,Active,2017-03-12
CARD208816,C104774,Blue,100000,500,Active,2017-08-18
CARD208817,C103233,Gold,200000,0,Active,2025-04-15
CARD208818,C107476,Gold,50000,0,Active,2021-05-21
CARD208819,C104749,Platinum,75000,1000,Active,2018-02-07
CARD208820,C103727,Platinum,150000,2500,Active,2020-02-02
CARD208821,C105381,Platinum,200000,1000,Closed,2023-08-07
CARD208822,C101875,Gold,150000,1000,Active,2024-10-23
CARD208823,C102610,Platinum,200000,500,Active,2018-01-27
CARD208824,C104543,Gold,200000,500,Active,2020-11-03
CARD208825,C105270,Gold,75000,5000,Active,2021-12-11
CARD208826,C107087,Gold,100000,0,Active,2019-04-17
CARD208827,C108192,Platinum,300000,1000,Closed,2026-03-01
CARD208828,C105945,Gold,200000,0,Active,2018-07-03
CARD208829,C108071,Blue,500000,1000,Active,2021-10-12
CARD208830,C103785,Premium,500000,500,Active,2024-10-06
CARD208831,C102704,Blue,50000,0,Active,2021-11-17
CARD208832,C103748,Platinum,150000,0,Active,2018-08-24
CARD208833,C109975,Platinum,200000,2500,Active,2020-10-10
CARD208834,C105433,Gold,150000,0,Active,2025-05-09
CARD208835,C102662,Blue,50000,5000,Inactive,2017-05-10
CARD208836,C101810,Blue,150000,500,Active,2020-06-01
CARD208837,C106629,Blue,100000,5000,Active,2019-06-28
CARD208838,C100373,Platinum,150000,500,Active,2020-06-20
CARD208839,C106414,Blue,200000,2500,Active,2024-08-28
CARD208840,C108846,Blue,75000,0,Blocked,2023-05-01
CARD208841,C108677,Blue,100000,0,Active,2022-02-17
CARD208842,C107604,Gold,50000,1000,Active,2017-03-09
CARD208843,C107893,Gold,150000,5000,Active,2019-02-17
CARD208844,C106636,Gold,50000,5000,Active,2019-10-18
CARD208845,C100655,Platinum,75000,2500,Active,2025-12-18
CARD208846,C109357,Blue,200000,2500,Active,2023-09-12
CARD208847,C102422,Gold,50000,5000,Active,2025-08-03
CARD208848,C102540,Gold,100000,2500,Closed,2025-04-01
CARD208849,C102968,Blue,200000,500,Active,2022-09-11
CARD208850,C100893,Blue,200000,500,Active,2022-07-24
CARD208851,C100306,Platinum,200000,500,Active,2024-04-23
CARD208852,C107801,Blue,150000,5000,Active,2017-10-01
CARD208853,C106901,Platinum,150000,0,Active,2024-11-27
CARD208854,C103937,Platinum,150000,5000,Blocked,2025-03-30
CARD208855,C109643,Blue,150000,5000,Active,2021-07-24
CARD208856,C103657,Blue,100000,0,Active,2025-03-15
CARD208857,C104634,Blue,50000,0,Active,2020-05-30
CARD208858,C108494,Blue,200000,1000,Active,2024-06-09
CARD208859,C105012,Platinum,100000,0,Active,2025-10-17
CARD208860,C102076,Platinum,200000,1000,Closed,2020-10-26
CARD208861,C101084,Blue,100000,500,Active,2018-11-19
CARD208862,C107400,Gold,150000,0,Active,2021-09-07
CARD208863,C109245,Gold,500000,0,Active,2026-01-05
CARD208864,C102337,Blue,50000,2500,Active,2020-01-28
CARD208865,C102649,Blue,100000,5000,Active,2025-12-08
CARD208866,C100796,Blue,75000,0,Active,2019-05-11
CARD208867,C102373,Platinum,300000,0,Active,2023-05-19
CARD208868,C101836,Blue,75000,1000,Active,2022-08-23
CARD208869,C107273,Blue,200000,5000,Active,2022-05-13
CARD208870,C103801,Gold,50000,5000,Active,2020-03-21
CARD208871,C101674,Blue,500000,2500,Closed,2018-07-16
CARD208872,C107456,Blue,75000,500,Active,2018-01-04
CARD208873,C100421,Premium,50000,0,Active,2021-07-19
CARD208874,C109301,Platinum,300000,0,Active,2017-03-01
CARD208875,C107773,Blue,300000,0,Active,2017-07-16
CARD208876,C105695,Blue,100000,500,Inactive,2022-08-06
CARD208877,C106808,Platinum,150000,0,Active,2020-11-21
CARD208878,C107807,Gold,75000,5000,Active,2022-07-20
CARD208879,C107537,Gold,500000,1000,Active,2021-07-05
CARD208880,C102885,Blue,200000,2500,Blocked,2018-02-12
CARD208881,C100243,Gold,300000,5000,Active,2019-09-08
CARD208882,C102925,Blue,200000,500,Active,2025-04-06
CARD208883,C103402,Gold,150000,0,Active,2017-12-31
CARD208884,C101618,Platinum,100000,0,Closed,2018-09-25
CARD208885,C106549,Gold,500000,2500,Active,2022-02-15
CARD208886,C104489,Platinum,100000,0,Closed,2020-11-02
CARD208887,C103849,Gold,500000,1000,Active,2023-03-13
CARD208888,C103621,Gold,75000,500,Closed,2026-03-08
CARD208889,C106998,Premium,150000,500,Active,2018-07-02
CARD208890,C109472,Premium,150000,5000,Active,2019-09-18
CARD208891,C104052,Blue,75000,0,Active,2024-10-10
CARD208892,C105356,Premium,75000,1000,Active,2018-12-29
CARD208893,C102425,Premium,200000,0,Inactive,2017-01-28
CARD208894,C103809,Blue,100000,0,Inactive,2024-04-24
CARD208895,C100320,Gold,150000,1000,Blocked,2017-08-22
CARD208896,C105996,Blue,150000,500,Active,2024-06-02
CARD208897,C109501,Blue,75000,0,Active,2025-02-01
CARD208898,C103044,Blue,100000,1000,Active,2020-09-02
CARD208899,C106827,Blue,100000,5000,Active,2022-01-22
CARD208900,C105889,Platinum,75000,0,Active,2024-07-27
CARD208901,C103310,Blue,50000,0,Active,2024-01-01
CARD208902,C104721,Platinum,50000,1000,Active,2024-10-25
CARD208903,C103572,Premium,200000,2500,Active,2017-04-14
CARD208904,C108012,Gold,75000,1000,Active,2017-05-25
CARD208905,C101570,Platinum,300000,500,Active,2019-11-10
CARD208906,C100865,Gold,50000,0,Active,2023-10-25
CARD208907,C101162,Blue,200000,0,Active,2020-09-10
CARD208908,C103432,Platinum,100000,5000,Active,2024-01-02
CARD208909,C107131,Gold,150000,0,Active,2022-09-07
CARD208910,C107987,Gold,150000,1000,Active,2024-11-21
CARD208911,C105093,Blue,75000,1000,Active,2018-10-19
CARD208912,C100561,Gold,75000,2500,Active,2024-07-24
CARD208913,C100862,Gold,300000,0,Active,2021-12-28
CARD208914,C108946,Platinum,75000,1000,Active,2018-03-15
CARD208915,C102565,Premium,75000,1000,Active,2020-03-11
CARD208916,C102307,Blue,150000,2500,Inactive,2018-05-11
CARD208917,C100815,Platinum,75000,5000,Active,2020-04-19
CARD208918,C108152,Blue,200000,1000,Active,2019-05-19
CARD208919,C101945,Platinum,100000,1000,Active,2019-06-09
CARD208920,C100631,Blue,100000,0,Active,2023-03-11
CARD208921,C102300,Gold,50000,500,Active,2026-01-29
CARD208922,C100499,Gold,100000,2500,Active,2024-05-13
CARD208923,C105498,Platinum,75000,5000,Inactive,2024-07-06
CARD208924,C101114,Gold,200000,0,Active,2022-04-09
CARD208925,C102594,Platinum,150000,0,Active,2023-05-05
CARD208926,C106473,Blue,300000,2500,Closed,2020-01-12
CARD208927,C107748,Blue,50000,0,Active,2021-10-01
CARD208928,C108534,Blue,150000,1000,Closed,2026-01-05
CARD208929,C101396,Blue,75000,0,Active,2017-10-06
CARD208930,C101541,Gold,100000,5000,Blocked,2025-08-17
CARD208931,C105013,Gold,75000,2500,Active,2019-11-13
CARD208932,C101285,Gold,100000,1000,Active,2018-06-19
CARD208933,C102107,Premium,150000,0,Active,2024-09-15
CARD208934,C101787,Platinum,200000,1000,Active,2020-07-30
CARD208935,C106287,Gold,150000,0,Active,2023-10-06
CARD208936,C106920,Platinum,100000,0,Active,2021-04-06
CARD208937,C108915,Blue,100000,1000,Active,2023-09-22
CARD208938,C104386,Blue,150000,0,Active,2019-02-18
CARD208939,C103522,Premium,150000,0,Active,2022-03-03
CARD208940,C109268,Premium,200000,500,Active,2022-12-13
CARD208941,C105208,Platinum,500000,5000,Active,2023-06-08
CARD208942,C105276,Gold,75000,2500,Closed,2018-05-17
CARD208943,C108308,Platinum,300000,500,Active,2023-04-14
CARD208944,C106470,Blue,150000,0,Active,2025-10-01
CARD208945,C103928,Gold,100000,0,Active,2018-08-29
CARD208946,C104351,Gold,75000,2500,Blocked,2024-02-24
CARD208947,C109093,Gold,150000,0,Active,2022-05-29
CARD208948,C106356,Blue,150000,1000,Blocked,2021-10-12
CARD208949,C102005,Gold,300000,5000,Active,2019-01-16
CARD208950,C105390,Blue,100000,500,Active,2023-01-18
CARD208951,C104176,Platinum,150000,5000,Active,2023-06-17
CARD208952,C102183,Gold,150000,1000,Active,2018-05-18
CARD208953,C101589,Gold,200000,1000,Inactive,2023-05-02
CARD208954,C108404,Premium,300000,500,Active,2025-12-06
CARD208955,C108354,Premium,200000,0,Active,2024-05-05
CARD208956,C107762,Platinum,100000,0,Active,2024-09-10
CARD208957,C107482,Gold,150000,0,Active,2021-07-21
CARD208958,C100866,Gold,150000,1000,Active,2022-06-09
CARD208959,C109310,Gold,500000,1000,Active,2020-03-10
CARD208960,C107026,Platinum,150000,1000,Blocked,2017-07-03
CARD208961,C104130,Platinum,50000,500,Active,2022-07-25
CARD208962,C107457,Blue,200000,0,Active,2025-07-21
CARD208963,C106209,Gold,100000,2500,Active,2024-03-04
CARD208964,C109287,Gold,150000,0,Active,2023-11-06
CARD208965,C106625,Blue,200000,0,Active,2017-04-17
CARD208966,C101464,Blue,500000,500,Active,2017-10-07
CARD208967,C107557,Platinum,200000,1000,Active,2018-02-26
CARD208968,C108702,Premium,75000,0,Active,2022-06-21
CARD208969,C107401,Blue,75000,0,Active,2019-12-18
CARD208970,C109663,Platinum,500000,1000,Active,2018-04-25
CARD208971,C105066,Platinum,75000,500,Blocked,2021-11-25
CARD208972,C103065,Blue,75000,0,Active,2018-02-15
CARD208973,C108919,Blue,300000,1000,Active,2018-10-10
CARD208974,C104626,Gold,100000,0,Active,2021-10-28
CARD208975,C107629,Platinum,50000,0,Active,2024-12-07
CARD208976,C105471,Gold,150000,500,Inactive,2024-08-14
CARD208977,C106389,Platinum,100000,5000,Active,2017-09-11
CARD208978,C106328,Blue,100000,500,Active,2022-09-08
CARD208979,C106778,Blue,150000,0,Active,2026-03-05
CARD208980,C108940,Platinum,500000,500,Inactive,2019-01-19
CARD208981,C100193,Gold,50000,500,Active,2020-09-22
CARD208982,C109043,Gold,75000,0,Active,2018-11-30
CARD208983,C106210,Platinum,200000,0,Active,2018-06-12
CARD208984,C108717,Blue,75000,1000,Active,2020-06-04
CARD208985,C109954,Gold,500000,5000,Active,2025-01-15
CARD208986,C107029,Platinum,100000,2500,Active,2021-01-16
CARD208987,C109771,Platinum,150000,2500,Active,2018-03-31
CARD208988,C102994,Gold,75000,0,Active,2025-01-10
CARD208989,C107679,Gold,100000,1000,Active,2023-03-03
CARD208990,C108130,Blue,150000,0,Inactive,2024-06-01
CARD208991,C105682,Blue,500000,500,Active,2019-10-23
CARD208992,C109470,Blue,100000,1000,Active,2020-09-04
CARD208993,C105801,Gold,300000,0,Active,2017-12-17
CARD208994,C108732,Premium,75000,2500,Active,2024-03-08
CARD208995,C103040,Blue,50000,1000,Active,2020-08-29
CARD208996,C109833,Premium,200000,1000,Active,2025-01-11
CARD208997,C100562,Gold,200000,2500,Blocked,2022-03-13
CARD208998,C102759,Blue,50000,0,Active,2021-08-22
CARD208999,C104931,Blue,50000,5000,Closed,2018-03-02
CARD209000,C104064,Gold,200000,500,Inactive,2024-02-09
CARD209001,C100934,Blue,75000,500,Active,2025-11-29
CARD209002,C109207,Gold,100000,2500,Active,2019-11-10
CARD209003,C102552,Blue,300000,2500,Active,2025-06-28
CARD209004,C103239,Platinum,150000,1000,Active,2018-03-04
CARD209005,C108556,Blue,300000,500,Active,2021-08-25
CARD209006,C108741,Gold,50000,2500,Active,2024-02-28
CARD209007,C100794,Gold,100000,2500,Active,2018-08-11
CARD209008,C109855,Platinum,75000,500,Active,2025-02-04
CARD209009,C102830,Gold,100000,500,Active,2020-08-22
CARD209010,C109391,Gold,200000,500,Active,2017-05-19
CARD209011,C100472,Platinum,300000,2500,Active,2017-04-10
CARD209012,C107835,Platinum,75000,2500,Active,2023-01-11
CARD209013,C101828,Platinum,100000,0,Active,2017-02-27
CARD209014,C109522,Blue,100000,1000,Active,2021-08-15
CARD209015,C100487,Platinum,75000,500,Active,2020-11-04
CARD209016,C104465,Gold,75000,0,Closed,2023-05-24
CARD209017,C101274,Platinum,200000,0,Active,2017-08-26
CARD209018,C107974,Gold,300000,500,Inactive,2019-07-07
CARD209019,C106570,Blue,50000,0,Active,2018-12-26
CARD209020,C102782,Blue,300000,0,Active,2025-06-01
CARD209021,C104213,Gold,200000,1000,Active,2023-09-07
CARD209022,C100321,Gold,100000,500,Active,2021-01-15
CARD209023,C103626,Gold,150000,0,Active,2024-09-30
CARD209024,C103352,Platinum,100000,2500,Inactive,2017-06-29
CARD209025,C103137,Platinum,75000,500,Active,2022-03-29
CARD209026,C109025,Platinum,50000,0,Closed,2017-12-24
CARD209027,C106373,Gold,150000,0,Blocked,2018-12-30
CARD209028,C101865,Platinum,50000,5000,Active,2026-03-26
CARD209029,C101646,Platinum,200000,500,Active,2022-02-14
CARD209030,C101251,Gold,150000,1000,Active,2023-11-28
CARD209031,C103261,Gold,150000,5000,Active,2024-09-24
CARD209032,C109448,Blue,150000,500,Active,2017-01-26
CARD209033,C104632,Gold,150000,0,Active,2025-03-22
CARD209034,C103300,Gold,300000,1000,Active,2020-11-25
CARD209035,C102421,Platinum,150000,0,Active,2022-10-20
CARD209036,C108713,Gold,75000,500,Blocked,2025-08-16
CARD209037,C109810,Blue,200000,0,Inactive,2019-07-26
CARD209038,C105527,Platinum,100000,2500,Active,2020-11-08
CARD209039,C104706,Gold,300000,0,Inactive,2020-04-01
CARD209040,C107864,Gold,100000,2500,Active,2021-05-03
CARD209041,C108964,Gold,75000,500,Inactive,2019-12-30
CARD209042,C107221,Platinum,50000,500,Active,2017-02-04
CARD209043,C102036,Platinum,100000,0,Active,2022-03-03
CARD209044,C101502,Blue,150000,1000,Active,2024-10-23
CARD209045,C103617,Blue,50000,1000,Active,2024-02-02
CARD209046,C109961,Gold,500000,1000,Active,2020-11-24
CARD209047,C100651,Platinum,150000,0,Closed,2021-12-22
CARD209048,C100580,Blue,200000,500,Closed,2025-06-10
CARD209049,C105848,Gold,50000,2500,Active,2018-07-01
CARD209050,C106300,Blue,100000,0,Active,2017-01-27
CARD209051,C103756,Gold,100000,2500,Blocked,2019-10-27
CARD209052,C103788,Blue,150000,2500,Active,2017-02-12
CARD209053,C107114,Gold,100000,5000,Closed,2018-10-16
CARD209054,C105150,Blue,75000,1000,Active,2021-09-22
CARD209055,C108279,Gold,200000,500,Active,2025-08-10
CARD209056,C109024,Gold,150000,0,Active,2018-03-08
CARD209057,C109343,Blue,100000,2500,Blocked,2024-07-09
CARD209058,C101347,Gold,300000,500,Active,2023-07-21
CARD209059,C107774,Blue,75000,500,Active,2021-12-22
CARD209060,C101732,Platinum,150000,2500,Active,2017-12-20
CARD209061,C105166,Blue,200000,1000,Active,2018-10-29
CARD209062,C108423,Platinum,200000,0,Inactive,2017-03-07
CARD209063,C108208,Gold,150000,1000,Active,2022-11-28
CARD209064,C107060,Blue,50000,2500,Active,2023-03-03
CARD209065,C108610,Platinum,50000,0,Active,2023-05-23
CARD209066,C100352,Blue,150000,0,Active,2017-07-24
CARD209067,C108521,Blue,100000,5000,Active,2018-11-12
CARD209068,C103920,Blue,100000,1000,Active,2019-05-18
CARD209069,C105550,Blue,100000,2500,Closed,2018-08-29
CARD209070,C104167,Platinum,75000,500,Closed,2022-06-10
CARD209071,C106305,Gold,150000,5000,Active,2021-10-27
CARD209072,C107396,Blue,100000,1000,Active,2020-06-11
CARD209073,C104768,Gold,50000,1000,Active,2021-10-31
CARD209074,C108845,Platinum,300000,0,Active,2019-08-07
CARD209075,C103568,Premium,100000,0,Active,2021-11-06
CARD209076,C101067,Gold,75000,500,Active,2024-07-26
CARD209077,C105788,Blue,200000,5000,Closed,2020-04-11
CARD209078,C100583,Blue,200000,500,Active,2021-09-19
CARD209079,C109412,Premium,100000,5000,Inactive,2020-08-07
CARD209080,C102588,Platinum,300000,0,Closed,2022-09-03
CARD209081,C107796,Blue,150000,0,Closed,2024-08-12
CARD209082,C105693,Platinum,75000,0,Active,2018-09-30
CARD209083,C101747,Blue,200000,500,Active,2018-05-13
CARD209084,C102971,Gold,150000,1000,Active,2021-11-03
CARD209085,C102471,Blue,300000,2500,Active,2019-12-03
CARD209086,C108953,Premium,300000,1000,Closed,2026-03-05
CARD209087,C102226,Blue,150000,0,Active,2018-03-14
CARD209088,C109945,Blue,150000,0,Active,2026-03-23
CARD209089,C101139,Platinum,75000,1000,Active,2019-05-02
CARD209090,C103743,Gold,200000,1000,Active,2019-03-09
CARD209091,C106864,Gold,200000,0,Active,2024-09-13
CARD209092,C104221,Platinum,500000,0,Active,2018-07-13
CARD209093,C108541,Blue,75000,2500,Active,2022-07-08
CARD209094,C102271,Gold,150000,1000,Active,2024-03-05
CARD209095,C101505,Blue,500000,500,Active,2024-05-22
CARD209096,C107837,Platinum,200000,0,Active,2023-04-03
CARD209097,C102617,Blue,100000,0,Active,2017-01-01
CARD209098,C102092,Gold,50000,1000,Active,2018-07-19
CARD209099,C106233,Platinum,500000,1000,Active,2017-02-27
CARD209100,C108149,Platinum,150000,500,Active,2025-07-26
CARD209101,C109406,Blue,200000,2500,Active,2020-02-04
CARD209102,C103704,Blue,50000,1000,Active,2025-03-09
CARD209103,C109003,Gold,150000,0,Active,2020-01-25
CARD209104,C106486,Blue,300000,5000,Active,2021-11-05
CARD209105,C104486,Gold,150000,1000,Active,2024-05-12
CARD209106,C105783,Gold,100000,0,Active,2024-05-18
CARD209107,C103352,Gold,100000,500,Closed,2024-06-04
CARD209108,C109173,Gold,50000,500,Active,2019-03-24
CARD209109,C109875,Platinum,50000,2500,Active,2020-04-20
CARD209110,C103307,Blue,100000,5000,Active,2022-07-01
CARD209111,C100157,Gold,150000,0,Inactive,2020-06-22
CARD209112,C101415,Blue,300000,1000,Active,2021-04-26
CARD209113,C108214,Gold,500000,500,Active,2017-01-25
CARD209114,C105867,Gold,50000,5000,Active,2024-09-23
CARD209115,C107238,Blue,100000,0,Active,2020-04-16
CARD209116,C104560,Gold,50000,1000,Closed,2025-05-23
CARD209117,C103471,Blue,100000,5000,Inactive,2020-02-21
CARD209118,C107513,Gold,150000,1000,Active,2024-02-28
CARD209119,C105673,Gold,100000,500,Active,2020-06-27
CARD209120,C109060,Platinum,200000,1000,Active,2019-07-19
CARD209121,C100480,Platinum,50000,0,Active,2025-05-27
CARD209122,C102501,Gold,150000,1000,Inactive,2017-03-11
CARD209123,C106553,Blue,500000,500,Active,2023-03-07
CARD209124,C105014,Blue,75000,0,Closed,2025-11-15
CARD209125,C104482,Blue,500000,5000,Active,2023-02-12
CARD209126,C108124,Gold,200000,500,Active,2021-04-19
CARD209127,C100229,Blue,100000,2500,Active,2019-11-17
CARD209128,C101907,Blue,100000,0,Active,2018-07-15
CARD209129,C105634,Gold,50000,500,Closed,2018-12-15
CARD209130,C108703,Platinum,150000,5000,Inactive,2024-04-19
CARD209131,C107446,Gold,150000,1000,Inactive,2022-06-04
CARD209132,C106449,Blue,75000,500,Closed,2024-08-06
CARD209133,C104148,Gold,150000,2500,Active,2024-08-31
CARD209134,C105362,Gold,500000,0,Active,2021-02-20
CARD209135,C100240,Premium,500000,2500,Active,2024-05-13
CARD209136,C107974,Blue,200000,0,Active,2024-12-05
CARD209137,C101817,Gold,75000,0,Active,2023-01-19
CARD209138,C101808,Platinum,100000,5000,Blocked,2024-01-24
CARD209139,C107007,Platinum,150000,0,Active,2024-12-07
CARD209140,C101145,Platinum,75000,2500,Active,2020-11-14
CARD209141,C104073,Gold,300000,500,Active,2025-05-30
CARD209142,C108168,Platinum,150000,0,Inactive,2017-11-27
CARD209143,C103451,Gold,75000,500,Active,2023-12-20
CARD209144,C102644,Platinum,300000,0,Active,2020-06-18
CARD209145,C109858,Platinum,150000,0,Active,2022-03-14
CARD209146,C100501,Blue,200000,500,Active,2025-11-03
CARD209147,C100056,Blue,150000,500,Active,2019-03-30
CARD209148,C108223,Platinum,500000,1000,Active,2022-03-13
CARD209149,C102579,Gold,300000,500,Closed,2020-08-13
CARD209150,C106329,Platinum,300000,0,Active,2021-04-06
CARD209151,C102057,Platinum,300000,500,Active,2017-10-08
CARD209152,C102656,Blue,150000,500,Active,2018-11-13
CARD209153,C107288,Blue,300000,2500,Active,2021-03-19
CARD209154,C101070,Premium,100000,0,Active,2019-12-30
CARD209155,C108171,Gold,50000,0,Active,2021-07-15
CARD209156,C103117,Platinum,100000,500,Active,2020-12-08
CARD209157,C104188,Gold,75000,1000,Active,2023-09-02
CARD209158,C109842,Blue,75000,0,Active,2024-05-26
CARD209159,C101745,Blue,150000,0,Active,2023-05-09
CARD209160,C100964,Blue,75000,2500,Active,2017-04-07
CARD209161,C103911,Blue,50000,0,Blocked,2023-09-12
CARD209162,C106431,Premium,100000,1000,Active,2025-04-01
CARD209163,C107733,Platinum,150000,1000,Active,2023-02-15
CARD209164,C109830,Platinum,100000,1000,Blocked,2024-02-25
CARD209165,C103164,Blue,100000,500,Active,2021-06-24
CARD209166,C102924,Gold,200000,2500,Active,2018-05-12
CARD209167,C109159,Blue,75000,500,Active,2022-05-21
CARD209168,C103187,Blue,200000,0,Active,2022-07-26
CARD209169,C107456,Blue,75000,0,Active,2017-09-23
CARD209170,C107218,Platinum,50000,5000,Active,2026-03-20
CARD209171,C107996,Gold,100000,2500,Active,2020-06-07
CARD209172,C105098,Gold,300000,2500,Active,2026-01-27
CARD209173,C102946,Platinum,200000,0,Active,2020-10-29
CARD209174,C104232,Gold,200000,0,Active,2023-10-24
CARD209175,C109617,Blue,50000,1000,Blocked,2026-01-16
CARD209176,C104961,Premium,75000,2500,Active,2026-01-30
CARD209177,C104481,Gold,150000,2500,Active,2019-02-09
CARD209178,C106900,Blue,150000,500,Active,2021-07-02
CARD209179,C104258,Gold,100000,2500,Active,2023-02-27
CARD209180,C109370,Gold,300000,500,Active,2022-11-20
CARD209181,C101630,Platinum,500000,0,Active,2017-08-31
CARD209182,C105982,Platinum,75000,0,Active,2021-08-04
CARD209183,C100276,Blue,75000,1000,Active,2017-06-05
CARD209184,C104834,Platinum,500000,0,Active,2024-12-01
CARD209185,C108283,Gold,200000,1000,Active,2019-05-03
CARD209186,C107712,Gold,75000,0,Active,2019-12-01
CARD209187,C101566,Gold,300000,0,Active,2024-06-10
CARD209188,C105985,Blue,150000,2500,Closed,2018-05-11
CARD209189,C100512,Blue,150000,5000,Active,2024-08-16
CARD209190,C107925,Platinum,200000,1000,Closed,2021-10-18
CARD209191,C107108,Blue,75000,0,Active,2019-11-27
CARD209192,C106933,Gold,100000,5000,Active,2020-05-21
CARD209193,C102968,Platinum,100000,0,Active,2023-11-07
CARD209194,C109289,Premium,100000,0,Active,2024-08-26
CARD209195,C101922,Premium,50000,500,Inactive,2024-04-05
CARD209196,C103399,Platinum,100000,0,Active,2021-10-08
CARD209197,C103549,Gold,75000,1000,Active,2017-10-10
CARD209198,C108873,Blue,150000,500,Active,2017-10-11
CARD209199,C101087,Blue,300000,1000,Active,2022-09-09
CARD209200,C109016,Blue,200000,5000,Closed,2023-08-23
CARD209201,C103906,Blue,100000,500,Active,2018-05-26
CARD209202,C108039,Gold,100000,500,Active,2018-06-22
CARD209203,C102489,Gold,150000,1000,Closed,2025-10-12
CARD209204,C105916,Premium,300000,1000,Active,2020-11-03
CARD209205,C108519,Gold,500000,1000,Active,2023-11-29
CARD209206,C101336,Premium,200000,0,Active,2019-06-28
CARD209207,C109076,Platinum,100000,0,Active,2022-07-04
CARD209208,C107312,Platinum,75000,2500,Active,2021-02-13
CARD209209,C108385,Blue,75000,0,Active,2019-08-25
CARD209210,C106745,Gold,50000,0,Active,2025-10-18
CARD209211,C107146,Gold,100000,1000,Closed,2024-05-14
CARD209212,C104263,Platinum,50000,0,Active,2021-09-02
CARD209213,C100601,Gold,150000,5000,Active,2018-03-08
CARD209214,C104826,Premium,75000,1000,Blocked,2019-07-26
CARD209215,C106863,Blue,200000,5000,Active,2021-07-06
CARD209216,C109869,Blue,100000,2500,Active,2022-10-07
CARD209217,C109106,Platinum,300000,500,Active,2025-07-04
CARD209218,C100029,Premium,50000,1000,Active,2023-09-04
CARD209219,C109920,Blue,50000,500,Active,2024-04-03
CARD209220,C107013,Blue,200000,0,Active,2026-03-04
CARD209221,C104350,Gold,150000,500,Active,2023-01-13
CARD209222,C103173,Platinum,75000,5000,Active,2018-06-27
CARD209223,C109112,Gold,300000,0,Active,2018-04-20
CARD209224,C100152,Blue,150000,5000,Active,2020-05-16
CARD209225,C103205,Gold,150000,0,Active,2023-01-19
CARD209226,C109584,Blue,200000,0,Active,2022-12-12
CARD209227,C106741,Blue,150000,5000,Active,2017-05-04
CARD209228,C107535,Gold,50000,0,Inactive,2024-03-04
CARD209229,C106597,Blue,300000,5000,Active,2017-12-13
CARD209230,C108409,Platinum,200000,1000,Active,2023-07-17
CARD209231,C105151,Platinum,150000,2500,Inactive,2024-03-18
CARD209232,C100990,Premium,150000,1000,Active,2022-07-03
CARD209233,C105925,Platinum,200000,0,Active,2018-12-01
CARD209234,C107389,Blue,75000,2500,Active,2020-08-01
CARD209235,C100581,Blue,300000,1000,Active,2023-02-24
CARD209236,C109185,Gold,300000,0,Active,2025-08-18
CARD209237,C103690,Platinum,100000,0,Active,2025-01-17
CARD209238,C108747,Blue,150000,500,Active,2024-06-29
CARD209239,C103412,Premium,150000,0,Active,2021-12-04
CARD209240,C103040,Platinum,200000,0,Active,2022-06-09
CARD209241,C105347,Platinum,200000,2500,Active,2021-03-13
CARD209242,C102559,Gold,200000,2500,Inactive,2017-03-09
CARD209243,C104259,Premium,200000,500,Active,2021-05-07
CARD209244,C107888,Platinum,75000,500,Active,2025-06-12
CARD209245,C100594,Gold,100000,500,Active,2021-05-21
CARD209246,C109366,Platinum,300000,0,Active,2017-04-29
CARD209247,C104726,Premium,150000,1000,Closed,2026-03-15
CARD209248,C105388,Premium,200000,500,Active,2025-01-31
CARD209249,C109682,Platinum,100000,0,Active,2024-08-30
CARD209250,C108895,Platinum,150000,0,Active,2023-05-20
CARD209251,C101709,Gold,75000,500,Active,2023-08-19
CARD209252,C102388,Gold,150000,5000,Active,2017-08-07
CARD209253,C109900,Blue,150000,5000,Inactive,2021-03-31
CARD209254,C102460,Gold,500000,0,Active,2018-03-05
CARD209255,C108745,Blue,150000,500,Inactive,2022-08-16
CARD209256,C107942,Blue,100000,500,Active,2026-03-14
CARD209257,C109735,Blue,150000,500,Active,2020-10-21
CARD209258,C105575,Gold,300000,0,Active,2021-08-13
CARD209259,C102709,Blue,150000,1000,Active,2025-12-23
CARD209260,C106895,Platinum,100000,500,Inactive,2021-01-31
CARD209261,C108511,Platinum,100000,2500,Active,2020-11-09
CARD209262,C105442,Gold,500000,0,Active,2018-12-18
CARD209263,C108942,Gold,150000,2500,Active,2023-12-18
CARD209264,C104797,Premium,50000,2500,Closed,2018-09-13
CARD209265,C100736,Blue,75000,500,Active,2018-09-16
CARD209266,C103683,Gold,150000,1000,Closed,2017-02-03
CARD209267,C108222,Platinum,150000,1000,Closed,2018-08-07
CARD209268,C100731,Platinum,100000,0,Inactive,2019-09-01
CARD209269,C108746,Platinum,50000,500,Active,2020-07-10
CARD209270,C109341,Blue,150000,1000,Active,2023-04-08
CARD209271,C108682,Platinum,75000,500,Active,2025-03-18
CARD209272,C105307,Blue,150000,0,Active,2023-02-20
CARD209273,C102237,Gold,300000,2500,Active,2017-02-09
CARD209274,C104654,Blue,100000,5000,Active,2023-09-25
CARD209275,C100792,Blue,75000,1000,Active,2025-07-11
CARD209276,C105017,Gold,150000,1000,Active,2023-07-16
CARD209277,C105108,Platinum,50000,1000,Active,2017-04-13
CARD209278,C100928,Gold,200000,0,Closed,2021-05-02
CARD209279,C102607,Premium,150000,0,Active,2019-04-11
CARD209280,C104698,Gold,100000,0,Active,2025-10-02
CARD209281,C104805,Blue,150000,0,Active,2018-11-27
CARD209282,C105494,Blue,75000,0,Inactive,2017-06-26
CARD209283,C103566,Platinum,100000,0,Active,2018-11-17
CARD209284,C103954,Premium,100000,500,Active,2022-02-22
CARD209285,C109253,Gold,150000,0,Active,2017-04-15
CARD209286,C104081,Platinum,150000,2500,Inactive,2024-11-27
CARD209287,C109573,Gold,75000,5000,Active,2020-10-24
CARD209288,C109538,Gold,300000,0,Active,2020-04-29
CARD209289,C104493,Platinum,75000,0,Blocked,2019-01-08
CARD209290,C102925,Gold,300000,0,Active,2021-10-03
CARD209291,C104076,Gold,100000,0,Active,2019-05-06
CARD209292,C102922,Gold,150000,500,Active,2023-07-18
CARD209293,C101957,Gold,100000,2500,Active,2020-08-08
CARD209294,C100450,Gold,150000,500,Inactive,2024-09-25
CARD209295,C103364,Blue,75000,2500,Active,2019-02-08
CARD209296,C102520,Premium,150000,5000,Active,2019-02-27
CARD209297,C105694,Blue,100000,0,Active,2023-08-12
CARD209298,C104772,Blue,200000,1000,Active,2019-11-13
CARD209299,C100499,Platinum,150000,0,Active,2019-02-10
CARD209300,C102642,Blue,200000,1000,Closed,2017-02-10
CARD209301,C101301,Gold,300000,0,Active,2019-08-20
CARD209302,C101203,Platinum,100000,0,Active,2024-04-17
CARD209303,C104946,Gold,75000,0,Inactive,2022-03-16
CARD209304,C103139,Gold,50000,2500,Active,2019-04-02
CARD209305,C106653,Platinum,100000,500,Active,2020-02-28
CARD209306,C105691,Blue,150000,2500,Active,2020-01-06
CARD209307,C100922,Platinum,200000,0,Active,2019-09-15
CARD209308,C102208,Gold,150000,0,Active,2017-05-24
CARD209309,C100714,Platinum,75000,0,Active,2023-02-08
CARD209310,C107045,Platinum,100000,2500,Active,2021-04-13
CARD209311,C103107,Gold,200000,2500,Active,2020-05-31
CARD209312,C109989,Platinum,200000,0,Active,2025-05-11
CARD209313,C108882,Blue,150000,2500,Active,2018-03-11
CARD209314,C100146,Gold,75000,2500,Active,2018-09-04
CARD209315,C108329,Gold,100000,0,Active,2024-12-21
CARD209316,C102726,Platinum,50000,0,Active,2024-08-21
CARD209317,C102070,Blue,150000,1000,Active,2018-09-15
CARD209318,C104099,Platinum,100000,0,Active,2020-01-30
CARD209319,C103442,Blue,75000,0,Active,2019-07-19
CARD209320,C103306,Blue,75000,1000,Active,2017-12-07
CARD209321,C104764,Gold,50000,1000,Active,2017-09-30
CARD209322,C104757,Blue,200000,0,Active,2025-07-18
CARD209323,C106058,Gold,50000,0,Active,2026-01-26
CARD209324,C107632,Gold,100000,0,Blocked,2024-11-21
CARD209325,C106261,Gold,150000,1000,Active,2017-10-21
CARD209326,C103584,Premium,200000,0,Active,2021-05-31
CARD209327,C109865,Gold,500000,0,Active,2017-02-09
CARD209328,C102606,Gold,100000,500,Inactive,2024-02-22
CARD209329,C101603,Premium,50000,0,Closed,2017-10-22
CARD209330,C101605,Blue,200000,1000,Active,2019-01-21
CARD209331,C102447,Gold,150000,0,Active,2017-05-14
CARD209332,C104793,Gold,100000,1000,Active,2019-08-22
CARD209333,C108667,Platinum,200000,0,Active,2025-06-30
CARD209334,C102467,Gold,500000,0,Active,2024-04-16
CARD209335,C106530,Blue,75000,500,Closed,2019-08-06
CARD209336,C104955,Blue,150000,2500,Active,2017-03-11
CARD209337,C109067,Blue,150000,0,Active,2023-07-31
CARD209338,C105224,Gold,150000,0,Active,2017-03-07
CARD209339,C102485,Platinum,150000,500,Blocked,2022-08-11
CARD209340,C107667,Platinum,500000,1000,Closed,2022-05-13
CARD209341,C100178,Blue,75000,1000,Active,2021-12-26
CARD209342,C109232,Blue,300000,1000,Active,2024-10-11
CARD209343,C102762,Blue,150000,1000,Active,2024-10-11
CARD209344,C100924,Gold,300000,0,Active,2019-01-16
CARD209345,C102464,Gold,200000,500,Active,2026-03-07
CARD209346,C100202,Gold,150000,0,Active,2017-09-21
CARD209347,C108384,Platinum,50000,500,Active,2023-09-27
CARD209348,C102212,Gold,150000,0,Active,2018-02-01
CARD209349,C109348,Platinum,75000,1000,Active,2023-02-16
CARD209350,C105111,Premium,100000,2500,Active,2021-09-17
CARD209351,C103506,Gold,100000,5000,Blocked,2020-09-01
CARD209352,C109024,Gold,300000,2500,Active,2017-01-09
CARD209353,C101984,Platinum,300000,0,Active,2020-03-31
CARD209354,C107689,Gold,200000,500,Active,2025-08-17
CARD209355,C109602,Platinum,75000,0,Active,2020-09-16
CARD209356,C102153,Gold,100000,500,Active,2019-03-05
CARD209357,C100140,Platinum,50000,500,Active,2020-01-20
CARD209358,C103145,Gold,300000,1000,Active,2025-07-24
CARD209359,C104460,Blue,75000,0,Active,2025-06-13
CARD209360,C105201,Platinum,150000,500,Active,2020-06-09
CARD209361,C107958,Blue,150000,2500,Active,2024-09-23
CARD209362,C108570,Premium,75000,1000,Active,2018-11-08
CARD209363,C103428,Platinum,150000,1000,Active,2017-05-29
CARD209364,C100419,Gold,100000,500,Active,2018-06-15
CARD209365,C102947,Platinum,100000,500,Active,2023-06-14
CARD209366,C102441,Platinum,75000,500,Active,2025-10-07
CARD209367,C104471,Gold,150000,0,Inactive,2025-11-28
CARD209368,C101078,Platinum,300000,1000,Active,2023-06-17
CARD209369,C107231,Gold,100000,2500,Active,2018-12-10
CARD209370,C103244,Blue,150000,5000,Active,2023-08-11
CARD209371,C106852,Gold,100000,0,Active,2019-04-01
CARD209372,C104550,Platinum,100000,0,Active,2018-12-02
CARD209373,C105464,Gold,100000,1000,Active,2018-04-25
CARD209374,C105322,Gold,75000,1000,Blocked,2022-11-16
CARD209375,C100319,Platinum,150000,2500,Active,2021-10-02
CARD209376,C108109,Platinum,300000,500,Active,2017-10-14
CARD209377,C108271,Blue,100000,1000,Active,2021-05-18
CARD209378,C101158,Platinum,150000,5000,Inactive,2018-03-29
CARD209379,C104861,Gold,75000,1000,Active,2020-07-17
CARD209380,C104434,Premium,150000,0,Active,2017-04-15
CARD209381,C104934,Gold,150000,2500,Inactive,2017-07-02
CARD209382,C106727,Blue,200000,0,Active,2022-08-24
CARD209383,C105663,Blue,150000,0,Active,2020-11-16
CARD209384,C107380,Gold,100000,500,Active,2025-04-27
CARD209385,C105228,Gold,200000,500,Active,2020-05-20
CARD209386,C105232,Platinum,200000,1000,Active,2023-11-11
CARD209387,C106966,Platinum,150000,2500,Active,2018-03-08
CARD209388,C102729,Gold,150000,1000,Active,2017-12-12
CARD209389,C102372,Premium,150000,1000,Active,2022-02-09
CARD209390,C106670,Platinum,100000,5000,Active,2017-09-05
CARD209391,C106071,Blue,150000,0,Active,2025-05-03
CARD209392,C108336,Blue,150000,2500,Blocked,2019-08-23
CARD209393,C108881,Gold,75000,1000,Active,2020-04-25
CARD209394,C109831,Blue,50000,500,Active,2021-02-18
CARD209395,C109778,Blue,100000,0,Active,2024-10-09
CARD209396,C101355,Gold,100000,5000,Closed,2018-11-04
CARD209397,C104038,Premium,300000,1000,Inactive,2019-09-18
CARD209398,C109804,Platinum,300000,1000,Active,2017-04-23
CARD209399,C107795,Blue,150000,0,Active,2026-02-09
CARD209400,C102032,Platinum,50000,2500,Active,2024-02-27
CARD209401,C103817,Blue,75000,500,Active,2020-06-12
CARD209402,C103201,Premium,50000,0,Active,2024-06-09
CARD209403,C107585,Gold,100000,0,Active,2021-07-07
CARD209404,C108245,Blue,150000,5000,Inactive,2020-11-05
CARD209405,C107104,Premium,300000,0,Active,2018-10-10
CARD209406,C105732,Blue,75000,2500,Closed,2022-11-04
CARD209407,C106977,Blue,75000,0,Active,2018-10-29
CARD209408,C102582,Blue,75000,1000,Active,2017-08-03
CARD209409,C100234,Gold,150000,0,Active,2022-07-24
CARD209410,C102412,Blue,50000,500,Active,2019-08-25
CARD209411,C100549,Premium,200000,0,Active,2022-08-21
CARD209412,C109825,Gold,150000,2500,Active,2019-04-29
CARD209413,C105580,Platinum,200000,0,Closed,2020-04-11
CARD209414,C102855,Blue,500000,2500,Active,2017-06-27
CARD209415,C100754,Blue,200000,2500,Inactive,2021-09-10
CARD209416,C102217,Gold,200000,500,Active,2024-02-16
CARD209417,C102223,Platinum,150000,5000,Active,2018-07-11
CARD209418,C102297,Gold,75000,1000,Active,2021-09-28
CARD209419,C103227,Gold,75000,0,Active,2018-10-06
CARD209420,C102643,Blue,500000,500,Inactive,2021-01-31
CARD209421,C102810,Gold,100000,0,Active,2023-12-03
CARD209422,C108675,Gold,150000,1000,Inactive,2017-09-12
CARD209423,C106033,Blue,75000,2500,Active,2017-07-10
CARD209424,C102122,Gold,50000,0,Active,2022-07-21
CARD209425,C106733,Premium,100000,0,Active,2017-12-24
CARD209426,C108397,Blue,150000,0,Active,2021-12-07
CARD209427,C102067,Blue,300000,1000,Active,2022-02-17
CARD209428,C107896,Gold,100000,1000,Active,2022-05-26
CARD209429,C105023,Platinum,100000,0,Active,2023-01-26
CARD209430,C105472,Gold,300000,1000,Active,2020-10-03
CARD209431,C105726,Blue,200000,500,Active,2018-03-28
CARD209432,C104495,Platinum,100000,1000,Active,2020-04-20
CARD209433,C107086,Gold,300000,2500,Active,2020-08-03
CARD209434,C109978,Platinum,50000,0,Active,2017-08-13
CARD209435,C109102,Blue,150000,1000,Active,2025-01-12
CARD209436,C103923,Premium,500000,1000,Active,2024-02-21
CARD209437,C106554,Blue,50000,500,Active,2023-12-09
CARD209438,C108057,Premium,150000,500,Active,2021-05-14
CARD209439,C106817,Blue,100000,5000,Active,2024-12-03
CARD209440,C107528,Blue,100000,0,Active,2019-02-05
CARD209441,C105548,Blue,75000,1000,Active,2020-05-01
CARD209442,C100560,Platinum,300000,2500,Active,2018-08-22
CARD209443,C100350,Gold,75000,5000,Active,2021-06-23
CARD209444,C109912,Gold,50000,1000,Active,2019-11-25
CARD209445,C107434,Premium,50000,500,Active,2019-02-14
CARD209446,C108202,Blue,50000,0,Active,2025-11-05
CARD209447,C105324,Gold,150000,1000,Active,2017-03-25
CARD209448,C109503,Blue,75000,2500,Inactive,2021-04-04
CARD209449,C109243,Gold,300000,500,Active,2022-05-29
CARD209450,C105073,Blue,200000,500,Active,2021-04-05
CARD209451,C107260,Blue,150000,0,Active,2021-05-30
CARD209452,C105520,Blue,75000,0,Active,2018-06-05
CARD209453,C105442,Gold,500000,2500,Blocked,2021-04-14
CARD209454,C109383,Blue,75000,0,Active,2025-02-04
CARD209455,C109880,Blue,300000,1000,Closed,2017-01-10
CARD209456,C105760,Gold,100000,500,Active,2020-09-25
CARD209457,C102854,Blue,200000,500,Active,2021-05-24
CARD209458,C107508,Blue,200000,1000,Active,2017-11-05
CARD209459,C107577,Gold,150000,2500,Active,2020-04-13
CARD209460,C106310,Premium,100000,500,Active,2017-12-17
CARD209461,C103999,Platinum,75000,0,Active,2018-08-16
CARD209462,C106148,Platinum,100000,500,Active,2019-12-26
CARD209463,C103494,Gold,300000,1000,Closed,2020-02-06
CARD209464,C108736,Blue,100000,0,Active,2018-10-05
CARD209465,C100436,Gold,150000,0,Active,2021-12-25
CARD209466,C103298,Platinum,50000,0,Active,2021-06-16
CARD209467,C109413,Blue,75000,5000,Active,2022-11-14
CARD209468,C107054,Premium,50000,0,Active,2022-02-16
CARD209469,C107351,Platinum,300000,1000,Active,2024-05-28
CARD209470,C107124,Gold,150000,5000,Active,2024-10-22
CARD209471,C101030,Gold,200000,500,Active,2022-11-27
CARD209472,C109178,Platinum,200000,500,Active,2019-12-06
CARD209473,C102589,Premium,50000,500,Active,2019-07-06
CARD209474,C104775,Blue,100000,5000,Active,2020-08-30
CARD209475,C102552,Blue,300000,0,Active,2020-03-17
CARD209476,C109593,Gold,200000,1000,Active,2019-10-14
CARD209477,C101619,Blue,200000,500,Active,2025-05-14
CARD209478,C106743,Blue,150000,500,Blocked,2025-11-21
CARD209479,C108403,Gold,100000,0,Active,2018-05-08
CARD209480,C101115,Gold,100000,1000,Active,2025-05-30
CARD209481,C101334,Blue,50000,0,Blocked,2021-10-13
CARD209482,C101669,Gold,150000,1000,Inactive,2019-01-07
CARD209483,C100175,Gold,75000,2500,Active,2026-03-18
CARD209484,C103554,Blue,100000,0,Active,2023-02-11
CARD209485,C103453,Blue,50000,500,Closed,2020-01-11
CARD209486,C100528,Blue,300000,500,Active,2018-03-20
CARD209487,C108042,Blue,75000,1000,Active,2020-11-21
CARD209488,C100335,Blue,100000,2500,Active,2023-12-01
CARD209489,C100871,Gold,100000,500,Active,2018-02-13
CARD209490,C108833,Premium,75000,1000,Active,2024-08-27
CARD209491,C107633,Blue,200000,0,Active,2022-01-08
CARD209492,C106802,Platinum,75000,1000,Active,2019-04-09
CARD209493,C103699,Gold,100000,500,Active,2017-01-28
CARD209494,C109914,Gold,200000,0,Active,2026-01-20
CARD209495,C108965,Gold,100000,2500,Active,2025-04-24
CARD209496,C102682,Premium,150000,500,Active,2024-09-25
CARD209497,C106616,Gold,200000,2500,Active,2023-11-30
CARD209498,C108392,Gold,100000,500,Active,2021-08-17
CARD209499,C100486,Blue,100000,500,Active,2023-07-23
CARD209500,C104135,Platinum,100000,500,Closed,2017-11-26
CARD209501,C104785,Premium,50000,500,Active,2023-08-23
CARD209502,C106994,Blue,150000,0,Active,2020-09-07
CARD209503,C102336,Blue,100000,1000,Inactive,2020-03-08
CARD209504,C103419,Premium,50000,0,Active,2021-06-09
CARD209505,C108544,Platinum,500000,0,Active,2024-04-18
CARD209506,C108471,Blue,100000,500,Active,2024-10-22
CARD209507,C106503,Blue,50000,1000,Active,2019-07-13
CARD209508,C101990,Platinum,100000,2500,Active,2021-01-17
CARD209509,C101786,Platinum,200000,0,Blocked,2020-05-01
CARD209510,C100934,Blue,75000,500,Active,2017-02-17
CARD209511,C102700,Blue,50000,5000,Active,2020-11-27
CARD209512,C105399,Blue,500000,0,Inactive,2020-05-23
CARD209513,C102733,Premium,150000,500,Active,2026-03-04
CARD209514,C104879,Premium,100000,0,Active,2020-05-03
CARD209515,C101052,Gold,200000,1000,Active,2021-06-24
CARD209516,C101369,Gold,100000,5000,Active,2023-03-17
CARD209517,C102955,Gold,150000,1000,Active,2025-10-14
CARD209518,C103789,Gold,50000,2500,Active,2019-04-11
CARD209519,C104396,Platinum,100000,1000,Active,2024-08-02
CARD209520,C102779,Gold,50000,1000,Active,2018-06-06
CARD209521,C106266,Gold,75000,500,Active,2020-06-09
CARD209522,C100051,Premium,200000,1000,Blocked,2020-11-02
CARD209523,C104243,Blue,100000,0,Active,2023-04-23
CARD209524,C100113,Platinum,50000,0,Active,2022-08-23
CARD209525,C103959,Premium,500000,1000,Blocked,2025-12-19
CARD209526,C106100,Blue,100000,5000,Active,2019-08-01
CARD209527,C105658,Gold,75000,1000,Active,2023-06-10
CARD209528,C101736,Gold,100000,0,Active,2021-02-09
CARD209529,C106444,Platinum,50000,2500,Active,2017-01-12
CARD209530,C103776,Gold,100000,500,Active,2023-07-09
CARD209531,C109411,Gold,100000,0,Blocked,2023-05-21
CARD209532,C107198,Gold,300000,1000,Active,2022-10-20
CARD209533,C107603,Gold,150000,0,Blocked,2017-05-08
CARD209534,C105213,Blue,150000,0,Active,2017-01-09
CARD209535,C101954,Blue,300000,1000,Closed,2017-10-18
CARD209536,C103214,Blue,75000,5000,Active,2017-08-03
CARD209537,C101062,Premium,150000,500,Active,2017-02-22
CARD209538,C105311,Platinum,150000,0,Active,2021-05-30
CARD209539,C103886,Blue,100000,0,Active,2024-03-28
CARD209540,C105892,Blue,75000,1000,Active,2017-10-09
CARD209541,C101240,Gold,75000,0,Active,2021-05-04
CARD209542,C109442,Gold,50000,1000,Active,2024-08-01
CARD209543,C105791,Blue,75000,1000,Active,2018-10-06
CARD209544,C101452,Blue,150000,1000,Active,2022-08-28
CARD209545,C101050,Gold,200000,500,Active,2022-04-23
CARD209546,C101245,Gold,150000,0,Active,2017-05-24
CARD209547,C103574,Gold,300000,5000,Active,2020-09-19
CARD209548,C106132,Blue,500000,2500,Active,2022-01-04
CARD209549,C106842,Gold,75000,500,Blocked,2018-06-29
CARD209550,C105032,Gold,150000,0,Active,2020-05-27
CARD209551,C108315,Blue,200000,5000,Active,2024-06-13
CARD209552,C100218,Blue,50000,500,Active,2017-05-08
CARD209553,C104465,Gold,150000,2500,Active,2023-01-23
CARD209554,C100065,Platinum,200000,0,Active,2025-01-15
CARD209555,C105860,Blue,100000,0,Active,2025-02-11
CARD209556,C105244,Gold,100000,500,Active,2017-12-02
CARD209557,C101165,Blue,150000,500,Active,2017-02-13
CARD209558,C103730,Platinum,50000,5000,Active,2025-10-03
CARD209559,C100543,Premium,50000,5000,Active,2019-06-27
CARD209560,C107009,Gold,50000,0,Active,2023-04-29
CARD209561,C108196,Gold,100000,2500,Active,2018-05-01
CARD209562,C108275,Gold,100000,500,Active,2022-07-19
CARD209563,C109110,Premium,300000,1000,Active,2024-06-02
CARD209564,C108422,Platinum,300000,0,Closed,2022-10-13
CARD209565,C107937,Blue,100000,0,Inactive,2017-11-14
CARD209566,C103861,Gold,500000,500,Active,2024-07-12
CARD209567,C106722,Blue,75000,1000,Active,2018-04-13
CARD209568,C107986,Blue,75000,5000,Closed,2020-10-07
CARD209569,C104672,Gold,150000,5000,Active,2023-08-26
CARD209570,C107533,Platinum,100000,2500,Blocked,2017-03-28
CARD209571,C101789,Gold,150000,2500,Active,2017-04-18
CARD209572,C101336,Gold,50000,0,Active,2024-03-26
CARD209573,C105474,Gold,150000,500,Active,2023-02-15
CARD209574,C109905,Premium,75000,1000,Active,2017-02-12
CARD209575,C101324,Blue,100000,500,Active,2017-11-22
CARD209576,C105852,Blue,300000,0,Active,2017-12-10
CARD209577,C101562,Premium,300000,0,Active,2017-01-09
CARD209578,C101662,Gold,100000,500,Active,2019-11-04
CARD209579,C101793,Blue,100000,2500,Active,2025-12-11
CARD209580,C103072,Platinum,200000,0,Inactive,2025-05-08
CARD209581,C108131,Gold,200000,0,Active,2021-08-07
CARD209582,C109667,Platinum,75000,5000,Active,2017-01-16
CARD209583,C101461,Gold,100000,0,Active,2022-01-08
CARD209584,C108566,Platinum,100000,0,Active,2017-11-27
CARD209585,C101061,Platinum,100000,500,Active,2022-09-17
CARD209586,C104802,Gold,50000,1000,Active,2022-07-29
CARD209587,C100490,Platinum,150000,5000,Active,2023-12-10
CARD209588,C109774,Blue,150000,500,Active,2019-02-11
CARD209589,C106781,Blue,200000,0,Active,2021-01-25
CARD209590,C101248,Blue,150000,500,Active,2019-08-16
CARD209591,C106479,Blue,50000,1000,Active,2022-04-04
CARD209592,C107010,Gold,75000,0,Active,2022-07-30
CARD209593,C108291,Blue,150000,1000,Active,2021-10-29
CARD209594,C108669,Gold,100000,0,Active,2018-08-30
CARD209595,C100719,Premium,150000,5000,Active,2021-05-08
CARD209596,C105825,Gold,50000,0,Active,2023-05-29
CARD209597,C109040,Gold,100000,1000,Active,2023-12-19
CARD209598,C106327,Premium,75000,1000,Inactive,2022-06-04
CARD209599,C104295,Blue,150000,500,Active,2017-10-21
CARD209600,C104913,Gold,75000,0,Active,2021-07-16
CARD209601,C103863,Premium,100000,500,Active,2023-11-04
CARD209602,C102531,Blue,200000,2500,Active,2021-06-06
CARD209603,C100249,Platinum,200000,500,Closed,2020-03-25
CARD209604,C104227,Gold,100000,500,Active,2024-09-14
CARD209605,C107398,Gold,150000,500,Closed,2018-01-12
CARD209606,C104218,Platinum,50000,1000,Active,2020-05-10
CARD209607,C106263,Premium,200000,2500,Active,2025-02-08
CARD209608,C105052,Blue,100000,5000,Active,2021-03-19
CARD209609,C104245,Blue,75000,0,Active,2017-11-05
CARD209610,C100929,Blue,100000,2500,Active,2019-05-22
CARD209611,C108003,Gold,75000,1000,Active,2019-05-04
CARD209612,C108990,Blue,200000,5000,Active,2019-11-18
CARD209613,C105978,Blue,50000,500,Active,2018-06-11
CARD209614,C103304,Gold,100000,5000,Active,2024-08-19
CARD209615,C102097,Platinum,150000,0,Inactive,2020-10-10
CARD209616,C105762,Premium,50000,500,Active,2023-03-13
CARD209617,C105185,Blue,150000,500,Closed,2024-01-24
CARD209618,C103877,Premium,100000,0,Active,2025-10-06
CARD209619,C105972,Blue,200000,500,Active,2019-08-10
CARD209620,C103457,Premium,300000,500,Active,2017-04-08
CARD209621,C100342,Platinum,50000,2500,Active,2023-06-27
CARD209622,C104853,Gold,75000,500,Closed,2023-12-23
CARD209623,C105770,Premium,150000,0,Active,2018-09-21
CARD209624,C102159,Blue,500000,500,Active,2025-07-21
CARD209625,C102320,Platinum,500000,0,Active,2023-10-30
CARD209626,C108359,Gold,500000,0,Closed,2022-03-28
CARD209627,C107691,Blue,200000,500,Active,2021-10-15
CARD209628,C106200,Blue,50000,500,Active,2019-12-03
CARD209629,C103159,Gold,200000,500,Active,2019-05-24
CARD209630,C101220,Blue,75000,500,Active,2022-11-21
CARD209631,C103843,Premium,150000,0,Active,2019-07-25
CARD209632,C105258,Blue,150000,0,Active,2017-12-31
CARD209633,C102732,Gold,150000,1000,Closed,2022-11-25
CARD209634,C101204,Gold,75000,1000,Active,2017-11-03
CARD209635,C105059,Gold,200000,0,Inactive,2019-06-15
CARD209636,C106566,Blue,50000,0,Active,2026-01-16
CARD209637,C102129,Gold,500000,2500,Active,2019-11-05
CARD209638,C109733,Premium,150000,2500,Active,2024-05-14
CARD209639,C100697,Blue,100000,500,Active,2024-05-01
CARD209640,C105995,Blue,75000,500,Active,2021-08-17
CARD209641,C100632,Premium,300000,0,Closed,2020-12-01
CARD209642,C102116,Premium,200000,2500,Active,2025-05-22
CARD209643,C106379,Gold,150000,500,Active,2018-01-19
CARD209644,C107605,Platinum,200000,0,Active,2020-01-13
CARD209645,C104586,Premium,300000,500,Active,2019-02-13
CARD209646,C104650,Blue,100000,0,Blocked,2026-02-10
CARD209647,C100158,Blue,500000,0,Inactive,2020-11-06
CARD209648,C103098,Gold,75000,500,Active,2017-09-03
CARD209649,C104958,Platinum,200000,0,Active,2021-10-28
CARD209650,C100983,Platinum,150000,0,Active,2022-11-18
CARD209651,C102987,Gold,500000,500,Active,2026-01-20
CARD209652,C105717,Blue,300000,1000,Active,2017-03-04
CARD209653,C106989,Blue,500000,500,Inactive,2020-06-11
CARD209654,C104207,Platinum,150000,5000,Active,2022-12-14
CARD209655,C102756,Gold,150000,0,Active,2018-11-25
CARD209656,C109525,Blue,100000,500,Inactive,2024-11-11
CARD209657,C101431,Gold,100000,500,Active,2019-02-02
CARD209658,C106286,Gold,200000,0,Closed,2025-07-02
CARD209659,C101830,Gold,75000,0,Blocked,2023-08-06
CARD209660,C101602,Platinum,75000,0,Active,2025-02-01
CARD209661,C100148,Blue,100000,1000,Active,2017-08-14
CARD209662,C106513,Platinum,200000,1000,Active,2024-12-10
CARD209663,C105821,Blue,50000,1000,Active,2021-10-31
CARD209664,C105691,Gold,75000,0,Active,2024-05-20
CARD209665,C104210,Premium,300000,1000,Active,2022-04-06
CARD209666,C106971,Gold,150000,500,Active,2019-08-04
CARD209667,C107578,Gold,100000,5000,Active,2021-07-15
CARD209668,C108405,Gold,50000,0,Active,2022-11-05
CARD209669,C106841,Gold,150000,5000,Active,2023-03-09
CARD209670,C106438,Platinum,150000,5000,Active,2025-09-23
CARD209671,C105269,Platinum,75000,5000,Active,2017-09-19
CARD209672,C105636,Platinum,150000,2500,Inactive,2020-05-01
CARD209673,C104579,Blue,500000,500,Inactive,2020-11-01
CARD209674,C104651,Blue,150000,2500,Active,2018-05-11
CARD209675,C101577,Gold,75000,0,Active,2018-12-18
CARD209676,C100901,Gold,200000,500,Active,2024-01-19
CARD209677,C102053,Platinum,75000,5000,Active,2019-10-07
CARD209678,C101395,Gold,75000,0,Blocked,2026-04-12
CARD209679,C109976,Gold,200000,500,Active,2025-03-06
CARD209680,C106822,Gold,300000,2500,Active,2017-02-08
CARD209681,C105610,Blue,100000,2500,Active,2020-09-14
CARD209682,C106482,Gold,150000,500,Active,2021-08-09
CARD209683,C101848,Gold,150000,2500,Active,2022-08-24
CARD209684,C108282,Gold,200000,500,Active,2017-01-13
CARD209685,C105830,Platinum,75000,1000,Active,2022-06-06
CARD209686,C104400,Gold,50000,2500,Active,2022-06-28
CARD209687,C103222,Gold,200000,500,Active,2021-08-23
CARD209688,C105914,Gold,300000,0,Active,2017-08-07
CARD209689,C108243,Premium,500000,2500,Inactive,2019-08-20
CARD209690,C100341,Platinum,200000,1000,Active,2023-06-19
CARD209691,C108124,Blue,300000,5000,Active,2023-09-16
CARD209692,C101581,Gold,75000,1000,Active,2019-02-16
CARD209693,C109420,Blue,50000,0,Active,2020-07-25
CARD209694,C107125,Blue,75000,500,Active,2024-04-13
CARD209695,C102770,Platinum,150000,2500,Active,2020-06-11
CARD209696,C100376,Gold,150000,0,Blocked,2024-05-20
CARD209697,C105203,Blue,500000,2500,Active,2021-01-18
CARD209698,C100932,Gold,50000,5000,Active,2025-10-18
CARD209699,C101501,Blue,75000,500,Blocked,2026-02-22
CARD209700,C105220,Blue,50000,2500,Active,2023-08-21
CARD209701,C101805,Gold,75000,0,Active,2024-02-28
CARD209702,C100577,Blue,100000,500,Active,2019-04-13
CARD209703,C101977,Blue,100000,2500,Closed,2021-01-06
CARD209704,C100824,Platinum,50000,0,Active,2020-01-30
CARD209705,C105716,Premium,150000,500,Active,2023-04-01
CARD209706,C101259,Blue,75000,500,Active,2024-03-29
CARD209707,C103028,Gold,50000,5000,Active,2023-08-21
CARD209708,C107801,Blue,100000,500,Active,2021-07-27
CARD209709,C101312,Blue,300000,500,Active,2023-01-27
CARD209710,C109696,Gold,300000,500,Active,2024-01-22
CARD209711,C108368,Platinum,75000,500,Closed,2024-08-31
CARD209712,C103125,Blue,75000,0,Active,2025-05-24
CARD209713,C100296,Blue,150000,500,Inactive,2020-07-31
CARD209714,C106351,Gold,300000,500,Active,2023-05-29
CARD209715,C101874,Platinum,150000,1000,Active,2017-04-20
CARD209716,C101033,Blue,150000,0,Active,2017-10-17
CARD209717,C104701,Gold,150000,1000,Active,2024-03-07
CARD209718,C103916,Blue,150000,1000,Blocked,2022-11-29
CARD209719,C105103,Premium,300000,0,Active,2023-06-10
CARD209720,C105885,Premium,150000,1000,Active,2022-09-03
CARD209721,C101488,Platinum,75000,1000,Active,2026-03-18
CARD209722,C108209,Blue,300000,500,Active,2018-05-04
CARD209723,C109555,Blue,100000,1000,Active,2017-03-11
CARD209724,C103774,Blue,50000,5000,Active,2021-04-23
CARD209725,C107124,Blue,150000,500,Active,2018-08-18
CARD209726,C104390,Gold,300000,2500,Active,2019-09-19
CARD209727,C109889,Gold,150000,1000,Active,2023-07-25
CARD209728,C102843,Premium,50000,2500,Active,2023-12-07
CARD209729,C100259,Platinum,150000,0,Inactive,2019-02-23
CARD209730,C101434,Blue,200000,5000,Active,2017-09-10
CARD209731,C103080,Blue,100000,0,Active,2021-06-03
CARD209732,C100907,Premium,75000,500,Active,2017-12-18
CARD209733,C109441,Platinum,500000,1000,Blocked,2018-11-03
CARD209734,C105718,Blue,50000,500,Active,2022-04-01
CARD209735,C107543,Platinum,50000,500,Active,2018-07-10
CARD209736,C108891,Gold,150000,500,Active,2024-01-03
CARD209737,C103251,Platinum,100000,5000,Active,2021-06-15
CARD209738,C106348,Gold,300000,500,Inactive,2023-04-26
CARD209739,C105430,Gold,200000,0,Active,2024-07-20
CARD209740,C108292,Blue,100000,0,Blocked,2024-06-19
CARD209741,C100519,Gold,100000,0,Blocked,2025-09-28
CARD209742,C106993,Blue,200000,5000,Active,2019-05-09
CARD209743,C101499,Gold,200000,1000,Active,2022-07-05
CARD209744,C104421,Blue,150000,1000,Active,2022-01-14
CARD209745,C109188,Gold,150000,2500,Blocked,2017-09-09
CARD209746,C105340,Blue,300000,1000,Active,2023-11-01
CARD209747,C107043,Blue,50000,2500,Inactive,2018-07-12
CARD209748,C103336,Blue,75000,0,Inactive,2018-09-25
CARD209749,C102450,Gold,100000,1000,Active,2023-07-07
CARD209750,C106847,Gold,100000,2500,Active,2020-09-21
CARD209751,C105819,Gold,75000,0,Active,2024-03-01
CARD209752,C106610,Gold,150000,0,Active,2022-01-10
CARD209753,C105115,Blue,100000,2500,Active,2020-08-04
CARD209754,C108068,Platinum,75000,0,Closed,2025-12-25
CARD209755,C105874,Blue,300000,2500,Active,2022-03-12
CARD209756,C108807,Gold,150000,1000,Active,2025-07-24
CARD209757,C105541,Premium,100000,1000,Closed,2018-08-17
CARD209758,C100639,Blue,200000,1000,Active,2017-04-08
CARD209759,C100531,Gold,100000,2500,Active,2019-04-05
CARD209760,C101415,Blue,100000,1000,Active,2020-05-28
CARD209761,C106978,Premium,200000,0,Active,2020-12-12
CARD209762,C104846,Blue,300000,2500,Active,2022-10-18
CARD209763,C108643,Blue,200000,1000,Active,2025-07-24
CARD209764,C107361,Blue,300000,2500,Blocked,2024-09-17
CARD209765,C100527,Premium,500000,2500,Active,2021-08-02
CARD209766,C108871,Blue,200000,500,Active,2025-08-15
CARD209767,C105992,Platinum,200000,1000,Active,2025-02-03
CARD209768,C103885,Platinum,100000,2500,Active,2017-06-11
CARD209769,C106938,Platinum,100000,500,Inactive,2018-03-15
CARD209770,C101975,Blue,150000,5000,Blocked,2026-02-24
CARD209771,C102952,Gold,100000,1000,Inactive,2025-04-13
CARD209772,C101286,Gold,150000,2500,Blocked,2022-06-23
CARD209773,C101358,Gold,200000,1000,Active,2023-11-19
CARD209774,C102206,Blue,200000,0,Active,2019-03-01
CARD209775,C106747,Premium,75000,2500,Active,2024-09-19
CARD209776,C109009,Blue,150000,0,Blocked,2024-06-22
CARD209777,C106243,Platinum,500000,2500,Active,2021-02-06
CARD209778,C104088,Blue,300000,0,Active,2017-09-20
CARD209779,C105894,Platinum,50000,0,Active,2021-03-03
CARD209780,C108074,Platinum,200000,1000,Active,2023-08-18
CARD209781,C104825,Blue,300000,500,Active,2021-09-18
CARD209782,C106812,Gold,75000,0,Active,2026-03-01
CARD209783,C106744,Blue,500000,5000,Active,2017-11-20
CARD209784,C105749,Blue,100000,1000,Active,2025-12-13
CARD209785,C100656,Gold,200000,1000,Closed,2021-04-26
CARD209786,C101264,Platinum,50000,500,Active,2017-03-17
CARD209787,C105188,Platinum,75000,500,Active,2022-10-21
CARD209788,C107911,Platinum,100000,0,Blocked,2021-02-24
CARD209789,C102796,Platinum,50000,0,Active,2021-06-23
CARD209790,C107461,Gold,150000,500,Active,2019-05-29
CARD209791,C100210,Premium,75000,1000,Active,2020-06-24
CARD209792,C104212,Premium,100000,1000,Active,2024-08-23
CARD209793,C103378,Gold,150000,5000,Blocked,2022-04-08
CARD209794,C102891,Premium,150000,1000,Active,2025-08-28
CARD209795,C102048,Premium,75000,2500,Active,2019-04-03
CARD209796,C103995,Platinum,75000,0,Active,2022-03-30
CARD209797,C100392,Platinum,100000,0,Active,2018-08-01
CARD209798,C100929,Blue,100000,0,Active,2017-10-12
CARD209799,C107455,Blue,300000,1000,Active,2020-12-21
CARD209800,C106162,Blue,200000,5000,Active,2024-05-19
CARD209801,C109289,Blue,75000,0,Active,2022-11-12
CARD209802,C107062,Platinum,300000,2500,Active,2019-12-18
CARD209803,C100803,Blue,300000,0,Active,2017-04-10
CARD209804,C104536,Gold,300000,1000,Active,2024-04-27
CARD209805,C106644,Gold,200000,0,Active,2022-08-11
CARD209806,C105664,Blue,200000,500,Active,2017-08-09
CARD209807,C101181,Platinum,100000,500,Active,2023-10-07
CARD209808,C109434,Platinum,100000,1000,Active,2020-02-01
CARD209809,C104068,Blue,150000,500,Active,2017-01-10
CARD209810,C105314,Gold,200000,500,Active,2025-06-09
CARD209811,C106630,Gold,100000,0,Active,2018-02-21
CARD209812,C100364,Gold,100000,500,Active,2018-04-23
CARD209813,C105849,Blue,75000,500,Blocked,2024-10-27
CARD209814,C107337,Blue,200000,0,Active,2025-06-06
CARD209815,C109280,Blue,150000,500,Active,2019-02-03
CARD209816,C109951,Platinum,150000,5000,Active,2025-03-13
CARD209817,C109300,Gold,100000,500,Inactive,2020-11-04
CARD209818,C107223,Gold,150000,0,Active,2018-12-26
CARD209819,C102882,Gold,50000,0,Active,2025-03-06
CARD209820,C104521,Gold,75000,2500,Active,2020-04-10
CARD209821,C106766,Platinum,100000,1000,Active,2020-03-12
CARD209822,C107635,Blue,50000,1000,Active,2019-03-15
CARD209823,C102247,Gold,50000,2500,Inactive,2022-02-18
CARD209824,C103441,Blue,75000,0,Active,2025-06-11
CARD209825,C101981,Blue,300000,5000,Active,2024-06-21
CARD209826,C104246,Platinum,50000,1000,Active,2025-09-16
CARD209827,C100662,Platinum,200000,5000,Active,2022-05-02
CARD209828,C104363,Platinum,150000,1000,Active,2017-02-28
CARD209829,C101246,Gold,50000,2500,Active,2023-05-07
CARD209830,C102407,Platinum,100000,500,Active,2024-08-29
CARD209831,C101125,Blue,150000,0,Active,2017-09-29
CARD209832,C102256,Blue,50000,5000,Active,2024-08-29
CARD209833,C101612,Gold,50000,500,Active,2019-04-03
CARD209834,C106833,Platinum,50000,500,Closed,2020-03-02
CARD209835,C103820,Blue,200000,2500,Closed,2022-02-03
CARD209836,C107088,Blue,50000,500,Active,2025-07-10
CARD209837,C109856,Blue,150000,500,Active,2024-09-26
CARD209838,C107385,Gold,100000,2500,Active,2022-03-10
CARD209839,C104611,Blue,150000,500,Active,2019-05-17
CARD209840,C100063,Platinum,50000,500,Active,2021-02-03
CARD209841,C109873,Blue,150000,2500,Inactive,2020-06-24
CARD209842,C109326,Gold,200000,1000,Active,2018-08-01
CARD209843,C108535,Blue,200000,0,Closed,2020-09-08
CARD209844,C102052,Blue,150000,0,Active,2017-12-18
CARD209845,C105023,Blue,75000,500,Active,2022-08-26
CARD209846,C109986,Blue,200000,500,Active,2026-04-19
CARD209847,C100479,Platinum,150000,0,Active,2017-11-20
CARD209848,C104545,Blue,100000,5000,Blocked,2019-10-07
CARD209849,C106501,Platinum,300000,0,Active,2025-11-17
CARD209850,C107502,Blue,150000,0,Inactive,2022-03-31
CARD209851,C108640,Blue,300000,0,Active,2021-10-13
CARD209852,C102442,Blue,100000,0,Inactive,2018-12-27
CARD209853,C107455,Gold,100000,500,Inactive,2017-08-22
CARD209854,C100947,Platinum,100000,0,Active,2017-03-17
CARD209855,C109137,Gold,100000,1000,Blocked,2017-06-19
CARD209856,C108144,Gold,100000,1000,Active,2019-03-30
CARD209857,C101826,Gold,200000,0,Active,2018-12-19
CARD209858,C104393,Blue,100000,2500,Active,2024-04-12
CARD209859,C108086,Gold,75000,2500,Active,2019-12-17
CARD209860,C106598,Gold,300000,500,Active,2021-12-21
CARD209861,C100290,Blue,500000,500,Active,2025-02-18
CARD209862,C103530,Gold,150000,0,Active,2025-05-31
CARD209863,C104544,Gold,75000,500,Active,2025-07-31
CARD209864,C107375,Gold,50000,500,Active,2022-09-02
CARD209865,C102218,Blue,150000,500,Inactive,2017-11-24
CARD209866,C108951,Platinum,200000,0,Inactive,2024-07-26
CARD209867,C108388,Gold,200000,0,Active,2019-03-25
CARD209868,C103118,Blue,300000,2500,Active,2023-11-13
CARD209869,C109151,Platinum,100000,0,Active,2024-08-09
CARD209870,C101979,Premium,300000,2500,Active,2017-09-22
CARD209871,C103193,Blue,150000,1000,Blocked,2022-01-12
CARD209872,C107016,Gold,200000,1000,Active,2020-10-26
CARD209873,C107110,Blue,150000,500,Blocked,2025-12-02
CARD209874,C104644,Gold,50000,0,Active,2021-09-06
CARD209875,C105184,Blue,300000,500,Active,2022-10-26
CARD209876,C103460,Platinum,75000,1000,Active,2022-10-19
CARD209877,C105605,Platinum,50000,500,Active,2024-10-22
CARD209878,C104273,Blue,300000,2500,Active,2024-07-06
CARD209879,C101631,Platinum,75000,0,Active,2022-08-03
CARD209880,C103674,Blue,500000,1000,Active,2021-08-04
CARD209881,C107497,Blue,300000,500,Blocked,2018-04-24
CARD209882,C100626,Platinum,150000,1000,Active,2022-07-25
CARD209883,C106587,Gold,300000,0,Closed,2020-05-11
CARD209884,C107292,Blue,200000,1000,Active,2025-01-02
CARD209885,C100653,Blue,150000,500,Active,2017-06-04
CARD209886,C105136,Blue,150000,5000,Active,2017-12-15
CARD209887,C101704,Platinum,200000,1000,Active,2024-04-17
CARD209888,C107220,Blue,75000,500,Closed,2018-12-28
CARD209889,C100892,Blue,150000,0,Active,2022-07-06
CARD209890,C104693,Premium,50000,0,Active,2022-07-07
CARD209891,C106284,Gold,300000,500,Active,2020-03-16
CARD209892,C104538,Platinum,200000,1000,Active,2021-01-21
CARD209893,C105369,Gold,75000,0,Active,2019-06-28
CARD209894,C102066,Gold,500000,2500,Inactive,2024-06-12
CARD209895,C109298,Premium,500000,2500,Active,2021-09-02
CARD209896,C107337,Premium,150000,0,Active,2021-04-07
CARD209897,C108319,Blue,50000,2500,Active,2025-05-22
CARD209898,C108745,Gold,300000,5000,Active,2026-03-22
CARD209899,C109114,Gold,300000,1000,Active,2019-05-04
CARD209900,C107304,Blue,75000,1000,Active,2021-02-21
CARD209901,C102929,Blue,100000,0,Active,2017-05-30
CARD209902,C103177,Gold,300000,500,Inactive,2017-11-21
CARD209903,C109693,Blue,200000,500,Active,2018-08-31
CARD209904,C104353,Premium,500000,500,Inactive,2021-05-22
CARD209905,C104033,Blue,200000,500,Active,2021-08-14
CARD209906,C107430,Gold,75000,0,Active,2024-05-07
CARD209907,C107888,Platinum,200000,0,Active,2021-09-23
CARD209908,C109594,Gold,100000,500,Active,2017-06-29
CARD209909,C104674,Gold,200000,0,Active,2018-08-23
CARD209910,C100377,Gold,100000,0,Active,2020-09-13
CARD209911,C104010,Blue,300000,500,Closed,2022-10-08
CARD209912,C100429,Gold,150000,5000,Closed,2021-01-16
CARD209913,C107364,Premium,100000,500,Active,2022-02-26
CARD209914,C109823,Platinum,75000,1000,Active,2025-11-12
CARD209915,C102080,Blue,200000,500,Active,2022-01-23
CARD209916,C105503,Platinum,300000,5000,Active,2017-11-10
CARD209917,C104459,Platinum,300000,500,Active,2024-04-02
CARD209918,C107771,Blue,300000,5000,Active,2018-06-02
CARD209919,C100395,Premium,50000,2500,Active,2025-10-13
CARD209920,C108096,Gold,150000,2500,Active,2021-07-13
CARD209921,C102210,Premium,200000,5000,Active,2017-01-13
CARD209922,C103394,Gold,75000,2500,Active,2025-05-09
CARD209923,C102605,Blue,100000,5000,Active,2024-08-21
CARD209924,C105173,Blue,200000,500,Active,2021-02-11
CARD209925,C106985,Gold,300000,0,Active,2017-05-12
CARD209926,C100362,Blue,75000,1000,Active,2024-09-16
CARD209927,C104813,Platinum,200000,500,Active,2020-08-18
CARD209928,C102920,Blue,100000,0,Active,2019-05-18
CARD209929,C101079,Blue,100000,2500,Active,2023-08-19
CARD209930,C109877,Gold,100000,0,Active,2018-08-23
CARD209931,C104666,Gold,200000,500,Active,2024-10-28
CARD209932,C100762,Blue,50000,0,Inactive,2024-12-30
CARD209933,C101197,Blue,200000,500,Active,2022-07-30
CARD209934,C106648,Platinum,75000,0,Active,2020-10-31
CARD209935,C106088,Blue,100000,1000,Active,2018-07-14
CARD209936,C102443,Blue,200000,1000,Active,2024-06-15
CARD209937,C101148,Premium,100000,0,Active,2017-07-27
CARD209938,C106955,Blue,50000,0,Active,2025-01-03
CARD209939,C100978,Platinum,200000,0,Active,2024-05-30
CARD209940,C103387,Gold,100000,2500,Active,2020-05-18
CARD209941,C105147,Premium,100000,1000,Active,2018-07-17
CARD209942,C109225,Gold,150000,500,Active,2017-03-06
CARD209943,C104540,Platinum,150000,2500,Active,2021-06-07
CARD209944,C109840,Premium,300000,0,Active,2024-05-31
CARD209945,C101169,Blue,50000,0,Active,2019-01-02
CARD209946,C108684,Blue,150000,2500,Inactive,2020-04-13
CARD209947,C103678,Gold,75000,0,Active,2025-03-18
CARD209948,C105230,Platinum,50000,1000,Active,2023-12-06
CARD209949,C105452,Gold,200000,500,Closed,2024-07-26
CARD209950,C105110,Platinum,500000,500,Active,2022-01-06
CARD209951,C109939,Blue,100000,0,Active,2024-03-19
CARD209952,C109398,Blue,100000,0,Active,2023-07-18
CARD209953,C104787,Blue,150000,500,Active,2022-05-28
CARD209954,C105351,Blue,150000,1000,Active,2021-09-30
CARD209955,C107392,Blue,200000,0,Active,2017-01-15
CARD209956,C105631,Blue,100000,5000,Active,2020-11-26
CARD209957,C103062,Blue,150000,5000,Active,2024-12-25
CARD209958,C106457,Blue,50000,2500,Inactive,2021-08-06
CARD209959,C100192,Gold,200000,1000,Blocked,2024-03-19
CARD209960,C106383,Platinum,150000,2500,Active,2023-12-21
CARD209961,C100715,Platinum,150000,1000,Closed,2019-08-07
CARD209962,C108704,Blue,50000,500,Closed,2020-01-29
CARD209963,C109561,Gold,50000,0,Active,2017-07-08
CARD209964,C108901,Gold,50000,0,Active,2025-01-31
CARD209965,C102149,Platinum,75000,2500,Active,2021-02-05
CARD209966,C105970,Gold,100000,5000,Active,2020-07-03
CARD209967,C100358,Blue,100000,500,Active,2017-07-27
CARD209968,C101537,Blue,75000,1000,Active,2024-06-21
CARD209969,C103010,Gold,100000,2500,Blocked,2019-05-11
CARD209970,C103562,Platinum,150000,1000,Active,2019-01-02
CARD209971,C102730,Blue,50000,0,Active,2021-05-17
CARD209972,C104001,Gold,75000,0,Active,2017-07-11
CARD209973,C101372,Blue,200000,0,Active,2022-10-23
CARD209974,C101442,Premium,500000,0,Active,2017-06-20
CARD209975,C104094,Premium,75000,0,Closed,2026-02-15
CARD209976,C107819,Platinum,100000,500,Active,2020-12-28
CARD209977,C108198,Platinum,75000,1000,Active,2020-04-15
CARD209978,C100208,Premium,50000,0,Active,2026-03-30
CARD209979,C104902,Blue,75000,1000,Active,2020-01-11
CARD209980,C101418,Gold,100000,2500,Active,2025-09-21
CARD209981,C104372,Blue,150000,5000,Active,2021-10-04
CARD209982,C103409,Gold,150000,2500,Active,2023-11-08
CARD209983,C100459,Blue,100000,1000,Inactive,2022-08-13
CARD209984,C104322,Gold,100000,0,Active,2017-05-08
CARD209985,C103563,Blue,100000,1000,Active,2020-11-04
CARD209986,C104455,Platinum,50000,1000,Active,2026-04-13
CARD209987,C107645,Platinum,75000,500,Active,2018-09-04
CARD209988,C109013,Premium,75000,5000,Active,2022-07-24
CARD209989,C102387,Blue,150000,0,Active,2021-05-29
CARD209990,C109350,Platinum,100000,2500,Active,2020-10-31
CARD209991,C104790,Blue,75000,1000,Closed,2020-09-22
CARD209992,C102522,Blue,75000,500,Closed,2022-09-17
CARD209993,C105861,Platinum,150000,5000,Active,2017-05-19
CARD209994,C102262,Blue,300000,0,Active,2020-06-12
CARD209995,C107804,Platinum,75000,0,Active,2021-11-21
CARD209996,C108023,Platinum,150000,5000,Active,2022-08-18
CARD209997,C106376,Gold,75000,500,Active,2025-04-19
CARD209998,C102708,Gold,75000,0,Active,2017-10-21
CARD209999,C102126,Platinum,75000,0,Active,2025-06-15
CARD210000,C105143,Platinum,150000,0,Active,2021-01-31
CARD210001,C106285,Blue,50000,2500,Active,2018-08-27
CARD210002,C103782,Gold,100000,0,Blocked,2024-05-23
CARD210003,C103321,Gold,300000,0,Inactive,2022-07-06
CARD210004,C101489,Platinum,75000,5000,Active,2019-03-19
CARD210005,C105480,Platinum,150000,1000,Active,2025-08-19
CARD210006,C106903,Gold,50000,0,Active,2019-04-09
CARD210007,C102533,Blue,150000,5000,Active,2017-12-31
CARD210008,C102399,Gold,200000,2500,Active,2018-12-17
CARD210009,C105679,Gold,75000,1000,Active,2025-10-18
CARD210010,C104139,Gold,100000,500,Active,2020-08-01
CARD210011,C102537,Premium,100000,500,Active,2020-09-13
CARD210012,C101109,Premium,300000,1000,Active,2023-10-06
CARD210013,C103266,Gold,50000,0,Active,2025-10-07
CARD210014,C108380,Premium,100000,5000,Blocked,2019-07-27
CARD210015,C105403,Blue,50000,0,Active,2018-01-07
CARD210016,C106876,Blue,150000,0,Active,2021-02-10
CARD210017,C108763,Gold,150000,2500,Active,2024-04-24
CARD210018,C108567,Gold,150000,1000,Active,2021-03-17
CARD210019,C109628,Platinum,75000,500,Active,2022-03-09
CARD210020,C108170,Blue,100000,0,Inactive,2021-05-31
CARD210021,C104369,Gold,300000,500,Active,2023-11-20
CARD210022,C107932,Gold,150000,1000,Active,2021-01-30
CARD210023,C101406,Gold,300000,0,Active,2017-05-03
CARD210024,C100068,Blue,150000,2500,Active,2017-07-12
CARD210025,C105847,Gold,150000,0,Closed,2018-06-01
CARD210026,C109330,Gold,300000,2500,Active,2022-03-13
CARD210027,C101497,Gold,150000,1000,Active,2020-09-19
CARD210028,C100400,Gold,200000,0,Active,2019-12-02
CARD210029,C100389,Gold,50000,500,Active,2022-02-10
CARD210030,C105846,Blue,75000,1000,Active,2024-09-05
CARD210031,C107787,Blue,100000,0,Active,2017-07-06
CARD210032,C108028,Blue,100000,500,Blocked,2017-05-05
CARD210033,C103249,Gold,75000,2500,Active,2024-11-13
CARD210034,C101840,Platinum,100000,0,Active,2020-07-18
CARD210035,C102295,Platinum,150000,1000,Active,2025-05-07
CARD210036,C105948,Gold,150000,500,Inactive,2018-12-14
CARD210037,C102632,Gold,50000,0,Active,2021-12-05
CARD210038,C104388,Premium,500000,0,Closed,2021-07-12
CARD210039,C102712,Premium,150000,2500,Inactive,2017-06-08
CARD210040,C104629,Premium,75000,2500,Active,2019-07-26
CARD210041,C100226,Blue,50000,500,Active,2026-04-15
CARD210042,C105542,Gold,300000,0,Active,2020-04-19
CARD210043,C104107,Platinum,100000,2500,Active,2019-03-15
CARD210044,C105524,Blue,75000,0,Active,2017-09-28
CARD210045,C100411,Gold,100000,500,Active,2026-03-19
CARD210046,C107445,Blue,75000,500,Closed,2018-03-03
CARD210047,C100986,Gold,200000,1000,Active,2017-07-12
CARD210048,C109550,Gold,150000,1000,Active,2019-06-02
CARD210049,C106688,Blue,100000,1000,Active,2017-04-03
CARD210050,C103954,Gold,100000,2500,Active,2023-04-28
CARD210051,C105829,Blue,500000,500,Closed,2025-05-01
CARD210052,C101463,Premium,150000,2500,Active,2020-04-19
CARD210053,C105877,Blue,200000,1000,Active,2022-04-08
CARD210054,C105302,Gold,100000,5000,Active,2021-09-22
CARD210055,C106588,Blue,500000,1000,Inactive,2019-07-27
CARD210056,C109885,Gold,200000,2500,Active,2017-06-01
CARD210057,C105287,Gold,75000,0,Active,2023-10-14
CARD210058,C102743,Premium,300000,0,Active,2023-09-26
CARD210059,C103512,Gold,100000,0,Blocked,2018-07-11
CARD210060,C100938,Blue,50000,0,Active,2022-07-02
CARD210061,C102098,Platinum,100000,2500,Blocked,2017-02-09
CARD210062,C101854,Gold,200000,0,Active,2024-04-11
CARD210063,C103903,Blue,100000,0,Inactive,2025-10-17
CARD210064,C101696,Gold,150000,0,Blocked,2017-02-16
CARD210065,C102275,Blue,100000,0,Active,2020-11-11
CARD210066,C109684,Gold,500000,1000,Active,2023-05-05
CARD210067,C100432,Gold,50000,500,Active,2022-06-08
CARD210068,C100060,Blue,75000,0,Active,2023-08-06
CARD210069,C106083,Gold,200000,0,Active,2019-04-04
CARD210070,C109508,Blue,50000,5000,Closed,2020-06-09
CARD210071,C107371,Platinum,100000,0,Active,2019-07-23
CARD210072,C100803,Platinum,300000,500,Active,2023-10-07
CARD210073,C104122,Blue,50000,500,Closed,2017-06-17
CARD210074,C101900,Blue,75000,500,Active,2025-07-22
CARD210075,C102286,Blue,100000,1000,Inactive,2023-07-20
CARD210076,C103226,Gold,200000,500,Active,2019-07-01
CARD210077,C100412,Platinum,100000,0,Active,2017-09-08
CARD210078,C109657,Blue,200000,0,Active,2020-02-24
CARD210079,C107343,Blue,50000,5000,Active,2018-04-29
CARD210080,C108935,Platinum,50000,1000,Active,2017-08-15
CARD210081,C107667,Gold,200000,500,Active,2020-09-28
CARD210082,C107350,Blue,100000,0,Closed,2024-04-14
CARD210083,C109476,Blue,150000,1000,Active,2026-04-07
CARD210084,C107971,Blue,300000,500,Active,2023-09-24
CARD210085,C108599,Blue,75000,0,Active,2020-06-17
CARD210086,C103303,Gold,150000,500,Active,2018-05-08
CARD210087,C103833,Blue,200000,0,Closed,2025-02-15
CARD210088,C102783,Blue,100000,500,Active,2024-07-27
CARD210089,C100180,Platinum,75000,0,Active,2023-01-20
CARD210090,C103317,Blue,50000,1000,Closed,2024-04-22
CARD210091,C109750,Platinum,150000,2500,Active,2018-01-27
CARD210092,C108507,Gold,75000,1000,Active,2022-03-16
CARD210093,C109328,Gold,75000,2500,Active,2018-07-30
CARD210094,C109030,Premium,100000,1000,Active,2025-08-20
CARD210095,C102577,Gold,150000,1000,Active,2019-07-16
CARD210096,C109369,Blue,300000,5000,Active,2021-01-02
CARD210097,C107006,Platinum,200000,2500,Active,2018-08-17
CARD210098,C109947,Gold,150000,0,Active,2020-12-21
CARD210099,C103823,Platinum,50000,1000,Active,2017-08-05
CARD210100,C104778,Blue,75000,0,Active,2021-06-23
CARD210101,C107827,Blue,75000,0,Active,2023-01-29
CARD210102,C102769,Platinum,150000,500,Active,2021-09-15
CARD210103,C103383,Gold,150000,0,Active,2023-11-17
CARD210104,C107359,Gold,100000,5000,Active,2019-04-04
CARD210105,C104199,Gold,150000,2500,Inactive,2019-12-16
CARD210106,C109353,Gold,200000,1000,Active,2024-05-27
CARD210107,C104039,Platinum,150000,0,Active,2018-01-22
CARD210108,C108301,Blue,500000,0,Active,2019-09-08
CARD210109,C101871,Premium,75000,0,Active,2017-09-05
CARD210110,C105969,Blue,150000,1000,Active,2017-03-13
CARD210111,C109170,Gold,50000,500,Active,2022-10-24
CARD210112,C102415,Premium,50000,0,Active,2023-01-15
CARD210113,C100438,Gold,50000,1000,Active,2025-05-14
CARD210114,C109071,Gold,100000,0,Active,2025-05-06
CARD210115,C104097,Premium,50000,1000,Active,2020-03-06
CARD210116,C109718,Blue,300000,5000,Active,2025-03-12
CARD210117,C104048,Gold,150000,500,Active,2025-11-11
CARD210118,C104681,Platinum,200000,2500,Active,2017-09-21
CARD210119,C100596,Gold,150000,5000,Active,2024-06-22
CARD210120,C108218,Gold,300000,0,Active,2024-06-20
CARD210121,C103542,Premium,50000,0,Blocked,2017-04-30
CARD210122,C106819,Platinum,50000,500,Active,2019-10-24
CARD210123,C106166,Premium,200000,5000,Active,2019-06-21
CARD210124,C108740,Gold,200000,1000,Active,2018-08-05
CARD210125,C103827,Blue,50000,0,Active,2025-01-19
CARD210126,C101130,Premium,150000,500,Closed,2024-08-12
CARD210127,C106426,Platinum,100000,0,Active,2022-03-22
CARD210128,C107223,Gold,300000,0,Active,2018-02-22
CARD210129,C102321,Blue,150000,2500,Active,2017-01-21
CARD210130,C107193,Platinum,500000,5000,Active,2021-06-30
CARD210131,C103263,Gold,100000,5000,Active,2022-06-01
CARD210132,C108452,Blue,75000,0,Active,2017-07-12
CARD210133,C104983,Gold,200000,5000,Active,2020-03-04
CARD210134,C106408,Premium,200000,0,Active,2022-06-15
CARD210135,C102264,Gold,100000,0,Active,2019-10-08
CARD210136,C100326,Platinum,75000,0,Active,2017-12-01
CARD210137,C100442,Gold,50000,1000,Active,2017-02-15
CARD210138,C103791,Gold,150000,0,Active,2017-05-20
CARD210139,C107018,Gold,75000,500,Active,2018-12-02
CARD210140,C101378,Blue,50000,500,Active,2024-04-11
CARD210141,C104381,Blue,150000,0,Active,2020-02-16
CARD210142,C102127,Platinum,150000,0,Active,2024-10-13
CARD210143,C102071,Blue,150000,0,Active,2024-05-11
CARD210144,C105030,Gold,200000,0,Inactive,2022-11-07
CARD210145,C108959,Blue,100000,500,Active,2023-09-17
CARD210146,C104453,Premium,150000,500,Active,2020-07-27
CARD210147,C104311,Blue,500000,0,Active,2023-06-22
CARD210148,C102031,Gold,75000,1000,Active,2025-12-14
CARD210149,C100703,Gold,75000,0,Active,2020-10-20
CARD210150,C101675,Blue,100000,0,Inactive,2021-11-14
CARD210151,C100101,Blue,150000,2500,Active,2017-01-03
CARD210152,C102371,Premium,200000,0,Active,2020-09-19
CARD210153,C107276,Blue,100000,500,Active,2025-05-27
CARD210154,C105462,Gold,150000,500,Active,2024-06-28
CARD210155,C104101,Blue,150000,2500,Blocked,2018-07-08
CARD210156,C109301,Gold,100000,2500,Active,2023-02-05
CARD210157,C100505,Blue,200000,0,Closed,2025-01-30
CARD210158,C104157,Gold,50000,0,Inactive,2025-06-15
CARD210159,C107655,Gold,200000,500,Active,2019-08-01
CARD210160,C101735,Gold,150000,500,Active,2024-10-19
CARD210161,C101455,Blue,300000,0,Active,2023-12-06
CARD210162,C108969,Gold,100000,1000,Active,2024-04-30
CARD210163,C103568,Blue,75000,5000,Inactive,2022-12-17
CARD210164,C100270,Platinum,100000,0,Active,2023-04-13
CARD210165,C104318,Platinum,75000,2500,Active,2025-07-28
CARD210166,C103495,Blue,300000,0,Active,2024-12-17
CARD210167,C102975,Gold,150000,2500,Active,2024-01-15
CARD210168,C100654,Premium,150000,2500,Active,2024-10-21
CARD210169,C109385,Blue,200000,1000,Active,2019-08-02
CARD210170,C101948,Blue,50000,2500,Active,2021-05-11
CARD210171,C109154,Gold,100000,1000,Active,2021-05-27
CARD210172,C102637,Blue,100000,2500,Active,2021-04-28
CARD210173,C106995,Platinum,300000,1000,Active,2020-01-22
CARD210174,C105080,Platinum,100000,0,Active,2023-03-03
CARD210175,C106547,Gold,100000,500,Blocked,2019-07-14
CARD210176,C108425,Premium,300000,0,Active,2019-08-07
CARD210177,C106368,Blue,200000,5000,Blocked,2019-02-13
CARD210178,C108743,Platinum,200000,500,Active,2025-07-03
CARD210179,C101103,Blue,50000,1000,Active,2020-06-02
CARD210180,C106324,Platinum,75000,500,Closed,2022-12-28
CARD210181,C101544,Platinum,75000,0,Blocked,2025-04-14
CARD210182,C108559,Blue,200000,0,Active,2018-03-12
CARD210183,C106295,Blue,300000,0,Active,2017-02-03
CARD210184,C103950,Blue,150000,500,Active,2025-04-06
CARD210185,C109860,Gold,300000,500,Active,2024-06-07
CARD210186,C102753,Premium,100000,0,Active,2019-12-13
CARD210187,C104626,Gold,75000,2500,Active,2022-11-14
CARD210188,C108182,Gold,200000,0,Active,2024-07-19
CARD210189,C107944,Gold,300000,500,Active,2019-02-19
CARD210190,C105725,Gold,300000,0,Inactive,2018-10-10
CARD210191,C104079,Gold,75000,1000,Active,2022-11-02
CARD210192,C106214,Blue,500000,500,Active,2025-05-06
CARD210193,C107717,Platinum,100000,2500,Active,2024-03-13
CARD210194,C107362,Gold,100000,1000,Active,2017-07-11
CARD210195,C101338,Platinum,100000,500,Active,2022-11-25
CARD210196,C100413,Blue,75000,5000,Active,2019-01-17
CARD210197,C100523,Gold,100000,1000,Active,2023-10-14
CARD210198,C100572,Blue,150000,500,Active,2020-04-04
CARD210199,C106526,Blue,300000,500,Blocked,2020-08-14
CARD210200,C104919,Platinum,500000,1000,Active,2025-07-09
CARD210201,C102816,Gold,75000,500,Active,2021-05-18
CARD210202,C104325,Blue,75000,1000,Active,2023-07-06
CARD210203,C103855,Platinum,75000,0,Active,2024-12-04
CARD210204,C104998,Blue,100000,0,Inactive,2018-09-02
CARD210205,C100721,Gold,150000,1000,Active,2025-01-03
CARD210206,C106516,Gold,100000,500,Blocked,2026-03-01
CARD210207,C102551,Gold,50000,2500,Active,2024-06-21
CARD210208,C105935,Blue,50000,2500,Active,2019-07-22
CARD210209,C104237,Blue,200000,500,Inactive,2017-02-07
CARD210210,C100166,Blue,200000,0,Active,2022-07-16
CARD210211,C109340,Blue,200000,500,Active,2022-01-27
CARD210212,C107142,Blue,50000,0,Active,2017-07-14
CARD210213,C104375,Platinum,100000,5000,Active,2018-05-04
CARD210214,C108577,Blue,300000,2500,Active,2024-10-25
CARD210215,C108051,Blue,500000,0,Inactive,2017-10-10
CARD210216,C102652,Gold,500000,1000,Active,2024-12-05
CARD210217,C104875,Blue,300000,500,Active,2019-03-13
CARD210218,C104548,Gold,150000,2500,Active,2021-07-07
CARD210219,C102124,Gold,300000,5000,Inactive,2023-07-10
CARD210220,C107519,Platinum,300000,1000,Active,2021-03-17
CARD210221,C100385,Blue,150000,0,Active,2024-02-29
CARD210222,C107976,Blue,75000,0,Active,2024-07-12
CARD210223,C108080,Blue,75000,1000,Active,2023-12-12
CARD210224,C101591,Gold,150000,1000,Active,2018-05-20
CARD210225,C109813,Blue,150000,5000,Active,2025-03-27
CARD210226,C109029,Gold,100000,0,Inactive,2024-03-03
CARD210227,C109599,Platinum,50000,0,Blocked,2024-11-17
CARD210228,C102550,Gold,75000,1000,Active,2025-02-20
CARD210229,C102178,Gold,500000,1000,Active,2022-10-13
CARD210230,C105680,Gold,50000,1000,Active,2022-11-10
CARD210231,C104341,Blue,200000,1000,Closed,2024-07-08
CARD210232,C108976,Platinum,150000,500,Active,2019-05-24
CARD210233,C107321,Blue,50000,0,Active,2019-09-16
CARD210234,C107118,Platinum,100000,0,Active,2019-08-26
CARD210235,C106121,Premium,200000,2500,Active,2022-09-18
CARD210236,C104095,Blue,150000,1000,Active,2021-06-20
CARD210237,C101180,Platinum,300000,1000,Active,2023-04-26
CARD210238,C101149,Platinum,500000,500,Active,2024-06-23
CARD210239,C100324,Gold,200000,500,Active,2018-06-27
CARD210240,C104968,Platinum,200000,2500,Active,2018-08-30
CARD210241,C101820,Gold,50000,5000,Inactive,2022-06-22
CARD210242,C103118,Gold,200000,0,Active,2017-03-05
CARD210243,C103169,Gold,150000,0,Active,2024-03-21
CARD210244,C108283,Premium,100000,0,Active,2026-01-26
CARD210245,C105153,Gold,200000,0,Closed,2024-01-27
CARD210246,C102480,Blue,100000,2500,Active,2020-10-22
CARD210247,C106299,Gold,200000,1000,Active,2023-10-26
CARD210248,C105476,Platinum,200000,500,Active,2023-10-11
CARD210249,C103413,Platinum,200000,500,Active,2025-08-15
CARD210250,C109450,Blue,100000,2500,Active,2022-08-02
CARD210251,C107570,Platinum,75000,2500,Active,2018-12-25
CARD210252,C104502,Gold,200000,2500,Active,2024-02-06
CARD210253,C102280,Platinum,100000,0,Active,2022-09-02
CARD210254,C101495,Gold,500000,1000,Active,2017-10-13
CARD210255,C100723,Blue,500000,500,Active,2024-05-02
CARD210256,C100349,Blue,300000,500,Active,2024-03-14
CARD210257,C107946,Blue,100000,0,Active,2025-08-23
CARD210258,C108417,Gold,300000,500,Active,2025-03-05
CARD210259,C100118,Blue,50000,5000,Active,2018-09-25
CARD210260,C106314,Premium,150000,1000,Closed,2017-08-02
CARD210261,C108572,Gold,500000,0,Active,2025-06-13
CARD210262,C103208,Blue,50000,2500,Active,2021-07-15
CARD210263,C102538,Platinum,200000,1000,Active,2026-02-19
CARD210264,C103898,Blue,150000,500,Active,2024-11-19
CARD210265,C109397,Blue,50000,500,Active,2021-06-26
CARD210266,C106818,Blue,75000,2500,Blocked,2022-09-11
CARD210267,C106080,Gold,75000,0,Closed,2018-12-20
CARD210268,C108210,Blue,200000,500,Active,2019-01-14
CARD210269,C109387,Platinum,200000,2500,Active,2020-03-24
CARD210270,C108592,Gold,500000,2500,Active,2018-10-22
CARD210271,C106372,Blue,200000,2500,Blocked,2017-01-01
CARD210272,C109459,Gold,200000,1000,Active,2019-07-23
CARD210273,C103051,Premium,100000,2500,Active,2017-11-26
CARD210274,C101847,Platinum,75000,1000,Active,2022-06-13
CARD210275,C107873,Blue,100000,2500,Active,2021-07-08
CARD210276,C108376,Platinum,50000,0,Active,2023-11-14
CARD210277,C101092,Gold,200000,0,Active,2025-11-16
CARD210278,C103714,Gold,100000,5000,Active,2022-07-02
CARD210279,C109172,Gold,200000,1000,Active,2017-05-08
CARD210280,C103277,Platinum,500000,2500,Active,2021-10-07
CARD210281,C101010,Gold,100000,1000,Active,2021-03-23
CARD210282,C107753,Gold,75000,500,Active,2020-06-25
CARD210283,C101468,Blue,75000,500,Active,2020-03-08
CARD210284,C108632,Blue,200000,1000,Active,2017-09-26
CARD210285,C100957,Premium,75000,1000,Active,2019-12-10
CARD210286,C109080,Gold,100000,0,Active,2025-02-06
CARD210287,C105815,Platinum,150000,1000,Blocked,2019-12-27
CARD210288,C107778,Blue,100000,500,Active,2018-07-16
CARD210289,C109921,Blue,75000,2500,Active,2017-01-20
CARD210290,C105642,Blue,100000,2500,Active,2022-01-04
CARD210291,C103282,Platinum,100000,1000,Active,2022-01-31
CARD210292,C108542,Blue,150000,500,Active,2025-06-10
CARD210293,C101326,Gold,100000,2500,Active,2018-01-24
CARD210294,C109096,Blue,200000,5000,Active,2017-12-30
CARD210295,C100828,Blue,75000,0,Active,2017-06-01
CARD210296,C107184,Gold,150000,2500,Active,2020-10-03
CARD210297,C100419,Gold,200000,0,Active,2021-01-06
CARD210298,C104605,Platinum,75000,0,Active,2018-02-05
CARD210299,C101193,Platinum,75000,2500,Closed,2024-12-16
CARD210300,C100492,Blue,150000,0,Inactive,2023-10-03
CARD210301,C104806,Blue,150000,0,Inactive,2019-11-11
CARD210302,C103047,Gold,500000,0,Active,2023-01-13
CARD210303,C104974,Blue,200000,1000,Active,2021-12-24
CARD210304,C103729,Blue,100000,1000,Inactive,2020-08-15
CARD210305,C102004,Gold,75000,500,Active,2025-03-29
CARD210306,C105700,Gold,75000,5000,Active,2024-05-04
CARD210307,C107142,Blue,100000,0,Closed,2020-02-25
CARD210308,C103575,Platinum,50000,5000,Active,2026-01-17
CARD210309,C107032,Blue,75000,0,Active,2021-07-28
CARD210310,C100823,Platinum,200000,0,Active,2023-08-08
CARD210311,C101194,Blue,150000,0,Active,2019-01-15
CARD210312,C105300,Gold,50000,2500,Blocked,2026-01-23
CARD210313,C104395,Gold,50000,500,Active,2020-08-19
CARD210314,C108494,Blue,100000,1000,Active,2021-01-31
CARD210315,C109652,Blue,50000,500,Active,2017-10-05
CARD210316,C102092,Platinum,100000,500,Closed,2020-03-16
CARD210317,C102118,Platinum,75000,0,Active,2017-09-21
CARD210318,C102697,Gold,100000,2500,Active,2018-11-08
CARD210319,C101335,Gold,150000,1000,Active,2020-03-12
CARD210320,C108736,Platinum,150000,500,Active,2023-09-28
CARD210321,C107780,Blue,100000,500,Active,2025-12-09
CARD210322,C103015,Gold,150000,5000,Active,2025-12-06
CARD210323,C106307,Gold,150000,1000,Active,2023-03-07
CARD210324,C103487,Blue,100000,1000,Active,2020-05-29
CARD210325,C109544,Blue,100000,2500,Active,2018-12-12
CARD210326,C106048,Platinum,150000,5000,Active,2020-04-03
CARD210327,C104554,Gold,75000,0,Inactive,2019-02-02
CARD210328,C109212,Gold,50000,5000,Active,2017-10-12
CARD210329,C103406,Gold,50000,2500,Active,2017-01-10
CARD210330,C108268,Gold,100000,2500,Active,2024-11-27
CARD210331,C104053,Platinum,500000,1000,Active,2018-10-31
CARD210332,C108977,Platinum,100000,0,Active,2019-08-08
CARD210333,C105285,Gold,100000,1000,Inactive,2022-11-06
CARD210334,C106952,Blue,150000,1000,Active,2017-05-28
CARD210335,C107655,Blue,75000,0,Active,2021-06-01
CARD210336,C102021,Platinum,300000,2500,Active,2020-12-30
CARD210337,C102079,Platinum,500000,1000,Active,2024-12-13
CARD210338,C109015,Gold,150000,0,Active,2021-06-09
CARD210339,C103707,Blue,75000,500,Active,2018-01-02
CARD210340,C107356,Platinum,300000,1000,Active,2024-05-27
CARD210341,C106115,Gold,50000,0,Active,2020-02-28
CARD210342,C106681,Platinum,75000,1000,Active,2023-09-27
CARD210343,C105743,Gold,200000,500,Active,2021-11-15
CARD210344,C103748,Premium,200000,1000,Active,2024-10-04
CARD210345,C103806,Blue,75000,5000,Active,2023-09-05
CARD210346,C107495,Gold,150000,5000,Active,2023-11-06
CARD210347,C104424,Platinum,300000,1000,Active,2018-08-31
CARD210348,C102875,Blue,200000,5000,Closed,2017-06-23
CARD210349,C106496,Platinum,75000,500,Active,2025-03-22
CARD210350,C103740,Blue,100000,5000,Active,2024-06-01
CARD210351,C100201,Gold,500000,500,Active,2017-05-19
CARD210352,C107882,Gold,100000,2500,Active,2023-04-18
CARD210353,C108668,Platinum,300000,1000,Active,2024-06-02
CARD210354,C101986,Premium,50000,2500,Active,2022-10-21
CARD210355,C101552,Premium,50000,1000,Active,2021-03-11
CARD210356,C107200,Gold,75000,2500,Active,2022-11-11
CARD210357,C100071,Gold,75000,2500,Blocked,2018-12-20
CARD210358,C104173,Gold,300000,0,Active,2021-06-28
CARD210359,C105068,Platinum,75000,500,Active,2017-03-10
CARD210360,C101087,Platinum,200000,500,Closed,2024-03-25
CARD210361,C108107,Blue,150000,0,Active,2024-06-13
CARD210362,C105934,Platinum,100000,0,Active,2019-08-28
CARD210363,C102213,Blue,150000,5000,Active,2025-05-04
CARD210364,C102494,Blue,150000,2500,Active,2019-10-19
CARD210365,C103888,Platinum,100000,500,Active,2022-03-14
CARD210366,C102528,Gold,200000,0,Active,2017-05-13
CARD210367,C102035,Gold,75000,500,Active,2020-03-08
CARD210368,C103242,Gold,75000,500,Active,2025-04-24
CARD210369,C108033,Blue,150000,2500,Active,2026-03-05
CARD210370,C102072,Gold,100000,500,Inactive,2019-04-26
CARD210371,C102977,Blue,50000,1000,Active,2019-09-26
CARD210372,C108777,Gold,150000,2500,Active,2026-04-15
CARD210373,C105210,Gold,200000,1000,Active,2020-08-01
CARD210374,C109907,Gold,150000,5000,Active,2024-06-08
CARD210375,C106387,Blue,100000,0,Inactive,2025-03-02
CARD210376,C101892,Gold,150000,5000,Inactive,2024-08-24
CARD210377,C108948,Gold,100000,5000,Active,2017-07-13
CARD210378,C103613,Gold,150000,500,Active,2018-03-27
CARD210379,C109765,Platinum,100000,2500,Active,2025-09-19
CARD210380,C102202,Platinum,200000,5000,Active,2022-09-06
CARD210381,C103369,Platinum,500000,5000,Active,2017-08-16
CARD210382,C109712,Platinum,200000,1000,Closed,2017-12-09
CARD210383,C107470,Blue,150000,5000,Inactive,2021-06-11
CARD210384,C100820,Gold,75000,0,Active,2018-11-05
CARD210385,C107711,Platinum,50000,1000,Active,2026-01-17
CARD210386,C101490,Gold,50000,5000,Inactive,2026-03-19
CARD210387,C108905,Premium,100000,5000,Active,2019-04-18
CARD210388,C102015,Gold,75000,2500,Active,2019-07-06
CARD210389,C102056,Gold,75000,0,Active,2017-12-17
CARD210390,C106027,Blue,75000,5000,Active,2023-08-03
CARD210391,C103099,Blue,500000,2500,Active,2020-10-18
CARD210392,C104401,Blue,75000,5000,Active,2022-02-10
CARD210393,C109230,Blue,150000,1000,Closed,2018-06-06
CARD210394,C109786,Gold,500000,0,Active,2020-03-05
CARD210395,C101923,Blue,75000,2500,Active,2021-06-17
CARD210396,C102074,Blue,75000,500,Active,2025-03-06
CARD210397,C106674,Gold,150000,500,Active,2023-01-23
CARD210398,C101496,Platinum,200000,0,Active,2024-11-03
CARD210399,C107964,Blue,300000,0,Active,2018-12-29
CARD210400,C107438,Gold,150000,0,Active,2024-08-11
CARD210401,C108426,Blue,50000,0,Active,2022-02-15
CARD210402,C107906,Platinum,75000,500,Closed,2025-12-17
CARD210403,C103069,Gold,150000,0,Active,2019-08-01
CARD210404,C102176,Gold,75000,500,Blocked,2020-11-09
CARD210405,C104620,Gold,75000,1000,Active,2021-06-24
CARD210406,C102618,Platinum,200000,0,Active,2020-04-25
CARD210407,C108018,Gold,200000,500,Active,2018-01-14
CARD210408,C101532,Premium,75000,500,Inactive,2024-08-26
CARD210409,C102251,Gold,100000,1000,Active,2017-11-18
CARD210410,C103870,Platinum,500000,5000,Active,2021-04-30
CARD210411,C104149,Blue,150000,2500,Active,2019-11-12
CARD210412,C106034,Blue,200000,0,Inactive,2025-10-05
CARD210413,C107412,Gold,150000,1000,Active,2024-02-06
CARD210414,C107754,Blue,100000,1000,Active,2017-02-24
CARD210415,C109281,Blue,200000,0,Active,2023-05-21
CARD210416,C108866,Blue,50000,0,Inactive,2021-12-03
CARD210417,C108830,Blue,150000,500,Active,2019-01-21
CARD210418,C101959,Gold,100000,2500,Active,2017-10-14
CARD210419,C108916,Blue,300000,0,Active,2020-09-22
CARD210420,C107405,Premium,150000,500,Active,2025-10-26
CARD210421,C101857,Blue,75000,500,Closed,2022-01-26
CARD210422,C101861,Premium,200000,1000,Closed,2020-10-15
CARD210423,C106725,Gold,100000,0,Active,2021-09-26
CARD210424,C107977,Platinum,200000,2500,Inactive,2025-02-23
CARD210425,C108414,Gold,50000,500,Active,2025-03-31
CARD210426,C104866,Blue,100000,2500,Active,2021-05-04
CARD210427,C103576,Gold,150000,1000,Active,2024-09-22
CARD210428,C100141,Blue,75000,500,Active,2024-04-25
CARD210429,C109500,Platinum,150000,1000,Active,2020-01-14
CARD210430,C101003,Platinum,300000,1000,Active,2019-11-17
CARD210431,C105078,Gold,50000,1000,Active,2023-08-01
CARD210432,C100629,Gold,100000,2500,Active,2019-11-17
CARD210433,C102470,Blue,200000,2500,Active,2018-10-23
CARD210434,C109545,Blue,50000,2500,Active,2024-06-17
CARD210435,C107544,Blue,50000,500,Active,2019-04-09
CARD210436,C108229,Gold,100000,2500,Active,2017-05-07
CARD210437,C105774,Platinum,300000,5000,Active,2025-06-30
CARD210438,C106153,Blue,150000,500,Active,2018-12-02
CARD210439,C105996,Gold,300000,1000,Active,2022-12-09
CARD210440,C100780,Blue,300000,1000,Active,2018-05-15
CARD210441,C103534,Gold,150000,2500,Active,2024-06-15
CARD210442,C109199,Blue,50000,1000,Active,2023-04-29
CARD210443,C103082,Blue,50000,500,Active,2022-06-24
CARD210444,C101393,Blue,200000,1000,Blocked,2021-02-14
CARD210445,C109033,Gold,150000,500,Inactive,2018-06-08
CARD210446,C107569,Gold,75000,5000,Active,2025-01-26
CARD210447,C100777,Blue,200000,2500,Active,2019-07-27
CARD210448,C107741,Blue,75000,0,Active,2020-10-14
CARD210449,C105912,Gold,150000,500,Active,2021-09-12
CARD210450,C103007,Gold,100000,500,Active,2024-09-17
CARD210451,C106958,Blue,200000,1000,Active,2025-05-01
CARD210452,C102940,Platinum,150000,1000,Inactive,2019-08-22
CARD210453,C102032,Gold,200000,5000,Active,2024-06-30
CARD210454,C103144,Platinum,100000,1000,Active,2021-07-03
CARD210455,C107745,Premium,100000,1000,Active,2024-12-23
CARD210456,C101453,Gold,75000,1000,Active,2021-06-21
CARD210457,C108821,Blue,150000,5000,Active,2019-11-28
CARD210458,C103207,Gold,50000,500,Inactive,2023-08-30
CARD210459,C105618,Gold,300000,500,Active,2024-01-29
CARD210460,C108737,Blue,100000,2500,Active,2023-09-29
CARD210461,C104145,Blue,100000,0,Active,2022-01-10
CARD210462,C104467,Blue,100000,500,Active,2020-04-17
CARD210463,C101091,Gold,100000,2500,Active,2019-05-21
CARD210464,C107651,Gold,150000,1000,Active,2023-03-04
CARD210465,C106937,Premium,300000,5000,Active,2017-07-16
CARD210466,C109838,Gold,150000,2500,Active,2021-04-23
CARD210467,C101655,Blue,200000,0,Active,2024-06-29
CARD210468,C105712,Platinum,100000,2500,Active,2024-03-09
CARD210469,C100266,Premium,100000,1000,Active,2020-02-25
CARD210470,C103022,Gold,300000,0,Active,2025-11-14
CARD210471,C106524,Platinum,50000,500,Active,2021-08-20
CARD210472,C103431,Platinum,150000,0,Active,2018-12-31
CARD210473,C101499,Blue,200000,5000,Active,2019-08-18
CARD210474,C107921,Blue,150000,500,Active,2022-06-20
CARD210475,C104631,Gold,50000,500,Active,2021-07-07
CARD210476,C108309,Premium,50000,0,Active,2025-05-26
CARD210477,C109428,Blue,300000,500,Active,2025-07-30
CARD210478,C104736,Platinum,100000,2500,Active,2023-03-19
CARD210479,C105419,Blue,100000,2500,Active,2025-07-09
CARD210480,C109108,Gold,75000,2500,Active,2017-05-23
CARD210481,C103053,Gold,100000,1000,Active,2022-06-21
CARD210482,C100228,Blue,100000,2500,Active,2020-10-18
CARD210483,C108779,Blue,200000,2500,Active,2018-04-13
CARD210484,C103408,Blue,50000,1000,Active,2019-12-18
CARD210485,C104619,Gold,150000,0,Active,2019-09-30
CARD210486,C101383,Blue,500000,500,Active,2025-06-04
CARD210487,C105826,Gold,100000,0,Closed,2017-11-24
CARD210488,C101350,Gold,200000,1000,Inactive,2022-01-19
CARD210489,C106103,Gold,50000,5000,Blocked,2025-10-17
CARD210490,C100789,Blue,100000,500,Active,2018-10-10
CARD210491,C106645,Gold,100000,500,Active,2021-08-08
CARD210492,C108734,Platinum,200000,500,Active,2021-07-31
CARD210493,C100414,Gold,500000,2500,Active,2019-10-26
CARD210494,C108665,Gold,200000,500,Active,2023-01-17
CARD210495,C105633,Blue,75000,2500,Active,2021-12-14
CARD210496,C102028,Platinum,200000,2500,Inactive,2020-07-12
CARD210497,C104516,Gold,50000,500,Active,2022-09-09
CARD210498,C106864,Blue,150000,1000,Active,2018-05-11
CARD210499,C108591,Platinum,50000,0,Active,2018-07-06
CARD210500,C101262,Blue,200000,0,Active,2020-10-27
CARD210501,C105453,Blue,300000,0,Active,2018-01-25
CARD210502,C106786,Gold,150000,0,Active,2018-01-31
CARD210503,C105240,Blue,75000,2500,Active,2021-04-28
CARD210504,C102990,Blue,75000,0,Active,2025-03-02
CARD210505,C102393,Gold,75000,1000,Active,2018-06-10
CARD210506,C101555,Blue,100000,500,Active,2022-06-25
CARD210507,C101910,Blue,150000,5000,Active,2021-08-26
CARD210508,C103360,Blue,50000,1000,Active,2017-09-05
CARD210509,C105234,Gold,200000,2500,Inactive,2018-03-11
CARD210510,C102558,Premium,100000,2500,Active,2023-01-25
CARD210511,C104812,Gold,150000,500,Active,2018-05-20
CARD210512,C104808,Premium,150000,0,Active,2021-02-14
CARD210513,C101635,Platinum,75000,0,Active,2025-08-01
CARD210514,C109315,Platinum,150000,500,Active,2019-03-12
CARD210515,C102849,Gold,100000,1000,Inactive,2020-02-07
CARD210516,C102498,Gold,100000,500,Active,2018-11-04
CARD210517,C110000,Gold,150000,2500,Active,2019-01-11
CARD210518,C104850,Blue,75000,2500,Active,2017-01-05
CARD210519,C100930,Blue,50000,0,Blocked,2026-04-06
CARD210520,C102897,Premium,100000,500,Active,2020-03-12
CARD210521,C104441,Gold,75000,500,Active,2025-06-13
CARD210522,C103611,Platinum,50000,0,Active,2025-05-28
CARD210523,C101310,Blue,200000,1000,Active,2017-02-19
CARD210524,C108340,Blue,150000,0,Active,2020-05-12
CARD210525,C108195,Blue,75000,0,Active,2023-09-10
CARD210526,C105799,Platinum,100000,0,Active,2023-10-04
CARD210527,C105138,Blue,300000,2500,Active,2022-08-03
CARD210528,C106851,Platinum,300000,1000,Blocked,2017-04-09
CARD210529,C108344,Platinum,100000,5000,Active,2019-10-11
CARD210530,C104164,Blue,300000,5000,Active,2022-03-10
CARD210531,C101628,Blue,200000,1000,Active,2024-09-18
CARD210532,C107414,Gold,75000,2500,Inactive,2023-12-06
CARD210533,C109039,Platinum,75000,0,Active,2023-06-08
CARD210534,C106932,Platinum,75000,2500,Active,2025-01-08
CARD210535,C100855,Gold,50000,1000,Active,2019-05-29
CARD210536,C102817,Gold,150000,2500,Active,2020-04-13
CARD210537,C105288,Premium,150000,0,Closed,2021-01-04
CARD210538,C101018,Gold,50000,2500,Active,2019-03-20
CARD210539,C107773,Blue,150000,0,Active,2023-06-01
CARD210540,C105049,Blue,75000,1000,Inactive,2020-07-09
CARD210541,C103228,Gold,75000,0,Active,2024-04-17
CARD210542,C108577,Blue,50000,5000,Active,2018-06-24
CARD210543,C104361,Platinum,50000,5000,Active,2019-12-02
CARD210544,C100430,Gold,150000,500,Active,2021-12-15
CARD210545,C109625,Platinum,75000,5000,Active,2022-02-25
CARD210546,C109252,Premium,500000,0,Inactive,2017-11-06
CARD210547,C109021,Gold,300000,1000,Closed,2020-07-01
CARD210548,C109716,Platinum,50000,2500,Active,2021-12-30
CARD210549,C101697,Platinum,200000,2500,Active,2021-08-02
CARD210550,C107012,Blue,150000,500,Closed,2020-08-20
CARD210551,C104474,Blue,100000,0,Active,2019-10-07
CARD210552,C107673,Blue,75000,0,Active,2025-05-26
CARD210553,C105324,Platinum,150000,0,Blocked,2018-11-22
CARD210554,C101413,Premium,300000,500,Blocked,2024-02-11
CARD210555,C100678,Gold,50000,1000,Active,2017-03-10
CARD210556,C102826,Gold,300000,500,Active,2018-03-27
CARD210557,C104916,Blue,150000,0,Active,2017-12-06
CARD210558,C100666,Platinum,50000,500,Blocked,2025-09-27
CARD210559,C101759,Blue,100000,0,Active,2023-08-18
CARD210560,C105990,Blue,50000,1000,Inactive,2024-07-30
CARD210561,C101433,Premium,150000,0,Active,2021-12-17
CARD210562,C109384,Blue,50000,1000,Active,2024-02-15
CARD210563,C103490,Gold,100000,0,Blocked,2018-08-27
CARD210564,C108641,Gold,50000,5000,Active,2019-10-26
CARD210565,C109421,Blue,500000,2500,Active,2019-09-01
CARD210566,C104977,Platinum,100000,500,Inactive,2023-01-20
CARD210567,C101467,Platinum,100000,0,Inactive,2021-06-23
CARD210568,C104610,Gold,75000,1000,Active,2022-03-20
CARD210569,C101671,Blue,150000,5000,Active,2018-08-04
CARD210570,C108364,Platinum,50000,500,Closed,2017-06-26
CARD210571,C103922,Blue,150000,500,Active,2025-10-26
CARD210572,C108926,Platinum,75000,500,Active,2024-03-03
CARD210573,C104896,Platinum,500000,1000,Active,2024-12-04
CARD210574,C108724,Platinum,150000,5000,Active,2026-03-09
CARD210575,C101717,Platinum,300000,500,Active,2021-05-24
CARD210576,C104318,Premium,50000,0,Active,2019-09-19
CARD210577,C109020,Platinum,100000,500,Active,2023-10-12
CARD210578,C101249,Premium,150000,2500,Active,2021-10-20
CARD210579,C100412,Gold,150000,5000,Active,2021-11-10
CARD210580,C107747,Blue,200000,1000,Active,2024-04-16
CARD210581,C106583,Premium,50000,2500,Active,2022-06-23
CARD210582,C100409,Blue,200000,500,Active,2025-06-08
CARD210583,C101859,Gold,150000,0,Active,2023-03-10
CARD210584,C105661,Gold,500000,0,Active,2017-01-14
CARD210585,C108675,Gold,200000,0,Active,2019-09-26
CARD210586,C106494,Blue,100000,500,Active,2022-08-24
CARD210587,C103440,Blue,50000,2500,Inactive,2022-11-24
CARD210588,C109444,Blue,150000,500,Active,2023-06-12
CARD210589,C107313,Premium,150000,500,Active,2019-04-27
CARD210590,C104497,Gold,300000,500,Active,2022-05-09
CARD210591,C109352,Blue,50000,5000,Active,2022-08-05
CARD210592,C106716,Blue,150000,500,Active,2020-05-08
CARD210593,C109409,Blue,500000,1000,Active,2022-12-24
CARD210594,C108753,Gold,50000,5000,Active,2021-11-15
CARD210595,C106325,Blue,50000,1000,Active,2026-03-23
CARD210596,C104178,Blue,50000,1000,Active,2020-04-29
CARD210597,C100110,Premium,50000,500,Active,2018-02-27
CARD210598,C103601,Gold,75000,1000,Closed,2025-08-18
CARD210599,C104667,Blue,150000,1000,Active,2020-07-21
CARD210600,C102639,Platinum,150000,1000,Active,2024-05-14
CARD210601,C108160,Blue,50000,1000,Active,2024-06-23
CARD210602,C105963,Blue,100000,5000,Closed,2022-08-22
CARD210603,C101419,Blue,100000,2500,Active,2019-08-22
CARD210604,C105163,Gold,150000,0,Active,2020-06-27
CARD210605,C105031,Blue,75000,2500,Closed,2021-07-16
CARD210606,C102833,Gold,50000,0,Active,2019-01-31
CARD210607,C102889,Gold,50000,0,Active,2017-04-20
CARD210608,C105007,Blue,50000,0,Active,2019-07-28
CARD210609,C104966,Gold,200000,500,Active,2023-08-24
CARD210610,C104395,Gold,50000,500,Inactive,2020-10-17
CARD210611,C100258,Premium,100000,5000,Active,2022-03-03
CARD210612,C105484,Gold,100000,500,Active,2020-12-10
CARD210613,C100313,Blue,200000,500,Active,2025-01-03
CARD210614,C107146,Platinum,200000,1000,Active,2019-07-20
CARD210615,C105665,Gold,200000,500,Active,2020-10-02
CARD210616,C106028,Blue,150000,5000,Active,2019-07-18
CARD210617,C104306,Blue,150000,0,Active,2025-01-31
CARD210618,C104490,Gold,500000,2500,Active,2022-01-27
CARD210619,C103014,Blue,50000,0,Closed,2025-03-01
CARD210620,C109066,Platinum,100000,500,Active,2024-02-19
CARD210621,C104862,Blue,150000,500,Active,2022-09-15
CARD210622,C100962,Gold,150000,5000,Active,2019-08-19
CARD210623,C103221,Gold,500000,0,Active,2020-12-19
CARD210624,C108488,Premium,200000,500,Active,2024-10-06
CARD210625,C102454,Blue,150000,0,Active,2020-10-09
CARD210626,C106506,Gold,75000,0,Active,2022-08-19
CARD210627,C107862,Gold,300000,0,Active,2018-01-05
CARD210628,C109837,Gold,100000,500,Active,2020-12-31
CARD210629,C107411,Blue,200000,2500,Active,2022-10-16
CARD210630,C104845,Blue,100000,5000,Active,2023-10-25
CARD210631,C109235,Platinum,150000,500,Active,2025-06-18
CARD210632,C107224,Platinum,100000,5000,Active,2019-01-01
CARD210633,C105234,Blue,100000,0,Active,2017-10-07
CARD210634,C101057,Gold,100000,0,Active,2022-08-20
CARD210635,C106316,Blue,200000,500,Active,2017-04-05
CARD210636,C106092,Blue,150000,500,Active,2023-06-29
CARD210637,C103265,Gold,150000,0,Active,2025-01-23
CARD210638,C109312,Blue,100000,2500,Active,2026-01-15
CARD210639,C109690,Gold,100000,1000,Active,2018-10-21
CARD210640,C105604,Blue,200000,500,Active,2021-09-13
CARD210641,C103386,Gold,100000,0,Active,2019-10-02
CARD210642,C100378,Gold,100000,0,Active,2022-08-05
CARD210643,C100681,Blue,75000,0,Inactive,2022-04-21
CARD210644,C100371,Gold,75000,0,Inactive,2023-03-01
CARD210645,C104514,Gold,200000,0,Active,2022-06-13
CARD210646,C108121,Gold,200000,0,Active,2018-02-03
CARD210647,C109210,Platinum,100000,0,Active,2018-05-21
CARD210648,C101128,Blue,75000,2500,Active,2025-07-28
CARD210649,C104365,Gold,200000,1000,Closed,2025-08-07
CARD210650,C100054,Platinum,300000,500,Active,2023-07-09
CARD210651,C103216,Gold,200000,500,Active,2022-01-12
CARD210652,C103559,Gold,100000,2500,Active,2020-12-27
CARD210653,C104649,Gold,100000,500,Active,2021-02-21
CARD210654,C107703,Blue,300000,500,Closed,2017-10-14
CARD210655,C101492,Gold,75000,0,Active,2026-02-05
CARD210656,C107341,Blue,50000,2500,Active,2021-05-17
CARD210657,C107912,Blue,300000,0,Active,2024-04-17
CARD210658,C101353,Platinum,150000,1000,Active,2023-06-07
CARD210659,C106563,Platinum,150000,0,Active,2021-01-28
CARD210660,C100676,Platinum,75000,500,Active,2020-02-02
CARD210661,C103286,Gold,200000,0,Active,2023-01-31
CARD210662,C105414,Blue,150000,1000,Active,2022-08-15
CARD210663,C108829,Gold,100000,1000,Active,2017-06-14
CARD210664,C107206,Premium,150000,1000,Active,2019-03-08
CARD210665,C108915,Platinum,300000,0,Active,2020-08-27
CARD210666,C101884,Platinum,300000,1000,Active,2018-02-10
CARD210667,C107534,Gold,50000,0,Active,2023-04-26
CARD210668,C108137,Gold,50000,0,Active,2025-04-24
CARD210669,C105869,Gold,150000,5000,Active,2019-08-21
CARD210670,C107415,Gold,150000,500,Active,2018-12-06
CARD210671,C109936,Gold,300000,1000,Active,2026-04-20
CARD210672,C103938,Gold,150000,0,Active,2022-11-19
CARD210673,C103163,Gold,200000,0,Active,2024-05-15
CARD210674,C105751,Platinum,200000,5000,Active,2023-01-12
CARD210675,C106043,Blue,100000,0,Active,2026-03-30
CARD210676,C104537,Blue,100000,500,Inactive,2024-11-12
CARD210677,C101491,Blue,150000,2500,Active,2021-05-14
CARD210678,C101645,Gold,150000,2500,Closed,2020-07-18
CARD210679,C105114,Platinum,100000,0,Blocked,2022-07-24
CARD210680,C105259,Platinum,100000,0,Active,2019-07-16
CARD210681,C103751,Gold,50000,0,Active,2017-07-28
CARD210682,C105217,Gold,50000,1000,Active,2017-11-06
CARD210683,C103221,Blue,50000,1000,Active,2025-05-15
CARD210684,C108213,Gold,150000,1000,Closed,2024-05-12
CARD210685,C103829,Platinum,150000,500,Active,2018-08-12
CARD210686,C102076,Platinum,300000,500,Active,2025-07-28
CARD210687,C102624,Gold,50000,500,Active,2019-04-28
CARD210688,C105226,Platinum,500000,2500,Active,2020-09-19
CARD210689,C102784,Blue,100000,0,Active,2021-01-23
CARD210690,C102203,Blue,200000,500,Active,2019-09-18
CARD210691,C107178,Gold,75000,2500,Active,2017-03-13
CARD210692,C109728,Premium,100000,5000,Active,2019-06-16
CARD210693,C103796,Platinum,75000,500,Active,2022-08-07
CARD210694,C105348,Platinum,100000,500,Inactive,2025-06-25
CARD210695,C100253,Gold,100000,1000,Active,2021-01-05
CARD210696,C103606,Premium,100000,2500,Blocked,2020-08-30
CARD210697,C100874,Gold,300000,500,Active,2026-02-20
CARD210698,C106705,Gold,200000,2500,Active,2023-10-24
CARD210699,C105317,Gold,50000,2500,Active,2025-04-09
CARD210700,C108179,Gold,100000,500,Active,2022-10-13
CARD210701,C107096,Gold,100000,0,Active,2021-04-03
CARD210702,C108094,Gold,300000,0,Active,2021-07-21
CARD210703,C101701,Premium,150000,0,Active,2017-12-05
CARD210704,C107972,Premium,300000,500,Active,2019-08-17
CARD210705,C102151,Platinum,100000,0,Closed,2020-08-26
CARD210706,C100170,Blue,150000,1000,Active,2023-10-12
CARD210707,C102622,Blue,75000,500,Closed,2023-06-19
CARD210708,C106049,Premium,50000,2500,Active,2021-01-27
CARD210709,C107554,Platinum,150000,1000,Active,2023-03-21
CARD210710,C100541,Blue,150000,500,Active,2018-04-03
CARD210711,C102470,Gold,300000,0,Active,2018-05-31
CARD210712,C108458,Blue,150000,500,Active,2021-03-02
CARD210713,C102046,Platinum,75000,500,Active,2018-11-04
CARD210714,C108357,Gold,150000,2500,Closed,2025-05-08
CARD210715,C108410,Gold,50000,500,Active,2019-02-08
CARD210716,C103266,Blue,150000,0,Active,2021-07-30
CARD210717,C108235,Blue,75000,1000,Active,2023-02-04
CARD210718,C107430,Premium,100000,500,Active,2024-11-02
CARD210719,C102544,Platinum,50000,500,Blocked,2017-05-21
CARD210720,C102284,Blue,150000,500,Active,2020-12-31
CARD210721,C108533,Blue,150000,500,Active,2017-09-21
CARD210722,C100109,Gold,75000,500,Active,2017-03-24
CARD210723,C100039,Platinum,75000,5000,Active,2019-09-29
CARD210724,C109458,Gold,100000,0,Active,2021-06-17
CARD210725,C101357,Gold,500000,500,Active,2019-07-31
CARD210726,C105516,Premium,300000,500,Active,2017-04-01
CARD210727,C108431,Gold,100000,5000,Active,2019-11-05
CARD210728,C106860,Platinum,200000,0,Active,2018-12-31
CARD210729,C103756,Blue,50000,0,Active,2019-04-01
CARD210730,C107105,Blue,50000,2500,Active,2018-09-20
CARD210731,C108596,Platinum,200000,0,Active,2024-06-08
CARD210732,C100858,Premium,300000,1000,Active,2019-03-20
CARD210733,C102382,Blue,50000,500,Inactive,2024-01-05
CARD210734,C100090,Gold,200000,0,Closed,2019-03-19
CARD210735,C105677,Platinum,50000,2500,Inactive,2023-08-19
CARD210736,C105750,Platinum,100000,500,Active,2025-01-05
CARD210737,C107799,Gold,200000,1000,Active,2019-09-21
CARD210738,C109621,Platinum,100000,0,Active,2020-07-14
CARD210739,C107506,Platinum,200000,1000,Active,2018-11-16
CARD210740,C109654,Gold,100000,0,Active,2024-05-13
CARD210741,C105171,Blue,150000,5000,Blocked,2017-01-30
CARD210742,C103631,Platinum,200000,500,Active,2017-07-02
CARD210743,C103983,Premium,75000,5000,Active,2020-05-12
CARD210744,C109603,Blue,75000,500,Active,2017-12-11
CARD210745,C101960,Platinum,50000,500,Active,2023-11-02
CARD210746,C102438,Blue,100000,0,Active,2018-08-07
CARD210747,C109697,Platinum,50000,0,Active,2025-07-27
CARD210748,C101850,Blue,150000,1000,Active,2019-11-05
CARD210749,C106913,Premium,75000,0,Closed,2018-11-12
CARD210750,C105234,Platinum,500000,5000,Active,2017-04-01
CARD210751,C104299,Platinum,300000,5000,Active,2017-12-10
CARD210752,C104589,Blue,150000,0,Active,2017-03-24
CARD210753,C107214,Blue,300000,2500,Active,2017-01-20
CARD210754,C104501,Gold,500000,2500,Closed,2023-02-02
CARD210755,C108820,Blue,150000,0,Active,2025-05-13
CARD210756,C106099,Blue,100000,2500,Active,2026-03-13
CARD210757,C105469,Platinum,300000,2500,Active,2025-05-01
CARD210758,C103245,Gold,75000,500,Inactive,2022-07-10
CARD210759,C108061,Blue,100000,1000,Active,2025-11-28
CARD210760,C105349,Platinum,150000,0,Active,2022-05-26
CARD210761,C101894,Gold,50000,1000,Active,2018-01-24
CARD210762,C106070,Gold,50000,1000,Blocked,2017-06-05
CARD210763,C101982,Platinum,150000,0,Active,2022-06-16
CARD210764,C101670,Blue,75000,5000,Active,2023-07-30
CARD210765,C100081,Blue,300000,5000,Active,2026-03-03
CARD210766,C100264,Blue,300000,5000,Closed,2023-09-16
CARD210767,C100654,Blue,150000,500,Active,2021-01-30
CARD210768,C104946,Platinum,50000,0,Inactive,2020-11-04
CARD210769,C108119,Premium,100000,1000,Active,2018-10-23
CARD210770,C102421,Blue,150000,1000,Active,2024-04-12
CARD210771,C102801,Platinum,50000,2500,Active,2021-04-19
CARD210772,C100187,Platinum,100000,2500,Active,2021-11-07
CARD210773,C104990,Blue,75000,0,Active,2022-11-06
CARD210774,C109337,Gold,150000,1000,Active,2017-04-25
CARD210775,C107197,Gold,300000,500,Active,2024-11-12
CARD210776,C104601,Blue,300000,5000,Active,2017-01-20
CARD210777,C102322,Gold,50000,500,Inactive,2023-04-09
CARD210778,C109569,Blue,50000,0,Active,2017-09-15
CARD210779,C102793,Gold,200000,500,Active,2024-03-27
CARD210780,C109460,Blue,50000,0,Active,2018-02-23
CARD210781,C107844,Gold,100000,0,Active,2025-06-16
CARD210782,C107418,Gold,150000,5000,Active,2024-05-05
CARD210783,C105539,Gold,100000,1000,Active,2018-04-16
CARD210784,C101337,Blue,100000,0,Active,2025-10-09
CARD210785,C104286,Blue,100000,500,Active,2019-10-15
CARD210786,C108092,Gold,100000,0,Active,2017-08-24
CARD210787,C102023,Blue,100000,2500,Closed,2019-07-22
CARD210788,C104593,Blue,200000,1000,Active,2023-05-06
CARD210789,C106358,Gold,200000,0,Active,2021-09-30
CARD210790,C101291,Premium,150000,0,Active,2022-06-23
CARD210791,C107719,Gold,100000,2500,Inactive,2025-04-02
CARD210792,C108633,Platinum,100000,5000,Active,2017-12-03
CARD210793,C108334,Platinum,200000,5000,Closed,2024-12-09
CARD210794,C105480,Gold,100000,0,Active,2020-08-18
CARD210795,C100805,Gold,75000,500,Active,2023-08-29
CARD210796,C105278,Platinum,150000,0,Active,2022-07-08
CARD210797,C109432,Blue,50000,5000,Active,2017-10-19
CARD210798,C106440,Blue,500000,500,Active,2017-11-23
CARD210799,C109265,Blue,100000,5000,Active,2017-11-27
CARD210800,C103424,Blue,75000,500,Closed,2018-10-17
CARD210801,C107897,Platinum,150000,0,Active,2020-12-30
CARD210802,C107524,Blue,200000,500,Active,2020-05-13
CARD210803,C107855,Gold,200000,5000,Active,2018-06-22
CARD210804,C105155,Gold,75000,2500,Closed,2017-02-19
CARD210805,C109633,Premium,150000,500,Active,2019-07-12
CARD210806,C104315,Gold,150000,500,Active,2023-02-06
CARD210807,C100816,Gold,200000,0,Active,2019-04-09
CARD210808,C104607,Gold,100000,0,Active,2019-09-02
CARD210809,C100748,Blue,50000,0,Active,2020-10-05
CARD210810,C106454,Gold,100000,500,Active,2017-08-31
CARD210811,C104357,Blue,150000,1000,Active,2018-06-18
CARD210812,C101809,Blue,75000,0,Inactive,2017-12-06
CARD210813,C105081,Gold,300000,5000,Active,2025-01-29
CARD210814,C108290,Platinum,75000,500,Active,2019-02-06
CARD210815,C108340,Gold,75000,1000,Active,2021-05-18
CARD210816,C103401,Gold,50000,500,Inactive,2020-06-24
CARD210817,C100638,Gold,75000,2500,Active,2021-04-03
CARD210818,C105812,Gold,200000,5000,Active,2022-10-14
CARD210819,C100608,Gold,200000,2500,Active,2020-03-22
CARD210820,C104541,Premium,75000,500,Active,2025-03-09
CARD210821,C107614,Gold,300000,5000,Blocked,2018-02-22
CARD210822,C100599,Platinum,150000,500,Active,2025-10-21
CARD210823,C100712,Blue,150000,0,Active,2022-01-03
CARD210824,C102083,Blue,75000,0,Blocked,2023-06-02
CARD210825,C104234,Blue,300000,5000,Active,2019-11-28
CARD210826,C109378,Gold,150000,5000,Active,2022-07-31
CARD210827,C102740,Platinum,75000,5000,Active,2019-12-11
CARD210828,C101067,Gold,100000,2500,Active,2017-04-18
CARD210829,C101025,Platinum,50000,1000,Active,2020-06-14
CARD210830,C105748,Blue,50000,2500,Inactive,2017-02-24
CARD210831,C100382,Gold,75000,500,Active,2023-05-02
CARD210832,C101774,Gold,100000,500,Active,2018-05-05
CARD210833,C102024,Blue,200000,2500,Active,2023-10-05
CARD210834,C109002,Gold,150000,0,Blocked,2017-11-05
CARD210835,C108573,Platinum,150000,1000,Active,2019-05-19
CARD210836,C106096,Platinum,50000,500,Active,2021-04-29
CARD210837,C105091,Gold,75000,1000,Active,2022-09-05
CARD210838,C107984,Gold,100000,5000,Active,2021-04-20
CARD210839,C105408,Premium,300000,2500,Active,2023-05-22
CARD210840,C102678,Platinum,150000,500,Active,2026-04-08
CARD210841,C106731,Blue,75000,1000,Active,2020-09-18
CARD210842,C105352,Platinum,50000,1000,Active,2025-08-09
CARD210843,C101293,Blue,50000,0,Active,2021-06-15
CARD210844,C107917,Blue,75000,500,Inactive,2018-05-04
CARD210845,C103132,Premium,150000,0,Active,2020-09-09
CARD210846,C107931,Blue,75000,500,Active,2025-08-11
CARD210847,C106652,Platinum,50000,500,Closed,2021-01-21
CARD210848,C104016,Gold,150000,1000,Active,2024-11-02
CARD210849,C101046,Platinum,75000,0,Blocked,2020-01-04
CARD210850,C107770,Gold,75000,500,Active,2023-09-26
CARD210851,C109515,Platinum,500000,500,Active,2021-11-03
CARD210852,C104907,Premium,200000,0,Active,2021-06-29
CARD210853,C104796,Platinum,200000,1000,Inactive,2022-06-19
CARD210854,C102104,Blue,50000,1000,Active,2025-09-14
CARD210855,C108905,Platinum,500000,500,Closed,2024-05-31
CARD210856,C100286,Gold,100000,0,Active,2018-10-18
CARD210857,C105890,Blue,50000,2500,Active,2023-02-17
CARD210858,C102444,Platinum,100000,1000,Active,2017-07-30
CARD210859,C109339,Gold,50000,1000,Inactive,2023-12-26
CARD210860,C107501,Blue,100000,5000,Inactive,2024-03-18
CARD210861,C106453,Gold,75000,2500,Active,2018-09-17
CARD210862,C100095,Premium,75000,2500,Active,2021-07-02
CARD210863,C107475,Platinum,50000,2500,Active,2020-01-07
CARD210864,C106066,Blue,75000,1000,Inactive,2021-05-13
CARD210865,C108008,Platinum,100000,2500,Active,2021-05-04
CARD210866,C104143,Blue,300000,5000,Active,2020-08-05
CARD210867,C102120,Gold,75000,500,Active,2017-04-25
CARD210868,C101359,Blue,200000,500,Active,2026-04-11
CARD210869,C104648,Blue,200000,5000,Active,2020-01-04
CARD210870,C102319,Premium,150000,5000,Active,2020-11-04
CARD210871,C100297,Gold,100000,2500,Active,2019-06-08
CARD210872,C109431,Platinum,100000,1000,Active,2019-02-03
CARD210873,C105435,Gold,300000,1000,Active,2022-12-06
CARD210874,C102806,Blue,500000,500,Inactive,2021-01-31
CARD210875,C106205,Gold,200000,0,Active,2020-03-05
CARD210876,C103292,Gold,300000,0,Active,2022-07-14
CARD210877,C104214,Blue,200000,0,Active,2020-10-14
CARD210878,C104739,Blue,200000,0,Inactive,2017-06-03
CARD210879,C107724,Gold,75000,500,Active,2025-06-03
CARD210880,C101238,Platinum,100000,5000,Active,2020-06-27
CARD210881,C103730,Blue,75000,500,Active,2023-07-26
CARD210882,C103683,Gold,200000,1000,Active,2020-03-01
CARD210883,C100315,Blue,100000,500,Active,2017-04-12
CARD210884,C108532,Platinum,200000,0,Closed,2022-05-22
CARD210885,C101229,Platinum,100000,500,Active,2020-06-11
CARD210886,C108191,Gold,50000,500,Active,2022-08-06
CARD210887,C106685,Gold,300000,500,Active,2021-09-22
CARD210888,C104142,Blue,100000,500,Active,2020-10-02
CARD210889,C102882,Premium,75000,0,Active,2023-08-31
CARD210890,C102927,Gold,150000,1000,Active,2024-05-08
CARD210891,C101997,Blue,75000,2500,Blocked,2022-12-06
CARD210892,C103700,Platinum,50000,2500,Active,2023-07-07
CARD210893,C105713,Platinum,50000,0,Blocked,2020-06-25
CARD210894,C104011,Blue,500000,0,Active,2025-10-23
CARD210895,C108043,Gold,200000,0,Active,2024-08-19
CARD210896,C103784,Gold,200000,0,Active,2023-07-15
CARD210897,C105905,Gold,100000,1000,Active,2025-03-24
CARD210898,C104320,Platinum,150000,0,Active,2025-04-19
CARD210899,C103886,Platinum,75000,500,Active,2023-07-31
CARD210900,C102334,Platinum,100000,500,Active,2019-12-12
CARD210901,C103940,Gold,150000,1000,Closed,2017-07-31
CARD210902,C108627,Platinum,200000,5000,Inactive,2025-08-21
CARD210903,C103338,Blue,300000,2500,Active,2025-01-01
CARD210904,C107722,Blue,200000,500,Active,2023-10-24
CARD210905,C109829,Gold,500000,2500,Active,2018-10-09
CARD210906,C104588,Gold,300000,0,Active,2019-12-17
CARD210907,C101220,Blue,75000,1000,Active,2024-06-01
CARD210908,C101343,Gold,75000,0,Active,2022-07-01
CARD210909,C100769,Blue,100000,500,Active,2018-09-06
CARD210910,C108347,Blue,50000,1000,Closed,2025-09-13
CARD210911,C102483,Blue,200000,2500,Active,2024-06-25
CARD210912,C106085,Platinum,100000,5000,Active,2023-12-14
CARD210913,C103623,Blue,75000,5000,Active,2019-01-25
CARD210914,C100036,Gold,100000,2500,Inactive,2023-03-14
CARD210915,C102797,Gold,150000,0,Active,2022-11-18
CARD210916,C106279,Blue,100000,2500,Inactive,2024-10-21
CARD210917,C105626,Blue,100000,1000,Active,2023-03-18
CARD210918,C107512,Blue,100000,500,Inactive,2019-05-05
CARD210919,C107490,Premium,75000,500,Active,2023-03-23
CARD210920,C108993,Blue,100000,1000,Active,2026-04-09
CARD210921,C105875,Gold,200000,500,Active,2025-03-19
CARD210922,C107548,Blue,300000,2500,Active,2017-02-12
CARD210923,C100923,Platinum,50000,5000,Active,2018-02-13
CARD210924,C104629,Gold,500000,2500,Inactive,2025-09-15
CARD210925,C107166,Premium,100000,500,Active,2023-03-20
CARD210926,C103008,Premium,200000,2500,Closed,2021-08-24
CARD210927,C101955,Premium,150000,1000,Active,2023-03-23
CARD210928,C102299,Blue,200000,0,Active,2025-12-09
CARD210929,C106468,Gold,75000,0,Active,2026-03-20
CARD210930,C108356,Platinum,75000,0,Active,2018-03-01
CARD210931,C107308,Blue,50000,0,Active,2017-06-24
CARD210932,C101434,Blue,75000,2500,Active,2025-04-21
CARD210933,C104970,Gold,150000,0,Closed,2017-12-08
CARD210934,C105763,Platinum,150000,2500,Active,2022-12-09
CARD210935,C106674,Platinum,150000,0,Active,2020-06-26
CARD210936,C103299,Platinum,500000,5000,Active,2025-10-18
CARD210937,C101500,Blue,75000,500,Active,2018-08-01
CARD210938,C102764,Platinum,75000,0,Active,2017-02-05
CARD210939,C103234,Blue,75000,0,Active,2020-06-20
CARD210940,C104112,Premium,200000,0,Active,2022-08-17
CARD210941,C106303,Gold,50000,0,Closed,2024-06-17
CARD210942,C106684,Platinum,100000,2500,Active,2023-09-20
CARD210943,C100791,Premium,150000,0,Active,2025-01-27
CARD210944,C108690,Gold,50000,500,Active,2023-07-23
CARD210945,C102731,Blue,300000,2500,Closed,2017-11-25
CARD210946,C107586,Blue,500000,1000,Active,2025-10-26
CARD210947,C106199,Blue,200000,2500,Active,2023-09-09
CARD210948,C108393,Gold,100000,0,Active,2018-09-06
CARD210949,C106445,Premium,150000,2500,Active,2024-01-12
CARD210950,C103158,Platinum,50000,1000,Active,2021-10-20
CARD210951,C106319,Premium,200000,0,Active,2017-06-13
CARD210952,C106693,Blue,50000,2500,Closed,2023-05-24
CARD210953,C104066,Blue,150000,1000,Active,2026-04-15
CARD210954,C105529,Blue,50000,0,Blocked,2021-02-15
CARD210955,C104655,Gold,200000,2500,Active,2022-10-07
CARD210956,C106250,Platinum,150000,5000,Active,2019-10-13
CARD210957,C102314,Platinum,75000,1000,Active,2022-07-12
CARD210958,C104535,Blue,50000,2500,Active,2021-06-24
CARD210959,C104605,Gold,75000,2500,Active,2017-04-03
CARD210960,C104401,Blue,500000,5000,Active,2022-06-28
CARD210961,C108730,Blue,75000,0,Active,2022-07-14
CARD210962,C100590,Platinum,100000,500,Inactive,2024-09-09
CARD210963,C102979,Platinum,75000,500,Active,2018-08-26
CARD210964,C105101,Gold,150000,1000,Active,2020-01-09
CARD210965,C104543,Blue,200000,1000,Inactive,2025-03-07
CARD210966,C107844,Blue,300000,500,Active,2021-03-19
CARD210967,C104747,Premium,100000,5000,Closed,2024-03-20
CARD210968,C104110,Gold,100000,5000,Active,2018-11-10
CARD210969,C105137,Platinum,75000,0,Active,2024-03-19
CARD210970,C108731,Gold,200000,500,Active,2022-08-24
CARD210971,C105675,Gold,500000,0,Blocked,2018-11-27
CARD210972,C100508,Gold,100000,1000,Active,2022-05-11
CARD210973,C109200,Platinum,200000,2500,Active,2024-11-02
CARD210974,C109492,Premium,200000,1000,Active,2022-06-09
CARD210975,C100094,Gold,200000,500,Active,2020-11-30
CARD210976,C103052,Premium,150000,5000,Active,2018-04-15
CARD210977,C105582,Platinum,100000,2500,Inactive,2021-09-14
CARD210978,C100023,Platinum,150000,2500,Active,2022-03-06
CARD210979,C101410,Premium,50000,1000,Active,2021-05-08
CARD210980,C107216,Blue,500000,0,Active,2024-02-26
CARD210981,C109915,Blue,75000,1000,Active,2024-08-23
CARD210982,C100771,Blue,75000,1000,Active,2018-12-20
CARD210983,C101375,Gold,150000,5000,Active,2018-12-30
CARD210984,C107966,Platinum,150000,2500,Active,2018-11-23
CARD210985,C108264,Blue,50000,0,Active,2023-03-17
CARD210986,C107517,Gold,150000,2500,Inactive,2023-11-09
CARD210987,C105130,Gold,150000,500,Active,2019-01-30
CARD210988,C101983,Gold,100000,500,Active,2025-01-05
CARD210989,C106605,Blue,150000,5000,Active,2026-04-18
CARD210990,C106508,Blue,50000,0,Active,2024-04-30
CARD210991,C109537,Blue,300000,0,Active,2025-05-06
CARD210992,C109477,Blue,500000,500,Active,2020-04-23
CARD210993,C109721,Blue,150000,500,Active,2019-04-09
CARD210994,C109491,Gold,150000,5000,Active,2020-12-31
CARD210995,C107264,Gold,200000,1000,Active,2021-12-11
CARD210996,C109711,Gold,300000,1000,Blocked,2021-10-30
CARD210997,C101295,Platinum,75000,1000,Active,2019-06-29
CARD210998,C108584,Blue,100000,0,Active,2020-11-29
CARD210999,C108685,Gold,100000,500,Active,2017-01-15
CARD211000,C105804,Blue,75000,1000,Active,2017-03-04
CARD211001,C104771,Gold,100000,2500,Blocked,2023-06-11
CARD211002,C103281,Platinum,300000,0,Active,2020-01-19
CARD211003,C108789,Gold,50000,0,Active,2017-07-02
CARD211004,C101831,Gold,75000,0,Active,2024-06-22
CARD211005,C100104,Gold,150000,2500,Active,2021-06-05
CARD211006,C104464,Gold,75000,500,Active,2019-05-18
CARD211007,C100960,Platinum,75000,5000,Active,2026-02-15
CARD211008,C103904,Gold,300000,2500,Active,2024-04-25
CARD211009,C106752,Blue,100000,2500,Active,2025-02-10
CARD211010,C106620,Platinum,75000,2500,Active,2024-11-23
CARD211011,C101036,Blue,150000,0,Inactive,2019-03-09
CARD211012,C105138,Gold,50000,0,Active,2023-06-23
CARD211013,C100612,Gold,75000,1000,Active,2025-05-21
CARD211014,C109475,Gold,150000,0,Active,2022-04-18
CARD211015,C104847,Platinum,75000,1000,Inactive,2017-08-22
CARD211016,C101771,Blue,300000,0,Inactive,2022-04-03
CARD211017,C100514,Gold,75000,5000,Active,2019-04-16
CARD211018,C106873,Gold,100000,500,Active,2020-06-05
CARD211019,C101966,Gold,200000,1000,Active,2023-01-22
CARD211020,C107692,Blue,300000,1000,Active,2021-11-29
CARD211021,C104904,Gold,50000,5000,Active,2020-02-01
CARD211022,C102769,Premium,150000,2500,Active,2019-09-29
CARD211023,C109827,Blue,200000,2500,Active,2025-10-26
CARD211024,C102612,Platinum,300000,500,Active,2023-04-19
CARD211025,C101916,Platinum,50000,500,Active,2021-10-29
CARD211026,C109387,Premium,500000,500,Active,2021-09-29
CARD211027,C101483,Blue,50000,500,Blocked,2017-09-10
CARD211028,C108835,Platinum,200000,2500,Active,2023-06-29
CARD211029,C101801,Blue,75000,500,Active,2020-02-04
CARD211030,C101420,Gold,150000,1000,Active,2024-04-14
CARD211031,C106441,Gold,100000,0,Active,2019-05-23
CARD211032,C107980,Platinum,100000,5000,Active,2022-10-07
CARD211033,C108084,Blue,100000,5000,Active,2024-03-26
CARD211034,C109249,Blue,200000,1000,Active,2018-06-16
CARD211035,C100070,Premium,100000,5000,Active,2023-02-28
CARD211036,C100769,Gold,300000,2500,Active,2021-12-12
CARD211037,C107625,Gold,75000,0,Closed,2018-07-01
CARD211038,C103892,Blue,50000,5000,Active,2023-09-24
CARD211039,C105728,Premium,75000,500,Active,2022-10-22
CARD211040,C107199,Platinum,500000,0,Active,2022-01-23
CARD211041,C104140,Premium,150000,5000,Active,2018-01-20
CARD211042,C107652,Blue,150000,0,Active,2017-01-22
CARD211043,C107500,Blue,500000,1000,Active,2019-03-22
CARD211044,C104700,Platinum,100000,5000,Active,2020-06-28
CARD211045,C106512,Platinum,100000,5000,Active,2018-02-10
CARD211046,C108712,Platinum,50000,2500,Active,2023-09-17
CARD211047,C100069,Blue,75000,5000,Active,2019-05-01
CARD211048,C108148,Gold,100000,500,Active,2017-12-07
CARD211049,C100671,Blue,50000,5000,Active,2017-06-15
CARD211050,C104162,Gold,300000,0,Closed,2022-06-10
CARD211051,C102524,Premium,150000,0,Active,2022-12-12
CARD211052,C100459,Platinum,300000,0,Active,2018-05-08
CARD211053,C106364,Blue,200000,1000,Active,2021-11-10
CARD211054,C103366,Gold,150000,0,Active,2023-08-03
CARD211055,C101424,Gold,200000,0,Active,2022-12-26
CARD211056,C106567,Gold,200000,500,Active,2022-03-15
CARD211057,C101569,Blue,100000,500,Active,2020-07-13
CARD211058,C102449,Gold,200000,0,Active,2025-10-30
CARD211059,C102901,Gold,300000,0,Active,2017-07-20
CARD211060,C108005,Blue,200000,0,Active,2017-01-31
CARD211061,C107410,Blue,150000,0,Active,2024-08-15
CARD211062,C103778,Gold,200000,500,Active,2020-02-27
CARD211063,C105118,Gold,75000,500,Active,2020-07-28
CARD211064,C101943,Blue,100000,2500,Active,2020-07-15
CARD211065,C101794,Platinum,150000,500,Active,2025-04-01
CARD211066,C100475,Platinum,75000,500,Active,2022-06-02
CARD211067,C104988,Blue,150000,500,Active,2020-07-15
CARD211068,C109737,Platinum,200000,0,Active,2025-11-01
CARD211069,C100105,Gold,50000,0,Active,2022-11-17
CARD211070,C100457,Blue,150000,5000,Active,2024-02-23
CARD211071,C107384,Platinum,50000,500,Closed,2025-10-29
CARD211072,C108700,Gold,50000,5000,Closed,2024-05-17
CARD211073,C105800,Gold,75000,1000,Active,2025-03-30
CARD211074,C109807,Blue,75000,500,Active,2019-02-23
CARD211075,C102375,Platinum,300000,5000,Inactive,2021-10-12
CARD211076,C101899,Blue,150000,0,Active,2018-10-21
CARD211077,C104530,Blue,50000,5000,Active,2017-04-25
CARD211078,C102358,Platinum,500000,500,Active,2020-10-18
CARD211079,C100108,Blue,100000,2500,Active,2019-03-08
CARD211080,C100995,Premium,150000,2500,Active,2019-10-30
CARD211081,C100681,Blue,200000,500,Active,2024-06-08
CARD211082,C102699,Blue,200000,0,Active,2024-01-07
CARD211083,C103625,Gold,150000,2500,Active,2020-02-22
CARD211084,C100848,Gold,150000,1000,Active,2021-04-23
CARD211085,C108244,Blue,50000,0,Active,2022-11-03
CARD211086,C106752,Blue,50000,2500,Active,2024-02-05
CARD211087,C103524,Blue,75000,1000,Active,2024-08-26
CARD211088,C107963,Premium,150000,2500,Active,2018-01-18
CARD211089,C103358,Blue,300000,500,Inactive,2025-05-31
CARD211090,C105805,Premium,75000,0,Active,2025-04-21
CARD211091,C102269,Gold,300000,0,Active,2022-04-22
CARD211092,C107867,Gold,75000,1000,Active,2021-10-01
CARD211093,C101022,Platinum,200000,5000,Active,2025-02-16
CARD211094,C108216,Blue,100000,2500,Active,2026-03-25
CARD211095,C107554,Premium,100000,500,Active,2019-02-06
CARD211096,C106137,Platinum,200000,2500,Active,2021-07-06
CARD211097,C100775,Platinum,300000,500,Active,2019-10-11
CARD211098,C107466,Gold,75000,1000,Active,2019-03-18
CARD211099,C102681,Gold,200000,500,Active,2018-08-26
CARD211100,C102474,Gold,500000,1000,Active,2018-07-18
CARD211101,C100582,Blue,100000,1000,Active,2022-03-31
CARD211102,C108041,Blue,50000,5000,Active,2022-11-25
CARD211103,C107144,Platinum,150000,500,Active,2021-11-30
CARD211104,C109478,Gold,75000,500,Active,2024-06-02
CARD211105,C103031,Blue,50000,0,Active,2021-06-11
CARD211106,C108345,Platinum,150000,2500,Active,2025-07-23
CARD211107,C102133,Blue,100000,5000,Active,2019-12-28
CARD211108,C102915,Premium,100000,5000,Active,2018-08-01
CARD211109,C109858,Platinum,300000,500,Active,2020-12-12
CARD211110,C103370,Platinum,50000,500,Active,2018-10-09
CARD211111,C106551,Gold,100000,0,Closed,2024-03-26
CARD211112,C102192,Gold,200000,5000,Active,2021-03-05
CARD211113,C100079,Blue,150000,0,Closed,2018-04-28
CARD211114,C102913,Premium,150000,2500,Active,2019-03-23
CARD211115,C109044,Gold,200000,1000,Active,2019-02-11
CARD211116,C106986,Gold,100000,1000,Active,2024-07-10
CARD211117,C101516,Blue,100000,1000,Active,2019-10-06
CARD211118,C102137,Blue,100000,500,Closed,2020-01-16
CARD211119,C103283,Platinum,75000,500,Active,2024-07-23
CARD211120,C108190,Gold,100000,1000,Active,2020-11-17
CARD211121,C102519,Gold,100000,5000,Active,2018-12-02
CARD211122,C108386,Blue,100000,500,Active,2017-02-02
CARD211123,C101391,Premium,300000,500,Closed,2018-08-25
CARD211124,C101108,Gold,100000,0,Active,2017-06-16
CARD211125,C108941,Gold,100000,1000,Inactive,2023-09-13
CARD211126,C102049,Premium,100000,5000,Active,2022-06-01
CARD211127,C109781,Gold,100000,500,Active,2023-05-04
CARD211128,C101090,Premium,100000,0,Inactive,2024-12-26
CARD211129,C109329,Blue,300000,500,Active,2021-11-09
CARD211130,C106478,Gold,75000,500,Blocked,2021-03-05
CARD211131,C103154,Gold,100000,0,Active,2025-03-16
CARD211132,C102722,Blue,100000,1000,Active,2025-04-15
CARD211133,C100614,Gold,150000,1000,Active,2021-08-23
CARD211134,C103984,Platinum,150000,0,Inactive,2017-05-31
CARD211135,C106439,Blue,75000,500,Closed,2023-07-06
CARD211136,C100882,Gold,100000,1000,Active,2025-04-23
CARD211137,C105443,Premium,75000,5000,Inactive,2019-10-10
CARD211138,C108135,Gold,50000,0,Active,2022-06-15
CARD211139,C101784,Gold,75000,2500,Active,2021-01-02
CARD211140,C106179,Platinum,50000,0,Active,2020-02-29
CARD211141,C103173,Blue,50000,500,Active,2018-01-25
CARD211142,C109179,Platinum,75000,2500,Active,2017-12-08
CARD211143,C106504,Platinum,100000,5000,Active,2019-07-17
CARD211144,C104447,Premium,75000,2500,Active,2019-03-16
CARD211145,C107285,Blue,100000,0,Active,2025-03-21
CARD211146,C102807,Blue,75000,500,Active,2024-09-15
CARD211147,C102844,Blue,200000,0,Active,2018-03-29
CARD211148,C105488,Gold,50000,500,Active,2026-03-02
CARD211149,C100195,Blue,200000,500,Active,2025-04-22
CARD211150,C107584,Gold,50000,5000,Active,2017-08-31
CARD211151,C105034,Blue,500000,0,Closed,2020-05-30
CARD211152,C107357,Platinum,200000,2500,Active,2018-06-16
CARD211153,C108318,Premium,300000,500,Active,2023-08-11
CARD211154,C104119,Blue,50000,2500,Active,2020-06-07
CARD211155,C109904,Blue,150000,0,Active,2018-11-09
CARD211156,C103717,Blue,50000,500,Blocked,2026-02-07
CARD211157,C102715,Premium,100000,500,Inactive,2020-01-10
CARD211158,C104485,Gold,500000,2500,Active,2018-03-24
CARD211159,C108238,Blue,100000,1000,Active,2019-11-11
CARD211160,C102160,Gold,150000,5000,Inactive,2025-09-24
CARD211161,C108799,Platinum,150000,0,Active,2018-06-29
CARD211162,C109388,Platinum,100000,5000,Active,2019-10-27
CARD211163,C105099,Gold,50000,0,Active,2018-12-13
CARD211164,C102869,Blue,300000,500,Active,2021-05-13
CARD211165,C100159,Premium,150000,0,Blocked,2019-01-01
CARD211166,C104190,Platinum,500000,500,Active,2019-10-03
CARD211167,C101459,Blue,150000,2500,Active,2024-04-20
CARD211168,C109484,Gold,50000,500,Active,2023-08-12
CARD211169,C108823,Blue,100000,2500,Active,2024-12-15
CARD211170,C107571,Gold,75000,1000,Active,2017-09-12
CARD211171,C100776,Premium,300000,500,Active,2023-12-31
CARD211172,C106057,Blue,75000,5000,Active,2024-11-07
CARD211173,C101257,Blue,100000,2500,Closed,2023-05-28
CARD211174,C102611,Gold,300000,5000,Active,2021-08-09
CARD211175,C109651,Blue,50000,500,Closed,2025-02-10
CARD211176,C105158,Blue,200000,5000,Active,2018-02-11
CARD211177,C108358,Blue,150000,0,Active,2022-01-16
CARD211178,C103351,Gold,100000,5000,Blocked,2019-06-13
CARD211179,C107232,Blue,50000,500,Active,2021-02-27
CARD211180,C102379,Premium,200000,0,Closed,2018-01-03
CARD211181,C104615,Premium,50000,2500,Active,2019-02-27
CARD211182,C105260,Gold,200000,2500,Active,2022-04-07
CARD211183,C102696,Blue,150000,1000,Inactive,2021-03-01
CARD211184,C103930,Blue,75000,500,Active,2025-08-21
CARD211185,C104991,Gold,150000,2500,Active,2024-09-10
CARD211186,C100238,Gold,150000,0,Active,2019-04-15
CARD211187,C105907,Blue,100000,2500,Active,2026-01-14
CARD211188,C106198,Platinum,200000,1000,Active,2025-08-20
CARD211189,C103381,Platinum,500000,1000,Active,2017-08-11
CARD211190,C106830,Blue,200000,1000,Active,2019-05-12
CARD211191,C109588,Platinum,50000,0,Active,2024-01-02
CARD211192,C103231,Platinum,100000,0,Active,2018-07-05
CARD211193,C104085,Platinum,300000,1000,Closed,2023-09-13
CARD211194,C101705,Platinum,100000,500,Active,2025-01-06
CARD211195,C108784,Blue,75000,0,Active,2022-01-21
CARD211196,C101117,Gold,75000,1000,Active,2022-01-22
CARD211197,C109215,Blue,200000,500,Active,2022-10-02
CARD211198,C108582,Blue,75000,500,Active,2020-04-04
CARD211199,C100413,Blue,100000,1000,Active,2023-01-23
CARD211200,C109104,Gold,150000,0,Active,2023-06-29
CARD211201,C107051,Platinum,500000,5000,Active,2019-02-20
CARD211202,C106992,Blue,150000,0,Active,2021-04-08
CARD211203,C105790,Gold,500000,2500,Active,2020-09-30
CARD211204,C109617,Platinum,75000,500,Active,2017-08-20
CARD211205,C108117,Gold,300000,2500,Active,2021-06-24
CARD211206,C105303,Blue,75000,1000,Active,2023-03-08
CARD211207,C101134,Gold,75000,500,Active,2021-11-15
CARD211208,C103993,Blue,500000,2500,Inactive,2023-04-27
CARD211209,C108487,Gold,100000,0,Active,2020-06-03
CARD211210,C105330,Gold,100000,5000,Active,2021-08-26
CARD211211,C104658,Blue,150000,2500,Closed,2017-05-27
CARD211212,C107196,Blue,200000,5000,Blocked,2022-03-14
CARD211213,C109854,Blue,100000,5000,Active,2022-02-23
CARD211214,C102273,Platinum,200000,0,Active,2017-03-22
CARD211215,C104902,Blue,150000,5000,Active,2020-03-19
CARD211216,C105734,Platinum,300000,1000,Active,2019-07-19
CARD211217,C104665,Premium,300000,1000,Active,2025-12-12
CARD211218,C103023,Gold,150000,0,Active,2018-10-23
CARD211219,C107474,Platinum,200000,0,Active,2024-11-18
CARD211220,C106632,Gold,50000,0,Active,2024-08-01
CARD211221,C109604,Blue,200000,0,Active,2018-10-06
CARD211222,C105917,Blue,500000,500,Active,2018-09-27
CARD211223,C102198,Premium,100000,2500,Active,2024-04-26
CARD211224,C103961,Platinum,100000,1000,Active,2024-02-05
CARD211225,C107014,Premium,150000,0,Active,2022-07-26
CARD211226,C100531,Gold,75000,2500,Active,2022-05-11
CARD211227,C105855,Blue,50000,1000,Closed,2022-05-27
CARD211228,C103001,Blue,300000,0,Active,2020-08-15
CARD211229,C100948,Platinum,50000,500,Inactive,2022-04-06
CARD211230,C108481,Blue,150000,0,Inactive,2023-12-06
CARD211231,C102935,Gold,100000,500,Active,2026-01-24
CARD211232,C106827,Platinum,50000,0,Inactive,2021-03-09
CARD211233,C105560,Platinum,75000,1000,Active,2020-12-05
CARD211234,C107301,Gold,200000,2500,Active,2023-10-31
CARD211235,C105217,Gold,50000,500,Active,2025-04-13
CARD211236,C109375,Gold,75000,1000,Active,2024-09-04
CARD211237,C107541,Gold,200000,5000,Inactive,2024-07-15
CARD211238,C107311,Blue,500000,1000,Active,2019-07-27
CARD211239,C108295,Blue,150000,0,Active,2017-06-16
CARD211240,C104602,Blue,150000,5000,Active,2024-09-01
CARD211241,C106801,Blue,100000,0,Active,2021-01-22
CARD211242,C105506,Blue,200000,500,Active,2021-07-15
CARD211243,C101038,Platinum,75000,2500,Active,2023-04-16
CARD211244,C106160,Gold,50000,500,Active,2023-09-12
CARD211245,C106384,Premium,200000,2500,Closed,2026-01-26
CARD211246,C109069,Platinum,300000,1000,Active,2025-12-21
CARD211247,C106520,Platinum,300000,2500,Active,2024-12-14
CARD211248,C100399,Gold,100000,500,Active,2018-11-06
CARD211249,C103967,Gold,300000,5000,Active,2023-05-25
CARD211250,C104111,Blue,50000,500,Active,2023-05-28
CARD211251,C106612,Gold,50000,500,Active,2021-08-10
CARD211252,C100768,Gold,150000,500,Active,2025-12-27
CARD211253,C105673,Gold,150000,0,Blocked,2024-09-23
CARD211254,C103509,Gold,75000,0,Active,2017-12-04
CARD211255,C102190,Platinum,150000,0,Active,2020-08-09
CARD211256,C102433,Gold,50000,2500,Active,2020-10-04
CARD211257,C108313,Blue,300000,0,Active,2018-12-10
CARD211258,C105714,Blue,150000,2500,Active,2018-12-16
CARD211259,C105538,Platinum,300000,5000,Active,2025-01-07
CARD211260,C100979,Premium,150000,0,Active,2023-05-29
CARD211261,C108790,Platinum,200000,0,Active,2022-01-22
CARD211262,C103783,Gold,500000,2500,Active,2017-05-02
CARD211263,C103779,Platinum,100000,5000,Active,2025-06-11
CARD211264,C108433,Platinum,100000,2500,Blocked,2025-11-29
CARD211265,C109591,Blue,100000,500,Active,2022-07-08
CARD211266,C109308,Blue,100000,500,Active,2018-10-21
CARD211267,C100315,Platinum,75000,0,Active,2024-10-05
CARD211268,C104104,Platinum,300000,500,Closed,2024-01-19
CARD211269,C101321,Blue,150000,500,Active,2018-05-10
CARD211270,C106275,Blue,150000,2500,Active,2026-02-04
CARD211271,C109242,Premium,50000,5000,Blocked,2025-06-17
CARD211272,C108418,Gold,300000,500,Closed,2020-09-26
CARD211273,C101935,Platinum,50000,5000,Active,2021-03-03
CARD211274,C103908,Blue,150000,2500,Active,2022-08-01
CARD211275,C105795,Gold,300000,2500,Active,2024-06-17
CARD211276,C102308,Gold,50000,5000,Active,2024-12-18
CARD211277,C103016,Blue,200000,0,Active,2025-02-14
CARD211278,C107197,Blue,200000,500,Active,2019-01-25
CARD211279,C109747,Platinum,150000,5000,Active,2020-06-05
CARD211280,C103525,Blue,100000,1000,Inactive,2023-04-29
CARD211281,C107567,Gold,200000,0,Active,2025-09-22
CARD211282,C105766,Gold,300000,2500,Active,2025-06-12
CARD211283,C104722,Gold,75000,5000,Active,2017-11-30
CARD211284,C105767,Platinum,50000,500,Active,2018-05-23
CARD211285,C101416,Platinum,50000,2500,Active,2023-10-04
CARD211286,C108084,Gold,500000,500,Active,2022-06-12
CARD211287,C105766,Gold,150000,5000,Active,2017-02-24
CARD211288,C103398,Platinum,150000,0,Active,2025-06-10
CARD211289,C103054,Premium,75000,500,Blocked,2019-03-01
CARD211290,C105730,Platinum,100000,500,Active,2026-04-09
CARD211291,C105966,Gold,150000,1000,Active,2019-10-09
CARD211292,C107181,Premium,75000,0,Active,2022-03-10
CARD211293,C104800,Blue,150000,0,Active,2021-04-11
CARD211294,C108120,Platinum,50000,2500,Active,2021-08-06
CARD211295,C104719,Blue,200000,0,Active,2021-11-17
CARD211296,C108647,Gold,75000,1000,Active,2019-02-01
CARD211297,C100850,Blue,500000,1000,Active,2022-06-20
CARD211298,C108063,Gold,500000,5000,Active,2020-07-24
CARD211299,C109705,Blue,50000,5000,Active,2020-07-27
CARD211300,C106990,Blue,100000,0,Blocked,2023-11-27
CARD211301,C107752,Gold,100000,0,Active,2021-08-16
CARD211302,C109429,Premium,150000,0,Active,2022-06-16
CARD211303,C108461,Blue,150000,2500,Active,2021-04-16
CARD211304,C105758,Blue,200000,1000,Active,2024-10-24
CARD211305,C108455,Blue,150000,0,Active,2019-01-05
CARD211306,C106898,Gold,75000,500,Active,2020-07-14
CARD211307,C105778,Blue,150000,1000,Inactive,2021-03-24
CARD211308,C104515,Blue,300000,500,Active,2023-01-30
CARD211309,C101402,Gold,50000,1000,Active,2021-02-14
CARD211310,C108739,Blue,50000,0,Inactive,2018-11-03
CARD211311,C107486,Gold,75000,1000,Active,2026-04-14
CARD211312,C109892,Blue,200000,2500,Active,2017-10-13
CARD211313,C102487,Platinum,500000,1000,Active,2023-02-14
CARD211314,C100404,Blue,75000,0,Active,2018-03-07
CARD211315,C109180,Gold,100000,0,Active,2020-12-20
CARD211316,C106479,Blue,300000,5000,Active,2024-04-28
CARD211317,C101964,Platinum,150000,0,Active,2018-08-07
CARD211318,C108564,Blue,100000,0,Active,2026-03-12
CARD211319,C101519,Blue,150000,0,Inactive,2024-03-29
CARD211320,C108528,Platinum,75000,1000,Inactive,2026-03-27
CARD211321,C105422,Gold,200000,5000,Active,2019-07-04
CARD211322,C106699,Blue,50000,2500,Active,2024-09-25
CARD211323,C100609,Gold,150000,1000,Active,2020-10-24
CARD211324,C109120,Blue,100000,500,Active,2025-05-22
CARD211325,C101989,Blue,100000,0,Active,2019-07-17
CARD211326,C104676,Gold,150000,500,Active,2023-04-29
CARD211327,C102191,Premium,500000,0,Active,2018-02-05
CARD211328,C108090,Gold,150000,0,Active,2021-03-16
CARD211329,C107423,Gold,75000,500,Blocked,2020-06-20
CARD211330,C106181,Gold,75000,5000,Active,2024-12-24
CARD211331,C104176,Platinum,75000,500,Active,2022-10-28
CARD211332,C101788,Blue,200000,0,Active,2018-01-25
CARD211333,C107434,Gold,75000,1000,Closed,2026-01-07
CARD211334,C105268,Blue,75000,2500,Closed,2018-08-10
CARD211335,C109051,Gold,500000,0,Closed,2017-09-15
CARD211336,C105787,Premium,200000,500,Closed,2021-01-04
CARD211337,C105458,Blue,100000,2500,Active,2025-04-04
CARD211338,C106775,Gold,150000,0,Active,2023-05-03
CARD211339,C105400,Blue,100000,1000,Active,2025-08-14
CARD211340,C107215,Gold,150000,0,Blocked,2023-11-20
CARD211341,C108558,Gold,500000,500,Active,2025-11-26
CARD211342,C107851,Platinum,200000,500,Active,2022-07-28
CARD211343,C105128,Gold,150000,500,Active,2024-11-26
CARD211344,C105234,Gold,75000,1000,Active,2022-05-07
CARD211345,C100926,Blue,50000,2500,Active,2017-12-04
CARD211346,C109893,Blue,100000,1000,Active,2021-01-04
CARD211347,C102768,Platinum,50000,0,Inactive,2019-01-24
CARD211348,C105357,Platinum,500000,0,Inactive,2021-03-14
CARD211349,C105918,Blue,150000,2500,Active,2021-08-13
CARD211350,C106173,Platinum,75000,2500,Blocked,2019-06-27
CARD211351,C109218,Premium,75000,5000,Blocked,2020-07-15
CARD211352,C109483,Platinum,75000,500,Active,2023-11-05
CARD211353,C101476,Gold,150000,2500,Active,2017-10-21
CARD211354,C107813,Blue,100000,1000,Closed,2017-07-09
CARD211355,C103739,Platinum,150000,500,Active,2020-02-13
CARD211356,C103732,Gold,100000,5000,Active,2026-04-08
CARD211357,C101174,Blue,150000,500,Active,2024-05-12
CARD211358,C107307,Gold,100000,1000,Active,2020-01-30
CARD211359,C109745,Platinum,100000,1000,Inactive,2025-01-13
CARD211360,C106249,Platinum,50000,1000,Active,2021-06-11
CARD211361,C108932,Platinum,200000,0,Active,2022-06-13
CARD211362,C106182,Blue,150000,0,Inactive,2021-10-30
CARD211363,C100615,Platinum,75000,0,Active,2017-01-21
CARD211364,C106582,Platinum,100000,500,Active,2019-08-01
CARD211365,C103182,Platinum,100000,1000,Active,2017-12-25
CARD211366,C107622,Gold,75000,500,Active,2022-06-08
CARD211367,C104984,Gold,150000,1000,Active,2020-10-11
CARD211368,C109960,Platinum,100000,0,Active,2025-10-05
CARD211369,C100804,Gold,100000,500,Active,2019-09-08
CARD211370,C105382,Blue,100000,1000,Active,2019-02-07
CARD211371,C107403,Gold,150000,1000,Active,2017-12-30
CARD211372,C103917,Platinum,200000,1000,Inactive,2026-04-07
CARD211373,C101485,Blue,100000,500,Active,2017-02-27
CARD211374,C106357,Gold,150000,2500,Closed,2021-07-27
CARD211375,C107235,Platinum,150000,2500,Active,2022-07-28
CARD211376,C101247,Gold,75000,5000,Active,2017-01-13
CARD211377,C106579,Gold,200000,0,Active,2019-07-09
CARD211378,C109263,Platinum,50000,0,Active,2018-12-12
CARD211379,C103265,Gold,75000,1000,Active,2021-02-11
CARD211380,C106006,Gold,500000,1000,Active,2021-12-19
CARD211381,C100974,Blue,150000,500,Active,2021-03-14
CARD211382,C109629,Premium,100000,0,Active,2019-09-03
CARD211383,C100455,Blue,200000,0,Active,2019-12-10
CARD211384,C103637,Gold,100000,2500,Active,2022-11-27
CARD211385,C104854,Gold,100000,500,Inactive,2017-08-14
CARD211386,C100453,Blue,200000,1000,Active,2024-10-13
CARD211387,C105209,Blue,100000,0,Active,2017-02-03
CARD211388,C100453,Blue,100000,0,Active,2018-10-08
CARD211389,C100476,Blue,50000,1000,Active,2025-12-15
CARD211390,C103554,Premium,200000,0,Active,2026-01-17
CARD211391,C107591,Platinum,100000,5000,Active,2020-10-30
CARD211392,C108671,Premium,150000,500,Closed,2019-10-06
CARD211393,C103183,Premium,100000,2500,Active,2022-10-04
CARD211394,C104448,Blue,150000,500,Blocked,2025-02-19
CARD211395,C103780,Platinum,150000,2500,Active,2026-04-14
CARD211396,C101319,Gold,500000,2500,Active,2021-07-06
CARD211397,C100024,Blue,500000,2500,Active,2017-09-23
CARD211398,C108695,Gold,75000,0,Active,2019-02-06
CARD211399,C107207,Blue,300000,0,Active,2021-01-03
CARD211400,C108118,Premium,100000,1000,Active,2019-02-12
CARD211401,C105654,Platinum,100000,500,Active,2020-11-21
CARD211402,C102075,Platinum,200000,500,Inactive,2018-01-28
CARD211403,C108300,Blue,150000,0,Active,2018-01-12
CARD211404,C100966,Blue,200000,2500,Blocked,2025-03-02
CARD211405,C102570,Blue,100000,2500,Blocked,2023-12-23
CARD211406,C107428,Platinum,200000,0,Active,2019-08-31
CARD211407,C101626,Gold,100000,5000,Active,2021-04-19
CARD211408,C108194,Gold,50000,1000,Active,2020-10-25
CARD211409,C105515,Blue,150000,0,Inactive,2022-01-20
CARD211410,C106906,Gold,150000,1000,Active,2017-12-03
CARD211411,C104060,Gold,75000,1000,Active,2017-07-01
CARD211412,C102019,Premium,150000,5000,Active,2018-05-25
CARD211413,C104193,Platinum,500000,1000,Active,2022-04-10
CARD211414,C107298,Blue,100000,500,Active,2020-01-12
CARD211415,C107116,Gold,100000,0,Closed,2025-07-22
CARD211416,C104495,Platinum,75000,2500,Active,2022-11-24
CARD211417,C102927,Platinum,75000,5000,Closed,2021-10-08
CARD211418,C106746,Gold,75000,2500,Active,2023-10-18
CARD211419,C108978,Platinum,100000,1000,Active,2022-07-04
CARD211420,C105305,Gold,50000,2500,Active,2018-10-30
CARD211421,C100730,Blue,100000,1000,Active,2021-01-22
CARD211422,C104133,Platinum,300000,5000,Active,2025-04-07
CARD211423,C104939,Premium,100000,500,Active,2023-05-22
CARD211424,C106230,Blue,150000,1000,Active,2020-04-25
CARD211425,C101330,Gold,150000,1000,Active,2018-06-20
CARD211426,C102819,Gold,500000,0,Active,2023-11-24
CARD211427,C109969,Gold,100000,0,Active,2024-09-20
CARD211428,C102128,Platinum,500000,500,Active,2018-02-09
CARD211429,C106729,Premium,200000,0,Active,2025-06-28
CARD211430,C104219,Blue,100000,0,Active,2022-01-06
CARD211431,C102621,Platinum,200000,0,Active,2022-07-03
CARD211432,C100025,Blue,500000,500,Active,2025-02-24
CARD211433,C106646,Gold,300000,0,Active,2023-12-13
CARD211434,C104876,Platinum,100000,5000,Active,2021-10-31
CARD211435,C106797,Blue,300000,500,Active,2026-01-14
CARD211436,C104436,Blue,200000,2500,Active,2021-04-08
CARD211437,C105374,Premium,50000,500,Active,2026-01-10
CARD211438,C106686,Gold,50000,500,Active,2021-10-26
CARD211439,C100610,Blue,100000,1000,Active,2017-07-12
CARD211440,C108772,Gold,150000,2500,Active,2019-12-18
CARD211441,C106181,Gold,300000,500,Active,2023-11-29
CARD211442,C102236,Platinum,50000,500,Inactive,2018-06-22
CARD211443,C101764,Blue,75000,2500,Active,2021-04-11
CARD211444,C108027,Blue,200000,0,Active,2022-07-11
CARD211445,C108412,Platinum,100000,5000,Active,2020-06-01
CARD211446,C105395,Gold,150000,2500,Active,2022-10-06
CARD211447,C108814,Blue,100000,500,Active,2022-01-30
CARD211448,C105093,Platinum,75000,0,Active,2017-10-14
CARD211449,C103804,Premium,50000,1000,Active,2025-01-12
CARD211450,C102598,Premium,150000,500,Active,2021-05-28
CARD211451,C105541,Gold,75000,1000,Active,2018-04-03
CARD211452,C101157,Blue,50000,0,Active,2018-03-24
CARD211453,C108072,Platinum,100000,0,Inactive,2020-09-09
CARD211454,C105732,Blue,300000,0,Active,2024-01-31
CARD211455,C109269,Platinum,150000,500,Active,2023-03-21
CARD211456,C104228,Platinum,75000,0,Active,2022-12-30
CARD211457,C100750,Premium,150000,500,Active,2026-04-16
CARD211458,C104967,Gold,200000,2500,Active,2025-03-25
CARD211459,C103011,Premium,300000,0,Active,2018-02-08
CARD211460,C100124,Blue,500000,500,Inactive,2023-11-28
CARD211461,C100787,Blue,150000,500,Active,2021-10-26
CARD211462,C108851,Platinum,100000,500,Active,2023-03-06
CARD211463,C108792,Premium,150000,500,Active,2024-12-02
CARD211464,C101558,Blue,50000,5000,Active,2022-11-02
CARD211465,C104801,Gold,200000,1000,Active,2023-02-09
CARD211466,C105820,Premium,75000,1000,Inactive,2021-09-25
CARD211467,C101513,Platinum,150000,5000,Blocked,2019-12-11
CARD211468,C100478,Gold,100000,500,Active,2024-11-25
CARD211469,C100944,Platinum,75000,1000,Closed,2017-05-03
CARD211470,C106839,Gold,200000,0,Active,2021-02-02
CARD211471,C103273,Blue,300000,0,Active,2023-04-17
CARD211472,C105486,Gold,150000,500,Inactive,2022-03-20
CARD211473,C106493,Blue,200000,2500,Active,2022-12-23
CARD211474,C107229,Gold,200000,1000,Active,2024-05-31
CARD211475,C106202,Blue,75000,500,Active,2020-12-25
CARD211476,C100059,Gold,150000,5000,Active,2024-09-26
CARD211477,C100230,Platinum,500000,500,Blocked,2022-06-09
CARD211478,C109606,Platinum,50000,500,Active,2021-06-19
CARD211479,C105011,Blue,150000,0,Active,2019-06-11
CARD211480,C107280,Platinum,100000,5000,Active,2024-12-18
CARD211481,C108288,Platinum,100000,0,Closed,2023-07-26
CARD211482,C108949,Platinum,50000,1000,Active,2022-03-10
CARD211483,C100328,Blue,100000,0,Active,2024-10-04
CARD211484,C104379,Platinum,300000,500,Active,2020-10-09
CARD211485,C109118,Platinum,50000,0,Active,2022-03-20
CARD211486,C107468,Blue,100000,500,Blocked,2025-12-17
CARD211487,C107483,Platinum,500000,500,Active,2025-11-22
CARD211488,C104606,Blue,75000,2500,Blocked,2023-07-05
CARD211489,C106359,Premium,200000,5000,Active,2025-07-10
CARD211490,C101202,Gold,500000,0,Active,2020-02-23
CARD211491,C103094,Blue,300000,0,Active,2024-11-28
CARD211492,C100048,Platinum,300000,2500,Inactive,2020-03-10
CARD211493,C103832,Gold,500000,2500,Active,2020-09-11
CARD211494,C103114,Platinum,75000,1000,Active,2025-08-19
CARD211495,C108727,Blue,500000,0,Active,2025-03-19
CARD211496,C100115,Blue,150000,0,Active,2020-02-03
CARD211497,C109001,Blue,50000,5000,Active,2023-05-24
CARD211498,C106505,Gold,300000,0,Blocked,2022-04-04
CARD211499,C108818,Blue,75000,0,Blocked,2025-05-13
CARD211500,C101294,Gold,75000,500,Active,2019-07-22
CARD211501,C108890,Gold,50000,1000,Active,2023-04-08
CARD211502,C103615,Blue,100000,1000,Active,2023-05-30
CARD211503,C100641,Platinum,100000,1000,Active,2023-12-31
CARD211504,C104443,Gold,75000,1000,Active,2021-12-20
CARD211505,C104380,Gold,200000,1000,Active,2025-01-16
CARD211506,C107115,Platinum,300000,2500,Active,2020-12-03
CARD211507,C107067,Gold,100000,500,Active,2025-03-18
CARD211508,C108886,Blue,150000,0,Active,2024-01-01
CARD211509,C108927,Gold,300000,500,Active,2022-10-15
CARD211510,C107817,Blue,75000,0,Active,2018-12-18
CARD211511,C106984,Platinum,75000,5000,Active,2021-05-28
CARD211512,C105441,Gold,100000,500,Active,2024-12-14
CARD211513,C106274,Gold,75000,2500,Closed,2021-12-20
CARD211514,C103149,Gold,50000,5000,Active,2017-08-22
CARD211515,C100987,Blue,300000,500,Active,2023-08-04
CARD211516,C107898,Gold,50000,0,Active,2018-04-25
CARD211517,C103699,Platinum,100000,2500,Inactive,2018-07-13
CARD211518,C106232,Gold,50000,1000,Active,2022-02-27
CARD211519,C101056,Gold,100000,1000,Closed,2017-05-19
CARD211520,C105042,Premium,50000,500,Active,2021-05-31
CARD211521,C100150,Platinum,50000,0,Active,2020-02-28
CARD211522,C100013,Blue,150000,2500,Active,2021-02-07
CARD211523,C100250,Blue,100000,5000,Active,2018-02-21
CARD211524,C104905,Platinum,75000,2500,Active,2026-02-23
CARD211525,C100471,Platinum,500000,2500,Active,2017-09-16
CARD211526,C100625,Blue,500000,500,Closed,2019-06-23
CARD211527,C103713,Gold,150000,0,Active,2024-08-06
CARD211528,C107810,Blue,75000,500,Active,2022-12-03
CARD211529,C109905,Gold,300000,1000,Active,2020-05-16
CARD211530,C100441,Blue,100000,1000,Active,2022-05-29
CARD211531,C109897,Blue,100000,500,Active,2021-09-14
CARD211532,C108742,Blue,200000,500,Inactive,2019-03-14
CARD211533,C101660,Premium,200000,1000,Active,2021-01-23
CARD211534,C109658,Blue,100000,0,Active,2022-04-05
CARD211535,C105950,Gold,150000,5000,Active,2020-01-25
CARD211536,C105568,Blue,500000,0,Active,2026-03-26
CARD211537,C107379,Blue,100000,5000,Blocked,2018-12-11
CARD211538,C100244,Blue,200000,0,Active,2018-08-04
CARD211539,C106536,Blue,75000,1000,Active,2020-04-28
CARD211540,C109461,Gold,150000,2500,Active,2018-09-02
CARD211541,C106296,Gold,75000,0,Active,2019-02-09
CARD211542,C106003,Blue,100000,1000,Active,2019-08-03
CARD211543,C105225,Premium,100000,0,Active,2018-12-04
CARD211544,C106497,Gold,150000,0,Active,2022-01-11
CARD211545,C102440,Platinum,50000,0,Blocked,2025-05-21
CARD211546,C100918,Gold,50000,500,Inactive,2021-05-25
CARD211547,C106700,Blue,50000,0,Closed,2020-12-20
CARD211548,C105041,Blue,100000,5000,Active,2024-02-09
CARD211549,C100017,Blue,75000,5000,Active,2022-10-14
CARD211550,C110000,Gold,200000,0,Closed,2025-07-23
CARD211551,C105789,Platinum,200000,2500,Active,2022-07-26
CARD211552,C102809,Blue,75000,2500,Closed,2023-07-27
CARD211553,C106282,Premium,150000,500,Active,2023-09-28
CARD211554,C102376,Platinum,100000,0,Active,2022-03-15
CARD211555,C102151,Blue,75000,2500,Active,2019-11-11
CARD211556,C109649,Blue,150000,500,Active,2018-02-06
CARD211557,C108001,Premium,200000,0,Active,2017-04-17
CARD211558,C106770,Premium,200000,500,Active,2018-12-16
CARD211559,C105237,Gold,100000,1000,Active,2018-05-27
CARD211560,C101976,Platinum,75000,0,Active,2024-01-07
CARD211561,C103786,Premium,300000,500,Active,2024-12-10
CARD211562,C107183,Platinum,300000,0,Active,2022-08-21
CARD211563,C100914,Gold,100000,0,Closed,2018-03-11
CARD211564,C103254,Gold,50000,1000,Active,2017-02-19
CARD211565,C101072,Gold,200000,1000,Active,2025-09-09
CARD211566,C107242,Platinum,100000,2500,Active,2022-11-04
CARD211567,C105194,Blue,200000,500,Active,2022-11-16
CARD211568,C106573,Platinum,50000,500,Active,2020-12-28
CARD211569,C107751,Gold,100000,500,Active,2023-09-11
CARD211570,C105490,Gold,100000,500,Active,2024-10-03
CARD211571,C109685,Platinum,150000,5000,Active,2020-07-20
CARD211572,C106879,Premium,200000,0,Active,2020-09-07
CARD211573,C108656,Blue,300000,1000,Active,2022-10-31
CARD211574,C109051,Platinum,100000,500,Active,2021-09-10
CARD211575,C108848,Gold,75000,5000,Closed,2020-01-12
CARD211576,C102341,Blue,500000,0,Active,2022-10-14
CARD211577,C100383,Gold,150000,1000,Active,2025-06-01
CARD211578,C100274,Gold,300000,500,Active,2022-10-21
CARD211579,C109037,Platinum,200000,0,Active,2023-07-09
CARD211580,C107005,Gold,100000,500,Active,2025-11-07
CARD211581,C106352,Platinum,50000,500,Active,2025-05-25
CARD211582,C105405,Blue,100000,1000,Inactive,2021-05-12
CARD211583,C101855,Gold,150000,1000,Active,2019-06-06
CARD211584,C108369,Gold,200000,1000,Active,2024-09-03
CARD211585,C106936,Gold,75000,1000,Active,2022-03-14
CARD211586,C109894,Blue,150000,1000,Active,2024-07-03
CARD211587,C106447,Gold,50000,1000,Active,2023-06-08
CARD211588,C106042,Blue,75000,500,Active,2024-05-31
CARD211589,C106393,Premium,75000,500,Active,2024-08-28
CARD211590,C109142,Premium,75000,2500,Active,2017-06-03
CARD211591,C107068,Gold,75000,0,Active,2020-03-04
CARD211592,C106792,Platinum,200000,5000,Inactive,2021-04-05
CARD211593,C105613,Gold,300000,2500,Active,2018-07-30
CARD211594,C109272,Gold,500000,1000,Active,2023-11-26
CARD211595,C104943,Platinum,100000,2500,Active,2025-03-18
CARD211596,C107925,Premium,300000,0,Inactive,2021-03-02
CARD211597,C109770,Gold,50000,1000,Active,2021-02-18
CARD211598,C107340,Blue,150000,500,Active,2022-03-30
CARD211599,C109536,Premium,150000,1000,Active,2019-03-26
CARD211600,C109766,Platinum,100000,500,Active,2025-10-10
CARD211601,C107824,Blue,50000,1000,Active,2020-04-14
CARD211602,C108446,Blue,100000,500,Inactive,2023-03-02
CARD211603,C109746,Gold,50000,0,Inactive,2025-01-04
CARD211604,C109004,Gold,200000,1000,Active,2025-03-11
CARD211605,C105181,Blue,500000,500,Active,2018-07-12
CARD211606,C107847,Gold,75000,2500,Blocked,2022-01-21
CARD211607,C100055,Blue,200000,1000,Active,2021-12-08
CARD211608,C104533,Gold,300000,5000,Active,2017-11-18
CARD211609,C102581,Blue,100000,1000,Active,2023-01-19
CARD211610,C101364,Platinum,150000,0,Active,2023-05-04
CARD211611,C104982,Blue,75000,0,Active,2021-12-03
CARD211612,C107720,Blue,50000,5000,Active,2021-10-06
CARD211613,C104699,Platinum,150000,0,Active,2021-11-06
CARD211614,C105951,Blue,100000,1000,Active,2023-04-13
CARD211615,C104337,Platinum,300000,1000,Active,2020-04-30
CARD211616,C104517,Blue,500000,0,Active,2023-06-29
CARD211617,C103213,Blue,75000,0,Active,2019-12-14
CARD211618,C105008,Gold,75000,1000,Active,2023-05-25
CARD211619,C106840,Premium,75000,500,Active,2026-03-31
CARD211620,C107892,Blue,100000,0,Active,2024-05-04
CARD211621,C103894,Blue,100000,1000,Blocked,2024-03-10
CARD211622,C104830,Gold,150000,0,Active,2025-06-30
CARD211623,C109689,Platinum,100000,1000,Active,2019-08-17
CARD211624,C104025,Gold,50000,0,Active,2023-04-17
CARD211625,C100232,Gold,200000,500,Active,2017-10-14
CARD211626,C100689,Blue,100000,1000,Active,2021-07-09
CARD211627,C105202,Gold,150000,0,Active,2025-08-20
CARD211628,C102573,Blue,200000,500,Active,2022-08-29
CARD211629,C108212,Blue,50000,1000,Active,2025-09-12
CARD211630,C108141,Platinum,150000,2500,Closed,2022-12-07
CARD211631,C106072,Gold,300000,1000,Active,2019-09-01
CARD211632,C105873,Platinum,75000,500,Active,2019-05-13
CARD211633,C105058,Gold,150000,500,Inactive,2023-12-28
CARD211634,C104275,Blue,75000,1000,Closed,2022-02-22
CARD211635,C102943,Gold,100000,500,Active,2022-10-02
CARD211636,C108184,Gold,200000,5000,Active,2024-10-03
CARD211637,C102517,Blue,200000,500,Active,2022-04-19
CARD211638,C106015,Premium,300000,500,Active,2018-07-27
CARD211639,C103865,Platinum,200000,5000,Active,2020-07-02
CARD211640,C109057,Platinum,300000,5000,Active,2018-05-27
CARD211641,C105640,Gold,50000,0,Active,2021-05-31
CARD211642,C106285,Platinum,200000,1000,Active,2024-01-21
CARD211643,C105475,Blue,150000,0,Active,2024-06-23
CARD211644,C101379,Platinum,50000,5000,Active,2026-01-17
CARD211645,C105946,Premium,100000,2500,Blocked,2019-08-05
CARD211646,C103963,Blue,100000,0,Inactive,2022-05-20
CARD211647,C106212,Gold,150000,0,Inactive,2022-09-30
CARD211648,C106635,Blue,150000,0,Active,2019-11-06
CARD211649,C108269,Gold,300000,2500,Active,2026-03-25
CARD211650,C106463,Platinum,75000,1000,Active,2023-11-24
CARD211651,C106814,Blue,150000,500,Active,2019-10-23
CARD211652,C103513,Gold,75000,2500,Active,2024-09-06
CARD211653,C101179,Blue,300000,500,Active,2020-05-20
CARD211654,C106765,Gold,100000,2500,Active,2018-03-24
CARD211655,C101919,Blue,75000,2500,Active,2022-09-14
CARD211656,C104922,Premium,100000,0,Active,2021-01-18
CARD211657,C107875,Blue,50000,500,Closed,2024-10-14
CARD211658,C104491,Blue,75000,500,Active,2024-02-29
CARD211659,C105687,Premium,100000,1000,Active,2017-06-10
CARD211660,C108049,Gold,50000,500,Active,2022-07-22
CARD211661,C108738,Gold,150000,500,Active,2021-11-02
CARD211662,C107303,Platinum,75000,2500,Active,2025-01-24
CARD211663,C100699,Platinum,150000,2500,Active,2019-04-10
CARD211664,C109443,Platinum,75000,5000,Active,2019-01-04
CARD211665,C103274,Gold,75000,0,Active,2018-01-14
CARD211666,C108942,Gold,200000,500,Active,2025-10-21
CARD211667,C107539,Gold,500000,2500,Active,2025-02-15
CARD211668,C109828,Gold,100000,2500,Active,2022-06-16
CARD211669,C103110,Blue,100000,500,Active,2020-11-21
CARD211670,C102349,Blue,100000,500,Active,2019-07-06
CARD211671,C107089,Gold,100000,1000,Active,2020-09-15
CARD211672,C109439,Platinum,75000,1000,Active,2023-09-08
CARD211673,C102113,Blue,150000,2500,Blocked,2022-01-13
CARD211674,C100824,Gold,75000,0,Active,2023-12-29
CARD211675,C102901,Blue,100000,500,Inactive,2023-12-04
CARD211676,C107234,Gold,100000,1000,Active,2020-06-15
CARD211677,C109456,Premium,200000,2500,Active,2025-05-24
CARD211678,C100853,Blue,200000,0,Active,2021-08-26
CARD211679,C100564,Platinum,50000,1000,Closed,2022-12-26
CARD211680,C102258,Gold,150000,0,Inactive,2022-09-02
CARD211681,C101380,Premium,50000,500,Active,2021-09-19
CARD211682,C108863,Blue,50000,0,Inactive,2025-11-02
CARD211683,C102180,Platinum,100000,0,Active,2023-09-29
CARD211684,C104610,Platinum,50000,0,Blocked,2022-07-26
CARD211685,C100652,Platinum,300000,1000,Active,2019-04-07
CARD211686,C104417,Platinum,150000,500,Active,2019-01-24
CARD211687,C101196,Blue,150000,2500,Active,2020-03-21
CARD211688,C100535,Gold,75000,0,Active,2026-03-26
CARD211689,C108458,Blue,300000,0,Active,2019-03-26
CARD211690,C100553,Blue,75000,500,Active,2025-02-13
CARD211691,C107493,Premium,75000,2500,Active,2021-07-04
CARD211692,C103470,Platinum,300000,0,Active,2019-12-08
CARD211693,C100801,Blue,150000,0,Active,2018-11-30
CARD211694,C103479,Gold,150000,1000,Active,2018-04-25
CARD211695,C102248,Blue,500000,0,Active,2017-03-26
CARD211696,C103168,Blue,100000,500,Active,2024-11-15
CARD211697,C106804,Platinum,75000,500,Active,2025-03-09
CARD211698,C100323,Premium,75000,0,Active,2018-04-17
CARD211699,C105212,Gold,75000,5000,Active,2019-01-12
CARD211700,C102347,Platinum,200000,1000,Closed,2020-05-09
CARD211701,C108900,Blue,100000,0,Active,2022-06-06
CARD211702,C106950,Platinum,50000,500,Blocked,2025-12-08
CARD211703,C105247,Blue,200000,1000,Inactive,2019-07-30
CARD211704,C107698,Blue,500000,2500,Active,2018-07-18
CARD211705,C104522,Gold,200000,500,Active,2017-08-26
CARD211706,C103345,Blue,100000,1000,Inactive,2023-01-05
CARD211707,C109806,Blue,75000,500,Active,2017-02-23
CARD211708,C101607,Blue,200000,0,Active,2020-05-01
CARD211709,C102093,Gold,150000,0,Active,2021-07-28
CARD211710,C102227,Blue,75000,500,Active,2023-01-23
CARD211711,C106986,Blue,300000,0,Active,2018-07-27
CARD211712,C109614,Blue,150000,0,Active,2020-11-18
CARD211713,C107433,Blue,150000,2500,Closed,2021-05-20
CARD211714,C106905,Gold,100000,1000,Inactive,2025-06-30
CARD211715,C106081,Blue,75000,2500,Active,2020-08-09
CARD211716,C108531,Gold,150000,500,Closed,2025-03-05
CARD211717,C104241,Blue,100000,1000,Active,2017-06-19
CARD211718,C105092,Blue,75000,1000,Closed,2019-01-13
CARD211719,C101345,Gold,50000,500,Active,2021-10-30
CARD211720,C106334,Blue,300000,500,Active,2026-03-11
CARD211721,C106166,Blue,300000,1000,Active,2023-10-05
CARD211722,C105299,Platinum,50000,0,Active,2023-02-24
CARD211723,C100133,Blue,100000,0,Active,2017-06-15
CARD211724,C102599,Gold,200000,1000,Active,2021-03-01
CARD211725,C103610,Blue,150000,2500,Active,2025-03-17
CARD211726,C104883,Blue,100000,0,Active,2018-04-16
CARD211727,C102518,Blue,100000,500,Active,2021-11-21
CARD211728,C108317,Blue,500000,1000,Active,2022-11-10
CARD211729,C105924,Gold,50000,500,Active,2019-01-16
CARD211730,C100088,Gold,200000,0,Active,2021-05-29
CARD211731,C103982,Blue,100000,1000,Closed,2020-04-18
CARD211732,C100878,Blue,50000,5000,Active,2024-12-22
CARD211733,C104823,Blue,200000,5000,Active,2020-09-25
CARD211734,C108903,Blue,500000,2500,Active,2022-08-02
CARD211735,C103505,Gold,200000,5000,Blocked,2019-11-04
CARD211736,C106152,Platinum,150000,2500,Active,2021-02-24
CARD211737,C104179,Gold,200000,0,Active,2022-09-16
CARD211738,C103050,Blue,75000,2500,Active,2025-02-12
CARD211739,C104248,Blue,75000,2500,Active,2024-09-28
CARD211740,C109335,Gold,300000,1000,Active,2018-03-03
CARD211741,C101300,Platinum,150000,2500,Closed,2018-07-11
CARD211742,C103319,Blue,100000,0,Active,2020-01-20
CARD211743,C102648,Blue,150000,500,Active,2023-03-02
CARD211744,C108076,Gold,100000,2500,Active,2021-04-12
CARD211745,C106169,Gold,300000,500,Active,2018-06-08
CARD211746,C109464,Premium,100000,0,Blocked,2020-06-02
CARD211747,C104930,Gold,75000,0,Active,2022-02-18
CARD211748,C100476,Blue,75000,1000,Active,2021-06-02
CARD211749,C103079,Gold,300000,500,Inactive,2020-06-03
CARD211750,C109786,Blue,100000,500,Active,2020-12-10
CARD211751,C104376,Platinum,500000,5000,Active,2023-06-21
CARD211752,C100039,Gold,50000,1000,Active,2020-11-14
CARD211753,C100941,Platinum,50000,500,Active,2022-09-08
CARD211754,C101990,Blue,200000,2500,Active,2023-04-08
CARD211755,C100546,Gold,100000,500,Active,2022-04-23
CARD211756,C107195,Platinum,200000,500,Active,2022-02-24
CARD211757,C105737,Blue,150000,2500,Active,2019-04-23
CARD211758,C106278,Gold,150000,2500,Blocked,2018-10-18
CARD211759,C101601,Gold,150000,1000,Inactive,2023-12-05
CARD211760,C106959,Gold,200000,500,Active,2024-04-20
CARD211761,C103941,Blue,150000,2500,Active,2022-12-07
CARD211762,C101851,Blue,100000,1000,Active,2025-03-21
CARD211763,C105752,Blue,150000,500,Active,2022-05-27
CARD211764,C106957,Blue,75000,500,Closed,2017-09-21
CARD211765,C102884,Gold,75000,2500,Active,2024-09-17
CARD211766,C103293,Blue,75000,2500,Active,2026-03-27
CARD211767,C105789,Blue,200000,0,Active,2024-01-02
CARD211768,C109636,Blue,150000,2500,Active,2024-03-14
CARD211769,C108530,Platinum,50000,500,Active,2025-05-02
CARD211770,C105552,Gold,200000,500,Active,2021-02-07
CARD211771,C101530,Platinum,75000,500,Inactive,2017-01-10
CARD211772,C109772,Platinum,50000,500,Active,2024-05-01
CARD211773,C100156,Platinum,50000,2500,Active,2021-03-06
CARD211774,C101060,Blue,150000,1000,Blocked,2019-07-20
CARD211775,C101444,Platinum,75000,500,Inactive,2022-09-12
CARD211776,C108385,Platinum,150000,1000,Inactive,2018-12-11
CARD211777,C106047,Gold,300000,500,Active,2025-12-04
CARD211778,C109183,Platinum,100000,500,Active,2017-09-01
CARD211779,C104846,Gold,300000,5000,Active,2021-08-27
CARD211780,C107776,Platinum,75000,500,Active,2023-11-09
CARD211781,C107821,Gold,150000,1000,Blocked,2019-03-21
CARD211782,C107241,Gold,300000,1000,Active,2023-09-20
CARD211783,C102013,Blue,150000,1000,Active,2017-08-05
CARD211784,C103684,Platinum,200000,1000,Inactive,2018-03-02
CARD211785,C104975,Platinum,150000,0,Closed,2022-03-08
CARD211786,C107005,Blue,75000,5000,Closed,2020-01-31
CARD211787,C103445,Gold,300000,0,Active,2020-06-21
CARD211788,C105197,Platinum,75000,1000,Active,2023-09-20
CARD211789,C103403,Blue,200000,1000,Active,2024-11-03
CARD211790,C108156,Gold,50000,500,Active,2019-05-24
CARD211791,C107365,Blue,100000,0,Active,2022-07-13
CARD211792,C103089,Blue,150000,1000,Active,2021-07-23
CARD211793,C108252,Blue,150000,0,Active,2018-07-07
CARD211794,C104292,Blue,200000,2500,Active,2017-08-09
CARD211795,C102745,Gold,50000,2500,Active,2023-08-11
CARD211796,C100548,Gold,100000,2500,Active,2019-09-26
CARD211797,C104708,Platinum,150000,0,Active,2021-04-24
CARD211798,C109584,Platinum,100000,5000,Active,2018-11-10
CARD211799,C103909,Platinum,100000,0,Active,2018-10-17
CARD211800,C103879,Gold,50000,500,Active,2026-02-02
CARD211801,C101773,Gold,150000,500,Active,2024-06-17
CARD211802,C100772,Platinum,100000,5000,Active,2023-12-10
CARD211803,C109084,Gold,50000,1000,Active,2019-01-18
CARD211804,C101615,Blue,150000,0,Closed,2022-04-26
CARD211805,C102216,Blue,100000,1000,Active,2025-10-03
CARD211806,C101576,Blue,150000,0,Active,2018-03-26
CARD211807,C105183,Premium,75000,500,Active,2019-04-17
CARD211808,C104609,Platinum,75000,0,Active,2022-04-09
CARD211809,C106145,Gold,100000,0,Active,2024-12-10
CARD211810,C109572,Gold,300000,5000,Active,2023-06-21
CARD211811,C102383,Premium,75000,1000,Active,2019-04-24
CARD211812,C103126,Platinum,100000,0,Active,2018-01-12
CARD211813,C102413,Blue,200000,500,Active,2025-08-22
CARD211814,C106845,Gold,200000,2500,Inactive,2022-11-29
CARD211815,C105179,Blue,100000,0,Closed,2022-12-16
CARD211816,C104549,Premium,200000,2500,Active,2024-01-29
CARD211817,C100351,Gold,200000,0,Active,2021-10-20
CARD211818,C105551,Blue,100000,0,Active,2021-12-31
CARD211819,C103005,Blue,150000,1000,Active,2024-06-25
CARD211820,C105540,Gold,75000,500,Active,2021-08-28
CARD211821,C102619,Gold,150000,2500,Active,2024-06-12
CARD211822,C108716,Blue,100000,2500,Active,2020-01-05
CARD211823,C104272,Gold,100000,0,Active,2017-03-31
CARD211824,C104450,Blue,500000,500,Active,2020-07-10
CARD211825,C103763,Premium,200000,2500,Active,2017-10-18
CARD211826,C100042,Platinum,150000,1000,Active,2024-04-17
CARD211827,C102416,Gold,50000,500,Active,2022-12-24
CARD211828,C105291,Gold,75000,1000,Active,2019-07-18
CARD211829,C105561,Blue,150000,0,Active,2022-11-28
CARD211830,C105953,Blue,300000,5000,Active,2024-04-21
CARD211831,C100633,Platinum,50000,2500,Active,2018-04-06
CARD211832,C104464,Platinum,500000,500,Active,2019-09-01
CARD211833,C109828,Gold,100000,500,Active,2021-08-26
CARD211834,C101086,Platinum,100000,2500,Blocked,2024-05-20
CARD211835,C108504,Premium,150000,1000,Active,2025-09-02
CARD211836,C107030,Gold,500000,500,Blocked,2023-09-25
CARD211837,C102184,Blue,75000,0,Active,2018-03-23
CARD211838,C109261,Platinum,500000,1000,Inactive,2025-10-23
CARD211839,C102253,Blue,75000,5000,Active,2022-01-18
CARD211840,C100574,Premium,200000,500,Active,2020-03-04
CARD211841,C106862,Blue,200000,1000,Inactive,2018-04-11
CARD211842,C104050,Gold,100000,0,Active,2017-08-12
CARD211843,C102448,Blue,150000,2500,Active,2024-07-04
CARD211844,C101949,Blue,500000,1000,Active,2019-09-17
CARD211845,C102771,Gold,200000,0,Active,2018-09-05
CARD211846,C100935,Gold,500000,5000,Active,2019-01-01
CARD211847,C108548,Gold,50000,5000,Active,2019-05-23
CARD211848,C102219,Gold,100000,1000,Active,2019-01-31
CARD211849,C109679,Gold,75000,1000,Active,2025-04-16
CARD211850,C103939,Gold,100000,500,Active,2023-07-20
CARD211851,C102012,Premium,500000,0,Active,2018-03-22
CARD211852,C105599,Platinum,150000,500,Active,2017-02-23
CARD211853,C105724,Blue,200000,2500,Active,2026-02-21
CARD211854,C109753,Gold,50000,1000,Active,2020-10-06
CARD211855,C104226,Blue,150000,5000,Blocked,2021-07-02
CARD211856,C109927,Blue,500000,5000,Inactive,2018-08-21
CARD211857,C107908,Blue,100000,0,Active,2026-02-03
CARD211858,C105902,Premium,100000,1000,Active,2025-11-25
CARD211859,C103660,Platinum,100000,1000,Active,2019-01-28
CARD211860,C109751,Platinum,200000,5000,Blocked,2017-02-17
CARD211861,C100917,Blue,50000,500,Active,2020-10-22
CARD211862,C107147,Platinum,150000,0,Active,2025-04-13
CARD211863,C102169,Platinum,50000,0,Active,2021-05-27
CARD211864,C106437,Blue,100000,500,Active,2023-03-26
CARD211865,C108368,Blue,150000,2500,Active,2021-02-23
CARD211866,C100145,Platinum,100000,500,Closed,2023-06-13
CARD211867,C102991,Blue,50000,5000,Blocked,2017-05-31
CARD211868,C107829,Blue,150000,2500,Active,2017-09-12
CARD211869,C102073,Premium,75000,5000,Active,2024-10-10
CARD211870,C103634,Gold,100000,0,Active,2023-03-29
CARD211871,C106400,Blue,50000,0,Active,2021-10-13
CARD211872,C108199,Gold,75000,5000,Active,2020-11-06
CARD211873,C106151,Gold,150000,500,Active,2023-04-15
CARD211874,C101418,Gold,500000,0,Active,2022-09-16
CARD211875,C103397,Platinum,500000,0,Active,2021-07-04
CARD211876,C106604,Gold,50000,0,Active,2019-03-11
CARD211877,C109379,Premium,150000,2500,Active,2025-12-04
CARD211878,C100057,Gold,300000,5000,Active,2019-05-16
CARD211879,C102325,Gold,100000,2500,Active,2019-09-08
CARD211880,C101454,Platinum,200000,0,Active,2018-10-26
CARD211881,C102254,Blue,75000,1000,Active,2021-07-03
CARD211882,C104613,Gold,500000,0,Active,2022-01-18
CARD211883,C105224,Gold,150000,0,Active,2021-05-07
CARD211884,C101050,Blue,150000,0,Inactive,2019-08-11
CARD211885,C100984,Blue,150000,2500,Active,2021-01-27
CARD211886,C102803,Gold,300000,0,Active,2018-05-29
CARD211887,C103742,Premium,100000,5000,Active,2021-10-22
CARD211888,C104509,Gold,75000,0,Active,2021-07-24
CARD211889,C102245,Gold,150000,500,Active,2021-08-30
CARD211890,C107159,Platinum,500000,5000,Active,2025-09-12
CARD211891,C102562,Blue,500000,0,Active,2022-08-19
CARD211892,C109257,Blue,50000,1000,Active,2025-04-08
CARD211893,C101407,Blue,50000,0,Closed,2025-09-14
CARD211894,C107869,Blue,200000,0,Active,2026-01-13
CARD211895,C106451,Gold,150000,2500,Closed,2024-07-16
CARD211896,C107815,Blue,150000,0,Active,2022-09-21
CARD211897,C106416,Blue,150000,500,Active,2020-05-18
CARD211898,C103068,Blue,50000,500,Active,2021-04-17
CARD211899,C107431,Blue,100000,0,Active,2021-08-02
CARD211900,C108339,Gold,100000,2500,Active,2023-10-17
CARD211901,C102030,Blue,150000,0,Active,2023-01-23
CARD211902,C104231,Gold,150000,500,Inactive,2021-06-19
CARD211903,C106825,Platinum,200000,0,Inactive,2022-04-20
CARD211904,C107310,Platinum,150000,0,Active,2023-12-11
CARD211905,C105999,Gold,150000,500,Active,2020-05-03
CARD211906,C107033,Gold,50000,2500,Active,2020-05-26
CARD211907,C102423,Gold,150000,5000,Active,2025-11-07
CARD211908,C101814,Blue,150000,0,Closed,2025-06-29
CARD211909,C107784,Blue,100000,5000,Active,2024-08-01
CARD211910,C101782,Gold,150000,1000,Blocked,2017-03-04
CARD211911,C101906,Platinum,50000,500,Active,2025-12-31
CARD211912,C105005,Gold,200000,500,Active,2022-12-23
CARD211913,C106233,Blue,300000,500,Active,2019-01-14
CARD211914,C100909,Blue,50000,0,Active,2022-04-02
CARD211915,C105803,Blue,100000,5000,Active,2024-02-13
CARD211916,C104018,Premium,300000,0,Active,2026-03-20
CARD211917,C109767,Blue,50000,500,Blocked,2017-08-10
CARD211918,C100270,Platinum,75000,2500,Active,2020-04-22
CARD211919,C107268,Premium,200000,500,Active,2024-01-05
CARD211920,C100111,Gold,100000,0,Active,2017-10-09
CARD211921,C109417,Gold,100000,500,Active,2018-02-23
CARD211922,C104163,Blue,100000,5000,Active,2017-10-01
CARD211923,C108968,Gold,500000,1000,Active,2020-01-16
CARD211924,C100174,Blue,50000,0,Active,2023-10-02
CARD211925,C107107,Blue,100000,2500,Active,2024-08-23
CARD211926,C107649,Blue,100000,0,Active,2017-04-13
CARD211927,C100832,Gold,500000,0,Active,2024-05-12
CARD211928,C102660,Blue,100000,1000,Inactive,2023-09-23
CARD211929,C101594,Gold,300000,0,Active,2017-05-10
CARD211930,C101339,Blue,100000,0,Active,2022-08-22
CARD211931,C105024,Platinum,100000,1000,Active,2025-10-26
CARD211932,C104608,Gold,150000,5000,Active,2019-10-25
CARD211933,C104155,Platinum,100000,0,Blocked,2025-11-13
CARD211934,C103675,Blue,75000,5000,Active,2018-10-11
CARD211935,C102663,Gold,200000,500,Active,2019-02-28
CARD211936,C107242,Blue,100000,2500,Active,2023-08-14
CARD211937,C109821,Gold,300000,1000,Active,2025-12-31
CARD211938,C101365,Gold,500000,500,Active,2026-01-16
CARD211939,C105649,Gold,150000,0,Active,2018-02-26
CARD211940,C100304,Blue,75000,1000,Active,2025-07-18
CARD211941,C106323,Platinum,75000,5000,Active,2021-08-22
CARD211942,C106732,Gold,300000,500,Active,2024-08-18
CARD211943,C101750,Gold,100000,500,Blocked,2025-03-16
CARD211944,C108034,Blue,100000,500,Closed,2017-11-10
CARD211945,C101835,Platinum,200000,0,Active,2018-07-02
CARD211946,C105609,Premium,50000,0,Active,2020-04-28
CARD211947,C104495,Premium,100000,5000,Active,2025-11-21
CARD211948,C106754,Platinum,150000,1000,Closed,2025-08-30
CARD211949,C102368,Gold,150000,5000,Active,2022-02-23
CARD211950,C107281,Blue,100000,5000,Active,2024-07-24
CARD211951,C105143,Blue,100000,5000,Active,2026-02-12
CARD211952,C107004,Platinum,50000,0,Active,2020-01-12
CARD211953,C105840,Blue,150000,500,Inactive,2024-05-15
CARD211954,C108508,Blue,50000,500,Active,2021-09-20
CARD211955,C105394,Blue,150000,1000,Active,2022-02-25
CARD211956,C105545,Blue,75000,2500,Active,2019-06-18
CARD211957,C102804,Gold,50000,5000,Active,2025-08-23
CARD211958,C109100,Gold,100000,0,Active,2023-03-11
CARD211959,C102881,Gold,100000,1000,Active,2021-04-23
CARD211960,C103776,Gold,100000,2500,Active,2023-05-23
CARD211961,C101032,Platinum,75000,2500,Active,2017-10-09
CARD211962,C103521,Blue,500000,0,Active,2025-11-11
CARD211963,C109563,Gold,50000,0,Active,2020-04-01
CARD211964,C103039,Gold,75000,500,Active,2017-02-10
CARD211965,C108788,Gold,200000,500,Active,2025-03-08
CARD211966,C102645,Platinum,300000,2500,Active,2019-06-06
CARD211967,C100627,Blue,50000,5000,Active,2023-12-01
CARD211968,C109085,Platinum,50000,2500,Active,2021-05-03
CARD211969,C101754,Gold,150000,0,Inactive,2020-02-12
CARD211970,C107802,Platinum,100000,500,Active,2023-02-19
CARD211971,C103885,Gold,75000,2500,Active,2020-08-06
CARD211972,C100160,Blue,75000,500,Active,2024-06-29
CARD211973,C106252,Gold,300000,0,Active,2021-10-05
CARD211974,C108796,Premium,75000,500,Active,2017-11-24
CARD211975,C104645,Blue,150000,1000,Blocked,2018-07-03
CARD211976,C108225,Platinum,200000,2500,Active,2021-11-15
CARD211977,C107657,Gold,50000,2500,Active,2021-07-01
CARD211978,C108716,Platinum,200000,0,Active,2024-06-28
CARD211979,C106878,Platinum,150000,500,Active,2020-06-17
CARD211980,C101811,Blue,150000,0,Active,2018-03-07
CARD211981,C100627,Gold,50000,0,Active,2018-10-15
CARD211982,C103460,Gold,300000,2500,Active,2021-01-09
CARD211983,C103341,Platinum,300000,0,Active,2026-04-13
CARD211984,C108713,Blue,100000,1000,Active,2019-09-25
CARD211985,C109305,Premium,100000,1000,Active,2018-09-06
CARD211986,C104403,Blue,150000,0,Active,2019-07-14
CARD211987,C108992,Gold,300000,0,Active,2024-09-05
CARD211988,C107154,Gold,300000,500,Active,2019-08-08
CARD211989,C107354,Gold,75000,500,Active,2021-04-11
CARD211990,C100091,Blue,150000,500,Closed,2017-11-22
CARD211991,C104428,Gold,100000,500,Active,2024-04-04
CARD211992,C105477,Blue,75000,0,Active,2018-02-17
CARD211993,C101517,Gold,50000,1000,Active,2022-10-08
CARD211994,C107760,Gold,100000,500,Active,2025-08-18
CARD211995,C104725,Platinum,100000,2500,Active,2024-02-12
CARD211996,C103061,Blue,150000,0,Active,2024-04-06
CARD211997,C100283,Gold,150000,500,Active,2026-01-10
CARD211998,C102543,Platinum,500000,500,Active,2018-07-31
CARD211999,C105563,Gold,150000,500,Active,2022-05-30
CARD212000,C101123,Blue,75000,0,Active,2022-01-02
