Customer_ID,Customer_Name,Age,Gender,City,State,Employment_Type,Annual_Income,Credit_Score,Customer_Since
C100001,Customer_100001,36,Female,Mumbai,Maharashtra,Business Owner,250000.0,768,2023-12-12
C100002,Customer_100002,30,Female,Gurugram,Haryana,Professional,512000.0,661,2025-06-14
C100003,Customer_100003,44,Male,Ahmedabad,Gujarat,Salaried,452000.0,850,2019-03-20
C100004,Customer_100004,50,Male,Pune,Maharashtra,Salaried,582000.0,787,2021-04-18
C100005,Customer_100005,32,Male,Pune,Maharashtra,Self-Employed,970000.0,697,2019-12-12
C100006,Customer_100006,55,Male,Noida,Uttar Pradesh,Salaried,1066000.0,705,2020-02-02
C100007,Customer_100007,49,Male,Mumbai,Maharashtra,Self-Employed,447000.0,844,2020-08-16
C100008,Customer_100008,28,Female,Jaipur,Rajasthan,Self-Employed,534000.0,697,2019-01-06
C100009,Customer_100009,63,Male,Bengaluru,Karnataka,Business Owner,1283000.0,689,2020-04-01
C100010,Customer_100010,22,Male,Mumbai,Maharashtra,Salaried,1532000.0,795,2020-01-04
C100011,Customer_100011,50,Female,Kolkata,West Bengal,Salaried,1352000.0,629,2024-07-29
C100012,Customer_100012,40,Male,Lucknow,Uttar Pradesh,Professional,250000.0,715,2019-07-20
C100013,Customer_100013,50,Male,Jaipur,Rajasthan,Salaried,1326000.0,725,2017-11-26
C100014,Customer_100014,55,Male,Gurugram,Haryana,Salaried,1591000.0,674,2025-01-26
C100015,Customer_100015,51,Female,Jaipur,Rajasthan,Salaried,250000.0,618,2025-05-28
C100016,Customer_100016,50,Male,Gurugram,Haryana,Salaried,1283000.0,724,2025-04-21
C100017,Customer_100017,58,Female,Kolkata,West Bengal,Salaried,940000.0,765,2018-09-16
C100018,Customer_100018,52,Female,Mumbai,Maharashtra,Salaried,719000.0,676,2020-11-03
C100019,Customer_100019,57,Male,Noida,Uttar Pradesh,Self-Employed,892000.0,643,2019-09-16
C100020,Customer_100020,39,Female,Pune,Maharashtra,Self-Employed,1027000.0,802,2019-06-07
C100021,Customer_100021,30,Male,Kolkata,West Bengal,Professional,1313000.0,754,2025-07-16
C100022,Customer_100022,31,Male,Chennai,Tamil Nadu,Professional,1292000.0,696,2018-03-20
C100023,Customer_100023,48,Male,Bengaluru,Karnataka,Salaried,250000.0,780,2022-08-18
C100024,Customer_100024,44,Other,Lucknow,Uttar Pradesh,Salaried,591000.0,736,2023-09-01
C100025,Customer_100025,24,Male,Gurugram,Haryana,Professional,887000.0,836,2017-08-21
C100026,Customer_100026,30,Male,Ahmedabad,Gujarat,Salaried,1479000.0,763,2025-03-08
C100027,Customer_100027,64,Female,Chennai,Tamil Nadu,Salaried,250000.0,630,2019-02-07
C100028,Customer_100028,53,Male,Gurugram,Haryana,Salaried,606000.0,677,2020-10-29
C100029,Customer_100029,54,Female,Kolkata,West Bengal,Self-Employed,250000.0,680,2022-01-15
C100030,Customer_100030,29,Female,Pune,Maharashtra,Salaried,302000.0,740,2025-02-22
C100031,Customer_100031,23,Female,Pune,Maharashtra,Salaried,1244000.0,700,2026-03-13
C100032,Customer_100032,34,Female,Bengaluru,Karnataka,Salaried,637000.0,647,2019-04-22
C100033,Customer_100033,59,Female,Mumbai,Maharashtra,Business Owner,250000.0,758,2020-10-20
C100034,Customer_100034,43,Male,Kolkata,West Bengal,Salaried,787000.0,785,2022-09-01
C100035,Customer_100035,56,Other,Noida,Uttar Pradesh,Self-Employed,1664000.0,713,2020-10-30
C100036,Customer_100036,42,Female,Delhi,Delhi,Salaried,250000.0,734,2017-10-03
C100037,Customer_100037,43,Female,Noida,Uttar Pradesh,Salaried,1063000.0,657,2024-04-06
C100038,Customer_100038,48,Female,Gurugram,Haryana,Salaried,1477000.0,686,2022-03-30
C100039,Customer_100039,64,Female,Hyderabad,Telangana,Salaried,830000.0,689,2018-03-15
C100040,Customer_100040,40,Female,Ahmedabad,Gujarat,Salaried,1621000.0,756,2022-12-12
C100041,Customer_100041,47,Male,Mumbai,Maharashtra,Professional,586000.0,737,2025-06-09
C100042,Customer_100042,62,Male,Gurugram,Haryana,Salaried,1428000.0,699,2022-12-31
C100043,Customer_100043,37,Female,Jaipur,Rajasthan,Professional,1334000.0,696,2021-06-10
C100044,Customer_100044,58,Female,Chennai,Tamil Nadu,Salaried,837000.0,592,2024-04-01
C100045,Customer_100045,45,Male,Delhi,Delhi,Salaried,255000.0,824,2019-07-13
C100046,Customer_100046,60,Male,Lucknow,Uttar Pradesh,Self-Employed,449000.0,584,2017-11-19
C100047,Customer_100047,42,Female,Pune,Maharashtra,Business Owner,250000.0,747,2021-07-26
C100048,Customer_100048,49,Male,Noida,Uttar Pradesh,Salaried,1088000.0,722,2019-08-06
C100049,Customer_100049,35,Female,Jaipur,Rajasthan,Salaried,1040000.0,703,2021-07-26
C100050,Customer_100050,49,Female,Gurugram,Haryana,Self-Employed,882000.0,719,2023-06-15
C100051,Customer_100051,35,Male,Gurugram,Haryana,Salaried,801000.0,677,2024-11-18
C100052,Customer_100052,48,Male,Bengaluru,Karnataka,Self-Employed,1393000.0,762,2022-07-07
C100053,Customer_100053,56,Female,Chennai,Tamil Nadu,Business Owner,969000.0,635,2022-09-01
C100054,Customer_100054,40,Male,Pune,Maharashtra,Salaried,628000.0,741,2025-11-03
C100055,Customer_100055,40,Female,Pune,Maharashtra,Business Owner,909000.0,676,2025-06-16
C100056,Customer_100056,35,Male,Delhi,Delhi,Salaried,1669000.0,692,2024-04-20
C100057,Customer_100057,53,Male,Kolkata,West Bengal,Professional,1099000.0,694,2025-06-19
C100058,Customer_100058,47,Male,Mumbai,Maharashtra,Professional,694000.0,709,2021-05-21
C100059,Customer_100059,44,Female,Jaipur,Rajasthan,Self-Employed,832000.0,753,2024-02-22
C100060,Customer_100060,22,Female,Jaipur,Rajasthan,Professional,1035000.0,718,2021-12-20
C100061,Customer_100061,25,Female,Lucknow,Uttar Pradesh,Business Owner,682000.0,781,2022-09-23
C100062,Customer_100062,21,Male,Jaipur,Rajasthan,Salaried,646000.0,788,2023-02-21
C100063,Customer_100063,59,Female,Chennai,Tamil Nadu,Salaried,845000.0,740,2017-09-24
C100064,Customer_100064,59,Male,Lucknow,Uttar Pradesh,Salaried,1458000.0,764,2017-02-04
C100065,Customer_100065,24,Female,Chennai,Tamil Nadu,Salaried,1166000.0,850,2025-11-15
C100066,Customer_100066,23,Female,Hyderabad,Telangana,Self-Employed,686000.0,628,2020-05-23
C100067,Customer_100067,56,Male,Noida,Uttar Pradesh,Salaried,1198000.0,790,2017-06-23
C100068,Customer_100068,44,Female,Chennai,Tamil Nadu,Self-Employed,853000.0,820,2018-02-19
C100069,Customer_100069,34,Male,Delhi,Delhi,Salaried,988000.0,748,2017-05-13
C100070,Customer_100070,48,Male,Pune,Maharashtra,Salaried,951000.0,844,2019-03-26
C100071,Customer_100071,31,Female,Gurugram,Haryana,Salaried,250000.0,835,2023-10-16
C100072,Customer_100072,29,Female,Bengaluru,Karnataka,Professional,250000.0,698,2024-09-21
C100073,Customer_100073,37,Male,Pune,Maharashtra,Salaried,941000.0,703,2017-08-02
C100074,Customer_100074,61,Female,Mumbai,Maharashtra,Salaried,509000.0,754,2022-02-08
C100075,Customer_100075,55,Male,Jaipur,Rajasthan,Salaried,250000.0,679,2023-02-26
C100076,Customer_100076,29,Female,Pune,Maharashtra,Professional,521000.0,850,2025-01-04
C100077,Customer_100077,46,Female,Hyderabad,Telangana,Salaried,1220000.0,771,2025-06-05
C100078,Customer_100078,60,Male,Bengaluru,Karnataka,Self-Employed,993000.0,723,2025-04-10
C100079,Customer_100079,63,Female,Kolkata,West Bengal,Salaried,1159000.0,628,2023-09-04
C100080,Customer_100080,55,Female,Jaipur,Rajasthan,Salaried,1031000.0,736,2024-07-03
C100081,Customer_100081,26,Female,Lucknow,Uttar Pradesh,Self-Employed,482000.0,643,2023-12-07
C100082,Customer_100082,31,Male,Pune,Maharashtra,Self-Employed,1161000.0,769,2024-02-05
C100083,Customer_100083,30,Male,Mumbai,Maharashtra,Self-Employed,1084000.0,557,2025-05-26
C100084,Customer_100084,27,Female,Gurugram,Haryana,Salaried,803000.0,810,2018-07-19
C100085,Customer_100085,28,Female,Ahmedabad,Gujarat,Professional,874000.0,692,2017-10-21
C100086,Customer_100086,35,Female,Jaipur,Rajasthan,Self-Employed,1167000.0,610,2019-07-05
C100087,Customer_100087,45,Female,Mumbai,Maharashtra,Professional,550000.0,719,2025-11-10
C100088,Customer_100088,38,Female,Hyderabad,Telangana,Salaried,1285000.0,721,2023-07-22
C100089,Customer_100089,39,Male,Gurugram,Haryana,Salaried,1076000.0,716,2021-05-19
C100090,Customer_100090,32,Male,Gurugram,Haryana,Salaried,851000.0,810,2019-10-21
C100091,Customer_100091,27,Female,Pune,Maharashtra,Business Owner,1462000.0,745,2018-11-10
C100092,Customer_100092,65,Male,Gurugram,Haryana,Business Owner,332000.0,772,2020-06-29
C100093,Customer_100093,47,Male,Noida,Uttar Pradesh,Salaried,666000.0,704,2025-11-09
C100094,Customer_100094,31,Female,Chennai,Tamil Nadu,Salaried,577000.0,748,2025-09-19
C100095,Customer_100095,57,Female,Noida,Uttar Pradesh,Salaried,993000.0,635,2026-01-21
C100096,Customer_100096,58,Female,Hyderabad,Telangana,Salaried,1323000.0,737,2023-07-28
C100097,Customer_100097,64,Male,Bengaluru,Karnataka,Business Owner,457000.0,671,2022-06-16
C100098,Customer_100098,28,Female,Jaipur,Rajasthan,Salaried,2172000.0,806,2017-12-29
C100099,Customer_100099,49,Male,Ahmedabad,Gujarat,Salaried,585000.0,725,2022-07-09
C100100,Customer_100100,65,Male,Mumbai,Maharashtra,Salaried,994000.0,763,2023-09-19
C100101,Customer_100101,57,Female,Gurugram,Haryana,Salaried,851000.0,737,2020-11-29
C100102,Customer_100102,31,Female,Bengaluru,Karnataka,Professional,868000.0,837,2024-05-22
C100103,Customer_100103,61,Female,Gurugram,Haryana,Salaried,533000.0,619,2022-06-29
C100104,Customer_100104,39,Female,Delhi,Delhi,Professional,1277000.0,713,2025-07-03
C100105,Customer_100105,43,Female,Gurugram,Haryana,Self-Employed,508000.0,658,2017-12-31
C100106,Customer_100106,46,Male,Gurugram,Haryana,Self-Employed,250000.0,587,2023-05-19
C100107,Customer_100107,55,Male,Gurugram,Haryana,Salaried,401000.0,653,2020-03-16
C100108,Customer_100108,26,Female,Ahmedabad,Gujarat,Self-Employed,1428000.0,796,2017-11-22
C100109,Customer_100109,45,Female,Pune,Maharashtra,Self-Employed,1350000.0,718,2019-11-02
C100110,Customer_100110,57,Male,Jaipur,Rajasthan,Salaried,250000.0,706,2024-02-15
C100111,Customer_100111,45,Male,Hyderabad,Telangana,Professional,1175000.0,770,2018-09-23
C100112,Customer_100112,33,Male,Gurugram,Haryana,Salaried,250000.0,728,2023-02-10
C100113,Customer_100113,23,Male,Kolkata,West Bengal,Salaried,839000.0,760,2018-11-17
C100114,Customer_100114,45,Female,Pune,Maharashtra,Salaried,367000.0,741,2021-03-31
C100115,Customer_100115,52,Male,Kolkata,West Bengal,Self-Employed,1206000.0,755,2018-05-10
C100116,Customer_100116,45,Male,Kolkata,West Bengal,Salaried,1072000.0,691,2024-01-30
C100117,Customer_100117,65,Female,Delhi,Delhi,Salaried,1242000.0,788,2025-02-13
C100118,Customer_100118,48,Female,Mumbai,Maharashtra,Salaried,732000.0,641,2021-11-21
C100119,Customer_100119,43,Male,Bengaluru,Karnataka,Salaried,773000.0,714,2020-08-25
C100120,Customer_100120,23,Male,Mumbai,Maharashtra,Salaried,250000.0,791,2025-09-05
C100121,Customer_100121,46,Male,Pune,Maharashtra,Professional,438000.0,710,2025-10-23
C100122,Customer_100122,28,Male,Jaipur,Rajasthan,Salaried,1229000.0,692,2025-09-03
C100123,Customer_100123,53,Male,Ahmedabad,Gujarat,Professional,997000.0,850,2024-04-16
C100124,Customer_100124,28,Male,Pune,Maharashtra,Self-Employed,892000.0,812,2019-02-06
C100125,Customer_100125,61,Male,Noida,Uttar Pradesh,Business Owner,1355000.0,729,2018-06-30
C100126,Customer_100126,34,Male,Kolkata,West Bengal,Professional,330000.0,657,2021-02-06
C100127,Customer_100127,40,Male,Delhi,Delhi,Salaried,1138000.0,588,2022-04-15
C100128,Customer_100128,27,Female,Gurugram,Haryana,Self-Employed,378000.0,766,2018-11-06
C100129,Customer_100129,30,Male,Kolkata,West Bengal,Salaried,1441000.0,802,2018-05-10
C100130,Customer_100130,62,Male,Ahmedabad,Gujarat,Salaried,1068000.0,746,2020-01-30
C100131,Customer_100131,33,Female,Kolkata,West Bengal,Salaried,1236000.0,609,2020-04-08
C100132,Customer_100132,44,Male,Kolkata,West Bengal,Self-Employed,569000.0,730,2019-01-29
C100133,Customer_100133,65,Male,Mumbai,Maharashtra,Business Owner,1723000.0,688,2021-04-19
C100134,Customer_100134,49,Female,Kolkata,West Bengal,Salaried,1649000.0,731,2021-10-07
C100135,Customer_100135,22,Female,Gurugram,Haryana,Business Owner,1022000.0,846,2017-11-26
C100136,Customer_100136,37,Male,Hyderabad,Telangana,Salaried,1320000.0,771,2017-01-03
C100137,Customer_100137,38,Female,Ahmedabad,Gujarat,Salaried,729000.0,757,2017-05-03
C100138,Customer_100138,33,Female,Delhi,Delhi,Salaried,343000.0,717,2024-05-14
C100139,Customer_100139,31,Male,Chennai,Tamil Nadu,Self-Employed,1168000.0,747,2024-07-04
C100140,Customer_100140,43,Male,Pune,Maharashtra,Salaried,482000.0,673,2018-06-25
C100141,Customer_100141,37,Male,Lucknow,Uttar Pradesh,Salaried,1374000.0,756,2025-10-08
C100142,Customer_100142,34,Female,Bengaluru,Karnataka,Salaried,1269000.0,707,2019-07-22
C100143,Customer_100143,39,Male,Hyderabad,Telangana,Self-Employed,944000.0,667,2025-05-03
C100144,Customer_100144,36,Male,Chennai,Tamil Nadu,Business Owner,922000.0,773,2018-08-18
C100145,Customer_100145,31,Female,Lucknow,Uttar Pradesh,Salaried,1246000.0,575,2024-08-11
C100146,Customer_100146,41,Female,Noida,Uttar Pradesh,Business Owner,960000.0,685,2020-04-18
C100147,Customer_100147,63,Male,Delhi,Delhi,Self-Employed,688000.0,760,2024-04-12
C100148,Customer_100148,43,Male,Bengaluru,Karnataka,Salaried,250000.0,800,2017-09-19
C100149,Customer_100149,47,Male,Gurugram,Haryana,Salaried,1234000.0,751,2022-05-01
C100150,Customer_100150,65,Female,Delhi,Delhi,Professional,997000.0,676,2024-12-30
C100151,Customer_100151,48,Male,Noida,Uttar Pradesh,Salaried,1952000.0,717,2018-03-09
C100152,Customer_100152,31,Female,Hyderabad,Telangana,Salaried,812000.0,739,2020-11-11
C100153,Customer_100153,38,Male,Lucknow,Uttar Pradesh,Professional,971000.0,821,2025-04-21
C100154,Customer_100154,42,Male,Hyderabad,Telangana,Business Owner,980000.0,780,2025-08-09
C100155,Customer_100155,42,Male,Pune,Maharashtra,Self-Employed,1110000.0,780,2021-08-28
C100156,Customer_100156,27,Male,Ahmedabad,Gujarat,Business Owner,463000.0,724,2017-06-09
C100157,Customer_100157,25,Male,Mumbai,Maharashtra,Salaried,819000.0,650,2025-10-13
C100158,Customer_100158,36,Female,Kolkata,West Bengal,Business Owner,1181000.0,629,2018-08-10
C100159,Customer_100159,62,Male,Kolkata,West Bengal,Salaried,717000.0,700,2020-10-27
C100160,Customer_100160,53,Female,Gurugram,Haryana,Professional,1166000.0,765,2024-10-12
C100161,Customer_100161,58,Male,Lucknow,Uttar Pradesh,Salaried,889000.0,687,2018-01-10
C100162,Customer_100162,28,Female,Ahmedabad,Gujarat,Salaried,1011000.0,757,2021-04-26
C100163,Customer_100163,39,Male,Chennai,Tamil Nadu,Salaried,1310000.0,668,2022-10-19
C100164,Customer_100164,47,Female,Chennai,Tamil Nadu,Business Owner,759000.0,678,2017-07-22
C100165,Customer_100165,40,Male,Pune,Maharashtra,Salaried,269000.0,812,2021-07-05
C100166,Customer_100166,39,Female,Gurugram,Haryana,Business Owner,743000.0,770,2017-06-08
C100167,Customer_100167,37,Female,Hyderabad,Telangana,Salaried,520000.0,700,2023-01-07
C100168,Customer_100168,23,Female,Bengaluru,Karnataka,Salaried,250000.0,666,2025-05-01
C100169,Customer_100169,59,Female,Chennai,Tamil Nadu,Self-Employed,807000.0,782,2018-11-23
C100170,Customer_100170,62,Male,Delhi,Delhi,Salaried,930000.0,777,2019-06-09
C100171,Customer_100171,24,Male,Mumbai,Maharashtra,Self-Employed,1258000.0,762,2018-03-17
C100172,Customer_100172,39,Male,Mumbai,Maharashtra,Professional,394000.0,708,2020-10-29
C100173,Customer_100173,44,Female,Gurugram,Haryana,Self-Employed,885000.0,649,2017-01-14
C100174,Customer_100174,56,Male,Jaipur,Rajasthan,Salaried,1301000.0,719,2025-05-08
C100175,Customer_100175,65,Male,Jaipur,Rajasthan,Salaried,620000.0,811,2017-11-21
C100176,Customer_100176,39,Female,Pune,Maharashtra,Professional,1064000.0,661,2023-03-20
C100177,Customer_100177,54,Male,Jaipur,Rajasthan,Self-Employed,1489000.0,723,2019-12-26
C100178,Customer_100178,63,Female,Mumbai,Maharashtra,Business Owner,250000.0,826,2024-03-04
C100179,Customer_100179,58,Male,Noida,Uttar Pradesh,Salaried,959000.0,700,2017-06-24
C100180,Customer_100180,34,Female,Kolkata,West Bengal,Business Owner,1315000.0,712,2021-05-23
C100181,Customer_100181,57,Female,Lucknow,Uttar Pradesh,Salaried,710000.0,632,2017-11-12
C100182,Customer_100182,39,Female,Mumbai,Maharashtra,Business Owner,1405000.0,761,2023-06-22
C100183,Customer_100183,21,Male,Pune,Maharashtra,Professional,1104000.0,672,2018-10-16
C100184,Customer_100184,55,Male,Jaipur,Rajasthan,Professional,1558000.0,619,2022-06-10
C100185,Customer_100185,58,Male,Pune,Maharashtra,Salaried,1083000.0,658,2020-10-15
C100186,Customer_100186,36,Male,Pune,Maharashtra,Business Owner,1591000.0,734,2018-08-02
C100187,Customer_100187,41,Female,Mumbai,Maharashtra,Salaried,970000.0,617,2018-10-17
C100188,Customer_100188,37,Male,Chennai,Tamil Nadu,Salaried,303000.0,630,2022-05-02
C100189,Customer_100189,26,Male,Bengaluru,Karnataka,Self-Employed,598000.0,756,2019-01-03
C100190,Customer_100190,65,Male,Hyderabad,Telangana,Salaried,1257000.0,715,2025-08-13
C100191,Customer_100191,22,Female,Jaipur,Rajasthan,Salaried,1249000.0,661,2024-02-09
C100192,Customer_100192,46,Male,Ahmedabad,Gujarat,Self-Employed,726000.0,699,2020-03-19
C100193,Customer_100193,21,Male,Ahmedabad,Gujarat,Self-Employed,1572000.0,833,2020-08-25
C100194,Customer_100194,52,Male,Chennai,Tamil Nadu,Self-Employed,708000.0,803,2021-08-07
C100195,Customer_100195,61,Male,Lucknow,Uttar Pradesh,Salaried,1035000.0,713,2024-06-21
C100196,Customer_100196,49,Female,Mumbai,Maharashtra,Self-Employed,1024000.0,773,2020-11-15
C100197,Customer_100197,48,Male,Chennai,Tamil Nadu,Salaried,318000.0,728,2020-10-28
C100198,Customer_100198,58,Female,Mumbai,Maharashtra,Salaried,806000.0,605,2023-05-31
C100199,Customer_100199,64,Female,Chennai,Tamil Nadu,Salaried,1802000.0,593,2019-05-23
C100200,Customer_100200,59,Female,Lucknow,Uttar Pradesh,Self-Employed,481000.0,661,2022-11-02
C100201,Customer_100201,31,Female,Chennai,Tamil Nadu,Salaried,1100000.0,618,2020-07-31
C100202,Customer_100202,46,Female,Noida,Uttar Pradesh,Salaried,388000.0,738,2021-06-10
C100203,Customer_100203,57,Male,Pune,Maharashtra,Professional,477000.0,684,2024-03-17
C100204,Customer_100204,34,Male,Jaipur,Rajasthan,Professional,284000.0,748,2017-06-10
C100205,Customer_100205,51,Female,Pune,Maharashtra,Self-Employed,1226000.0,749,2023-01-25
C100206,Customer_100206,22,Female,Hyderabad,Telangana,Business Owner,501000.0,765,2019-06-19
C100207,Customer_100207,60,Female,Gurugram,Haryana,Professional,1357000.0,660,2017-02-01
C100208,Customer_100208,48,Male,Lucknow,Uttar Pradesh,Self-Employed,637000.0,754,2019-12-06
C100209,Customer_100209,54,Male,Hyderabad,Telangana,Salaried,901000.0,658,2024-04-02
C100210,Customer_100210,58,Male,Gurugram,Haryana,Self-Employed,1015000.0,766,2023-10-27
C100211,Customer_100211,30,Male,Hyderabad,Telangana,Professional,250000.0,799,2019-05-24
C100212,Customer_100212,41,Male,Jaipur,Rajasthan,Self-Employed,931000.0,767,2020-09-09
C100213,Customer_100213,59,Male,Gurugram,Haryana,Salaried,990000.0,708,2025-02-05
C100214,Customer_100214,28,Female,Pune,Maharashtra,Professional,1306000.0,757,2020-07-10
C100215,Customer_100215,58,Female,Jaipur,Rajasthan,Business Owner,466000.0,620,2019-05-16
C100216,Customer_100216,33,Female,Hyderabad,Telangana,Salaried,523000.0,606,2021-02-24
C100217,Customer_100217,46,Female,Delhi,Delhi,Professional,1114000.0,750,2024-04-17
C100218,Customer_100218,43,Male,Mumbai,Maharashtra,Self-Employed,1415000.0,805,2021-01-08
C100219,Customer_100219,51,Male,Pune,Maharashtra,Business Owner,613000.0,640,2021-10-17
C100220,Customer_100220,58,Female,Noida,Uttar Pradesh,Professional,356000.0,721,2023-09-07
C100221,Customer_100221,36,Female,Mumbai,Maharashtra,Salaried,723000.0,749,2025-01-05
C100222,Customer_100222,28,Female,Pune,Maharashtra,Business Owner,445000.0,680,2023-03-30
C100223,Customer_100223,40,Female,Jaipur,Rajasthan,Salaried,1009000.0,698,2020-10-12
C100224,Customer_100224,48,Female,Bengaluru,Karnataka,Professional,418000.0,760,2024-02-07
C100225,Customer_100225,54,Female,Jaipur,Rajasthan,Professional,1239000.0,727,2024-04-05
C100226,Customer_100226,54,Female,Hyderabad,Telangana,Business Owner,935000.0,727,2018-12-07
C100227,Customer_100227,36,Female,Gurugram,Haryana,Business Owner,1252000.0,656,2023-06-24
C100228,Customer_100228,63,Male,Kolkata,West Bengal,Business Owner,250000.0,718,2023-11-26
C100229,Customer_100229,24,Male,Kolkata,West Bengal,Salaried,250000.0,694,2019-10-24
C100230,Customer_100230,26,Male,Bengaluru,Karnataka,Salaried,1367000.0,698,2019-10-05
C100231,Customer_100231,22,Female,Pune,Maharashtra,Salaried,562000.0,685,2023-04-11
C100232,Customer_100232,62,Female,Noida,Uttar Pradesh,Business Owner,263000.0,718,2017-01-01
C100233,Customer_100233,29,Male,Delhi,Delhi,Self-Employed,769000.0,664,2019-09-15
C100234,Customer_100234,48,Male,Gurugram,Haryana,Self-Employed,947000.0,721,2022-12-15
C100235,Customer_100235,57,Female,Pune,Maharashtra,Salaried,787000.0,696,2021-03-25
C100236,Customer_100236,55,Male,Jaipur,Rajasthan,Self-Employed,1037000.0,659,2017-02-10
C100237,Customer_100237,63,Female,Ahmedabad,Gujarat,Salaried,983000.0,593,2018-03-09
C100238,Customer_100238,23,Male,Pune,Maharashtra,Professional,962000.0,782,2017-11-30
C100239,Customer_100239,39,Male,Hyderabad,Telangana,Professional,1389000.0,769,2021-12-10
C100240,Customer_100240,43,Male,Ahmedabad,Gujarat,Salaried,844000.0,668,2017-05-20
C100241,Customer_100241,52,Male,Mumbai,Maharashtra,Business Owner,833000.0,764,2024-02-06
C100242,Customer_100242,49,Male,Ahmedabad,Gujarat,Salaried,1171000.0,653,2022-08-24
C100243,Customer_100243,46,Male,Mumbai,Maharashtra,Salaried,1071000.0,700,2021-09-11
C100244,Customer_100244,34,Male,Ahmedabad,Gujarat,Self-Employed,489000.0,686,2018-12-08
C100245,Customer_100245,25,Male,Ahmedabad,Gujarat,Self-Employed,813000.0,702,2018-09-25
C100246,Customer_100246,40,Female,Mumbai,Maharashtra,Salaried,1025000.0,762,2024-07-14
C100247,Customer_100247,32,Male,Gurugram,Haryana,Salaried,615000.0,694,2022-09-25
C100248,Customer_100248,45,Male,Chennai,Tamil Nadu,Salaried,634000.0,698,2020-04-26
C100249,Customer_100249,56,Male,Gurugram,Haryana,Salaried,293000.0,768,2018-12-13
C100250,Customer_100250,45,Female,Delhi,Delhi,Salaried,250000.0,724,2020-02-14
C100251,Customer_100251,47,Female,Bengaluru,Karnataka,Salaried,700000.0,682,2019-10-22
C100252,Customer_100252,22,Other,Pune,Maharashtra,Professional,901000.0,736,2021-10-17
C100253,Customer_100253,50,Female,Bengaluru,Karnataka,Salaried,412000.0,785,2019-06-18
C100254,Customer_100254,40,Male,Hyderabad,Telangana,Salaried,1401000.0,789,2024-03-20
C100255,Customer_100255,26,Female,Ahmedabad,Gujarat,Salaried,431000.0,634,2017-07-16
C100256,Customer_100256,30,Male,Mumbai,Maharashtra,Salaried,1215000.0,637,2023-06-26
C100257,Customer_100257,56,Female,Jaipur,Rajasthan,Business Owner,1017000.0,785,2017-01-22
C100258,Customer_100258,62,Male,Mumbai,Maharashtra,Salaried,1721000.0,701,2018-12-04
C100259,Customer_100259,43,Male,Bengaluru,Karnataka,Salaried,1066000.0,577,2025-09-24
C100260,Customer_100260,64,Female,Ahmedabad,Gujarat,Professional,271000.0,673,2024-02-09
C100261,Customer_100261,29,Female,Gurugram,Haryana,Business Owner,1272000.0,691,2026-02-23
C100262,Customer_100262,34,Female,Bengaluru,Karnataka,Salaried,1529000.0,700,2021-09-20
C100263,Customer_100263,62,Male,Hyderabad,Telangana,Salaried,250000.0,770,2018-04-14
C100264,Customer_100264,28,Male,Lucknow,Uttar Pradesh,Business Owner,1106000.0,660,2026-03-12
C100265,Customer_100265,50,Male,Lucknow,Uttar Pradesh,Self-Employed,1194000.0,781,2024-01-29
C100266,Customer_100266,30,Male,Kolkata,West Bengal,Professional,765000.0,739,2021-10-24
C100267,Customer_100267,35,Male,Pune,Maharashtra,Salaried,250000.0,636,2024-02-26
C100268,Customer_100268,42,Male,Chennai,Tamil Nadu,Business Owner,732000.0,699,2019-09-01
C100269,Customer_100269,37,Female,Ahmedabad,Gujarat,Salaried,618000.0,752,2024-05-07
C100270,Customer_100270,60,Male,Ahmedabad,Gujarat,Salaried,1462000.0,723,2024-02-01
C100271,Customer_100271,64,Female,Hyderabad,Telangana,Business Owner,815000.0,745,2018-04-18
C100272,Customer_100272,43,Female,Delhi,Delhi,Self-Employed,685000.0,682,2017-04-10
C100273,Customer_100273,44,Female,Mumbai,Maharashtra,Salaried,615000.0,756,2024-11-18
C100274,Customer_100274,23,Male,Lucknow,Uttar Pradesh,Salaried,980000.0,694,2023-09-30
C100275,Customer_100275,31,Male,Pune,Maharashtra,Business Owner,873000.0,850,2019-09-25
C100276,Customer_100276,22,Male,Pune,Maharashtra,Salaried,534000.0,634,2022-01-21
C100277,Customer_100277,59,Female,Pune,Maharashtra,Salaried,956000.0,850,2017-04-11
C100278,Customer_100278,31,Male,Gurugram,Haryana,Salaried,627000.0,658,2018-08-21
C100279,Customer_100279,36,Male,Delhi,Delhi,Salaried,250000.0,803,2017-10-28
C100280,Customer_100280,58,Other,Delhi,Delhi,Business Owner,1117000.0,774,2017-03-23
C100281,Customer_100281,53,Female,Hyderabad,Telangana,Salaried,1079000.0,661,2018-04-14
C100282,Customer_100282,48,Female,Pune,Maharashtra,Salaried,930000.0,759,2017-06-08
C100283,Customer_100283,22,Male,Jaipur,Rajasthan,Self-Employed,673000.0,688,2025-10-14
C100284,Customer_100284,46,Female,Pune,Maharashtra,Salaried,821000.0,738,2017-10-06
C100285,Customer_100285,46,Male,Pune,Maharashtra,Self-Employed,1178000.0,730,2018-03-23
C100286,Customer_100286,35,Male,Lucknow,Uttar Pradesh,Salaried,597000.0,697,2021-07-17
C100287,Customer_100287,54,Female,Mumbai,Maharashtra,Business Owner,1194000.0,692,2022-08-08
C100288,Customer_100288,62,Female,Kolkata,West Bengal,Business Owner,260000.0,742,2023-08-03
C100289,Customer_100289,32,Male,Kolkata,West Bengal,Business Owner,917000.0,661,2017-11-28
C100290,Customer_100290,35,Male,Pune,Maharashtra,Salaried,860000.0,664,2018-03-31
C100291,Customer_100291,35,Male,Gurugram,Haryana,Business Owner,1251000.0,782,2017-02-25
C100292,Customer_100292,58,Female,Hyderabad,Telangana,Self-Employed,482000.0,748,2018-06-25
C100293,Customer_100293,24,Female,Lucknow,Uttar Pradesh,Salaried,526000.0,635,2018-10-12
C100294,Customer_100294,61,Male,Hyderabad,Telangana,Salaried,292000.0,655,2024-07-30
C100295,Customer_100295,55,Male,Kolkata,West Bengal,Salaried,623000.0,581,2022-07-03
C100296,Customer_100296,42,Female,Kolkata,West Bengal,Salaried,952000.0,779,2019-02-14
C100297,Customer_100297,47,Female,Noida,Uttar Pradesh,Salaried,250000.0,765,2018-02-06
C100298,Customer_100298,61,Male,Pune,Maharashtra,Professional,673000.0,649,2024-09-15
C100299,Customer_100299,55,Female,Hyderabad,Telangana,Professional,1094000.0,762,2023-08-22
C100300,Customer_100300,33,Other,Delhi,Delhi,Salaried,809000.0,849,2017-11-20
C100301,Customer_100301,23,Male,Chennai,Tamil Nadu,Professional,880000.0,620,2022-03-17
C100302,Customer_100302,50,Female,Gurugram,Haryana,Self-Employed,250000.0,680,2024-10-16
C100303,Customer_100303,27,Female,Delhi,Delhi,Salaried,810000.0,619,2019-07-08
C100304,Customer_100304,24,Female,Noida,Uttar Pradesh,Professional,861000.0,782,2023-10-27
C100305,Customer_100305,65,Female,Kolkata,West Bengal,Self-Employed,785000.0,714,2020-08-09
C100306,Customer_100306,42,Female,Mumbai,Maharashtra,Self-Employed,911000.0,694,2018-05-18
C100307,Customer_100307,50,Male,Hyderabad,Telangana,Salaried,726000.0,735,2019-08-20
C100308,Customer_100308,30,Male,Kolkata,West Bengal,Salaried,668000.0,684,2020-02-24
C100309,Customer_100309,25,Female,Hyderabad,Telangana,Professional,434000.0,694,2017-05-15
C100310,Customer_100310,23,Male,Mumbai,Maharashtra,Salaried,1240000.0,738,2020-02-07
C100311,Customer_100311,36,Male,Ahmedabad,Gujarat,Salaried,359000.0,680,2025-12-29
C100312,Customer_100312,21,Male,Jaipur,Rajasthan,Salaried,913000.0,690,2018-04-01
C100313,Customer_100313,39,Female,Mumbai,Maharashtra,Salaried,1575000.0,710,2017-02-08
C100314,Customer_100314,35,Other,Hyderabad,Telangana,Salaried,1291000.0,726,2020-07-06
C100315,Customer_100315,44,Female,Bengaluru,Karnataka,Professional,1054000.0,759,2025-12-15
C100316,Customer_100316,47,Female,Ahmedabad,Gujarat,Salaried,950000.0,758,2023-04-24
C100317,Customer_100317,34,Male,Jaipur,Rajasthan,Professional,799000.0,623,2021-10-12
C100318,Customer_100318,41,Male,Jaipur,Rajasthan,Self-Employed,489000.0,812,2023-10-20
C100319,Customer_100319,24,Female,Lucknow,Uttar Pradesh,Salaried,748000.0,724,2017-02-03
C100320,Customer_100320,34,Male,Gurugram,Haryana,Salaried,1080000.0,698,2018-11-21
C100321,Customer_100321,65,Female,Hyderabad,Telangana,Salaried,1006000.0,661,2024-11-04
C100322,Customer_100322,65,Female,Mumbai,Maharashtra,Professional,1165000.0,849,2023-09-21
C100323,Customer_100323,42,Male,Ahmedabad,Gujarat,Business Owner,1338000.0,850,2021-04-17
C100324,Customer_100324,63,Female,Noida,Uttar Pradesh,Salaried,787000.0,841,2019-06-26
C100325,Customer_100325,43,Male,Lucknow,Uttar Pradesh,Professional,927000.0,728,2019-02-13
C100326,Customer_100326,26,Male,Bengaluru,Karnataka,Business Owner,250000.0,742,2017-05-25
C100327,Customer_100327,60,Male,Bengaluru,Karnataka,Salaried,1752000.0,817,2025-03-19
C100328,Customer_100328,39,Male,Delhi,Delhi,Self-Employed,684000.0,704,2018-10-24
C100329,Customer_100329,48,Male,Mumbai,Maharashtra,Business Owner,1111000.0,755,2024-07-31
C100330,Customer_100330,50,Female,Kolkata,West Bengal,Business Owner,684000.0,735,2020-03-09
C100331,Customer_100331,34,Male,Kolkata,West Bengal,Salaried,675000.0,845,2025-06-18
C100332,Customer_100332,54,Female,Chennai,Tamil Nadu,Salaried,755000.0,813,2017-05-03
C100333,Customer_100333,43,Female,Hyderabad,Telangana,Salaried,352000.0,711,2021-10-24
C100334,Customer_100334,37,Male,Gurugram,Haryana,Salaried,250000.0,819,2017-11-21
C100335,Customer_100335,34,Male,Pune,Maharashtra,Salaried,1314000.0,720,2017-01-06
C100336,Customer_100336,54,Female,Gurugram,Haryana,Self-Employed,1068000.0,685,2020-04-26
C100337,Customer_100337,32,Female,Lucknow,Uttar Pradesh,Salaried,484000.0,701,2022-12-07
C100338,Customer_100338,26,Female,Hyderabad,Telangana,Salaried,1031000.0,730,2025-08-10
C100339,Customer_100339,60,Male,Bengaluru,Karnataka,Self-Employed,1180000.0,669,2018-05-30
C100340,Customer_100340,35,Female,Lucknow,Uttar Pradesh,Salaried,573000.0,686,2022-12-02
C100341,Customer_100341,49,Female,Ahmedabad,Gujarat,Salaried,1015000.0,626,2024-06-19
C100342,Customer_100342,53,Female,Hyderabad,Telangana,Business Owner,1253000.0,667,2025-09-12
C100343,Customer_100343,58,Male,Ahmedabad,Gujarat,Professional,275000.0,735,2019-08-06
C100344,Customer_100344,49,Female,Kolkata,West Bengal,Salaried,1063000.0,788,2017-05-07
C100345,Customer_100345,52,Male,Noida,Uttar Pradesh,Professional,996000.0,779,2025-11-27
C100346,Customer_100346,58,Female,Hyderabad,Telangana,Professional,1602000.0,748,2025-01-30
C100347,Customer_100347,63,Female,Lucknow,Uttar Pradesh,Self-Employed,1073000.0,621,2019-05-12
C100348,Customer_100348,23,Female,Lucknow,Uttar Pradesh,Professional,686000.0,664,2018-04-07
C100349,Customer_100349,54,Male,Bengaluru,Karnataka,Salaried,732000.0,707,2021-12-20
C100350,Customer_100350,28,Female,Mumbai,Maharashtra,Salaried,1659000.0,783,2019-03-17
C100351,Customer_100351,61,Male,Kolkata,West Bengal,Business Owner,708000.0,684,2022-04-01
C100352,Customer_100352,23,Male,Delhi,Delhi,Salaried,1084000.0,641,2017-12-08
C100353,Customer_100353,32,Female,Hyderabad,Telangana,Salaried,755000.0,814,2025-08-19
C100354,Customer_100354,29,Female,Pune,Maharashtra,Salaried,1283000.0,672,2020-10-30
C100355,Customer_100355,48,Male,Lucknow,Uttar Pradesh,Salaried,1302000.0,647,2018-04-24
C100356,Customer_100356,21,Female,Lucknow,Uttar Pradesh,Salaried,841000.0,735,2018-11-20
C100357,Customer_100357,21,Male,Mumbai,Maharashtra,Salaried,687000.0,717,2023-03-11
C100358,Customer_100358,43,Female,Noida,Uttar Pradesh,Professional,678000.0,687,2023-11-19
C100359,Customer_100359,64,Female,Mumbai,Maharashtra,Salaried,250000.0,720,2017-12-28
C100360,Customer_100360,44,Female,Jaipur,Rajasthan,Business Owner,890000.0,660,2024-01-11
C100361,Customer_100361,41,Female,Noida,Uttar Pradesh,Salaried,882000.0,687,2025-09-16
C100362,Customer_100362,50,Female,Noida,Uttar Pradesh,Salaried,524000.0,718,2019-09-15
C100363,Customer_100363,45,Male,Bengaluru,Karnataka,Professional,250000.0,588,2022-09-29
C100364,Customer_100364,38,Female,Noida,Uttar Pradesh,Salaried,933000.0,782,2024-06-12
C100365,Customer_100365,47,Male,Mumbai,Maharashtra,Salaried,983000.0,631,2025-10-08
C100366,Customer_100366,21,Male,Kolkata,West Bengal,Business Owner,1008000.0,659,2018-07-11
C100367,Customer_100367,32,Female,Pune,Maharashtra,Salaried,454000.0,785,2025-04-09
C100368,Customer_100368,51,Male,Hyderabad,Telangana,Salaried,1009000.0,757,2017-05-17
C100369,Customer_100369,36,Male,Delhi,Delhi,Professional,779000.0,726,2022-02-27
C100370,Customer_100370,23,Other,Gurugram,Haryana,Salaried,1196000.0,609,2018-07-16
C100371,Customer_100371,26,Male,Chennai,Tamil Nadu,Self-Employed,460000.0,681,2018-01-21
C100372,Customer_100372,59,Male,Ahmedabad,Gujarat,Salaried,1310000.0,706,2019-04-16
C100373,Customer_100373,35,Male,Chennai,Tamil Nadu,Salaried,1454000.0,711,2018-06-17
C100374,Customer_100374,22,Male,Chennai,Tamil Nadu,Salaried,896000.0,794,2017-06-21
C100375,Customer_100375,53,Female,Noida,Uttar Pradesh,Self-Employed,1011000.0,850,2019-10-19
C100376,Customer_100376,44,Female,Mumbai,Maharashtra,Salaried,1164000.0,760,2018-01-09
C100377,Customer_100377,41,Female,Jaipur,Rajasthan,Professional,440000.0,685,2020-07-27
C100378,Customer_100378,61,Male,Jaipur,Rajasthan,Business Owner,655000.0,799,2019-10-27
C100379,Customer_100379,35,Female,Chennai,Tamil Nadu,Self-Employed,924000.0,682,2021-11-05
C100380,Customer_100380,46,Male,Hyderabad,Telangana,Salaried,1661000.0,549,2024-12-08
C100381,Customer_100381,54,Female,Delhi,Delhi,Self-Employed,372000.0,639,2018-04-22
C100382,Customer_100382,48,Female,Lucknow,Uttar Pradesh,Business Owner,1505000.0,566,2024-12-18
C100383,Customer_100383,30,Male,Lucknow,Uttar Pradesh,Salaried,773000.0,695,2022-01-07
C100384,Customer_100384,51,Female,Bengaluru,Karnataka,Professional,836000.0,708,2026-04-02
C100385,Customer_100385,54,Female,Delhi,Delhi,Salaried,1337000.0,616,2020-10-17
C100386,Customer_100386,26,Male,Mumbai,Maharashtra,Professional,1659000.0,664,2017-11-30
C100387,Customer_100387,28,Female,Delhi,Delhi,Professional,1019000.0,627,2018-12-16
C100388,Customer_100388,51,Female,Gurugram,Haryana,Salaried,1316000.0,712,2017-01-07
C100389,Customer_100389,26,Male,Noida,Uttar Pradesh,Salaried,482000.0,665,2025-01-24
C100390,Customer_100390,60,Male,Mumbai,Maharashtra,Salaried,638000.0,786,2022-04-08
C100391,Customer_100391,25,Female,Jaipur,Rajasthan,Salaried,309000.0,731,2025-03-18
C100392,Customer_100392,64,Female,Bengaluru,Karnataka,Business Owner,644000.0,824,2022-08-14
C100393,Customer_100393,51,Female,Chennai,Tamil Nadu,Salaried,1076000.0,690,2025-09-11
C100394,Customer_100394,40,Female,Ahmedabad,Gujarat,Self-Employed,935000.0,850,2019-03-14
C100395,Customer_100395,33,Female,Jaipur,Rajasthan,Professional,1541000.0,720,2020-02-03
C100396,Customer_100396,36,Male,Noida,Uttar Pradesh,Professional,1672000.0,686,2024-06-02
C100397,Customer_100397,54,Male,Delhi,Delhi,Salaried,795000.0,850,2024-08-26
C100398,Customer_100398,54,Male,Bengaluru,Karnataka,Professional,578000.0,601,2025-11-25
C100399,Customer_100399,30,Female,Hyderabad,Telangana,Salaried,1314000.0,684,2025-04-04
C100400,Customer_100400,45,Female,Hyderabad,Telangana,Salaried,1356000.0,612,2020-02-02
C100401,Customer_100401,65,Female,Lucknow,Uttar Pradesh,Salaried,1026000.0,601,2023-04-16
C100402,Customer_100402,32,Male,Gurugram,Haryana,Self-Employed,1132000.0,586,2025-10-21
C100403,Customer_100403,52,Male,Hyderabad,Telangana,Salaried,1070000.0,760,2019-06-21
C100404,Customer_100404,28,Female,Lucknow,Uttar Pradesh,Salaried,454000.0,634,2017-12-21
C100405,Customer_100405,58,Male,Pune,Maharashtra,Salaried,363000.0,703,2021-09-08
C100406,Customer_100406,28,Male,Kolkata,West Bengal,Professional,830000.0,778,2021-06-06
C100407,Customer_100407,34,Female,Pune,Maharashtra,Self-Employed,770000.0,750,2023-06-19
C100408,Customer_100408,41,Female,Mumbai,Maharashtra,Self-Employed,961000.0,747,2018-11-02
C100409,Customer_100409,37,Female,Lucknow,Uttar Pradesh,Self-Employed,798000.0,799,2021-03-06
C100410,Customer_100410,28,Male,Delhi,Delhi,Salaried,250000.0,825,2022-06-11
C100411,Customer_100411,49,Male,Bengaluru,Karnataka,Salaried,250000.0,639,2022-06-05
C100412,Customer_100412,21,Male,Bengaluru,Karnataka,Salaried,1145000.0,751,2017-08-30
C100413,Customer_100413,65,Male,Hyderabad,Telangana,Salaried,585000.0,702,2017-12-13
C100414,Customer_100414,23,Female,Mumbai,Maharashtra,Professional,757000.0,710,2021-09-11
C100415,Customer_100415,36,Male,Delhi,Delhi,Salaried,627000.0,622,2020-06-14
C100416,Customer_100416,62,Female,Jaipur,Rajasthan,Self-Employed,485000.0,685,2018-08-12
C100417,Customer_100417,27,Male,Lucknow,Uttar Pradesh,Business Owner,474000.0,693,2024-07-01
C100418,Customer_100418,24,Male,Mumbai,Maharashtra,Professional,1258000.0,813,2020-11-20
C100419,Customer_100419,54,Male,Hyderabad,Telangana,Salaried,754000.0,645,2022-05-24
C100420,Customer_100420,24,Female,Kolkata,West Bengal,Professional,1104000.0,565,2023-05-29
C100421,Customer_100421,61,Male,Lucknow,Uttar Pradesh,Self-Employed,1158000.0,720,2023-10-01
C100422,Customer_100422,41,Male,Jaipur,Rajasthan,Salaried,977000.0,638,2020-02-09
C100423,Customer_100423,60,Male,Gurugram,Haryana,Business Owner,1171000.0,711,2017-03-25
C100424,Customer_100424,32,Male,Kolkata,West Bengal,Salaried,856000.0,763,2022-01-12
C100425,Customer_100425,27,Female,Pune,Maharashtra,Business Owner,1396000.0,714,2019-03-26
C100426,Customer_100426,64,Male,Bengaluru,Karnataka,Self-Employed,1179000.0,692,2026-01-17
C100427,Customer_100427,55,Male,Noida,Uttar Pradesh,Business Owner,1233000.0,710,2025-05-01
C100428,Customer_100428,61,Female,Gurugram,Haryana,Professional,475000.0,775,2025-02-24
C100429,Customer_100429,35,Male,Delhi,Delhi,Self-Employed,955000.0,645,2024-04-14
C100430,Customer_100430,39,Female,Jaipur,Rajasthan,Salaried,250000.0,767,2026-04-13
C100431,Customer_100431,46,Male,Mumbai,Maharashtra,Salaried,1410000.0,655,2025-11-25
C100432,Customer_100432,41,Female,Jaipur,Rajasthan,Professional,601000.0,759,2018-08-25
C100433,Customer_100433,31,Male,Gurugram,Haryana,Self-Employed,656000.0,620,2022-09-21
C100434,Customer_100434,37,Male,Mumbai,Maharashtra,Professional,303000.0,755,2021-08-08
C100435,Customer_100435,48,Male,Pune,Maharashtra,Salaried,835000.0,713,2017-04-18
C100436,Customer_100436,22,Other,Mumbai,Maharashtra,Salaried,743000.0,726,2024-04-20
C100437,Customer_100437,36,Male,Kolkata,West Bengal,Professional,1579000.0,782,2018-01-08
C100438,Customer_100438,34,Female,Lucknow,Uttar Pradesh,Business Owner,1194000.0,667,2025-08-25
C100439,Customer_100439,24,Female,Delhi,Delhi,Salaried,644000.0,718,2023-06-24
C100440,Customer_100440,26,Male,Chennai,Tamil Nadu,Salaried,250000.0,740,2019-03-31
C100441,Customer_100441,43,Male,Lucknow,Uttar Pradesh,Professional,250000.0,701,2017-05-04
C100442,Customer_100442,25,Male,Hyderabad,Telangana,Business Owner,439000.0,767,2026-03-13
C100443,Customer_100443,36,Other,Mumbai,Maharashtra,Salaried,318000.0,741,2024-07-11
C100444,Customer_100444,46,Female,Pune,Maharashtra,Salaried,989000.0,682,2021-02-09
C100445,Customer_100445,60,Female,Kolkata,West Bengal,Salaried,792000.0,802,2024-06-28
C100446,Customer_100446,25,Male,Ahmedabad,Gujarat,Salaried,857000.0,757,2024-03-10
C100447,Customer_100447,40,Female,Hyderabad,Telangana,Salaried,470000.0,665,2022-09-11
C100448,Customer_100448,25,Male,Lucknow,Uttar Pradesh,Salaried,911000.0,665,2021-10-29
C100449,Customer_100449,40,Male,Kolkata,West Bengal,Business Owner,282000.0,706,2017-05-29
C100450,Customer_100450,42,Male,Hyderabad,Telangana,Salaried,815000.0,749,2019-10-09
C100451,Customer_100451,56,Male,Lucknow,Uttar Pradesh,Business Owner,1182000.0,576,2019-11-21
C100452,Customer_100452,40,Female,Lucknow,Uttar Pradesh,Salaried,704000.0,668,2018-01-06
C100453,Customer_100453,63,Female,Pune,Maharashtra,Salaried,1027000.0,682,2023-08-09
C100454,Customer_100454,27,Male,Delhi,Delhi,Salaried,250000.0,627,2018-07-05
C100455,Customer_100455,23,Male,Ahmedabad,Gujarat,Salaried,250000.0,654,2019-05-31
C100456,Customer_100456,21,Female,Kolkata,West Bengal,Self-Employed,981000.0,729,2023-01-11
C100457,Customer_100457,37,Female,Mumbai,Maharashtra,Professional,1269000.0,688,2021-11-02
C100458,Customer_100458,29,Male,Ahmedabad,Gujarat,Business Owner,755000.0,693,2022-02-27
C100459,Customer_100459,25,Male,Noida,Uttar Pradesh,Business Owner,1708000.0,630,2024-12-13
C100460,Customer_100460,31,Female,Mumbai,Maharashtra,Professional,273000.0,706,2021-01-11
C100461,Customer_100461,64,Female,Jaipur,Rajasthan,Business Owner,578000.0,622,2022-10-03
C100462,Customer_100462,57,Female,Mumbai,Maharashtra,Self-Employed,906000.0,815,2022-10-30
C100463,Customer_100463,21,Male,Jaipur,Rajasthan,Self-Employed,1036000.0,833,2018-03-03
C100464,Customer_100464,62,Female,Pune,Maharashtra,Salaried,616000.0,689,2021-09-22
C100465,Customer_100465,30,Male,Delhi,Delhi,Salaried,426000.0,647,2022-02-09
C100466,Customer_100466,39,Female,Lucknow,Uttar Pradesh,Self-Employed,1098000.0,776,2018-04-26
C100467,Customer_100467,35,Male,Mumbai,Maharashtra,Self-Employed,903000.0,759,2018-03-11
C100468,Customer_100468,39,Male,Ahmedabad,Gujarat,Salaried,712000.0,842,2019-06-09
C100469,Customer_100469,55,Male,Bengaluru,Karnataka,Professional,1050000.0,850,2020-12-17
C100470,Customer_100470,53,Male,Lucknow,Uttar Pradesh,Salaried,795000.0,588,2021-01-08
C100471,Customer_100471,47,Male,Jaipur,Rajasthan,Business Owner,794000.0,795,2019-02-16
C100472,Customer_100472,49,Female,Gurugram,Haryana,Professional,779000.0,706,2020-09-14
C100473,Customer_100473,53,Female,Pune,Maharashtra,Salaried,522000.0,756,2019-09-18
C100474,Customer_100474,29,Female,Pune,Maharashtra,Professional,481000.0,771,2025-05-27
C100475,Customer_100475,38,Male,Ahmedabad,Gujarat,Business Owner,640000.0,768,2023-02-08
C100476,Customer_100476,25,Male,Gurugram,Haryana,Business Owner,863000.0,785,2025-10-08
C100477,Customer_100477,52,Male,Noida,Uttar Pradesh,Professional,250000.0,684,2023-01-17
C100478,Customer_100478,40,Male,Delhi,Delhi,Self-Employed,1228000.0,658,2021-12-21
C100479,Customer_100479,49,Male,Ahmedabad,Gujarat,Salaried,857000.0,797,2021-07-25
C100480,Customer_100480,46,Female,Mumbai,Maharashtra,Self-Employed,424000.0,663,2019-06-23
C100481,Customer_100481,33,Female,Hyderabad,Telangana,Salaried,1497000.0,841,2018-08-29
C100482,Customer_100482,27,Male,Gurugram,Haryana,Salaried,867000.0,670,2024-06-09
C100483,Customer_100483,64,Female,Hyderabad,Telangana,Salaried,316000.0,695,2020-08-17
C100484,Customer_100484,34,Female,Gurugram,Haryana,Salaried,1479000.0,708,2018-09-11
C100485,Customer_100485,25,Male,Pune,Maharashtra,Business Owner,1392000.0,620,2020-11-19
C100486,Customer_100486,34,Female,Bengaluru,Karnataka,Professional,486000.0,620,2021-08-01
C100487,Customer_100487,61,Male,Chennai,Tamil Nadu,Professional,721000.0,779,2023-03-31
C100488,Customer_100488,32,Male,Kolkata,West Bengal,Salaried,667000.0,608,2026-04-04
C100489,Customer_100489,65,Other,Gurugram,Haryana,Self-Employed,250000.0,850,2026-01-27
C100490,Customer_100490,41,Female,Ahmedabad,Gujarat,Self-Employed,980000.0,714,2025-02-22
C100491,Customer_100491,59,Male,Lucknow,Uttar Pradesh,Salaried,1188000.0,653,2024-09-14
C100492,Customer_100492,50,Male,Noida,Uttar Pradesh,Self-Employed,1113000.0,747,2025-08-27
C100493,Customer_100493,22,Female,Gurugram,Haryana,Salaried,863000.0,560,2023-08-31
C100494,Customer_100494,43,Male,Ahmedabad,Gujarat,Professional,1227000.0,698,2017-11-29
C100495,Customer_100495,39,Female,Hyderabad,Telangana,Salaried,396000.0,707,2019-03-25
C100496,Customer_100496,30,Female,Chennai,Tamil Nadu,Business Owner,1577000.0,638,2021-04-21
C100497,Customer_100497,45,Male,Mumbai,Maharashtra,Professional,541000.0,679,2024-04-22
C100498,Customer_100498,25,Female,Chennai,Tamil Nadu,Business Owner,586000.0,819,2024-02-28
C100499,Customer_100499,52,Female,Lucknow,Uttar Pradesh,Salaried,620000.0,732,2025-03-05
C100500,Customer_100500,57,Female,Pune,Maharashtra,Salaried,591000.0,746,2018-06-15
C100501,Customer_100501,25,Male,Mumbai,Maharashtra,Professional,773000.0,669,2022-07-24
C100502,Customer_100502,42,Male,Ahmedabad,Gujarat,Salaried,757000.0,634,2024-02-28
C100503,Customer_100503,50,Male,Lucknow,Uttar Pradesh,Salaried,902000.0,704,2020-09-01
C100504,Customer_100504,23,Female,Noida,Uttar Pradesh,Professional,523000.0,560,2020-03-08
C100505,Customer_100505,38,Female,Hyderabad,Telangana,Business Owner,917000.0,649,2023-02-26
C100506,Customer_100506,32,Female,Pune,Maharashtra,Business Owner,414000.0,639,2025-04-05
C100507,Customer_100507,22,Female,Kolkata,West Bengal,Salaried,1143000.0,587,2021-03-27
C100508,Customer_100508,57,Male,Bengaluru,Karnataka,Salaried,1138000.0,762,2020-11-20
C100509,Customer_100509,41,Male,Hyderabad,Telangana,Business Owner,848000.0,712,2017-09-17
C100510,Customer_100510,54,Female,Bengaluru,Karnataka,Salaried,590000.0,680,2019-05-01
C100511,Customer_100511,47,Female,Lucknow,Uttar Pradesh,Salaried,974000.0,764,2017-09-29
C100512,Customer_100512,60,Female,Jaipur,Rajasthan,Salaried,495000.0,613,2025-07-15
C100513,Customer_100513,65,Male,Noida,Uttar Pradesh,Self-Employed,864000.0,633,2024-11-08
C100514,Customer_100514,48,Male,Gurugram,Haryana,Salaried,789000.0,793,2023-08-21
C100515,Customer_100515,36,Female,Lucknow,Uttar Pradesh,Professional,1902000.0,850,2019-01-01
C100516,Customer_100516,40,Male,Mumbai,Maharashtra,Salaried,359000.0,764,2021-04-24
C100517,Customer_100517,58,Male,Noida,Uttar Pradesh,Salaried,250000.0,751,2017-02-10
C100518,Customer_100518,40,Female,Delhi,Delhi,Professional,595000.0,682,2025-12-12
C100519,Customer_100519,44,Female,Pune,Maharashtra,Professional,250000.0,684,2017-06-30
C100520,Customer_100520,29,Female,Ahmedabad,Gujarat,Self-Employed,559000.0,735,2022-08-11
C100521,Customer_100521,65,Female,Chennai,Tamil Nadu,Professional,331000.0,809,2021-08-14
C100522,Customer_100522,50,Female,Mumbai,Maharashtra,Salaried,488000.0,748,2022-06-19
C100523,Customer_100523,35,Male,Bengaluru,Karnataka,Salaried,424000.0,782,2017-10-09
C100524,Customer_100524,47,Male,Gurugram,Haryana,Salaried,1235000.0,660,2020-05-13
C100525,Customer_100525,39,Female,Hyderabad,Telangana,Salaried,831000.0,760,2024-09-16
C100526,Customer_100526,27,Male,Hyderabad,Telangana,Business Owner,1280000.0,676,2024-10-09
C100527,Customer_100527,60,Female,Lucknow,Uttar Pradesh,Business Owner,866000.0,729,2020-10-03
C100528,Customer_100528,60,Female,Mumbai,Maharashtra,Salaried,1221000.0,760,2022-06-13
C100529,Customer_100529,58,Male,Noida,Uttar Pradesh,Salaried,729000.0,685,2024-06-14
C100530,Customer_100530,37,Male,Lucknow,Uttar Pradesh,Professional,1488000.0,654,2022-10-15
C100531,Customer_100531,32,Female,Ahmedabad,Gujarat,Self-Employed,1038000.0,744,2020-11-22
C100532,Customer_100532,23,Male,Mumbai,Maharashtra,Salaried,538000.0,711,2025-09-19
C100533,Customer_100533,53,Male,Mumbai,Maharashtra,Salaried,1098000.0,729,2026-04-05
C100534,Customer_100534,35,Female,Hyderabad,Telangana,Salaried,861000.0,763,2019-07-07
C100535,Customer_100535,61,Male,Kolkata,West Bengal,Salaried,769000.0,805,2017-06-15
C100536,Customer_100536,60,Male,Mumbai,Maharashtra,Salaried,888000.0,763,2024-05-13
C100537,Customer_100537,26,Female,Pune,Maharashtra,Salaried,1150000.0,755,2017-12-31
C100538,Customer_100538,62,Female,Mumbai,Maharashtra,Salaried,250000.0,687,2024-07-19
C100539,Customer_100539,27,Female,Kolkata,West Bengal,Salaried,710000.0,697,2024-04-04
C100540,Customer_100540,43,Female,Delhi,Delhi,Salaried,1123000.0,750,2017-08-04
C100541,Customer_100541,42,Female,Jaipur,Rajasthan,Salaried,949000.0,696,2022-02-07
C100542,Customer_100542,64,Male,Delhi,Delhi,Salaried,399000.0,749,2023-09-22
C100543,Customer_100543,50,Male,Bengaluru,Karnataka,Professional,250000.0,667,2017-10-02
C100544,Customer_100544,60,Female,Bengaluru,Karnataka,Business Owner,1530000.0,845,2024-09-24
C100545,Customer_100545,47,Male,Gurugram,Haryana,Salaried,775000.0,733,2018-01-06
C100546,Customer_100546,58,Female,Delhi,Delhi,Salaried,1456000.0,728,2021-12-29
C100547,Customer_100547,59,Female,Pune,Maharashtra,Self-Employed,1168000.0,689,2017-03-10
C100548,Customer_100548,59,Male,Ahmedabad,Gujarat,Salaried,533000.0,844,2018-01-14
C100549,Customer_100549,39,Female,Kolkata,West Bengal,Self-Employed,250000.0,639,2023-11-01
C100550,Customer_100550,38,Female,Jaipur,Rajasthan,Professional,665000.0,674,2017-09-26
C100551,Customer_100551,65,Female,Gurugram,Haryana,Salaried,835000.0,775,2025-05-14
C100552,Customer_100552,55,Male,Chennai,Tamil Nadu,Salaried,1030000.0,736,2017-03-22
C100553,Customer_100553,62,Female,Gurugram,Haryana,Salaried,406000.0,683,2022-11-03
C100554,Customer_100554,46,Male,Hyderabad,Telangana,Self-Employed,921000.0,684,2020-05-29
C100555,Customer_100555,62,Female,Lucknow,Uttar Pradesh,Salaried,921000.0,701,2022-08-22
C100556,Customer_100556,53,Female,Kolkata,West Bengal,Self-Employed,1244000.0,727,2022-10-14
C100557,Customer_100557,54,Male,Jaipur,Rajasthan,Salaried,727000.0,821,2022-12-29
C100558,Customer_100558,29,Male,Noida,Uttar Pradesh,Business Owner,1027000.0,759,2022-04-23
C100559,Customer_100559,46,Female,Gurugram,Haryana,Self-Employed,965000.0,787,2025-11-23
C100560,Customer_100560,53,Female,Noida,Uttar Pradesh,Salaried,1200000.0,692,2021-09-30
C100561,Customer_100561,55,Male,Kolkata,West Bengal,Professional,522000.0,754,2024-12-07
C100562,Customer_100562,64,Female,Delhi,Delhi,Business Owner,250000.0,619,2020-11-19
C100563,Customer_100563,35,Female,Pune,Maharashtra,Salaried,755000.0,732,2022-09-08
C100564,Customer_100564,34,Male,Bengaluru,Karnataka,Professional,758000.0,728,2023-05-04
C100565,Customer_100565,64,Female,Noida,Uttar Pradesh,Business Owner,387000.0,838,2020-08-09
C100566,Customer_100566,65,Male,Bengaluru,Karnataka,Salaried,250000.0,821,2025-03-23
C100567,Customer_100567,29,Male,Bengaluru,Karnataka,Self-Employed,620000.0,703,2019-07-11
C100568,Customer_100568,38,Female,Bengaluru,Karnataka,Self-Employed,804000.0,667,2024-09-11
C100569,Customer_100569,63,Male,Ahmedabad,Gujarat,Self-Employed,888000.0,669,2018-10-08
C100570,Customer_100570,29,Female,Kolkata,West Bengal,Professional,250000.0,701,2023-08-29
C100571,Customer_100571,56,Female,Lucknow,Uttar Pradesh,Salaried,250000.0,805,2024-09-30
C100572,Customer_100572,26,Female,Chennai,Tamil Nadu,Salaried,1302000.0,747,2019-09-21
C100573,Customer_100573,29,Male,Hyderabad,Telangana,Salaried,774000.0,754,2019-05-21
C100574,Customer_100574,56,Male,Delhi,Delhi,Business Owner,849000.0,773,2025-10-03
C100575,Customer_100575,48,Female,Delhi,Delhi,Salaried,317000.0,655,2022-11-25
C100576,Customer_100576,45,Female,Chennai,Tamil Nadu,Salaried,848000.0,674,2025-01-07
C100577,Customer_100577,59,Female,Lucknow,Uttar Pradesh,Salaried,700000.0,754,2025-10-30
C100578,Customer_100578,34,Male,Kolkata,West Bengal,Self-Employed,603000.0,669,2025-10-28
C100579,Customer_100579,43,Male,Noida,Uttar Pradesh,Salaried,265000.0,621,2024-08-19
C100580,Customer_100580,48,Male,Mumbai,Maharashtra,Salaried,503000.0,650,2022-10-06
C100581,Customer_100581,54,Female,Mumbai,Maharashtra,Salaried,1639000.0,789,2025-10-27
C100582,Customer_100582,35,Male,Noida,Uttar Pradesh,Salaried,710000.0,696,2020-02-07
C100583,Customer_100583,49,Male,Mumbai,Maharashtra,Salaried,1166000.0,735,2022-01-28
C100584,Customer_100584,41,Male,Delhi,Delhi,Salaried,771000.0,653,2021-03-18
C100585,Customer_100585,45,Male,Chennai,Tamil Nadu,Self-Employed,725000.0,745,2020-03-02
C100586,Customer_100586,59,Female,Lucknow,Uttar Pradesh,Salaried,596000.0,702,2020-01-19
C100587,Customer_100587,38,Female,Jaipur,Rajasthan,Salaried,1388000.0,749,2026-01-19
C100588,Customer_100588,51,Female,Mumbai,Maharashtra,Self-Employed,999000.0,689,2020-04-08
C100589,Customer_100589,63,Male,Noida,Uttar Pradesh,Salaried,534000.0,753,2017-12-27
C100590,Customer_100590,55,Female,Noida,Uttar Pradesh,Salaried,692000.0,686,2020-12-17
C100591,Customer_100591,65,Male,Gurugram,Haryana,Salaried,1280000.0,715,2020-06-27
C100592,Customer_100592,47,Female,Noida,Uttar Pradesh,Salaried,250000.0,702,2025-09-15
C100593,Customer_100593,33,Female,Bengaluru,Karnataka,Salaried,974000.0,722,2024-04-05
C100594,Customer_100594,65,Male,Lucknow,Uttar Pradesh,Professional,1065000.0,738,2021-08-19
C100595,Customer_100595,50,Female,Hyderabad,Telangana,Salaried,550000.0,688,2024-09-18
C100596,Customer_100596,31,Male,Gurugram,Haryana,Self-Employed,912000.0,712,2020-10-06
C100597,Customer_100597,35,Male,Kolkata,West Bengal,Professional,1051000.0,732,2019-01-29
C100598,Customer_100598,32,Male,Gurugram,Haryana,Salaried,358000.0,753,2022-12-14
C100599,Customer_100599,58,Male,Ahmedabad,Gujarat,Business Owner,1187000.0,715,2022-10-15
C100600,Customer_100600,25,Female,Ahmedabad,Gujarat,Salaried,969000.0,662,2019-09-01
C100601,Customer_100601,54,Female,Ahmedabad,Gujarat,Self-Employed,789000.0,726,2018-08-06
C100602,Customer_100602,45,Female,Gurugram,Haryana,Professional,892000.0,764,2017-01-30
C100603,Customer_100603,24,Female,Jaipur,Rajasthan,Salaried,1133000.0,633,2020-07-31
C100604,Customer_100604,48,Female,Mumbai,Maharashtra,Professional,1776000.0,634,2023-10-18
C100605,Customer_100605,54,Male,Gurugram,Haryana,Salaried,1094000.0,677,2024-06-28
C100606,Customer_100606,53,Male,Kolkata,West Bengal,Self-Employed,1174000.0,707,2020-02-05
C100607,Customer_100607,44,Male,Hyderabad,Telangana,Salaried,927000.0,577,2023-03-04
C100608,Customer_100608,36,Female,Kolkata,West Bengal,Salaried,1611000.0,757,2019-03-19
C100609,Customer_100609,28,Female,Lucknow,Uttar Pradesh,Salaried,264000.0,708,2018-09-30
C100610,Customer_100610,21,Female,Noida,Uttar Pradesh,Professional,250000.0,567,2021-12-25
C100611,Customer_100611,37,Male,Noida,Uttar Pradesh,Self-Employed,911000.0,648,2019-11-25
C100612,Customer_100612,49,Male,Pune,Maharashtra,Professional,1114000.0,700,2018-07-02
C100613,Customer_100613,22,Female,Gurugram,Haryana,Salaried,250000.0,605,2019-03-28
C100614,Customer_100614,65,Male,Chennai,Tamil Nadu,Salaried,849000.0,783,2019-08-04
C100615,Customer_100615,47,Female,Jaipur,Rajasthan,Salaried,778000.0,732,2019-12-06
C100616,Customer_100616,34,Male,Ahmedabad,Gujarat,Salaried,1148000.0,764,2021-10-08
C100617,Customer_100617,64,Male,Bengaluru,Karnataka,Salaried,1021000.0,653,2025-02-12
C100618,Customer_100618,29,Female,Hyderabad,Telangana,Professional,250000.0,747,2026-01-26
C100619,Customer_100619,64,Female,Delhi,Delhi,Professional,418000.0,677,2022-05-09
C100620,Customer_100620,33,Female,Mumbai,Maharashtra,Salaried,527000.0,707,2019-04-10
C100621,Customer_100621,38,Male,Pune,Maharashtra,Salaried,1146000.0,743,2018-10-24
C100622,Customer_100622,40,Male,Pune,Maharashtra,Self-Employed,1000000.0,715,2021-05-07
C100623,Customer_100623,65,Female,Mumbai,Maharashtra,Self-Employed,602000.0,773,2023-04-13
C100624,Customer_100624,32,Female,Pune,Maharashtra,Self-Employed,908000.0,729,2021-12-01
C100625,Customer_100625,64,Male,Ahmedabad,Gujarat,Salaried,427000.0,690,2018-03-25
C100626,Customer_100626,36,Female,Bengaluru,Karnataka,Salaried,1670000.0,775,2023-08-21
C100627,Customer_100627,33,Male,Chennai,Tamil Nadu,Salaried,1080000.0,788,2019-11-24
C100628,Customer_100628,49,Male,Chennai,Tamil Nadu,Professional,1164000.0,726,2021-11-10
C100629,Customer_100629,52,Female,Kolkata,West Bengal,Business Owner,1401000.0,807,2024-12-31
C100630,Customer_100630,36,Female,Chennai,Tamil Nadu,Professional,1256000.0,705,2023-10-30
C100631,Customer_100631,27,Male,Jaipur,Rajasthan,Salaried,863000.0,712,2021-11-26
C100632,Customer_100632,38,Male,Hyderabad,Telangana,Salaried,776000.0,720,2025-01-17
C100633,Customer_100633,45,Other,Pune,Maharashtra,Salaried,1365000.0,712,2018-11-15
C100634,Customer_100634,22,Female,Chennai,Tamil Nadu,Professional,861000.0,700,2019-08-20
C100635,Customer_100635,24,Female,Bengaluru,Karnataka,Salaried,550000.0,674,2019-07-03
C100636,Customer_100636,62,Male,Jaipur,Rajasthan,Self-Employed,1637000.0,655,2024-10-12
C100637,Customer_100637,22,Female,Bengaluru,Karnataka,Salaried,476000.0,727,2024-10-22
C100638,Customer_100638,39,Female,Hyderabad,Telangana,Salaried,250000.0,798,2019-06-13
C100639,Customer_100639,55,Female,Gurugram,Haryana,Salaried,1247000.0,773,2018-10-14
C100640,Customer_100640,35,Male,Lucknow,Uttar Pradesh,Salaried,558000.0,745,2024-07-14
C100641,Customer_100641,43,Female,Jaipur,Rajasthan,Business Owner,1024000.0,801,2021-03-12
C100642,Customer_100642,24,Female,Noida,Uttar Pradesh,Professional,1577000.0,721,2022-12-05
C100643,Customer_100643,56,Female,Noida,Uttar Pradesh,Self-Employed,300000.0,656,2018-11-03
C100644,Customer_100644,49,Female,Pune,Maharashtra,Salaried,834000.0,697,2022-04-18
C100645,Customer_100645,59,Female,Gurugram,Haryana,Business Owner,1443000.0,716,2023-05-17
C100646,Customer_100646,59,Male,Hyderabad,Telangana,Salaried,1123000.0,687,2021-04-27
C100647,Customer_100647,36,Male,Pune,Maharashtra,Business Owner,778000.0,760,2024-08-21
C100648,Customer_100648,22,Female,Kolkata,West Bengal,Business Owner,1806000.0,781,2022-01-29
C100649,Customer_100649,36,Male,Lucknow,Uttar Pradesh,Salaried,812000.0,607,2022-01-05
C100650,Customer_100650,27,Male,Noida,Uttar Pradesh,Salaried,1009000.0,711,2019-03-09
C100651,Customer_100651,44,Female,Pune,Maharashtra,Salaried,1510000.0,531,2023-03-21
C100652,Customer_100652,27,Male,Ahmedabad,Gujarat,Salaried,1242000.0,714,2021-08-21
C100653,Customer_100653,62,Female,Bengaluru,Karnataka,Professional,1379000.0,713,2023-01-16
C100654,Customer_100654,48,Male,Gurugram,Haryana,Self-Employed,490000.0,835,2022-08-31
C100655,Customer_100655,32,Male,Kolkata,West Bengal,Salaried,1341000.0,816,2020-06-06
C100656,Customer_100656,62,Male,Kolkata,West Bengal,Salaried,918000.0,781,2020-07-21
C100657,Customer_100657,55,Female,Gurugram,Haryana,Business Owner,552000.0,658,2019-11-27
C100658,Customer_100658,40,Female,Ahmedabad,Gujarat,Salaried,939000.0,654,2020-07-22
C100659,Customer_100659,27,Male,Delhi,Delhi,Salaried,926000.0,649,2024-11-13
C100660,Customer_100660,36,Male,Hyderabad,Telangana,Self-Employed,1597000.0,819,2020-03-27
C100661,Customer_100661,47,Male,Bengaluru,Karnataka,Salaried,1003000.0,661,2018-02-19
C100662,Customer_100662,55,Female,Jaipur,Rajasthan,Salaried,538000.0,695,2024-08-12
C100663,Customer_100663,32,Other,Delhi,Delhi,Salaried,445000.0,662,2019-01-11
C100664,Customer_100664,54,Female,Bengaluru,Karnataka,Salaried,831000.0,638,2020-07-31
C100665,Customer_100665,33,Male,Ahmedabad,Gujarat,Professional,311000.0,742,2018-11-20
C100666,Customer_100666,32,Female,Jaipur,Rajasthan,Business Owner,564000.0,730,2022-05-28
C100667,Customer_100667,41,Male,Kolkata,West Bengal,Professional,752000.0,575,2019-06-25
C100668,Customer_100668,28,Male,Noida,Uttar Pradesh,Professional,681000.0,635,2026-01-19
C100669,Customer_100669,39,Male,Lucknow,Uttar Pradesh,Salaried,1141000.0,737,2020-12-23
C100670,Customer_100670,37,Male,Mumbai,Maharashtra,Salaried,555000.0,715,2017-04-13
C100671,Customer_100671,33,Male,Lucknow,Uttar Pradesh,Self-Employed,250000.0,694,2022-02-23
C100672,Customer_100672,55,Female,Ahmedabad,Gujarat,Salaried,250000.0,759,2019-01-18
C100673,Customer_100673,35,Male,Ahmedabad,Gujarat,Professional,843000.0,626,2020-04-06
C100674,Customer_100674,52,Female,Mumbai,Maharashtra,Salaried,615000.0,681,2025-08-12
C100675,Customer_100675,53,Female,Ahmedabad,Gujarat,Salaried,355000.0,754,2018-09-03
C100676,Customer_100676,50,Female,Jaipur,Rajasthan,Self-Employed,1633000.0,678,2023-09-03
C100677,Customer_100677,33,Male,Kolkata,West Bengal,Professional,1182000.0,740,2023-06-03
C100678,Customer_100678,58,Female,Mumbai,Maharashtra,Self-Employed,827000.0,645,2020-07-03
C100679,Customer_100679,31,Male,Kolkata,West Bengal,Self-Employed,943000.0,666,2021-02-15
C100680,Customer_100680,33,Male,Lucknow,Uttar Pradesh,Salaried,744000.0,604,2017-11-02
C100681,Customer_100681,60,Male,Jaipur,Rajasthan,Self-Employed,348000.0,586,2021-06-13
C100682,Customer_100682,36,Female,Mumbai,Maharashtra,Business Owner,1262000.0,689,2021-10-14
C100683,Customer_100683,52,Female,Lucknow,Uttar Pradesh,Salaried,1191000.0,749,2022-07-28
C100684,Customer_100684,22,Female,Lucknow,Uttar Pradesh,Business Owner,250000.0,713,2024-04-19
C100685,Customer_100685,48,Female,Bengaluru,Karnataka,Salaried,941000.0,795,2025-08-26
C100686,Customer_100686,60,Female,Gurugram,Haryana,Salaried,985000.0,694,2020-12-08
C100687,Customer_100687,52,Female,Chennai,Tamil Nadu,Professional,721000.0,582,2025-03-21
C100688,Customer_100688,47,Female,Ahmedabad,Gujarat,Salaried,1689000.0,742,2024-11-09
C100689,Customer_100689,59,Male,Pune,Maharashtra,Self-Employed,1645000.0,650,2019-11-10
C100690,Customer_100690,34,Other,Gurugram,Haryana,Salaried,699000.0,728,2019-09-15
C100691,Customer_100691,37,Female,Lucknow,Uttar Pradesh,Professional,761000.0,571,2021-12-29
C100692,Customer_100692,24,Female,Gurugram,Haryana,Salaried,714000.0,702,2021-08-11
C100693,Customer_100693,52,Male,Lucknow,Uttar Pradesh,Salaried,605000.0,766,2020-06-20
C100694,Customer_100694,53,Male,Lucknow,Uttar Pradesh,Professional,482000.0,758,2017-11-03
C100695,Customer_100695,54,Female,Mumbai,Maharashtra,Self-Employed,1053000.0,704,2024-05-24
C100696,Customer_100696,54,Male,Hyderabad,Telangana,Salaried,1635000.0,717,2021-11-22
C100697,Customer_100697,26,Male,Jaipur,Rajasthan,Salaried,1470000.0,688,2018-08-22
C100698,Customer_100698,50,Female,Ahmedabad,Gujarat,Salaried,1166000.0,701,2025-01-06
C100699,Customer_100699,55,Female,Delhi,Delhi,Professional,250000.0,761,2025-08-12
C100700,Customer_100700,30,Female,Mumbai,Maharashtra,Self-Employed,250000.0,671,2018-06-02
C100701,Customer_100701,42,Female,Kolkata,West Bengal,Professional,1276000.0,678,2021-11-23
C100702,Customer_100702,62,Male,Ahmedabad,Gujarat,Professional,1498000.0,617,2022-09-04
C100703,Customer_100703,39,Male,Bengaluru,Karnataka,Salaried,1071000.0,762,2019-03-15
C100704,Customer_100704,54,Female,Bengaluru,Karnataka,Self-Employed,728000.0,699,2019-12-05
C100705,Customer_100705,44,Male,Mumbai,Maharashtra,Self-Employed,1391000.0,638,2020-08-04
C100706,Customer_100706,50,Female,Kolkata,West Bengal,Business Owner,1151000.0,773,2020-04-16
C100707,Customer_100707,49,Other,Delhi,Delhi,Self-Employed,1305000.0,713,2023-04-16
C100708,Customer_100708,50,Female,Kolkata,West Bengal,Salaried,250000.0,668,2017-01-30
C100709,Customer_100709,56,Female,Pune,Maharashtra,Professional,987000.0,774,2023-01-21
C100710,Customer_100710,61,Female,Pune,Maharashtra,Self-Employed,1560000.0,694,2021-12-18
C100711,Customer_100711,34,Female,Jaipur,Rajasthan,Professional,1061000.0,614,2024-01-24
C100712,Customer_100712,62,Male,Kolkata,West Bengal,Salaried,1229000.0,779,2026-03-05
C100713,Customer_100713,49,Male,Jaipur,Rajasthan,Salaried,865000.0,662,2021-01-08
C100714,Customer_100714,47,Male,Gurugram,Haryana,Self-Employed,892000.0,850,2018-05-15
C100715,Customer_100715,35,Female,Lucknow,Uttar Pradesh,Business Owner,1411000.0,687,2021-01-23
C100716,Customer_100716,39,Male,Gurugram,Haryana,Salaried,582000.0,585,2019-03-08
C100717,Customer_100717,50,Male,Kolkata,West Bengal,Salaried,543000.0,830,2021-09-27
C100718,Customer_100718,37,Female,Pune,Maharashtra,Business Owner,659000.0,713,2019-02-09
C100719,Customer_100719,33,Male,Bengaluru,Karnataka,Professional,859000.0,733,2017-02-05
C100720,Customer_100720,57,Female,Ahmedabad,Gujarat,Salaried,250000.0,741,2022-03-27
C100721,Customer_100721,39,Male,Mumbai,Maharashtra,Salaried,1142000.0,628,2019-12-30
C100722,Customer_100722,50,Male,Lucknow,Uttar Pradesh,Salaried,784000.0,576,2018-10-08
C100723,Customer_100723,22,Male,Noida,Uttar Pradesh,Salaried,1191000.0,843,2017-01-09
C100724,Customer_100724,24,Male,Mumbai,Maharashtra,Salaried,250000.0,615,2025-11-10
C100725,Customer_100725,59,Other,Gurugram,Haryana,Salaried,1193000.0,823,2024-10-22
C100726,Customer_100726,27,Other,Mumbai,Maharashtra,Self-Employed,1385000.0,751,2023-06-26
C100727,Customer_100727,56,Female,Jaipur,Rajasthan,Salaried,1025000.0,728,2020-06-15
C100728,Customer_100728,61,Female,Mumbai,Maharashtra,Salaried,862000.0,686,2022-10-28
C100729,Customer_100729,42,Female,Pune,Maharashtra,Professional,1196000.0,850,2022-01-01
C100730,Customer_100730,60,Female,Ahmedabad,Gujarat,Salaried,1359000.0,671,2017-01-14
C100731,Customer_100731,40,Female,Jaipur,Rajasthan,Business Owner,1059000.0,673,2025-07-01
C100732,Customer_100732,63,Male,Pune,Maharashtra,Salaried,1089000.0,760,2021-05-19
C100733,Customer_100733,31,Female,Lucknow,Uttar Pradesh,Business Owner,1513000.0,673,2021-04-29
C100734,Customer_100734,40,Other,Gurugram,Haryana,Business Owner,1154000.0,651,2024-07-15
C100735,Customer_100735,38,Male,Bengaluru,Karnataka,Salaried,530000.0,713,2023-08-19
C100736,Customer_100736,56,Male,Jaipur,Rajasthan,Self-Employed,1357000.0,761,2021-09-20
C100737,Customer_100737,22,Male,Jaipur,Rajasthan,Self-Employed,801000.0,839,2024-12-03
C100738,Customer_100738,58,Male,Chennai,Tamil Nadu,Salaried,863000.0,850,2023-11-16
C100739,Customer_100739,22,Female,Jaipur,Rajasthan,Business Owner,893000.0,600,2022-05-11
C100740,Customer_100740,35,Male,Noida,Uttar Pradesh,Salaried,1238000.0,784,2023-05-08
C100741,Customer_100741,47,Female,Gurugram,Haryana,Salaried,1550000.0,653,2018-07-12
C100742,Customer_100742,27,Female,Gurugram,Haryana,Professional,860000.0,656,2025-08-27
C100743,Customer_100743,43,Male,Ahmedabad,Gujarat,Salaried,1543000.0,682,2025-03-19
C100744,Customer_100744,65,Female,Hyderabad,Telangana,Salaried,916000.0,677,2020-05-31
C100745,Customer_100745,58,Female,Gurugram,Haryana,Salaried,1411000.0,647,2017-05-15
C100746,Customer_100746,22,Female,Chennai,Tamil Nadu,Professional,929000.0,565,2024-09-07
C100747,Customer_100747,47,Male,Kolkata,West Bengal,Salaried,653000.0,811,2021-09-13
C100748,Customer_100748,47,Female,Hyderabad,Telangana,Salaried,1619000.0,775,2019-06-05
C100749,Customer_100749,24,Male,Hyderabad,Telangana,Self-Employed,615000.0,716,2026-04-13
C100750,Customer_100750,50,Male,Mumbai,Maharashtra,Business Owner,588000.0,654,2022-03-11
C100751,Customer_100751,44,Male,Lucknow,Uttar Pradesh,Salaried,348000.0,797,2018-11-28
C100752,Customer_100752,51,Male,Mumbai,Maharashtra,Professional,1357000.0,713,2022-10-03
C100753,Customer_100753,34,Female,Mumbai,Maharashtra,Salaried,1451000.0,679,2024-02-01
C100754,Customer_100754,32,Male,Lucknow,Uttar Pradesh,Self-Employed,999000.0,610,2021-02-14
C100755,Customer_100755,54,Female,Kolkata,West Bengal,Self-Employed,456000.0,752,2023-05-19
C100756,Customer_100756,53,Male,Pune,Maharashtra,Salaried,847000.0,695,2017-12-15
C100757,Customer_100757,28,Female,Jaipur,Rajasthan,Professional,729000.0,734,2019-07-27
C100758,Customer_100758,30,Male,Chennai,Tamil Nadu,Self-Employed,438000.0,728,2021-01-16
C100759,Customer_100759,47,Female,Mumbai,Maharashtra,Salaried,654000.0,758,2018-01-23
C100760,Customer_100760,58,Female,Jaipur,Rajasthan,Salaried,1052000.0,731,2018-11-01
C100761,Customer_100761,30,Male,Bengaluru,Karnataka,Salaried,608000.0,697,2022-01-08
C100762,Customer_100762,30,Female,Kolkata,West Bengal,Professional,967000.0,753,2021-07-15
C100763,Customer_100763,57,Male,Lucknow,Uttar Pradesh,Salaried,250000.0,779,2020-05-12
C100764,Customer_100764,52,Female,Lucknow,Uttar Pradesh,Professional,1522000.0,817,2017-03-12
C100765,Customer_100765,61,Female,Chennai,Tamil Nadu,Salaried,693000.0,644,2020-09-14
C100766,Customer_100766,56,Male,Gurugram,Haryana,Professional,1198000.0,789,2021-07-02
C100767,Customer_100767,63,Male,Ahmedabad,Gujarat,Business Owner,925000.0,614,2026-03-07
C100768,Customer_100768,29,Male,Pune,Maharashtra,Salaried,1011000.0,783,2020-07-06
C100769,Customer_100769,33,Female,Mumbai,Maharashtra,Salaried,397000.0,678,2021-10-16
C100770,Customer_100770,31,Female,Chennai,Tamil Nadu,Business Owner,546000.0,771,2017-02-15
C100771,Customer_100771,23,Male,Ahmedabad,Gujarat,Salaried,555000.0,814,2018-09-03
C100772,Customer_100772,56,Male,Lucknow,Uttar Pradesh,Salaried,860000.0,732,2022-10-19
C100773,Customer_100773,50,Male,Delhi,Delhi,Business Owner,1380000.0,717,2021-07-04
C100774,Customer_100774,24,Female,Jaipur,Rajasthan,Professional,1023000.0,714,2019-12-01
C100775,Customer_100775,29,Male,Noida,Uttar Pradesh,Business Owner,490000.0,689,2020-09-06
C100776,Customer_100776,29,Male,Lucknow,Uttar Pradesh,Professional,885000.0,793,2022-06-04
C100777,Customer_100777,39,Female,Pune,Maharashtra,Self-Employed,818000.0,713,2021-01-02
C100778,Customer_100778,41,Male,Mumbai,Maharashtra,Business Owner,710000.0,579,2025-04-01
C100779,Customer_100779,34,Female,Hyderabad,Telangana,Salaried,844000.0,777,2019-01-15
C100780,Customer_100780,62,Male,Noida,Uttar Pradesh,Business Owner,1155000.0,774,2025-01-17
C100781,Customer_100781,30,Male,Noida,Uttar Pradesh,Self-Employed,562000.0,723,2025-08-06
C100782,Customer_100782,46,Female,Ahmedabad,Gujarat,Self-Employed,712000.0,669,2021-09-09
C100783,Customer_100783,40,Male,Mumbai,Maharashtra,Professional,1243000.0,645,2018-08-12
C100784,Customer_100784,38,Male,Mumbai,Maharashtra,Salaried,1038000.0,669,2021-05-22
C100785,Customer_100785,58,Other,Pune,Maharashtra,Self-Employed,1362000.0,733,2025-06-06
C100786,Customer_100786,65,Female,Ahmedabad,Gujarat,Salaried,1424000.0,600,2021-12-19
C100787,Customer_100787,21,Female,Delhi,Delhi,Salaried,306000.0,748,2022-11-05
C100788,Customer_100788,41,Male,Jaipur,Rajasthan,Salaried,965000.0,725,2020-08-20
C100789,Customer_100789,26,Male,Kolkata,West Bengal,Professional,647000.0,804,2022-06-02
C100790,Customer_100790,40,Male,Delhi,Delhi,Salaried,371000.0,766,2019-10-01
C100791,Customer_100791,48,Female,Mumbai,Maharashtra,Self-Employed,534000.0,673,2019-06-16
C100792,Customer_100792,39,Female,Pune,Maharashtra,Self-Employed,730000.0,610,2018-06-20
C100793,Customer_100793,34,Female,Jaipur,Rajasthan,Professional,732000.0,667,2023-07-05
C100794,Customer_100794,35,Female,Gurugram,Haryana,Business Owner,607000.0,810,2025-07-09
C100795,Customer_100795,34,Male,Pune,Maharashtra,Salaried,845000.0,739,2020-05-02
C100796,Customer_100796,35,Female,Hyderabad,Telangana,Salaried,1829000.0,759,2017-07-29
C100797,Customer_100797,37,Male,Lucknow,Uttar Pradesh,Self-Employed,250000.0,679,2020-10-03
C100798,Customer_100798,51,Male,Pune,Maharashtra,Salaried,1305000.0,752,2020-03-19
C100799,Customer_100799,25,Female,Hyderabad,Telangana,Salaried,843000.0,621,2022-10-14
C100800,Customer_100800,22,Female,Pune,Maharashtra,Salaried,675000.0,781,2018-07-20
C100801,Customer_100801,44,Male,Delhi,Delhi,Salaried,250000.0,645,2024-04-19
C100802,Customer_100802,51,Male,Hyderabad,Telangana,Professional,1155000.0,592,2017-07-25
C100803,Customer_100803,32,Female,Kolkata,West Bengal,Professional,274000.0,850,2020-07-30
C100804,Customer_100804,30,Male,Lucknow,Uttar Pradesh,Business Owner,1181000.0,729,2018-08-11
C100805,Customer_100805,49,Female,Jaipur,Rajasthan,Salaried,1547000.0,727,2025-02-14
C100806,Customer_100806,38,Female,Gurugram,Haryana,Professional,337000.0,598,2021-03-31
C100807,Customer_100807,54,Male,Kolkata,West Bengal,Self-Employed,1317000.0,760,2025-06-25
C100808,Customer_100808,27,Male,Mumbai,Maharashtra,Professional,860000.0,778,2022-03-16
C100809,Customer_100809,26,Male,Chennai,Tamil Nadu,Salaried,250000.0,707,2024-01-21
C100810,Customer_100810,45,Female,Lucknow,Uttar Pradesh,Salaried,368000.0,778,2025-04-29
C100811,Customer_100811,38,Male,Delhi,Delhi,Self-Employed,921000.0,796,2024-09-03
C100812,Customer_100812,53,Female,Noida,Uttar Pradesh,Professional,1010000.0,754,2023-05-15
C100813,Customer_100813,43,Male,Jaipur,Rajasthan,Salaried,250000.0,579,2024-05-23
C100814,Customer_100814,36,Female,Hyderabad,Telangana,Salaried,863000.0,645,2024-06-19
C100815,Customer_100815,28,Male,Gurugram,Haryana,Self-Employed,1179000.0,830,2023-03-28
C100816,Customer_100816,28,Male,Noida,Uttar Pradesh,Professional,1249000.0,725,2022-02-25
C100817,Customer_100817,55,Female,Delhi,Delhi,Business Owner,685000.0,726,2021-09-29
C100818,Customer_100818,31,Female,Mumbai,Maharashtra,Professional,1025000.0,666,2018-11-16
C100819,Customer_100819,43,Male,Ahmedabad,Gujarat,Self-Employed,1279000.0,679,2022-05-13
C100820,Customer_100820,57,Male,Lucknow,Uttar Pradesh,Professional,1191000.0,798,2024-11-29
C100821,Customer_100821,61,Female,Delhi,Delhi,Salaried,1207000.0,817,2024-12-05
C100822,Customer_100822,33,Male,Ahmedabad,Gujarat,Salaried,895000.0,772,2021-06-02
C100823,Customer_100823,25,Male,Mumbai,Maharashtra,Self-Employed,812000.0,756,2021-07-09
C100824,Customer_100824,55,Male,Ahmedabad,Gujarat,Self-Employed,959000.0,761,2024-03-07
C100825,Customer_100825,51,Male,Ahmedabad,Gujarat,Salaried,544000.0,715,2026-02-15
C100826,Customer_100826,35,Female,Mumbai,Maharashtra,Salaried,1295000.0,642,2017-01-22
C100827,Customer_100827,47,Female,Jaipur,Rajasthan,Business Owner,250000.0,628,2023-07-11
C100828,Customer_100828,29,Female,Noida,Uttar Pradesh,Business Owner,648000.0,805,2021-02-24
C100829,Customer_100829,52,Female,Noida,Uttar Pradesh,Salaried,836000.0,718,2019-02-24
C100830,Customer_100830,53,Male,Delhi,Delhi,Professional,1038000.0,751,2020-02-27
C100831,Customer_100831,34,Female,Bengaluru,Karnataka,Salaried,1113000.0,734,2026-04-03
C100832,Customer_100832,42,Male,Bengaluru,Karnataka,Salaried,1446000.0,737,2019-10-08
C100833,Customer_100833,36,Male,Pune,Maharashtra,Salaried,881000.0,742,2021-09-08
C100834,Customer_100834,22,Female,Mumbai,Maharashtra,Salaried,563000.0,765,2023-04-14
C100835,Customer_100835,26,Male,Noida,Uttar Pradesh,Salaried,792000.0,670,2019-06-17
C100836,Customer_100836,64,Male,Gurugram,Haryana,Self-Employed,722000.0,797,2024-09-04
C100837,Customer_100837,41,Male,Gurugram,Haryana,Business Owner,1058000.0,672,2017-09-04
C100838,Customer_100838,27,Female,Bengaluru,Karnataka,Salaried,423000.0,736,2025-01-16
C100839,Customer_100839,22,Male,Delhi,Delhi,Professional,780000.0,643,2023-06-24
C100840,Customer_100840,36,Female,Noida,Uttar Pradesh,Professional,1499000.0,709,2024-06-15
C100841,Customer_100841,65,Female,Hyderabad,Telangana,Salaried,922000.0,677,2017-11-09
C100842,Customer_100842,38,Female,Ahmedabad,Gujarat,Salaried,429000.0,722,2024-07-22
C100843,Customer_100843,65,Male,Noida,Uttar Pradesh,Salaried,714000.0,768,2019-08-13
C100844,Customer_100844,43,Female,Delhi,Delhi,Self-Employed,250000.0,725,2024-10-10
C100845,Customer_100845,55,Male,Delhi,Delhi,Salaried,826000.0,847,2020-04-07
C100846,Customer_100846,56,Female,Delhi,Delhi,Self-Employed,1509000.0,772,2023-06-17
C100847,Customer_100847,22,Female,Mumbai,Maharashtra,Self-Employed,375000.0,705,2026-03-31
C100848,Customer_100848,21,Male,Delhi,Delhi,Self-Employed,268000.0,714,2024-01-28
C100849,Customer_100849,62,Female,Gurugram,Haryana,Salaried,589000.0,745,2017-10-04
C100850,Customer_100850,62,Male,Ahmedabad,Gujarat,Salaried,1219000.0,766,2019-01-22
C100851,Customer_100851,26,Male,Lucknow,Uttar Pradesh,Salaried,1532000.0,640,2018-03-12
C100852,Customer_100852,50,Male,Gurugram,Haryana,Business Owner,1029000.0,761,2025-11-29
C100853,Customer_100853,62,Female,Lucknow,Uttar Pradesh,Self-Employed,336000.0,641,2020-01-04
C100854,Customer_100854,63,Female,Bengaluru,Karnataka,Self-Employed,841000.0,755,2021-09-07
C100855,Customer_100855,34,Female,Hyderabad,Telangana,Self-Employed,1566000.0,792,2022-05-17
C100856,Customer_100856,57,Male,Noida,Uttar Pradesh,Salaried,726000.0,739,2019-06-13
C100857,Customer_100857,50,Female,Bengaluru,Karnataka,Salaried,906000.0,569,2020-06-09
C100858,Customer_100858,62,Female,Delhi,Delhi,Salaried,946000.0,604,2021-03-26
C100859,Customer_100859,27,Female,Jaipur,Rajasthan,Salaried,250000.0,757,2017-02-18
C100860,Customer_100860,48,Male,Gurugram,Haryana,Salaried,1249000.0,561,2024-08-31
C100861,Customer_100861,22,Male,Lucknow,Uttar Pradesh,Salaried,1192000.0,760,2025-06-05
C100862,Customer_100862,37,Female,Lucknow,Uttar Pradesh,Business Owner,250000.0,784,2023-06-13
C100863,Customer_100863,21,Male,Mumbai,Maharashtra,Salaried,318000.0,794,2021-01-23
C100864,Customer_100864,40,Male,Gurugram,Haryana,Salaried,462000.0,704,2018-06-03
C100865,Customer_100865,57,Female,Noida,Uttar Pradesh,Salaried,1149000.0,749,2020-01-20
C100866,Customer_100866,50,Male,Jaipur,Rajasthan,Salaried,550000.0,734,2021-01-31
C100867,Customer_100867,35,Male,Gurugram,Haryana,Salaried,1011000.0,624,2018-11-06
C100868,Customer_100868,40,Male,Noida,Uttar Pradesh,Salaried,777000.0,768,2024-01-12
C100869,Customer_100869,37,Female,Pune,Maharashtra,Salaried,878000.0,810,2021-03-14
C100870,Customer_100870,53,Female,Delhi,Delhi,Professional,1048000.0,765,2023-06-18
C100871,Customer_100871,32,Male,Pune,Maharashtra,Salaried,959000.0,687,2021-10-18
C100872,Customer_100872,25,Male,Bengaluru,Karnataka,Salaried,842000.0,768,2018-10-07
C100873,Customer_100873,43,Female,Mumbai,Maharashtra,Salaried,981000.0,804,2023-01-27
C100874,Customer_100874,58,Male,Mumbai,Maharashtra,Salaried,937000.0,796,2023-12-01
C100875,Customer_100875,42,Other,Jaipur,Rajasthan,Self-Employed,766000.0,787,2020-12-16
C100876,Customer_100876,30,Female,Kolkata,West Bengal,Salaried,678000.0,617,2023-04-14
C100877,Customer_100877,23,Male,Kolkata,West Bengal,Professional,1602000.0,746,2026-02-25
C100878,Customer_100878,63,Male,Jaipur,Rajasthan,Professional,673000.0,762,2019-04-11
C100879,Customer_100879,55,Male,Kolkata,West Bengal,Self-Employed,1397000.0,788,2025-04-13
C100880,Customer_100880,27,Female,Ahmedabad,Gujarat,Salaried,576000.0,754,2019-11-12
C100881,Customer_100881,24,Male,Mumbai,Maharashtra,Salaried,1174000.0,821,2017-05-28
C100882,Customer_100882,26,Female,Noida,Uttar Pradesh,Salaried,1564000.0,601,2020-11-26
C100883,Customer_100883,37,Female,Pune,Maharashtra,Business Owner,715000.0,756,2024-08-19
C100884,Customer_100884,57,Female,Mumbai,Maharashtra,Salaried,583000.0,751,2023-04-10
C100885,Customer_100885,28,Female,Gurugram,Haryana,Self-Employed,678000.0,779,2020-02-05
C100886,Customer_100886,57,Male,Jaipur,Rajasthan,Salaried,842000.0,820,2025-11-09
C100887,Customer_100887,21,Female,Delhi,Delhi,Salaried,979000.0,662,2026-02-28
C100888,Customer_100888,54,Female,Bengaluru,Karnataka,Salaried,834000.0,818,2026-04-06
C100889,Customer_100889,33,Male,Delhi,Delhi,Salaried,682000.0,773,2022-02-25
C100890,Customer_100890,64,Male,Hyderabad,Telangana,Self-Employed,1632000.0,708,2023-06-02
C100891,Customer_100891,42,Male,Mumbai,Maharashtra,Self-Employed,770000.0,661,2021-12-08
C100892,Customer_100892,33,Male,Jaipur,Rajasthan,Salaried,602000.0,733,2020-11-03
C100893,Customer_100893,31,Female,Kolkata,West Bengal,Salaried,1182000.0,739,2021-11-21
C100894,Customer_100894,58,Male,Lucknow,Uttar Pradesh,Professional,1189000.0,742,2017-08-21
C100895,Customer_100895,39,Female,Jaipur,Rajasthan,Salaried,1415000.0,679,2018-07-08
C100896,Customer_100896,36,Female,Ahmedabad,Gujarat,Self-Employed,1621000.0,760,2022-07-10
C100897,Customer_100897,54,Male,Kolkata,West Bengal,Salaried,989000.0,694,2020-11-25
C100898,Customer_100898,45,Female,Delhi,Delhi,Self-Employed,735000.0,799,2021-06-26
C100899,Customer_100899,50,Male,Delhi,Delhi,Self-Employed,250000.0,831,2025-07-10
C100900,Customer_100900,41,Male,Ahmedabad,Gujarat,Salaried,475000.0,667,2023-03-31
C100901,Customer_100901,23,Male,Delhi,Delhi,Salaried,933000.0,724,2017-09-02
C100902,Customer_100902,21,Male,Delhi,Delhi,Salaried,378000.0,783,2025-12-24
C100903,Customer_100903,22,Male,Bengaluru,Karnataka,Salaried,250000.0,738,2025-01-13
C100904,Customer_100904,46,Male,Noida,Uttar Pradesh,Business Owner,876000.0,632,2018-07-22
C100905,Customer_100905,44,Male,Pune,Maharashtra,Salaried,1161000.0,776,2024-12-03
C100906,Customer_100906,54,Male,Jaipur,Rajasthan,Salaried,751000.0,681,2020-06-14
C100907,Customer_100907,61,Female,Chennai,Tamil Nadu,Business Owner,1209000.0,733,2020-06-19
C100908,Customer_100908,28,Male,Bengaluru,Karnataka,Professional,1097000.0,655,2022-05-13
C100909,Customer_100909,64,Female,Chennai,Tamil Nadu,Salaried,1310000.0,772,2025-06-07
C100910,Customer_100910,62,Female,Mumbai,Maharashtra,Self-Employed,1719000.0,693,2020-04-07
C100911,Customer_100911,48,Female,Gurugram,Haryana,Salaried,1896000.0,779,2022-05-12
C100912,Customer_100912,44,Female,Bengaluru,Karnataka,Self-Employed,1143000.0,706,2018-08-22
C100913,Customer_100913,28,Female,Chennai,Tamil Nadu,Salaried,666000.0,689,2017-10-18
C100914,Customer_100914,29,Female,Lucknow,Uttar Pradesh,Business Owner,875000.0,747,2022-07-29
C100915,Customer_100915,21,Female,Ahmedabad,Gujarat,Salaried,1479000.0,650,2019-03-11
C100916,Customer_100916,50,Female,Pune,Maharashtra,Salaried,493000.0,837,2017-05-14
C100917,Customer_100917,40,Male,Kolkata,West Bengal,Business Owner,1429000.0,732,2017-01-29
C100918,Customer_100918,29,Female,Gurugram,Haryana,Salaried,782000.0,683,2020-07-05
C100919,Customer_100919,27,Female,Hyderabad,Telangana,Salaried,941000.0,694,2019-04-27
C100920,Customer_100920,23,Male,Ahmedabad,Gujarat,Salaried,527000.0,721,2026-01-21
C100921,Customer_100921,49,Female,Noida,Uttar Pradesh,Self-Employed,321000.0,785,2021-06-15
C100922,Customer_100922,51,Female,Kolkata,West Bengal,Salaried,738000.0,662,2021-06-14
C100923,Customer_100923,49,Female,Pune,Maharashtra,Self-Employed,1371000.0,696,2018-06-15
C100924,Customer_100924,25,Male,Mumbai,Maharashtra,Salaried,569000.0,717,2017-12-12
C100925,Customer_100925,22,Male,Bengaluru,Karnataka,Self-Employed,1495000.0,820,2019-10-16
C100926,Customer_100926,25,Male,Lucknow,Uttar Pradesh,Professional,621000.0,785,2024-10-07
C100927,Customer_100927,54,Female,Kolkata,West Bengal,Salaried,423000.0,823,2022-10-12
C100928,Customer_100928,54,Female,Hyderabad,Telangana,Self-Employed,951000.0,722,2018-09-01
C100929,Customer_100929,34,Female,Pune,Maharashtra,Salaried,1122000.0,813,2017-05-06
C100930,Customer_100930,23,Male,Kolkata,West Bengal,Salaried,925000.0,802,2019-05-03
C100931,Customer_100931,35,Male,Kolkata,West Bengal,Business Owner,910000.0,765,2019-07-18
C100932,Customer_100932,57,Female,Jaipur,Rajasthan,Professional,1491000.0,771,2025-12-17
C100933,Customer_100933,27,Female,Hyderabad,Telangana,Business Owner,888000.0,681,2018-08-03
C100934,Customer_100934,56,Male,Ahmedabad,Gujarat,Professional,662000.0,839,2024-03-20
C100935,Customer_100935,41,Male,Pune,Maharashtra,Salaried,397000.0,704,2020-08-05
C100936,Customer_100936,27,Male,Lucknow,Uttar Pradesh,Self-Employed,1359000.0,756,2019-12-31
C100937,Customer_100937,63,Female,Mumbai,Maharashtra,Salaried,680000.0,764,2018-12-13
C100938,Customer_100938,44,Female,Mumbai,Maharashtra,Professional,719000.0,631,2023-01-10
C100939,Customer_100939,51,Male,Pune,Maharashtra,Self-Employed,1271000.0,717,2023-06-07
C100940,Customer_100940,25,Female,Kolkata,West Bengal,Salaried,1672000.0,733,2021-07-17
C100941,Customer_100941,37,Female,Jaipur,Rajasthan,Business Owner,951000.0,713,2025-10-28
C100942,Customer_100942,49,Female,Chennai,Tamil Nadu,Self-Employed,795000.0,717,2025-04-23
C100943,Customer_100943,50,Male,Noida,Uttar Pradesh,Professional,848000.0,817,2024-05-05
C100944,Customer_100944,23,Male,Pune,Maharashtra,Business Owner,668000.0,666,2022-03-20
C100945,Customer_100945,48,Female,Mumbai,Maharashtra,Professional,708000.0,638,2021-11-06
C100946,Customer_100946,63,Female,Mumbai,Maharashtra,Salaried,710000.0,682,2023-02-25
C100947,Customer_100947,56,Female,Lucknow,Uttar Pradesh,Salaried,1214000.0,768,2022-06-05
C100948,Customer_100948,30,Female,Mumbai,Maharashtra,Business Owner,815000.0,775,2018-05-23
C100949,Customer_100949,62,Male,Lucknow,Uttar Pradesh,Salaried,1394000.0,759,2023-02-04
C100950,Customer_100950,51,Male,Hyderabad,Telangana,Salaried,803000.0,779,2019-04-30
C100951,Customer_100951,23,Male,Mumbai,Maharashtra,Professional,703000.0,737,2023-11-20
C100952,Customer_100952,26,Female,Hyderabad,Telangana,Professional,1361000.0,686,2017-04-01
C100953,Customer_100953,62,Male,Ahmedabad,Gujarat,Professional,859000.0,659,2017-06-17
C100954,Customer_100954,30,Female,Pune,Maharashtra,Salaried,799000.0,638,2022-06-24
C100955,Customer_100955,25,Female,Gurugram,Haryana,Salaried,863000.0,705,2024-04-23
C100956,Customer_100956,41,Female,Ahmedabad,Gujarat,Professional,1437000.0,771,2022-03-28
C100957,Customer_100957,44,Female,Chennai,Tamil Nadu,Salaried,972000.0,735,2018-08-01
C100958,Customer_100958,46,Female,Ahmedabad,Gujarat,Salaried,1350000.0,721,2019-11-13
C100959,Customer_100959,50,Male,Lucknow,Uttar Pradesh,Salaried,756000.0,651,2021-02-17
C100960,Customer_100960,65,Other,Chennai,Tamil Nadu,Professional,1286000.0,850,2019-03-01
C100961,Customer_100961,55,Male,Mumbai,Maharashtra,Salaried,945000.0,666,2025-12-17
C100962,Customer_100962,22,Male,Chennai,Tamil Nadu,Salaried,1203000.0,728,2021-03-21
C100963,Customer_100963,24,Female,Noida,Uttar Pradesh,Salaried,1237000.0,785,2025-04-21
C100964,Customer_100964,21,Female,Bengaluru,Karnataka,Salaried,473000.0,723,2017-12-19
C100965,Customer_100965,38,Female,Lucknow,Uttar Pradesh,Business Owner,879000.0,668,2021-05-03
C100966,Customer_100966,36,Male,Ahmedabad,Gujarat,Self-Employed,1233000.0,773,2024-12-10
C100967,Customer_100967,63,Female,Ahmedabad,Gujarat,Self-Employed,1297000.0,633,2019-08-11
C100968,Customer_100968,37,Female,Hyderabad,Telangana,Salaried,1351000.0,833,2024-09-29
C100969,Customer_100969,22,Female,Lucknow,Uttar Pradesh,Salaried,892000.0,738,2024-01-18
C100970,Customer_100970,60,Male,Delhi,Delhi,Salaried,1466000.0,704,2022-07-20
C100971,Customer_100971,32,Female,Hyderabad,Telangana,Professional,587000.0,628,2017-05-31
C100972,Customer_100972,62,Female,Pune,Maharashtra,Salaried,252000.0,645,2025-05-24
C100973,Customer_100973,55,Female,Pune,Maharashtra,Salaried,739000.0,717,2021-06-11
C100974,Customer_100974,60,Male,Pune,Maharashtra,Salaried,1328000.0,843,2022-09-17
C100975,Customer_100975,57,Female,Mumbai,Maharashtra,Professional,416000.0,735,2023-05-31
C100976,Customer_100976,27,Male,Bengaluru,Karnataka,Business Owner,262000.0,743,2021-07-28
C100977,Customer_100977,49,Male,Mumbai,Maharashtra,Salaried,250000.0,745,2018-06-26
C100978,Customer_100978,39,Male,Kolkata,West Bengal,Self-Employed,1144000.0,850,2022-08-02
C100979,Customer_100979,49,Female,Chennai,Tamil Nadu,Salaried,271000.0,691,2022-08-02
C100980,Customer_100980,54,Female,Kolkata,West Bengal,Business Owner,1070000.0,822,2017-10-18
C100981,Customer_100981,43,Male,Ahmedabad,Gujarat,Professional,719000.0,694,2018-11-08
C100982,Customer_100982,35,Male,Jaipur,Rajasthan,Business Owner,542000.0,674,2019-01-10
C100983,Customer_100983,62,Male,Kolkata,West Bengal,Professional,451000.0,715,2020-05-16
C100984,Customer_100984,50,Male,Ahmedabad,Gujarat,Salaried,933000.0,715,2022-03-14
C100985,Customer_100985,60,Female,Ahmedabad,Gujarat,Salaried,548000.0,757,2022-09-16
C100986,Customer_100986,31,Male,Ahmedabad,Gujarat,Self-Employed,848000.0,569,2018-01-17
C100987,Customer_100987,58,Male,Ahmedabad,Gujarat,Business Owner,1011000.0,730,2024-12-30
C100988,Customer_100988,35,Other,Hyderabad,Telangana,Salaried,1095000.0,681,2024-07-15
C100989,Customer_100989,41,Male,Bengaluru,Karnataka,Salaried,1224000.0,673,2017-11-11
C100990,Customer_100990,59,Female,Gurugram,Haryana,Salaried,916000.0,636,2018-08-02
C100991,Customer_100991,36,Female,Chennai,Tamil Nadu,Salaried,430000.0,696,2024-10-27
C100992,Customer_100992,32,Female,Kolkata,West Bengal,Professional,1036000.0,686,2020-11-23
C100993,Customer_100993,62,Female,Bengaluru,Karnataka,Salaried,1112000.0,692,2021-02-16
C100994,Customer_100994,64,Male,Pune,Maharashtra,Business Owner,777000.0,613,2021-07-06
C100995,Customer_100995,34,Female,Kolkata,West Bengal,Salaried,735000.0,726,2026-03-24
C100996,Customer_100996,34,Female,Ahmedabad,Gujarat,Self-Employed,1840000.0,669,2018-06-21
C100997,Customer_100997,31,Male,Kolkata,West Bengal,Professional,333000.0,614,2025-10-06
C100998,Customer_100998,22,Female,Chennai,Tamil Nadu,Business Owner,1047000.0,684,2019-04-04
C100999,Customer_100999,45,Female,Lucknow,Uttar Pradesh,Business Owner,1268000.0,670,2025-05-14
C101000,Customer_101000,32,Female,Kolkata,West Bengal,Salaried,713000.0,723,2021-07-05
C101001,Customer_101001,59,Female,Gurugram,Haryana,Salaried,783000.0,684,2024-01-24
C101002,Customer_101002,28,Male,Jaipur,Rajasthan,Business Owner,689000.0,626,2017-12-30
C101003,Customer_101003,49,Female,Kolkata,West Bengal,Business Owner,850000.0,662,2020-05-26
C101004,Customer_101004,43,Female,Noida,Uttar Pradesh,Business Owner,1210000.0,608,2018-09-29
C101005,Customer_101005,48,Female,Mumbai,Maharashtra,Business Owner,771000.0,794,2022-05-05
C101006,Customer_101006,26,Male,Lucknow,Uttar Pradesh,Salaried,2094000.0,804,2017-03-20
C101007,Customer_101007,41,Female,Noida,Uttar Pradesh,Salaried,669000.0,812,2020-07-19
C101008,Customer_101008,49,Female,Kolkata,West Bengal,Professional,1401000.0,682,2021-09-18
C101009,Customer_101009,36,Male,Jaipur,Rajasthan,Self-Employed,1068000.0,804,2021-06-12
C101010,Customer_101010,60,Female,Kolkata,West Bengal,Business Owner,893000.0,746,2024-08-27
C101011,Customer_101011,44,Female,Hyderabad,Telangana,Self-Employed,1438000.0,667,2022-08-26
C101012,Customer_101012,37,Female,Gurugram,Haryana,Professional,250000.0,679,2024-07-19
C101013,Customer_101013,22,Female,Bengaluru,Karnataka,Professional,1020000.0,709,2021-08-29
C101014,Customer_101014,28,Male,Hyderabad,Telangana,Salaried,563000.0,727,2020-04-21
C101015,Customer_101015,42,Female,Kolkata,West Bengal,Professional,676000.0,744,2019-09-22
C101016,Customer_101016,39,Female,Noida,Uttar Pradesh,Salaried,657000.0,720,2023-05-27
C101017,Customer_101017,60,Female,Chennai,Tamil Nadu,Salaried,464000.0,697,2025-08-01
C101018,Customer_101018,56,Male,Pune,Maharashtra,Professional,250000.0,808,2026-03-20
C101019,Customer_101019,28,Male,Delhi,Delhi,Salaried,1006000.0,713,2019-03-01
C101020,Customer_101020,47,Female,Mumbai,Maharashtra,Salaried,824000.0,709,2020-12-10
C101021,Customer_101021,41,Male,Delhi,Delhi,Self-Employed,730000.0,706,2022-10-13
C101022,Customer_101022,25,Female,Delhi,Delhi,Professional,1154000.0,713,2025-07-05
C101023,Customer_101023,50,Female,Noida,Uttar Pradesh,Salaried,1031000.0,631,2019-11-20
C101024,Customer_101024,45,Female,Noida,Uttar Pradesh,Self-Employed,743000.0,655,2024-04-01
C101025,Customer_101025,24,Male,Gurugram,Haryana,Salaried,2070000.0,850,2024-10-29
C101026,Customer_101026,42,Female,Delhi,Delhi,Salaried,1257000.0,613,2018-08-25
C101027,Customer_101027,53,Male,Delhi,Delhi,Business Owner,1828000.0,738,2019-12-03
C101028,Customer_101028,35,Female,Hyderabad,Telangana,Self-Employed,684000.0,742,2021-02-19
C101029,Customer_101029,37,Male,Kolkata,West Bengal,Business Owner,950000.0,786,2024-11-27
C101030,Customer_101030,25,Female,Chennai,Tamil Nadu,Business Owner,355000.0,744,2025-08-31
C101031,Customer_101031,30,Male,Pune,Maharashtra,Professional,718000.0,843,2018-07-20
C101032,Customer_101032,65,Male,Bengaluru,Karnataka,Business Owner,616000.0,736,2018-07-24
C101033,Customer_101033,48,Other,Jaipur,Rajasthan,Salaried,2048000.0,808,2020-07-30
C101034,Customer_101034,28,Female,Hyderabad,Telangana,Business Owner,573000.0,788,2017-07-15
C101035,Customer_101035,42,Female,Delhi,Delhi,Self-Employed,756000.0,820,2021-10-18
C101036,Customer_101036,29,Female,Jaipur,Rajasthan,Salaried,269000.0,722,2019-06-28
C101037,Customer_101037,40,Female,Noida,Uttar Pradesh,Self-Employed,1063000.0,746,2020-08-07
C101038,Customer_101038,27,Male,Delhi,Delhi,Business Owner,490000.0,696,2017-01-17
C101039,Customer_101039,48,Female,Pune,Maharashtra,Salaried,1217000.0,730,2019-02-26
C101040,Customer_101040,46,Female,Gurugram,Haryana,Salaried,250000.0,734,2018-03-09
C101041,Customer_101041,49,Female,Jaipur,Rajasthan,Salaried,801000.0,585,2019-01-31
C101042,Customer_101042,40,Male,Noida,Uttar Pradesh,Salaried,250000.0,711,2020-12-20
C101043,Customer_101043,33,Female,Chennai,Tamil Nadu,Professional,654000.0,778,2019-03-10
C101044,Customer_101044,32,Male,Chennai,Tamil Nadu,Salaried,735000.0,632,2024-02-13
C101045,Customer_101045,30,Female,Jaipur,Rajasthan,Business Owner,610000.0,656,2021-03-16
C101046,Customer_101046,40,Female,Mumbai,Maharashtra,Business Owner,650000.0,795,2018-12-28
C101047,Customer_101047,41,Female,Bengaluru,Karnataka,Salaried,1238000.0,807,2022-10-25
C101048,Customer_101048,51,Male,Ahmedabad,Gujarat,Salaried,1720000.0,680,2024-11-28
C101049,Customer_101049,23,Male,Jaipur,Rajasthan,Salaried,986000.0,731,2021-08-22
C101050,Customer_101050,33,Male,Mumbai,Maharashtra,Salaried,506000.0,715,2026-03-13
C101051,Customer_101051,59,Male,Kolkata,West Bengal,Salaried,876000.0,797,2020-04-26
C101052,Customer_101052,62,Male,Chennai,Tamil Nadu,Salaried,708000.0,685,2021-04-28
C101053,Customer_101053,62,Female,Kolkata,West Bengal,Business Owner,1206000.0,695,2020-12-12
C101054,Customer_101054,34,Male,Lucknow,Uttar Pradesh,Self-Employed,965000.0,807,2026-03-28
C101055,Customer_101055,27,Male,Delhi,Delhi,Salaried,250000.0,655,2023-09-18
C101056,Customer_101056,29,Female,Lucknow,Uttar Pradesh,Salaried,1289000.0,688,2022-05-19
C101057,Customer_101057,26,Male,Pune,Maharashtra,Professional,1237000.0,729,2020-05-27
C101058,Customer_101058,63,Male,Gurugram,Haryana,Salaried,1448000.0,819,2017-07-24
C101059,Customer_101059,60,Female,Pune,Maharashtra,Self-Employed,643000.0,642,2025-05-26
C101060,Customer_101060,57,Male,Hyderabad,Telangana,Salaried,970000.0,674,2018-01-11
C101061,Customer_101061,53,Male,Gurugram,Haryana,Professional,376000.0,759,2023-10-07
C101062,Customer_101062,36,Female,Jaipur,Rajasthan,Salaried,830000.0,769,2021-10-10
C101063,Customer_101063,42,Male,Mumbai,Maharashtra,Salaried,1009000.0,734,2023-07-08
C101064,Customer_101064,58,Male,Jaipur,Rajasthan,Self-Employed,596000.0,712,2025-08-01
C101065,Customer_101065,57,Male,Gurugram,Haryana,Salaried,987000.0,728,2018-10-27
C101066,Customer_101066,44,Male,Chennai,Tamil Nadu,Self-Employed,917000.0,622,2017-12-01
C101067,Customer_101067,58,Female,Lucknow,Uttar Pradesh,Salaried,670000.0,727,2020-06-13
C101068,Customer_101068,36,Male,Ahmedabad,Gujarat,Salaried,1409000.0,816,2022-04-28
C101069,Customer_101069,39,Male,Chennai,Tamil Nadu,Salaried,756000.0,634,2017-08-16
C101070,Customer_101070,58,Male,Delhi,Delhi,Self-Employed,903000.0,669,2024-07-20
C101071,Customer_101071,37,Female,Jaipur,Rajasthan,Professional,263000.0,694,2022-08-21
C101072,Customer_101072,54,Male,Bengaluru,Karnataka,Salaried,1058000.0,698,2026-02-25
C101073,Customer_101073,41,Female,Gurugram,Haryana,Professional,659000.0,840,2019-09-01
C101074,Customer_101074,34,Male,Kolkata,West Bengal,Business Owner,1233000.0,659,2025-06-15
C101075,Customer_101075,30,Female,Pune,Maharashtra,Salaried,326000.0,646,2020-07-28
C101076,Customer_101076,48,Male,Mumbai,Maharashtra,Salaried,1022000.0,770,2017-12-27
C101077,Customer_101077,42,Male,Jaipur,Rajasthan,Salaried,250000.0,678,2024-10-24
C101078,Customer_101078,37,Female,Mumbai,Maharashtra,Salaried,1096000.0,771,2017-09-19
C101079,Customer_101079,54,Male,Pune,Maharashtra,Business Owner,780000.0,707,2023-08-20
C101080,Customer_101080,21,Female,Noida,Uttar Pradesh,Salaried,1010000.0,750,2018-11-29
C101081,Customer_101081,25,Female,Lucknow,Uttar Pradesh,Salaried,610000.0,618,2023-03-29
C101082,Customer_101082,64,Female,Lucknow,Uttar Pradesh,Self-Employed,470000.0,750,2019-08-10
C101083,Customer_101083,50,Male,Lucknow,Uttar Pradesh,Salaried,676000.0,734,2017-10-02
C101084,Customer_101084,45,Female,Kolkata,West Bengal,Professional,927000.0,703,2025-01-22
C101085,Customer_101085,21,Male,Bengaluru,Karnataka,Self-Employed,1081000.0,640,2020-04-12
C101086,Customer_101086,47,Other,Noida,Uttar Pradesh,Salaried,972000.0,734,2023-01-03
C101087,Customer_101087,40,Female,Gurugram,Haryana,Salaried,475000.0,767,2017-05-15
C101088,Customer_101088,47,Female,Lucknow,Uttar Pradesh,Salaried,1585000.0,685,2025-10-09
C101089,Customer_101089,22,Female,Ahmedabad,Gujarat,Professional,983000.0,687,2022-10-12
C101090,Customer_101090,45,Female,Mumbai,Maharashtra,Salaried,601000.0,772,2020-11-25
C101091,Customer_101091,47,Female,Kolkata,West Bengal,Professional,1020000.0,831,2025-05-19
C101092,Customer_101092,34,Male,Pune,Maharashtra,Professional,952000.0,781,2020-10-26
C101093,Customer_101093,23,Female,Noida,Uttar Pradesh,Salaried,780000.0,735,2020-01-25
C101094,Customer_101094,64,Male,Chennai,Tamil Nadu,Self-Employed,733000.0,704,2019-08-09
C101095,Customer_101095,52,Male,Hyderabad,Telangana,Self-Employed,1244000.0,718,2023-01-29
C101096,Customer_101096,48,Female,Delhi,Delhi,Salaried,1541000.0,634,2021-01-27
C101097,Customer_101097,55,Male,Noida,Uttar Pradesh,Professional,250000.0,710,2022-04-19
C101098,Customer_101098,51,Female,Gurugram,Haryana,Salaried,1342000.0,793,2024-05-13
C101099,Customer_101099,27,Male,Delhi,Delhi,Professional,858000.0,723,2023-02-07
C101100,Customer_101100,41,Male,Pune,Maharashtra,Self-Employed,945000.0,679,2023-06-27
C101101,Customer_101101,60,Female,Pune,Maharashtra,Salaried,1391000.0,673,2022-09-05
C101102,Customer_101102,33,Male,Pune,Maharashtra,Salaried,250000.0,718,2024-05-09
C101103,Customer_101103,64,Female,Lucknow,Uttar Pradesh,Salaried,1176000.0,640,2023-09-22
C101104,Customer_101104,23,Female,Mumbai,Maharashtra,Salaried,1363000.0,661,2024-09-25
C101105,Customer_101105,35,Female,Hyderabad,Telangana,Self-Employed,575000.0,820,2022-11-20
C101106,Customer_101106,36,Male,Bengaluru,Karnataka,Salaried,292000.0,653,2017-01-15
C101107,Customer_101107,48,Female,Bengaluru,Karnataka,Professional,1506000.0,668,2025-06-18
C101108,Customer_101108,28,Male,Noida,Uttar Pradesh,Salaried,250000.0,739,2019-03-18
C101109,Customer_101109,31,Male,Lucknow,Uttar Pradesh,Salaried,1017000.0,691,2023-09-13
C101110,Customer_101110,50,Male,Delhi,Delhi,Salaried,1259000.0,726,2023-02-03
C101111,Customer_101111,33,Male,Ahmedabad,Gujarat,Salaried,1009000.0,776,2023-02-25
C101112,Customer_101112,60,Female,Bengaluru,Karnataka,Self-Employed,1076000.0,619,2021-02-26
C101113,Customer_101113,60,Male,Bengaluru,Karnataka,Salaried,744000.0,769,2021-03-17
C101114,Customer_101114,34,Male,Hyderabad,Telangana,Self-Employed,1035000.0,682,2018-02-04
C101115,Customer_101115,46,Female,Bengaluru,Karnataka,Self-Employed,567000.0,701,2019-04-15
C101116,Customer_101116,35,Male,Pune,Maharashtra,Salaried,618000.0,845,2017-08-09
C101117,Customer_101117,36,Male,Lucknow,Uttar Pradesh,Salaried,864000.0,629,2025-06-13
C101118,Customer_101118,51,Male,Ahmedabad,Gujarat,Salaried,250000.0,758,2025-10-13
C101119,Customer_101119,34,Male,Jaipur,Rajasthan,Salaried,1081000.0,793,2018-01-01
C101120,Customer_101120,27,Female,Pune,Maharashtra,Business Owner,250000.0,676,2024-11-24
C101121,Customer_101121,32,Female,Delhi,Delhi,Salaried,995000.0,677,2023-05-02
C101122,Customer_101122,62,Female,Mumbai,Maharashtra,Salaried,1033000.0,696,2019-12-21
C101123,Customer_101123,32,Female,Hyderabad,Telangana,Salaried,532000.0,675,2018-06-21
C101124,Customer_101124,37,Male,Bengaluru,Karnataka,Salaried,356000.0,724,2022-12-14
C101125,Customer_101125,49,Female,Noida,Uttar Pradesh,Professional,687000.0,778,2017-04-05
C101126,Customer_101126,25,Male,Noida,Uttar Pradesh,Business Owner,1106000.0,696,2018-05-14
C101127,Customer_101127,33,Male,Noida,Uttar Pradesh,Business Owner,988000.0,780,2017-12-24
C101128,Customer_101128,28,Male,Ahmedabad,Gujarat,Salaried,405000.0,811,2018-04-04
C101129,Customer_101129,62,Male,Kolkata,West Bengal,Salaried,892000.0,748,2017-01-23
C101130,Customer_101130,62,Female,Ahmedabad,Gujarat,Salaried,955000.0,754,2020-02-09
C101131,Customer_101131,55,Male,Chennai,Tamil Nadu,Business Owner,938000.0,681,2024-06-18
C101132,Customer_101132,32,Male,Jaipur,Rajasthan,Salaried,455000.0,550,2019-08-15
C101133,Customer_101133,48,Male,Gurugram,Haryana,Salaried,912000.0,758,2019-04-23
C101134,Customer_101134,50,Female,Gurugram,Haryana,Self-Employed,1217000.0,772,2026-02-12
C101135,Customer_101135,60,Female,Ahmedabad,Gujarat,Business Owner,1065000.0,736,2021-06-26
C101136,Customer_101136,28,Female,Delhi,Delhi,Salaried,1015000.0,779,2017-03-24
C101137,Customer_101137,54,Female,Jaipur,Rajasthan,Salaried,1507000.0,684,2022-06-24
C101138,Customer_101138,29,Female,Chennai,Tamil Nadu,Professional,917000.0,754,2022-02-04
C101139,Customer_101139,46,Male,Jaipur,Rajasthan,Salaried,513000.0,816,2020-12-14
C101140,Customer_101140,60,Male,Kolkata,West Bengal,Professional,515000.0,763,2024-12-14
C101141,Customer_101141,23,Male,Noida,Uttar Pradesh,Salaried,920000.0,807,2023-05-08
C101142,Customer_101142,27,Male,Chennai,Tamil Nadu,Professional,275000.0,808,2017-03-30
C101143,Customer_101143,57,Female,Lucknow,Uttar Pradesh,Professional,726000.0,641,2020-06-23
C101144,Customer_101144,21,Male,Noida,Uttar Pradesh,Salaried,1036000.0,767,2022-02-26
C101145,Customer_101145,51,Male,Hyderabad,Telangana,Business Owner,1318000.0,679,2023-03-01
C101146,Customer_101146,43,Female,Pune,Maharashtra,Salaried,250000.0,648,2020-07-15
C101147,Customer_101147,36,Male,Kolkata,West Bengal,Salaried,890000.0,701,2021-02-21
C101148,Customer_101148,59,Male,Gurugram,Haryana,Salaried,823000.0,834,2019-01-05
C101149,Customer_101149,59,Male,Jaipur,Rajasthan,Self-Employed,865000.0,685,2022-08-03
C101150,Customer_101150,35,Female,Noida,Uttar Pradesh,Salaried,907000.0,606,2019-03-12
C101151,Customer_101151,21,Male,Chennai,Tamil Nadu,Salaried,837000.0,626,2021-07-20
C101152,Customer_101152,26,Male,Kolkata,West Bengal,Professional,1407000.0,751,2024-08-01
C101153,Customer_101153,25,Male,Pune,Maharashtra,Professional,1348000.0,671,2025-07-12
C101154,Customer_101154,65,Female,Noida,Uttar Pradesh,Salaried,1707000.0,587,2021-04-29
C101155,Customer_101155,47,Male,Hyderabad,Telangana,Salaried,846000.0,629,2018-12-07
C101156,Customer_101156,51,Male,Ahmedabad,Gujarat,Salaried,686000.0,731,2017-06-05
C101157,Customer_101157,31,Female,Mumbai,Maharashtra,Salaried,463000.0,771,2024-11-12
C101158,Customer_101158,59,Female,Noida,Uttar Pradesh,Professional,642000.0,691,2020-10-22
C101159,Customer_101159,53,Male,Chennai,Tamil Nadu,Professional,1136000.0,762,2018-10-03
C101160,Customer_101160,54,Male,Chennai,Tamil Nadu,Salaried,1197000.0,779,2024-08-08
C101161,Customer_101161,42,Male,Kolkata,West Bengal,Salaried,1120000.0,669,2021-06-26
C101162,Customer_101162,52,Female,Pune,Maharashtra,Salaried,584000.0,712,2023-06-02
C101163,Customer_101163,45,Male,Noida,Uttar Pradesh,Salaried,586000.0,681,2017-08-05
C101164,Customer_101164,38,Female,Kolkata,West Bengal,Salaried,1633000.0,755,2025-11-21
C101165,Customer_101165,47,Female,Kolkata,West Bengal,Salaried,517000.0,680,2019-12-07
C101166,Customer_101166,35,Female,Mumbai,Maharashtra,Salaried,1417000.0,641,2024-03-13
C101167,Customer_101167,63,Male,Delhi,Delhi,Salaried,1012000.0,723,2019-10-07
C101168,Customer_101168,53,Female,Chennai,Tamil Nadu,Business Owner,557000.0,792,2018-08-05
C101169,Customer_101169,54,Female,Lucknow,Uttar Pradesh,Business Owner,376000.0,753,2020-10-27
C101170,Customer_101170,53,Female,Lucknow,Uttar Pradesh,Salaried,574000.0,785,2017-08-16
C101171,Customer_101171,41,Male,Ahmedabad,Gujarat,Salaried,1017000.0,780,2021-09-23
C101172,Customer_101172,63,Female,Ahmedabad,Gujarat,Business Owner,486000.0,723,2021-04-22
C101173,Customer_101173,30,Female,Chennai,Tamil Nadu,Salaried,1472000.0,681,2017-09-20
C101174,Customer_101174,46,Female,Bengaluru,Karnataka,Professional,767000.0,663,2021-02-21
C101175,Customer_101175,24,Female,Delhi,Delhi,Salaried,1130000.0,617,2022-04-23
C101176,Customer_101176,34,Male,Chennai,Tamil Nadu,Professional,1098000.0,797,2022-02-06
C101177,Customer_101177,46,Male,Hyderabad,Telangana,Salaried,1499000.0,699,2017-09-02
C101178,Customer_101178,43,Female,Bengaluru,Karnataka,Business Owner,675000.0,609,2023-04-03
C101179,Customer_101179,63,Female,Hyderabad,Telangana,Salaried,892000.0,800,2020-02-01
C101180,Customer_101180,48,Female,Delhi,Delhi,Business Owner,289000.0,726,2019-05-15
C101181,Customer_101181,39,Male,Ahmedabad,Gujarat,Self-Employed,891000.0,783,2024-12-11
C101182,Customer_101182,40,Male,Lucknow,Uttar Pradesh,Salaried,1306000.0,703,2026-03-15
C101183,Customer_101183,48,Female,Jaipur,Rajasthan,Business Owner,938000.0,668,2018-01-21
C101184,Customer_101184,56,Female,Pune,Maharashtra,Salaried,1775000.0,749,2021-08-10
C101185,Customer_101185,33,Male,Pune,Maharashtra,Salaried,1058000.0,754,2019-06-20
C101186,Customer_101186,47,Male,Hyderabad,Telangana,Salaried,634000.0,702,2023-08-28
C101187,Customer_101187,46,Female,Mumbai,Maharashtra,Business Owner,1032000.0,805,2022-08-28
C101188,Customer_101188,21,Male,Ahmedabad,Gujarat,Professional,265000.0,781,2020-10-20
C101189,Customer_101189,62,Male,Kolkata,West Bengal,Salaried,530000.0,757,2023-12-15
C101190,Customer_101190,46,Male,Delhi,Delhi,Business Owner,363000.0,648,2023-05-17
C101191,Customer_101191,31,Male,Chennai,Tamil Nadu,Professional,856000.0,639,2025-08-21
C101192,Customer_101192,49,Male,Hyderabad,Telangana,Self-Employed,826000.0,798,2026-02-26
C101193,Customer_101193,51,Female,Bengaluru,Karnataka,Salaried,1332000.0,578,2020-11-07
C101194,Customer_101194,62,Female,Jaipur,Rajasthan,Salaried,810000.0,714,2018-06-07
C101195,Customer_101195,22,Female,Kolkata,West Bengal,Salaried,449000.0,730,2025-08-03
C101196,Customer_101196,39,Female,Ahmedabad,Gujarat,Salaried,1474000.0,688,2021-01-22
C101197,Customer_101197,29,Male,Jaipur,Rajasthan,Salaried,250000.0,718,2025-04-10
C101198,Customer_101198,46,Male,Lucknow,Uttar Pradesh,Business Owner,865000.0,747,2023-06-28
C101199,Customer_101199,43,Male,Gurugram,Haryana,Self-Employed,937000.0,682,2021-11-15
C101200,Customer_101200,42,Male,Ahmedabad,Gujarat,Self-Employed,846000.0,777,2024-12-23
C101201,Customer_101201,65,Female,Noida,Uttar Pradesh,Salaried,1050000.0,758,2024-01-09
C101202,Customer_101202,44,Male,Pune,Maharashtra,Salaried,894000.0,708,2022-12-07
C101203,Customer_101203,39,Female,Lucknow,Uttar Pradesh,Business Owner,1050000.0,666,2021-10-28
C101204,Customer_101204,24,Male,Gurugram,Haryana,Salaried,609000.0,714,2019-02-26
C101205,Customer_101205,34,Male,Ahmedabad,Gujarat,Professional,266000.0,850,2018-12-21
C101206,Customer_101206,61,Male,Noida,Uttar Pradesh,Salaried,831000.0,671,2023-01-03
C101207,Customer_101207,41,Male,Kolkata,West Bengal,Salaried,439000.0,820,2020-08-01
C101208,Customer_101208,61,Female,Jaipur,Rajasthan,Self-Employed,559000.0,606,2022-10-19
C101209,Customer_101209,44,Female,Hyderabad,Telangana,Self-Employed,1315000.0,664,2023-09-03
C101210,Customer_101210,45,Male,Lucknow,Uttar Pradesh,Salaried,1473000.0,685,2017-05-29
C101211,Customer_101211,40,Female,Ahmedabad,Gujarat,Self-Employed,1307000.0,782,2017-10-21
C101212,Customer_101212,46,Female,Gurugram,Haryana,Salaried,1233000.0,724,2022-08-26
C101213,Customer_101213,24,Male,Pune,Maharashtra,Salaried,874000.0,805,2026-02-03
C101214,Customer_101214,23,Male,Noida,Uttar Pradesh,Salaried,1256000.0,698,2021-12-16
C101215,Customer_101215,42,Male,Delhi,Delhi,Self-Employed,992000.0,716,2023-04-13
C101216,Customer_101216,47,Male,Mumbai,Maharashtra,Business Owner,1629000.0,699,2019-09-12
C101217,Customer_101217,45,Female,Kolkata,West Bengal,Salaried,483000.0,850,2019-01-06
C101218,Customer_101218,40,Male,Jaipur,Rajasthan,Business Owner,1119000.0,647,2019-03-24
C101219,Customer_101219,34,Female,Gurugram,Haryana,Business Owner,344000.0,687,2025-10-04
C101220,Customer_101220,52,Female,Pune,Maharashtra,Salaried,1121000.0,656,2024-02-24
C101221,Customer_101221,48,Male,Ahmedabad,Gujarat,Salaried,250000.0,757,2020-04-25
C101222,Customer_101222,23,Female,Kolkata,West Bengal,Salaried,365000.0,646,2017-08-09
C101223,Customer_101223,41,Male,Lucknow,Uttar Pradesh,Salaried,337000.0,838,2024-12-31
C101224,Customer_101224,52,Male,Ahmedabad,Gujarat,Professional,951000.0,725,2019-08-26
C101225,Customer_101225,56,Male,Pune,Maharashtra,Business Owner,992000.0,747,2019-03-22
C101226,Customer_101226,33,Male,Lucknow,Uttar Pradesh,Salaried,1830000.0,750,2023-07-12
C101227,Customer_101227,62,Male,Mumbai,Maharashtra,Salaried,813000.0,719,2018-02-23
C101228,Customer_101228,50,Female,Lucknow,Uttar Pradesh,Salaried,1159000.0,728,2018-12-13
C101229,Customer_101229,40,Female,Mumbai,Maharashtra,Salaried,914000.0,726,2021-08-29
C101230,Customer_101230,49,Female,Hyderabad,Telangana,Salaried,1126000.0,754,2018-02-04
C101231,Customer_101231,60,Male,Gurugram,Haryana,Salaried,907000.0,667,2025-07-04
C101232,Customer_101232,31,Other,Jaipur,Rajasthan,Salaried,1290000.0,656,2026-02-24
C101233,Customer_101233,27,Male,Lucknow,Uttar Pradesh,Salaried,429000.0,773,2024-09-26
C101234,Customer_101234,40,Female,Jaipur,Rajasthan,Salaried,250000.0,720,2022-04-08
C101235,Customer_101235,24,Female,Ahmedabad,Gujarat,Salaried,1017000.0,590,2022-01-28
C101236,Customer_101236,58,Female,Chennai,Tamil Nadu,Salaried,250000.0,689,2019-07-03
C101237,Customer_101237,64,Male,Delhi,Delhi,Salaried,1375000.0,819,2018-05-24
C101238,Customer_101238,48,Female,Mumbai,Maharashtra,Salaried,631000.0,710,2018-06-08
C101239,Customer_101239,65,Female,Hyderabad,Telangana,Salaried,435000.0,685,2018-05-24
C101240,Customer_101240,24,Male,Delhi,Delhi,Professional,1930000.0,623,2017-01-25
C101241,Customer_101241,49,Female,Kolkata,West Bengal,Salaried,843000.0,683,2023-12-01
C101242,Customer_101242,40,Male,Gurugram,Haryana,Self-Employed,766000.0,644,2023-12-25
C101243,Customer_101243,33,Male,Lucknow,Uttar Pradesh,Salaried,1149000.0,748,2023-10-14
C101244,Customer_101244,35,Female,Pune,Maharashtra,Salaried,1176000.0,723,2020-04-30
C101245,Customer_101245,45,Female,Noida,Uttar Pradesh,Salaried,1306000.0,696,2017-12-14
C101246,Customer_101246,49,Male,Lucknow,Uttar Pradesh,Business Owner,317000.0,670,2018-10-24
C101247,Customer_101247,28,Male,Noida,Uttar Pradesh,Professional,1064000.0,819,2024-08-20
C101248,Customer_101248,48,Male,Pune,Maharashtra,Salaried,733000.0,674,2025-05-31
C101249,Customer_101249,62,Male,Hyderabad,Telangana,Salaried,482000.0,674,2017-07-15
C101250,Customer_101250,21,Female,Lucknow,Uttar Pradesh,Business Owner,869000.0,704,2023-06-26
C101251,Customer_101251,60,Male,Bengaluru,Karnataka,Salaried,250000.0,713,2025-05-07
C101252,Customer_101252,48,Female,Chennai,Tamil Nadu,Salaried,1219000.0,751,2024-07-18
C101253,Customer_101253,36,Male,Delhi,Delhi,Business Owner,734000.0,780,2019-04-24
C101254,Customer_101254,54,Male,Gurugram,Haryana,Salaried,659000.0,776,2023-02-08
C101255,Customer_101255,48,Male,Ahmedabad,Gujarat,Self-Employed,795000.0,850,2024-08-16
C101256,Customer_101256,55,Male,Mumbai,Maharashtra,Salaried,783000.0,610,2025-07-14
C101257,Customer_101257,24,Male,Bengaluru,Karnataka,Salaried,1306000.0,735,2023-05-03
C101258,Customer_101258,23,Male,Kolkata,West Bengal,Professional,412000.0,686,2020-03-17
C101259,Customer_101259,49,Male,Kolkata,West Bengal,Salaried,697000.0,850,2023-03-24
C101260,Customer_101260,34,Male,Gurugram,Haryana,Salaried,763000.0,731,2018-06-16
C101261,Customer_101261,31,Female,Hyderabad,Telangana,Salaried,424000.0,588,2017-10-28
C101262,Customer_101262,39,Female,Lucknow,Uttar Pradesh,Salaried,914000.0,748,2017-01-23
C101263,Customer_101263,53,Female,Pune,Maharashtra,Salaried,560000.0,737,2022-02-12
C101264,Customer_101264,29,Male,Gurugram,Haryana,Salaried,288000.0,769,2017-04-25
C101265,Customer_101265,64,Male,Bengaluru,Karnataka,Salaried,1060000.0,673,2018-04-06
C101266,Customer_101266,39,Male,Delhi,Delhi,Salaried,1469000.0,741,2024-12-13
C101267,Customer_101267,27,Female,Delhi,Delhi,Business Owner,869000.0,702,2020-10-23
C101268,Customer_101268,24,Female,Chennai,Tamil Nadu,Salaried,809000.0,676,2022-09-22
C101269,Customer_101269,59,Male,Lucknow,Uttar Pradesh,Professional,800000.0,742,2021-02-07
C101270,Customer_101270,26,Male,Delhi,Delhi,Salaried,644000.0,730,2017-06-04
C101271,Customer_101271,39,Male,Chennai,Tamil Nadu,Salaried,1318000.0,788,2022-07-12
C101272,Customer_101272,51,Male,Mumbai,Maharashtra,Professional,888000.0,722,2017-12-29
C101273,Customer_101273,44,Female,Lucknow,Uttar Pradesh,Business Owner,250000.0,759,2023-04-04
C101274,Customer_101274,32,Male,Jaipur,Rajasthan,Salaried,1330000.0,642,2023-06-27
C101275,Customer_101275,25,Male,Gurugram,Haryana,Salaried,1232000.0,811,2023-08-26
C101276,Customer_101276,53,Male,Jaipur,Rajasthan,Business Owner,1091000.0,669,2020-08-01
C101277,Customer_101277,43,Male,Ahmedabad,Gujarat,Salaried,250000.0,779,2021-06-16
C101278,Customer_101278,23,Male,Gurugram,Haryana,Salaried,849000.0,737,2024-03-17
C101279,Customer_101279,29,Male,Delhi,Delhi,Salaried,1207000.0,729,2021-02-03
C101280,Customer_101280,46,Male,Noida,Uttar Pradesh,Business Owner,1002000.0,769,2025-09-20
C101281,Customer_101281,28,Male,Jaipur,Rajasthan,Self-Employed,932000.0,581,2023-01-20
C101282,Customer_101282,38,Female,Jaipur,Rajasthan,Salaried,1208000.0,683,2024-01-15
C101283,Customer_101283,26,Male,Chennai,Tamil Nadu,Professional,906000.0,768,2023-03-14
C101284,Customer_101284,56,Male,Gurugram,Haryana,Salaried,1331000.0,845,2018-09-10
C101285,Customer_101285,49,Female,Chennai,Tamil Nadu,Business Owner,915000.0,718,2021-04-28
C101286,Customer_101286,56,Male,Delhi,Delhi,Salaried,883000.0,562,2023-01-18
C101287,Customer_101287,23,Female,Noida,Uttar Pradesh,Business Owner,1207000.0,699,2021-10-24
C101288,Customer_101288,37,Female,Bengaluru,Karnataka,Salaried,691000.0,716,2022-07-18
C101289,Customer_101289,33,Male,Mumbai,Maharashtra,Salaried,411000.0,792,2025-06-11
C101290,Customer_101290,49,Male,Ahmedabad,Gujarat,Salaried,852000.0,723,2024-11-22
C101291,Customer_101291,57,Female,Bengaluru,Karnataka,Professional,1086000.0,637,2018-12-31
C101292,Customer_101292,31,Male,Noida,Uttar Pradesh,Salaried,1220000.0,783,2018-11-12
C101293,Customer_101293,55,Male,Pune,Maharashtra,Salaried,1222000.0,757,2018-05-10
C101294,Customer_101294,47,Female,Delhi,Delhi,Salaried,823000.0,675,2023-09-11
C101295,Customer_101295,58,Male,Lucknow,Uttar Pradesh,Self-Employed,781000.0,767,2021-08-11
C101296,Customer_101296,24,Female,Kolkata,West Bengal,Self-Employed,613000.0,684,2022-08-02
C101297,Customer_101297,65,Female,Hyderabad,Telangana,Salaried,950000.0,701,2025-01-27
C101298,Customer_101298,40,Female,Jaipur,Rajasthan,Salaried,250000.0,686,2021-06-12
C101299,Customer_101299,33,Female,Kolkata,West Bengal,Self-Employed,859000.0,700,2022-11-12
C101300,Customer_101300,29,Female,Delhi,Delhi,Salaried,1990000.0,779,2019-09-17
C101301,Customer_101301,65,Male,Gurugram,Haryana,Salaried,250000.0,604,2024-09-21
C101302,Customer_101302,60,Other,Chennai,Tamil Nadu,Salaried,913000.0,792,2017-03-30
C101303,Customer_101303,26,Female,Jaipur,Rajasthan,Salaried,1001000.0,731,2022-05-18
C101304,Customer_101304,41,Female,Noida,Uttar Pradesh,Professional,1053000.0,695,2024-07-02
C101305,Customer_101305,54,Female,Ahmedabad,Gujarat,Self-Employed,463000.0,721,2023-08-31
C101306,Customer_101306,47,Female,Jaipur,Rajasthan,Salaried,1056000.0,661,2018-01-01
C101307,Customer_101307,29,Male,Hyderabad,Telangana,Business Owner,636000.0,614,2024-12-10
C101308,Customer_101308,37,Female,Bengaluru,Karnataka,Salaried,279000.0,663,2020-07-07
C101309,Customer_101309,37,Male,Chennai,Tamil Nadu,Professional,1231000.0,597,2021-11-03
C101310,Customer_101310,33,Male,Noida,Uttar Pradesh,Salaried,1116000.0,632,2021-08-14
C101311,Customer_101311,64,Male,Kolkata,West Bengal,Professional,463000.0,615,2020-03-17
C101312,Customer_101312,30,Female,Chennai,Tamil Nadu,Professional,632000.0,800,2020-01-27
C101313,Customer_101313,52,Female,Gurugram,Haryana,Professional,618000.0,637,2025-07-05
C101314,Customer_101314,62,Male,Noida,Uttar Pradesh,Salaried,250000.0,717,2023-03-03
C101315,Customer_101315,56,Male,Noida,Uttar Pradesh,Business Owner,1155000.0,793,2026-03-30
C101316,Customer_101316,56,Male,Hyderabad,Telangana,Self-Employed,1170000.0,775,2020-01-22
C101317,Customer_101317,28,Male,Jaipur,Rajasthan,Salaried,717000.0,701,2019-10-09
C101318,Customer_101318,26,Male,Ahmedabad,Gujarat,Salaried,839000.0,701,2021-10-22
C101319,Customer_101319,56,Female,Pune,Maharashtra,Self-Employed,896000.0,732,2022-09-06
C101320,Customer_101320,54,Male,Chennai,Tamil Nadu,Professional,948000.0,850,2017-11-20
C101321,Customer_101321,54,Male,Mumbai,Maharashtra,Business Owner,311000.0,747,2020-05-14
C101322,Customer_101322,39,Male,Hyderabad,Telangana,Salaried,1045000.0,763,2021-01-17
C101323,Customer_101323,44,Female,Kolkata,West Bengal,Self-Employed,380000.0,850,2017-10-18
C101324,Customer_101324,21,Female,Noida,Uttar Pradesh,Salaried,1123000.0,738,2022-06-06
C101325,Customer_101325,34,Male,Noida,Uttar Pradesh,Salaried,424000.0,795,2018-02-15
C101326,Customer_101326,44,Male,Bengaluru,Karnataka,Business Owner,330000.0,751,2025-01-09
C101327,Customer_101327,26,Female,Jaipur,Rajasthan,Self-Employed,839000.0,750,2021-10-29
C101328,Customer_101328,26,Male,Mumbai,Maharashtra,Business Owner,830000.0,657,2018-09-10
C101329,Customer_101329,23,Female,Jaipur,Rajasthan,Salaried,891000.0,647,2021-11-12
C101330,Customer_101330,30,Female,Chennai,Tamil Nadu,Salaried,493000.0,687,2020-02-26
C101331,Customer_101331,65,Female,Pune,Maharashtra,Business Owner,931000.0,777,2021-02-04
C101332,Customer_101332,52,Female,Jaipur,Rajasthan,Salaried,969000.0,774,2019-06-01
C101333,Customer_101333,63,Male,Pune,Maharashtra,Professional,1316000.0,807,2020-12-13
C101334,Customer_101334,32,Male,Gurugram,Haryana,Professional,924000.0,719,2018-06-04
C101335,Customer_101335,47,Male,Kolkata,West Bengal,Professional,610000.0,755,2019-09-17
C101336,Customer_101336,61,Male,Lucknow,Uttar Pradesh,Professional,311000.0,755,2020-08-04
C101337,Customer_101337,36,Male,Ahmedabad,Gujarat,Salaried,250000.0,713,2024-04-04
C101338,Customer_101338,50,Male,Hyderabad,Telangana,Salaried,979000.0,699,2025-06-16
C101339,Customer_101339,52,Male,Gurugram,Haryana,Business Owner,1167000.0,623,2025-02-24
C101340,Customer_101340,58,Male,Chennai,Tamil Nadu,Salaried,494000.0,710,2020-06-21
C101341,Customer_101341,64,Female,Kolkata,West Bengal,Business Owner,952000.0,713,2020-06-11
C101342,Customer_101342,48,Male,Mumbai,Maharashtra,Salaried,780000.0,794,2019-07-15
C101343,Customer_101343,47,Male,Mumbai,Maharashtra,Professional,1137000.0,800,2021-10-06
C101344,Customer_101344,60,Male,Kolkata,West Bengal,Salaried,1196000.0,729,2025-12-02
C101345,Customer_101345,51,Female,Bengaluru,Karnataka,Business Owner,250000.0,850,2019-04-18
C101346,Customer_101346,37,Female,Lucknow,Uttar Pradesh,Salaried,1263000.0,732,2023-08-30
C101347,Customer_101347,49,Female,Noida,Uttar Pradesh,Self-Employed,951000.0,787,2019-05-12
C101348,Customer_101348,45,Male,Jaipur,Rajasthan,Professional,637000.0,713,2020-06-10
C101349,Customer_101349,31,Male,Jaipur,Rajasthan,Salaried,649000.0,646,2021-11-15
C101350,Customer_101350,44,Female,Ahmedabad,Gujarat,Salaried,863000.0,692,2023-12-23
C101351,Customer_101351,49,Male,Delhi,Delhi,Salaried,649000.0,816,2024-10-29
C101352,Customer_101352,61,Male,Chennai,Tamil Nadu,Self-Employed,475000.0,703,2022-12-12
C101353,Customer_101353,47,Male,Pune,Maharashtra,Self-Employed,567000.0,690,2022-08-22
C101354,Customer_101354,28,Male,Noida,Uttar Pradesh,Self-Employed,434000.0,720,2024-12-16
C101355,Customer_101355,65,Male,Bengaluru,Karnataka,Salaried,1389000.0,695,2022-10-26
C101356,Customer_101356,47,Male,Pune,Maharashtra,Salaried,872000.0,798,2018-01-13
C101357,Customer_101357,33,Female,Chennai,Tamil Nadu,Professional,1751000.0,843,2017-06-27
C101358,Customer_101358,54,Female,Mumbai,Maharashtra,Self-Employed,998000.0,720,2022-01-10
C101359,Customer_101359,38,Male,Mumbai,Maharashtra,Salaried,1086000.0,755,2017-02-02
C101360,Customer_101360,37,Male,Chennai,Tamil Nadu,Salaried,425000.0,783,2023-07-16
C101361,Customer_101361,58,Female,Delhi,Delhi,Salaried,763000.0,727,2024-03-29
C101362,Customer_101362,60,Male,Delhi,Delhi,Business Owner,879000.0,663,2026-04-16
C101363,Customer_101363,44,Female,Chennai,Tamil Nadu,Self-Employed,595000.0,693,2017-03-18
C101364,Customer_101364,37,Male,Bengaluru,Karnataka,Self-Employed,664000.0,747,2022-08-08
C101365,Customer_101365,59,Female,Kolkata,West Bengal,Self-Employed,1018000.0,746,2025-09-13
C101366,Customer_101366,28,Female,Delhi,Delhi,Professional,1026000.0,604,2018-04-24
C101367,Customer_101367,54,Male,Hyderabad,Telangana,Salaried,315000.0,692,2024-03-23
C101368,Customer_101368,47,Female,Pune,Maharashtra,Salaried,963000.0,672,2026-01-17
C101369,Customer_101369,59,Female,Lucknow,Uttar Pradesh,Salaried,1071000.0,777,2017-08-26
C101370,Customer_101370,39,Female,Ahmedabad,Gujarat,Professional,614000.0,675,2021-04-09
C101371,Customer_101371,58,Male,Noida,Uttar Pradesh,Self-Employed,573000.0,690,2017-09-03
C101372,Customer_101372,21,Male,Chennai,Tamil Nadu,Salaried,1027000.0,688,2021-07-18
C101373,Customer_101373,55,Male,Pune,Maharashtra,Business Owner,250000.0,771,2024-12-14
C101374,Customer_101374,24,Female,Pune,Maharashtra,Salaried,851000.0,783,2019-05-11
C101375,Customer_101375,49,Male,Noida,Uttar Pradesh,Salaried,1504000.0,752,2024-05-19
C101376,Customer_101376,29,Male,Lucknow,Uttar Pradesh,Self-Employed,250000.0,792,2024-07-29
C101377,Customer_101377,64,Female,Lucknow,Uttar Pradesh,Professional,1179000.0,800,2017-02-13
C101378,Customer_101378,55,Male,Gurugram,Haryana,Salaried,1068000.0,602,2021-12-05
C101379,Customer_101379,25,Female,Kolkata,West Bengal,Salaried,275000.0,758,2019-05-04
C101380,Customer_101380,61,Male,Kolkata,West Bengal,Professional,1058000.0,696,2026-01-25
C101381,Customer_101381,32,Female,Lucknow,Uttar Pradesh,Self-Employed,1251000.0,638,2023-06-25
C101382,Customer_101382,45,Male,Hyderabad,Telangana,Self-Employed,379000.0,699,2021-10-31
C101383,Customer_101383,24,Male,Chennai,Tamil Nadu,Salaried,567000.0,768,2023-01-21
C101384,Customer_101384,25,Female,Noida,Uttar Pradesh,Salaried,860000.0,815,2018-09-06
C101385,Customer_101385,31,Male,Chennai,Tamil Nadu,Salaried,1241000.0,633,2021-09-11
C101386,Customer_101386,45,Male,Bengaluru,Karnataka,Salaried,634000.0,760,2024-03-04
C101387,Customer_101387,45,Male,Kolkata,West Bengal,Business Owner,833000.0,848,2025-10-18
C101388,Customer_101388,59,Female,Hyderabad,Telangana,Self-Employed,584000.0,839,2018-05-18
C101389,Customer_101389,28,Male,Noida,Uttar Pradesh,Business Owner,860000.0,500,2025-06-06
C101390,Customer_101390,54,Male,Noida,Uttar Pradesh,Salaried,1269000.0,850,2019-08-22
C101391,Customer_101391,21,Male,Hyderabad,Telangana,Salaried,892000.0,782,2025-01-19
C101392,Customer_101392,34,Male,Kolkata,West Bengal,Business Owner,707000.0,570,2025-09-30
C101393,Customer_101393,28,Female,Lucknow,Uttar Pradesh,Salaried,837000.0,670,2024-05-26
C101394,Customer_101394,26,Male,Jaipur,Rajasthan,Salaried,530000.0,802,2026-02-02
C101395,Customer_101395,47,Female,Bengaluru,Karnataka,Salaried,452000.0,743,2022-03-04
C101396,Customer_101396,61,Female,Ahmedabad,Gujarat,Salaried,1331000.0,683,2024-03-25
C101397,Customer_101397,51,Female,Ahmedabad,Gujarat,Salaried,1505000.0,724,2025-06-14
C101398,Customer_101398,59,Female,Ahmedabad,Gujarat,Salaried,250000.0,755,2018-12-05
C101399,Customer_101399,47,Male,Delhi,Delhi,Professional,1083000.0,682,2023-08-21
C101400,Customer_101400,23,Female,Hyderabad,Telangana,Salaried,1194000.0,712,2023-11-28
C101401,Customer_101401,36,Female,Noida,Uttar Pradesh,Self-Employed,365000.0,778,2021-08-01
C101402,Customer_101402,58,Female,Bengaluru,Karnataka,Self-Employed,661000.0,674,2022-07-13
C101403,Customer_101403,22,Male,Hyderabad,Telangana,Salaried,619000.0,632,2023-02-06
C101404,Customer_101404,25,Male,Hyderabad,Telangana,Salaried,1610000.0,679,2021-02-27
C101405,Customer_101405,58,Female,Bengaluru,Karnataka,Salaried,1511000.0,662,2022-07-19
C101406,Customer_101406,23,Male,Mumbai,Maharashtra,Salaried,482000.0,681,2021-02-25
C101407,Customer_101407,64,Female,Chennai,Tamil Nadu,Salaried,266000.0,608,2021-05-18
C101408,Customer_101408,55,Male,Noida,Uttar Pradesh,Professional,1159000.0,735,2021-03-21
C101409,Customer_101409,50,Female,Delhi,Delhi,Salaried,1068000.0,776,2021-04-24
C101410,Customer_101410,45,Male,Hyderabad,Telangana,Salaried,1348000.0,667,2020-01-02
C101411,Customer_101411,25,Male,Delhi,Delhi,Professional,426000.0,678,2017-12-30
C101412,Customer_101412,39,Male,Kolkata,West Bengal,Business Owner,1139000.0,708,2022-01-04
C101413,Customer_101413,57,Female,Hyderabad,Telangana,Business Owner,557000.0,661,2020-12-09
C101414,Customer_101414,61,Female,Gurugram,Haryana,Salaried,1099000.0,784,2017-05-05
C101415,Customer_101415,41,Female,Ahmedabad,Gujarat,Professional,835000.0,662,2021-12-04
C101416,Customer_101416,58,Female,Gurugram,Haryana,Self-Employed,1610000.0,686,2024-11-24
C101417,Customer_101417,55,Female,Ahmedabad,Gujarat,Self-Employed,1029000.0,670,2019-05-21
C101418,Customer_101418,23,Male,Pune,Maharashtra,Business Owner,724000.0,785,2025-05-08
C101419,Customer_101419,48,Female,Noida,Uttar Pradesh,Salaried,905000.0,705,2022-01-12
C101420,Customer_101420,48,Female,Pune,Maharashtra,Professional,810000.0,850,2020-08-21
C101421,Customer_101421,45,Female,Lucknow,Uttar Pradesh,Professional,388000.0,743,2025-02-10
C101422,Customer_101422,55,Male,Lucknow,Uttar Pradesh,Self-Employed,1620000.0,795,2025-10-31
C101423,Customer_101423,61,Female,Ahmedabad,Gujarat,Salaried,1489000.0,699,2025-08-09
C101424,Customer_101424,45,Male,Jaipur,Rajasthan,Business Owner,779000.0,659,2024-03-23
C101425,Customer_101425,35,Male,Hyderabad,Telangana,Salaried,1130000.0,718,2022-11-01
C101426,Customer_101426,65,Female,Gurugram,Haryana,Self-Employed,1671000.0,676,2024-11-22
C101427,Customer_101427,64,Female,Jaipur,Rajasthan,Salaried,1345000.0,590,2024-12-28
C101428,Customer_101428,51,Male,Noida,Uttar Pradesh,Business Owner,727000.0,786,2025-04-19
C101429,Customer_101429,49,Male,Hyderabad,Telangana,Professional,815000.0,722,2024-09-23
C101430,Customer_101430,25,Female,Gurugram,Haryana,Salaried,250000.0,674,2020-03-03
C101431,Customer_101431,39,Male,Pune,Maharashtra,Business Owner,1160000.0,744,2026-01-03
C101432,Customer_101432,29,Male,Bengaluru,Karnataka,Professional,1347000.0,723,2024-07-26
C101433,Customer_101433,44,Female,Bengaluru,Karnataka,Salaried,1350000.0,812,2025-01-23
C101434,Customer_101434,58,Female,Kolkata,West Bengal,Salaried,1130000.0,748,2018-05-09
C101435,Customer_101435,31,Female,Hyderabad,Telangana,Salaried,991000.0,710,2017-02-13
C101436,Customer_101436,65,Female,Mumbai,Maharashtra,Business Owner,451000.0,765,2026-02-04
C101437,Customer_101437,26,Male,Pune,Maharashtra,Salaried,978000.0,718,2022-09-29
C101438,Customer_101438,25,Male,Ahmedabad,Gujarat,Salaried,597000.0,732,2022-07-17
C101439,Customer_101439,64,Female,Hyderabad,Telangana,Salaried,1060000.0,800,2023-07-15
C101440,Customer_101440,25,Female,Lucknow,Uttar Pradesh,Salaried,544000.0,644,2023-06-19
C101441,Customer_101441,54,Male,Gurugram,Haryana,Salaried,1058000.0,664,2017-05-21
C101442,Customer_101442,55,Male,Kolkata,West Bengal,Self-Employed,1379000.0,693,2019-11-08
C101443,Customer_101443,35,Male,Lucknow,Uttar Pradesh,Salaried,1001000.0,702,2022-01-12
C101444,Customer_101444,23,Male,Pune,Maharashtra,Business Owner,981000.0,795,2017-04-19
C101445,Customer_101445,34,Male,Mumbai,Maharashtra,Business Owner,1215000.0,628,2025-03-31
C101446,Customer_101446,24,Male,Delhi,Delhi,Professional,1558000.0,718,2018-07-09
C101447,Customer_101447,51,Female,Lucknow,Uttar Pradesh,Salaried,807000.0,684,2021-01-01
C101448,Customer_101448,60,Male,Lucknow,Uttar Pradesh,Self-Employed,1058000.0,831,2018-04-29
C101449,Customer_101449,65,Female,Jaipur,Rajasthan,Business Owner,1454000.0,777,2017-08-01
C101450,Customer_101450,57,Female,Mumbai,Maharashtra,Salaried,1118000.0,736,2021-02-13
C101451,Customer_101451,55,Female,Hyderabad,Telangana,Salaried,250000.0,783,2024-03-27
C101452,Customer_101452,60,Female,Delhi,Delhi,Salaried,564000.0,634,2019-09-22
C101453,Customer_101453,55,Male,Delhi,Delhi,Self-Employed,1150000.0,850,2021-04-09
C101454,Customer_101454,50,Male,Bengaluru,Karnataka,Salaried,690000.0,665,2025-10-16
C101455,Customer_101455,65,Female,Kolkata,West Bengal,Professional,1426000.0,802,2020-07-01
C101456,Customer_101456,35,Male,Delhi,Delhi,Business Owner,1593000.0,756,2024-11-01
C101457,Customer_101457,39,Male,Lucknow,Uttar Pradesh,Self-Employed,614000.0,737,2026-03-11
C101458,Customer_101458,61,Male,Pune,Maharashtra,Professional,437000.0,799,2022-01-10
C101459,Customer_101459,34,Female,Hyderabad,Telangana,Self-Employed,706000.0,785,2022-09-12
C101460,Customer_101460,34,Male,Kolkata,West Bengal,Salaried,682000.0,727,2024-12-08
C101461,Customer_101461,27,Male,Gurugram,Haryana,Salaried,1464000.0,693,2023-04-30
C101462,Customer_101462,33,Male,Hyderabad,Telangana,Business Owner,436000.0,728,2022-06-13
C101463,Customer_101463,47,Female,Delhi,Delhi,Salaried,1147000.0,713,2025-03-25
C101464,Customer_101464,60,Male,Delhi,Delhi,Professional,1405000.0,743,2025-07-26
C101465,Customer_101465,27,Female,Noida,Uttar Pradesh,Salaried,1178000.0,786,2019-11-02
C101466,Customer_101466,51,Female,Mumbai,Maharashtra,Salaried,1025000.0,750,2023-12-09
C101467,Customer_101467,55,Male,Ahmedabad,Gujarat,Business Owner,785000.0,732,2019-06-04
C101468,Customer_101468,61,Male,Chennai,Tamil Nadu,Business Owner,1590000.0,677,2023-11-05
C101469,Customer_101469,54,Female,Gurugram,Haryana,Professional,752000.0,741,2017-10-21
C101470,Customer_101470,28,Female,Delhi,Delhi,Salaried,1229000.0,610,2019-07-24
C101471,Customer_101471,43,Male,Noida,Uttar Pradesh,Salaried,787000.0,668,2024-05-18
C101472,Customer_101472,63,Male,Jaipur,Rajasthan,Self-Employed,250000.0,759,2024-05-25
C101473,Customer_101473,61,Male,Pune,Maharashtra,Professional,742000.0,778,2021-05-15
C101474,Customer_101474,48,Male,Bengaluru,Karnataka,Salaried,787000.0,719,2024-03-11
C101475,Customer_101475,64,Male,Lucknow,Uttar Pradesh,Self-Employed,793000.0,733,2021-07-12
C101476,Customer_101476,51,Male,Hyderabad,Telangana,Salaried,586000.0,744,2017-10-03
C101477,Customer_101477,23,Male,Pune,Maharashtra,Business Owner,1100000.0,764,2024-07-24
C101478,Customer_101478,62,Female,Chennai,Tamil Nadu,Salaried,1145000.0,707,2017-07-16
C101479,Customer_101479,28,Female,Bengaluru,Karnataka,Professional,728000.0,656,2024-06-17
C101480,Customer_101480,38,Female,Chennai,Tamil Nadu,Salaried,724000.0,745,2025-03-16
C101481,Customer_101481,31,Female,Mumbai,Maharashtra,Self-Employed,430000.0,847,2017-01-07
C101482,Customer_101482,53,Female,Delhi,Delhi,Business Owner,952000.0,660,2026-02-11
C101483,Customer_101483,22,Male,Hyderabad,Telangana,Salaried,1401000.0,712,2022-09-29
C101484,Customer_101484,49,Female,Mumbai,Maharashtra,Salaried,1401000.0,695,2022-08-18
C101485,Customer_101485,59,Male,Chennai,Tamil Nadu,Self-Employed,610000.0,850,2020-01-09
C101486,Customer_101486,56,Female,Noida,Uttar Pradesh,Self-Employed,1646000.0,658,2018-08-04
C101487,Customer_101487,34,Female,Mumbai,Maharashtra,Self-Employed,705000.0,710,2017-03-19
C101488,Customer_101488,61,Female,Delhi,Delhi,Self-Employed,444000.0,696,2020-12-03
C101489,Customer_101489,37,Male,Mumbai,Maharashtra,Salaried,305000.0,638,2024-05-13
C101490,Customer_101490,51,Female,Kolkata,West Bengal,Professional,419000.0,635,2017-03-13
C101491,Customer_101491,43,Male,Hyderabad,Telangana,Salaried,983000.0,757,2019-01-30
C101492,Customer_101492,24,Male,Pune,Maharashtra,Self-Employed,747000.0,766,2024-08-25
C101493,Customer_101493,21,Male,Delhi,Delhi,Professional,597000.0,684,2021-01-29
C101494,Customer_101494,29,Male,Hyderabad,Telangana,Professional,511000.0,812,2017-12-17
C101495,Customer_101495,63,Female,Chennai,Tamil Nadu,Salaried,416000.0,574,2026-02-23
C101496,Customer_101496,63,Male,Pune,Maharashtra,Salaried,494000.0,638,2020-02-14
C101497,Customer_101497,39,Male,Kolkata,West Bengal,Self-Employed,1256000.0,666,2018-08-25
C101498,Customer_101498,64,Other,Gurugram,Haryana,Salaried,1571000.0,719,2022-03-29
C101499,Customer_101499,23,Female,Pune,Maharashtra,Business Owner,1596000.0,691,2017-10-17
C101500,Customer_101500,64,Male,Noida,Uttar Pradesh,Salaried,1125000.0,707,2023-07-02
C101501,Customer_101501,31,Female,Kolkata,West Bengal,Salaried,653000.0,752,2023-01-03
C101502,Customer_101502,22,Female,Hyderabad,Telangana,Salaried,583000.0,815,2025-06-12
C101503,Customer_101503,55,Male,Bengaluru,Karnataka,Self-Employed,1152000.0,772,2019-09-27
C101504,Customer_101504,38,Female,Hyderabad,Telangana,Business Owner,751000.0,724,2020-12-05
C101505,Customer_101505,34,Female,Ahmedabad,Gujarat,Salaried,1015000.0,715,2023-03-26
C101506,Customer_101506,55,Male,Bengaluru,Karnataka,Salaried,1622000.0,792,2018-10-12
C101507,Customer_101507,35,Male,Noida,Uttar Pradesh,Salaried,937000.0,842,2020-05-15
C101508,Customer_101508,54,Male,Pune,Maharashtra,Self-Employed,1761000.0,761,2018-01-06
C101509,Customer_101509,29,Female,Noida,Uttar Pradesh,Business Owner,399000.0,688,2023-07-11
C101510,Customer_101510,24,Male,Jaipur,Rajasthan,Professional,1029000.0,737,2023-02-18
C101511,Customer_101511,35,Male,Chennai,Tamil Nadu,Professional,975000.0,758,2017-11-16
C101512,Customer_101512,48,Other,Bengaluru,Karnataka,Salaried,456000.0,684,2018-03-14
C101513,Customer_101513,31,Female,Jaipur,Rajasthan,Professional,1171000.0,776,2020-09-23
C101514,Customer_101514,27,Male,Hyderabad,Telangana,Salaried,1462000.0,737,2023-02-16
C101515,Customer_101515,54,Male,Bengaluru,Karnataka,Self-Employed,1731000.0,796,2024-05-08
C101516,Customer_101516,43,Male,Lucknow,Uttar Pradesh,Salaried,1015000.0,657,2021-04-01
C101517,Customer_101517,40,Other,Pune,Maharashtra,Business Owner,250000.0,607,2024-06-25
C101518,Customer_101518,31,Male,Delhi,Delhi,Business Owner,1041000.0,694,2020-11-17
C101519,Customer_101519,21,Male,Pune,Maharashtra,Salaried,1147000.0,722,2022-07-09
C101520,Customer_101520,23,Female,Pune,Maharashtra,Professional,756000.0,603,2019-06-07
C101521,Customer_101521,51,Male,Noida,Uttar Pradesh,Professional,936000.0,680,2022-12-21
C101522,Customer_101522,24,Male,Jaipur,Rajasthan,Professional,657000.0,803,2025-05-24
C101523,Customer_101523,32,Female,Bengaluru,Karnataka,Salaried,797000.0,755,2019-08-31
C101524,Customer_101524,61,Male,Mumbai,Maharashtra,Professional,1257000.0,729,2023-09-02
C101525,Customer_101525,36,Female,Ahmedabad,Gujarat,Business Owner,1406000.0,651,2021-03-24
C101526,Customer_101526,54,Female,Delhi,Delhi,Self-Employed,342000.0,801,2021-11-19
C101527,Customer_101527,36,Male,Hyderabad,Telangana,Salaried,645000.0,693,2022-05-21
C101528,Customer_101528,62,Female,Mumbai,Maharashtra,Business Owner,250000.0,726,2020-12-11
C101529,Customer_101529,57,Female,Delhi,Delhi,Business Owner,1585000.0,746,2023-03-15
C101530,Customer_101530,42,Female,Lucknow,Uttar Pradesh,Self-Employed,1198000.0,731,2020-05-10
C101531,Customer_101531,51,Female,Mumbai,Maharashtra,Professional,250000.0,817,2018-07-11
C101532,Customer_101532,39,Male,Delhi,Delhi,Salaried,824000.0,757,2020-09-19
C101533,Customer_101533,63,Male,Lucknow,Uttar Pradesh,Self-Employed,737000.0,742,2021-02-09
C101534,Customer_101534,37,Female,Bengaluru,Karnataka,Salaried,548000.0,714,2024-12-12
C101535,Customer_101535,58,Male,Gurugram,Haryana,Salaried,1265000.0,748,2022-12-20
C101536,Customer_101536,48,Male,Delhi,Delhi,Salaried,1255000.0,706,2020-12-03
C101537,Customer_101537,49,Male,Mumbai,Maharashtra,Salaried,958000.0,732,2024-12-09
C101538,Customer_101538,36,Male,Mumbai,Maharashtra,Salaried,593000.0,698,2017-01-15
C101539,Customer_101539,58,Female,Jaipur,Rajasthan,Salaried,597000.0,688,2023-05-27
C101540,Customer_101540,54,Female,Ahmedabad,Gujarat,Salaried,868000.0,660,2025-08-06
C101541,Customer_101541,57,Female,Pune,Maharashtra,Self-Employed,667000.0,702,2023-06-21
C101542,Customer_101542,57,Male,Bengaluru,Karnataka,Salaried,848000.0,698,2022-07-09
C101543,Customer_101543,28,Male,Mumbai,Maharashtra,Salaried,1073000.0,839,2021-12-12
C101544,Customer_101544,60,Female,Kolkata,West Bengal,Salaried,250000.0,784,2018-07-18
C101545,Customer_101545,58,Male,Bengaluru,Karnataka,Salaried,547000.0,711,2018-06-06
C101546,Customer_101546,31,Female,Ahmedabad,Gujarat,Salaried,837000.0,692,2018-03-07
C101547,Customer_101547,65,Female,Jaipur,Rajasthan,Professional,1476000.0,760,2025-09-13
C101548,Customer_101548,44,Male,Noida,Uttar Pradesh,Self-Employed,1188000.0,846,2020-07-04
C101549,Customer_101549,35,Male,Pune,Maharashtra,Salaried,849000.0,772,2025-12-27
C101550,Customer_101550,31,Female,Delhi,Delhi,Salaried,1011000.0,608,2022-09-13
C101551,Customer_101551,37,Male,Hyderabad,Telangana,Salaried,809000.0,776,2024-01-06
C101552,Customer_101552,22,Female,Noida,Uttar Pradesh,Self-Employed,1281000.0,788,2025-09-29
C101553,Customer_101553,52,Female,Kolkata,West Bengal,Professional,1024000.0,850,2021-10-10
C101554,Customer_101554,52,Male,Ahmedabad,Gujarat,Salaried,1362000.0,704,2017-07-05
C101555,Customer_101555,51,Female,Pune,Maharashtra,Salaried,308000.0,729,2024-08-31
C101556,Customer_101556,45,Male,Mumbai,Maharashtra,Self-Employed,528000.0,749,2020-04-14
C101557,Customer_101557,37,Male,Noida,Uttar Pradesh,Salaried,960000.0,670,2018-06-07
C101558,Customer_101558,53,Female,Gurugram,Haryana,Salaried,1047000.0,664,2019-05-25
C101559,Customer_101559,60,Female,Lucknow,Uttar Pradesh,Self-Employed,1810000.0,746,2026-03-26
C101560,Customer_101560,24,Female,Noida,Uttar Pradesh,Self-Employed,250000.0,620,2020-12-03
C101561,Customer_101561,38,Female,Hyderabad,Telangana,Salaried,837000.0,634,2022-05-16
C101562,Customer_101562,65,Female,Hyderabad,Telangana,Business Owner,819000.0,773,2024-05-17
C101563,Customer_101563,59,Male,Bengaluru,Karnataka,Salaried,945000.0,752,2022-05-24
C101564,Customer_101564,65,Male,Lucknow,Uttar Pradesh,Salaried,1543000.0,801,2018-06-24
C101565,Customer_101565,29,Male,Kolkata,West Bengal,Business Owner,1201000.0,750,2017-10-16
C101566,Customer_101566,41,Male,Pune,Maharashtra,Self-Employed,250000.0,721,2025-09-14
C101567,Customer_101567,26,Male,Lucknow,Uttar Pradesh,Self-Employed,1464000.0,804,2018-11-15
C101568,Customer_101568,59,Female,Ahmedabad,Gujarat,Self-Employed,1452000.0,693,2019-05-22
C101569,Customer_101569,44,Male,Noida,Uttar Pradesh,Self-Employed,955000.0,698,2017-05-19
C101570,Customer_101570,31,Female,Lucknow,Uttar Pradesh,Professional,250000.0,716,2024-01-04
C101571,Customer_101571,25,Female,Delhi,Delhi,Self-Employed,789000.0,749,2021-09-19
C101572,Customer_101572,54,Other,Chennai,Tamil Nadu,Salaried,1037000.0,716,2022-12-15
C101573,Customer_101573,57,Male,Jaipur,Rajasthan,Business Owner,1249000.0,623,2018-09-21
C101574,Customer_101574,60,Female,Gurugram,Haryana,Salaried,250000.0,703,2022-02-06
C101575,Customer_101575,64,Female,Mumbai,Maharashtra,Business Owner,542000.0,718,2022-02-18
C101576,Customer_101576,57,Male,Hyderabad,Telangana,Salaried,1289000.0,727,2024-11-09
C101577,Customer_101577,56,Male,Kolkata,West Bengal,Salaried,1451000.0,691,2023-08-22
C101578,Customer_101578,57,Male,Gurugram,Haryana,Business Owner,1022000.0,753,2022-08-27
C101579,Customer_101579,65,Female,Mumbai,Maharashtra,Self-Employed,1309000.0,615,2023-03-30
C101580,Customer_101580,41,Female,Ahmedabad,Gujarat,Salaried,1032000.0,747,2024-04-14
C101581,Customer_101581,55,Male,Hyderabad,Telangana,Salaried,1235000.0,837,2019-01-27
C101582,Customer_101582,57,Female,Bengaluru,Karnataka,Business Owner,908000.0,681,2022-06-27
C101583,Customer_101583,26,Male,Kolkata,West Bengal,Professional,1042000.0,724,2025-10-09
C101584,Customer_101584,52,Male,Chennai,Tamil Nadu,Salaried,361000.0,704,2023-09-16
C101585,Customer_101585,36,Female,Ahmedabad,Gujarat,Salaried,1139000.0,705,2024-10-15
C101586,Customer_101586,26,Female,Hyderabad,Telangana,Salaried,349000.0,653,2017-06-11
C101587,Customer_101587,28,Female,Gurugram,Haryana,Salaried,1138000.0,849,2024-10-22
C101588,Customer_101588,26,Male,Delhi,Delhi,Salaried,674000.0,745,2023-01-03
C101589,Customer_101589,61,Male,Noida,Uttar Pradesh,Professional,998000.0,676,2018-09-09
C101590,Customer_101590,55,Male,Delhi,Delhi,Salaried,469000.0,669,2025-04-11
C101591,Customer_101591,25,Male,Jaipur,Rajasthan,Salaried,649000.0,724,2025-03-04
C101592,Customer_101592,49,Male,Chennai,Tamil Nadu,Salaried,997000.0,579,2023-01-21
C101593,Customer_101593,50,Female,Chennai,Tamil Nadu,Salaried,1152000.0,788,2025-12-14
C101594,Customer_101594,44,Female,Delhi,Delhi,Salaried,1288000.0,687,2024-08-13
C101595,Customer_101595,48,Male,Jaipur,Rajasthan,Salaried,390000.0,745,2020-11-30
C101596,Customer_101596,61,Male,Mumbai,Maharashtra,Salaried,250000.0,748,2026-03-24
C101597,Customer_101597,44,Male,Ahmedabad,Gujarat,Self-Employed,460000.0,783,2021-06-04
C101598,Customer_101598,50,Male,Jaipur,Rajasthan,Salaried,424000.0,752,2018-06-16
C101599,Customer_101599,46,Female,Noida,Uttar Pradesh,Self-Employed,1477000.0,768,2018-01-30
C101600,Customer_101600,38,Male,Jaipur,Rajasthan,Professional,1386000.0,786,2023-06-01
C101601,Customer_101601,61,Female,Hyderabad,Telangana,Salaried,451000.0,699,2018-04-26
C101602,Customer_101602,39,Male,Jaipur,Rajasthan,Salaried,1534000.0,850,2025-05-09
C101603,Customer_101603,56,Male,Gurugram,Haryana,Professional,1362000.0,743,2025-08-27
C101604,Customer_101604,48,Other,Hyderabad,Telangana,Salaried,250000.0,718,2017-04-08
C101605,Customer_101605,51,Male,Mumbai,Maharashtra,Salaried,438000.0,665,2018-07-27
C101606,Customer_101606,55,Male,Noida,Uttar Pradesh,Business Owner,250000.0,707,2018-08-14
C101607,Customer_101607,54,Female,Mumbai,Maharashtra,Self-Employed,815000.0,746,2023-07-28
C101608,Customer_101608,46,Male,Ahmedabad,Gujarat,Professional,857000.0,726,2019-04-29
C101609,Customer_101609,48,Male,Bengaluru,Karnataka,Salaried,856000.0,839,2023-03-30
C101610,Customer_101610,43,Male,Mumbai,Maharashtra,Salaried,250000.0,695,2025-03-12
C101611,Customer_101611,36,Male,Gurugram,Haryana,Salaried,279000.0,764,2023-02-21
C101612,Customer_101612,53,Female,Mumbai,Maharashtra,Salaried,954000.0,647,2026-02-05
C101613,Customer_101613,60,Male,Jaipur,Rajasthan,Salaried,1099000.0,850,2021-07-13
C101614,Customer_101614,52,Female,Jaipur,Rajasthan,Salaried,250000.0,642,2025-07-03
C101615,Customer_101615,55,Female,Delhi,Delhi,Salaried,338000.0,850,2024-03-21
C101616,Customer_101616,58,Male,Bengaluru,Karnataka,Salaried,1259000.0,711,2021-05-31
C101617,Customer_101617,37,Male,Gurugram,Haryana,Salaried,360000.0,575,2019-08-26
C101618,Customer_101618,23,Male,Kolkata,West Bengal,Salaried,844000.0,808,2023-03-21
C101619,Customer_101619,36,Male,Mumbai,Maharashtra,Self-Employed,322000.0,725,2024-03-24
C101620,Customer_101620,54,Male,Lucknow,Uttar Pradesh,Salaried,1183000.0,691,2017-12-20
C101621,Customer_101621,57,Female,Hyderabad,Telangana,Business Owner,250000.0,762,2019-12-09
C101622,Customer_101622,44,Male,Delhi,Delhi,Salaried,728000.0,763,2026-02-11
C101623,Customer_101623,56,Male,Lucknow,Uttar Pradesh,Salaried,1226000.0,747,2018-04-06
C101624,Customer_101624,24,Female,Delhi,Delhi,Professional,1094000.0,794,2025-10-15
C101625,Customer_101625,49,Female,Kolkata,West Bengal,Professional,664000.0,736,2018-03-24
C101626,Customer_101626,51,Male,Lucknow,Uttar Pradesh,Salaried,571000.0,762,2022-07-21
C101627,Customer_101627,43,Male,Kolkata,West Bengal,Salaried,757000.0,686,2019-12-02
C101628,Customer_101628,53,Female,Ahmedabad,Gujarat,Professional,334000.0,770,2018-05-02
C101629,Customer_101629,43,Male,Chennai,Tamil Nadu,Salaried,810000.0,686,2019-01-29
C101630,Customer_101630,44,Female,Mumbai,Maharashtra,Salaried,817000.0,647,2025-10-27
C101631,Customer_101631,48,Female,Kolkata,West Bengal,Salaried,683000.0,707,2019-07-24
C101632,Customer_101632,56,Female,Noida,Uttar Pradesh,Salaried,1250000.0,702,2025-05-04
C101633,Customer_101633,32,Male,Mumbai,Maharashtra,Business Owner,422000.0,780,2022-12-02
C101634,Customer_101634,34,Male,Noida,Uttar Pradesh,Self-Employed,250000.0,626,2026-03-23
C101635,Customer_101635,39,Male,Chennai,Tamil Nadu,Salaried,640000.0,791,2021-04-24
C101636,Customer_101636,30,Female,Kolkata,West Bengal,Salaried,900000.0,680,2021-09-23
C101637,Customer_101637,36,Female,Mumbai,Maharashtra,Salaried,807000.0,560,2017-10-03
C101638,Customer_101638,36,Female,Ahmedabad,Gujarat,Business Owner,790000.0,642,2020-03-29
C101639,Customer_101639,35,Female,Bengaluru,Karnataka,Professional,399000.0,700,2022-07-14
C101640,Customer_101640,39,Female,Hyderabad,Telangana,Salaried,457000.0,749,2020-07-06
C101641,Customer_101641,43,Female,Jaipur,Rajasthan,Business Owner,655000.0,711,2018-08-09
C101642,Customer_101642,52,Male,Delhi,Delhi,Salaried,623000.0,641,2021-08-18
C101643,Customer_101643,34,Male,Pune,Maharashtra,Self-Employed,1289000.0,669,2026-02-05
C101644,Customer_101644,59,Female,Ahmedabad,Gujarat,Salaried,956000.0,642,2025-06-29
C101645,Customer_101645,42,Female,Mumbai,Maharashtra,Salaried,637000.0,737,2020-06-02
C101646,Customer_101646,53,Male,Hyderabad,Telangana,Salaried,1288000.0,714,2018-03-14
C101647,Customer_101647,26,Female,Chennai,Tamil Nadu,Business Owner,1029000.0,760,2017-02-16
C101648,Customer_101648,28,Male,Ahmedabad,Gujarat,Salaried,307000.0,605,2023-01-14
C101649,Customer_101649,41,Male,Lucknow,Uttar Pradesh,Salaried,250000.0,685,2023-05-30
C101650,Customer_101650,37,Female,Noida,Uttar Pradesh,Professional,320000.0,850,2025-07-09
C101651,Customer_101651,43,Male,Bengaluru,Karnataka,Business Owner,1088000.0,762,2022-05-26
C101652,Customer_101652,28,Female,Delhi,Delhi,Salaried,1207000.0,701,2019-07-20
C101653,Customer_101653,42,Female,Delhi,Delhi,Salaried,250000.0,656,2017-03-27
C101654,Customer_101654,51,Female,Ahmedabad,Gujarat,Business Owner,1113000.0,792,2021-11-21
C101655,Customer_101655,53,Male,Mumbai,Maharashtra,Salaried,1098000.0,820,2019-09-06
C101656,Customer_101656,32,Female,Bengaluru,Karnataka,Salaried,1408000.0,645,2024-05-25
C101657,Customer_101657,36,Male,Noida,Uttar Pradesh,Salaried,1230000.0,651,2022-12-31
C101658,Customer_101658,44,Female,Noida,Uttar Pradesh,Salaried,1391000.0,738,2021-10-17
C101659,Customer_101659,44,Male,Noida,Uttar Pradesh,Self-Employed,1045000.0,744,2023-11-30
C101660,Customer_101660,56,Other,Hyderabad,Telangana,Business Owner,1032000.0,751,2021-11-29
C101661,Customer_101661,38,Female,Ahmedabad,Gujarat,Salaried,715000.0,840,2023-01-13
C101662,Customer_101662,51,Male,Ahmedabad,Gujarat,Professional,1178000.0,657,2024-02-20
C101663,Customer_101663,60,Male,Bengaluru,Karnataka,Self-Employed,317000.0,723,2017-08-28
C101664,Customer_101664,34,Male,Kolkata,West Bengal,Self-Employed,795000.0,767,2018-07-14
C101665,Customer_101665,58,Female,Kolkata,West Bengal,Salaried,1066000.0,766,2021-06-20
C101666,Customer_101666,35,Female,Chennai,Tamil Nadu,Salaried,1413000.0,678,2023-08-28
C101667,Customer_101667,36,Female,Gurugram,Haryana,Self-Employed,659000.0,680,2020-11-21
C101668,Customer_101668,50,Female,Jaipur,Rajasthan,Self-Employed,1237000.0,690,2025-07-05
C101669,Customer_101669,48,Male,Kolkata,West Bengal,Salaried,771000.0,831,2026-02-09
C101670,Customer_101670,45,Female,Jaipur,Rajasthan,Salaried,1245000.0,656,2017-12-13
C101671,Customer_101671,31,Male,Gurugram,Haryana,Salaried,529000.0,699,2023-03-07
C101672,Customer_101672,25,Female,Kolkata,West Bengal,Salaried,1140000.0,770,2017-07-24
C101673,Customer_101673,61,Male,Hyderabad,Telangana,Salaried,812000.0,649,2024-04-17
C101674,Customer_101674,60,Female,Gurugram,Haryana,Salaried,376000.0,737,2017-10-25
C101675,Customer_101675,60,Male,Jaipur,Rajasthan,Salaried,789000.0,597,2017-12-13
C101676,Customer_101676,44,Male,Lucknow,Uttar Pradesh,Professional,1379000.0,733,2023-11-06
C101677,Customer_101677,60,Male,Mumbai,Maharashtra,Business Owner,442000.0,723,2020-09-09
C101678,Customer_101678,42,Female,Pune,Maharashtra,Salaried,256000.0,731,2020-08-23
C101679,Customer_101679,24,Male,Lucknow,Uttar Pradesh,Salaried,1009000.0,664,2021-01-04
C101680,Customer_101680,29,Male,Kolkata,West Bengal,Salaried,250000.0,735,2021-04-29
C101681,Customer_101681,33,Male,Lucknow,Uttar Pradesh,Salaried,1475000.0,717,2023-04-02
C101682,Customer_101682,37,Male,Delhi,Delhi,Business Owner,1465000.0,804,2023-10-13
C101683,Customer_101683,63,Female,Delhi,Delhi,Salaried,1265000.0,761,2025-11-16
C101684,Customer_101684,35,Female,Gurugram,Haryana,Professional,846000.0,626,2021-11-14
C101685,Customer_101685,48,Female,Chennai,Tamil Nadu,Salaried,1516000.0,666,2024-11-11
C101686,Customer_101686,33,Female,Kolkata,West Bengal,Professional,1388000.0,680,2022-08-03
C101687,Customer_101687,49,Male,Pune,Maharashtra,Business Owner,637000.0,732,2017-08-20
C101688,Customer_101688,46,Male,Chennai,Tamil Nadu,Business Owner,1426000.0,709,2024-12-02
C101689,Customer_101689,27,Female,Lucknow,Uttar Pradesh,Professional,485000.0,709,2021-02-02
C101690,Customer_101690,41,Female,Mumbai,Maharashtra,Salaried,771000.0,850,2021-03-15
C101691,Customer_101691,25,Male,Gurugram,Haryana,Salaried,250000.0,687,2024-10-17
C101692,Customer_101692,61,Female,Noida,Uttar Pradesh,Salaried,908000.0,810,2025-02-22
C101693,Customer_101693,52,Male,Ahmedabad,Gujarat,Business Owner,732000.0,710,2026-04-09
C101694,Customer_101694,63,Male,Chennai,Tamil Nadu,Professional,669000.0,578,2021-11-14
C101695,Customer_101695,60,Male,Mumbai,Maharashtra,Salaried,784000.0,732,2021-02-17
C101696,Customer_101696,30,Female,Jaipur,Rajasthan,Business Owner,618000.0,793,2020-09-28
C101697,Customer_101697,52,Female,Pune,Maharashtra,Salaried,867000.0,761,2020-02-21
C101698,Customer_101698,25,Female,Mumbai,Maharashtra,Salaried,1363000.0,737,2019-06-07
C101699,Customer_101699,64,Female,Chennai,Tamil Nadu,Self-Employed,425000.0,722,2019-12-19
C101700,Customer_101700,56,Female,Lucknow,Uttar Pradesh,Salaried,1195000.0,688,2023-10-20
C101701,Customer_101701,51,Male,Hyderabad,Telangana,Salaried,936000.0,778,2019-10-09
C101702,Customer_101702,65,Female,Bengaluru,Karnataka,Business Owner,1000000.0,692,2022-10-16
C101703,Customer_101703,59,Male,Jaipur,Rajasthan,Salaried,838000.0,678,2019-04-10
C101704,Customer_101704,59,Male,Bengaluru,Karnataka,Salaried,563000.0,747,2024-07-10
C101705,Customer_101705,25,Male,Lucknow,Uttar Pradesh,Salaried,1028000.0,700,2020-12-01
C101706,Customer_101706,22,Male,Noida,Uttar Pradesh,Salaried,1058000.0,803,2022-02-02
C101707,Customer_101707,64,Female,Lucknow,Uttar Pradesh,Self-Employed,530000.0,750,2026-01-19
C101708,Customer_101708,32,Male,Noida,Uttar Pradesh,Professional,315000.0,669,2025-01-26
C101709,Customer_101709,40,Male,Bengaluru,Karnataka,Salaried,884000.0,646,2020-02-07
C101710,Customer_101710,22,Female,Bengaluru,Karnataka,Business Owner,1152000.0,683,2019-09-05
C101711,Customer_101711,49,Female,Chennai,Tamil Nadu,Business Owner,1252000.0,850,2022-02-06
C101712,Customer_101712,57,Male,Pune,Maharashtra,Business Owner,1331000.0,705,2023-10-20
C101713,Customer_101713,58,Male,Noida,Uttar Pradesh,Self-Employed,999000.0,769,2026-01-05
C101714,Customer_101714,47,Male,Jaipur,Rajasthan,Salaried,745000.0,635,2020-08-30
C101715,Customer_101715,50,Female,Ahmedabad,Gujarat,Business Owner,849000.0,650,2022-05-26
C101716,Customer_101716,44,Female,Noida,Uttar Pradesh,Salaried,353000.0,708,2018-01-23
C101717,Customer_101717,41,Male,Ahmedabad,Gujarat,Salaried,577000.0,831,2023-10-21
C101718,Customer_101718,45,Female,Chennai,Tamil Nadu,Salaried,829000.0,636,2021-12-02
C101719,Customer_101719,63,Female,Chennai,Tamil Nadu,Salaried,743000.0,679,2023-01-14
C101720,Customer_101720,32,Other,Kolkata,West Bengal,Salaried,887000.0,779,2019-02-26
C101721,Customer_101721,42,Male,Mumbai,Maharashtra,Professional,300000.0,824,2020-12-31
C101722,Customer_101722,48,Female,Jaipur,Rajasthan,Salaried,389000.0,748,2017-07-29
C101723,Customer_101723,46,Female,Ahmedabad,Gujarat,Salaried,1160000.0,764,2020-04-24
C101724,Customer_101724,22,Male,Jaipur,Rajasthan,Professional,517000.0,662,2020-05-19
C101725,Customer_101725,33,Male,Kolkata,West Bengal,Salaried,580000.0,634,2021-03-31
C101726,Customer_101726,50,Male,Gurugram,Haryana,Salaried,888000.0,646,2026-02-06
C101727,Customer_101727,52,Male,Lucknow,Uttar Pradesh,Business Owner,478000.0,663,2022-09-29
C101728,Customer_101728,54,Female,Kolkata,West Bengal,Professional,1293000.0,735,2025-04-28
C101729,Customer_101729,65,Female,Pune,Maharashtra,Self-Employed,347000.0,641,2018-11-13
C101730,Customer_101730,51,Male,Mumbai,Maharashtra,Salaried,851000.0,736,2026-02-14
C101731,Customer_101731,47,Female,Gurugram,Haryana,Salaried,551000.0,700,2022-08-16
C101732,Customer_101732,35,Male,Noida,Uttar Pradesh,Business Owner,912000.0,683,2017-04-08
C101733,Customer_101733,37,Female,Jaipur,Rajasthan,Professional,651000.0,778,2025-01-14
C101734,Customer_101734,58,Male,Noida,Uttar Pradesh,Salaried,841000.0,658,2018-06-04
C101735,Customer_101735,42,Female,Noida,Uttar Pradesh,Professional,1339000.0,813,2024-06-30
C101736,Customer_101736,53,Female,Gurugram,Haryana,Self-Employed,575000.0,774,2019-03-11
C101737,Customer_101737,26,Female,Kolkata,West Bengal,Salaried,572000.0,656,2023-04-22
C101738,Customer_101738,26,Female,Mumbai,Maharashtra,Salaried,724000.0,798,2023-11-10
C101739,Customer_101739,30,Male,Delhi,Delhi,Salaried,1440000.0,648,2018-02-10
C101740,Customer_101740,29,Female,Bengaluru,Karnataka,Professional,814000.0,804,2026-02-08
C101741,Customer_101741,48,Female,Pune,Maharashtra,Salaried,1344000.0,742,2025-04-04
C101742,Customer_101742,49,Male,Jaipur,Rajasthan,Self-Employed,779000.0,617,2020-10-13
C101743,Customer_101743,46,Other,Pune,Maharashtra,Salaried,1326000.0,636,2019-04-26
C101744,Customer_101744,34,Male,Delhi,Delhi,Business Owner,1013000.0,694,2022-06-08
C101745,Customer_101745,46,Male,Bengaluru,Karnataka,Salaried,1072000.0,776,2024-05-15
C101746,Customer_101746,26,Female,Lucknow,Uttar Pradesh,Professional,276000.0,709,2017-10-28
C101747,Customer_101747,42,Male,Lucknow,Uttar Pradesh,Salaried,250000.0,707,2018-06-03
C101748,Customer_101748,27,Male,Chennai,Tamil Nadu,Business Owner,1278000.0,723,2022-11-10
C101749,Customer_101749,24,Male,Gurugram,Haryana,Self-Employed,1273000.0,590,2019-09-03
C101750,Customer_101750,28,Female,Jaipur,Rajasthan,Salaried,1819000.0,774,2025-05-19
C101751,Customer_101751,26,Female,Lucknow,Uttar Pradesh,Professional,256000.0,807,2022-01-17
C101752,Customer_101752,42,Male,Noida,Uttar Pradesh,Salaried,1044000.0,771,2023-02-20
C101753,Customer_101753,45,Female,Ahmedabad,Gujarat,Professional,440000.0,692,2020-04-04
C101754,Customer_101754,48,Female,Chennai,Tamil Nadu,Salaried,554000.0,662,2023-01-31
C101755,Customer_101755,40,Female,Ahmedabad,Gujarat,Self-Employed,649000.0,650,2019-05-24
C101756,Customer_101756,28,Female,Hyderabad,Telangana,Professional,1003000.0,646,2021-07-16
C101757,Customer_101757,21,Female,Chennai,Tamil Nadu,Professional,584000.0,850,2017-03-18
C101758,Customer_101758,53,Male,Ahmedabad,Gujarat,Salaried,863000.0,715,2021-03-10
C101759,Customer_101759,65,Male,Kolkata,West Bengal,Salaried,1183000.0,779,2024-02-17
C101760,Customer_101760,33,Female,Kolkata,West Bengal,Business Owner,1301000.0,775,2020-06-11
C101761,Customer_101761,30,Male,Chennai,Tamil Nadu,Salaried,1127000.0,729,2017-07-18
C101762,Customer_101762,35,Male,Chennai,Tamil Nadu,Professional,1031000.0,659,2024-08-20
C101763,Customer_101763,30,Male,Delhi,Delhi,Salaried,793000.0,754,2019-09-12
C101764,Customer_101764,31,Male,Ahmedabad,Gujarat,Salaried,622000.0,650,2023-01-02
C101765,Customer_101765,43,Female,Kolkata,West Bengal,Business Owner,1066000.0,759,2023-09-08
C101766,Customer_101766,56,Male,Lucknow,Uttar Pradesh,Salaried,430000.0,653,2019-10-16
C101767,Customer_101767,53,Female,Kolkata,West Bengal,Salaried,898000.0,692,2019-09-28
C101768,Customer_101768,64,Female,Pune,Maharashtra,Salaried,420000.0,692,2021-10-27
C101769,Customer_101769,37,Male,Delhi,Delhi,Professional,833000.0,811,2021-05-02
C101770,Customer_101770,43,Male,Bengaluru,Karnataka,Self-Employed,429000.0,562,2018-01-29
C101771,Customer_101771,38,Male,Chennai,Tamil Nadu,Professional,690000.0,850,2017-10-07
C101772,Customer_101772,22,Male,Chennai,Tamil Nadu,Salaried,580000.0,668,2017-06-05
C101773,Customer_101773,38,Male,Chennai,Tamil Nadu,Salaried,531000.0,712,2019-12-09
C101774,Customer_101774,32,Female,Chennai,Tamil Nadu,Salaried,815000.0,747,2018-04-09
C101775,Customer_101775,42,Male,Gurugram,Haryana,Salaried,250000.0,741,2024-01-19
C101776,Customer_101776,28,Male,Mumbai,Maharashtra,Salaried,250000.0,775,2025-01-28
C101777,Customer_101777,54,Male,Hyderabad,Telangana,Salaried,1171000.0,760,2024-05-30
C101778,Customer_101778,58,Male,Mumbai,Maharashtra,Salaried,909000.0,850,2019-05-25
C101779,Customer_101779,64,Male,Hyderabad,Telangana,Business Owner,561000.0,768,2020-02-09
C101780,Customer_101780,24,Female,Jaipur,Rajasthan,Salaried,1240000.0,712,2025-12-19
C101781,Customer_101781,26,Male,Delhi,Delhi,Salaried,594000.0,684,2018-03-30
C101782,Customer_101782,64,Female,Chennai,Tamil Nadu,Salaried,618000.0,682,2020-02-25
C101783,Customer_101783,59,Female,Delhi,Delhi,Salaried,537000.0,804,2021-02-18
C101784,Customer_101784,47,Female,Lucknow,Uttar Pradesh,Business Owner,1613000.0,834,2020-10-24
C101785,Customer_101785,35,Female,Jaipur,Rajasthan,Business Owner,944000.0,785,2025-10-04
C101786,Customer_101786,44,Male,Bengaluru,Karnataka,Business Owner,928000.0,514,2024-07-23
C101787,Customer_101787,45,Female,Bengaluru,Karnataka,Salaried,1037000.0,574,2026-02-24
C101788,Customer_101788,59,Male,Mumbai,Maharashtra,Salaried,250000.0,720,2019-02-01
C101789,Customer_101789,44,Female,Pune,Maharashtra,Business Owner,612000.0,709,2017-08-19
C101790,Customer_101790,22,Male,Gurugram,Haryana,Professional,1032000.0,721,2025-06-19
C101791,Customer_101791,52,Female,Ahmedabad,Gujarat,Salaried,848000.0,801,2018-04-16
C101792,Customer_101792,55,Female,Noida,Uttar Pradesh,Salaried,1732000.0,798,2023-01-31
C101793,Customer_101793,34,Female,Chennai,Tamil Nadu,Business Owner,636000.0,731,2025-04-17
C101794,Customer_101794,26,Male,Hyderabad,Telangana,Professional,1227000.0,621,2017-07-31
C101795,Customer_101795,27,Female,Pune,Maharashtra,Salaried,1172000.0,640,2022-10-11
C101796,Customer_101796,58,Female,Bengaluru,Karnataka,Salaried,907000.0,724,2025-11-27
C101797,Customer_101797,41,Male,Lucknow,Uttar Pradesh,Business Owner,980000.0,747,2025-12-09
C101798,Customer_101798,44,Male,Bengaluru,Karnataka,Self-Employed,734000.0,641,2019-09-05
C101799,Customer_101799,64,Male,Pune,Maharashtra,Salaried,250000.0,763,2019-05-26
C101800,Customer_101800,23,Male,Kolkata,West Bengal,Salaried,990000.0,606,2019-02-28
C101801,Customer_101801,30,Female,Delhi,Delhi,Self-Employed,1021000.0,547,2022-07-23
C101802,Customer_101802,58,Male,Pune,Maharashtra,Business Owner,1084000.0,663,2025-05-12
C101803,Customer_101803,45,Female,Pune,Maharashtra,Business Owner,875000.0,809,2025-06-29
C101804,Customer_101804,22,Female,Hyderabad,Telangana,Salaried,1238000.0,819,2020-01-12
C101805,Customer_101805,52,Female,Mumbai,Maharashtra,Salaried,504000.0,616,2021-10-21
C101806,Customer_101806,27,Female,Delhi,Delhi,Business Owner,1437000.0,621,2023-09-24
C101807,Customer_101807,56,Female,Delhi,Delhi,Salaried,455000.0,769,2023-04-17
C101808,Customer_101808,56,Female,Pune,Maharashtra,Salaried,807000.0,691,2017-04-27
C101809,Customer_101809,58,Male,Mumbai,Maharashtra,Salaried,1122000.0,809,2025-04-01
C101810,Customer_101810,41,Female,Lucknow,Uttar Pradesh,Salaried,644000.0,768,2025-07-29
C101811,Customer_101811,33,Female,Bengaluru,Karnataka,Business Owner,1150000.0,780,2022-12-06
C101812,Customer_101812,60,Male,Ahmedabad,Gujarat,Salaried,713000.0,667,2020-10-23
C101813,Customer_101813,46,Female,Jaipur,Rajasthan,Business Owner,897000.0,749,2024-05-15
C101814,Customer_101814,49,Other,Pune,Maharashtra,Self-Employed,778000.0,850,2018-08-31
C101815,Customer_101815,27,Male,Noida,Uttar Pradesh,Salaried,619000.0,729,2019-01-24
C101816,Customer_101816,49,Female,Mumbai,Maharashtra,Professional,1750000.0,717,2026-02-19
C101817,Customer_101817,47,Female,Bengaluru,Karnataka,Salaried,514000.0,692,2020-04-04
C101818,Customer_101818,34,Male,Hyderabad,Telangana,Business Owner,250000.0,616,2023-11-28
C101819,Customer_101819,55,Male,Mumbai,Maharashtra,Salaried,529000.0,649,2020-09-25
C101820,Customer_101820,27,Male,Hyderabad,Telangana,Professional,903000.0,662,2024-05-21
C101821,Customer_101821,53,Female,Hyderabad,Telangana,Salaried,699000.0,613,2024-06-25
C101822,Customer_101822,64,Male,Gurugram,Haryana,Self-Employed,1257000.0,620,2021-08-30
C101823,Customer_101823,46,Female,Hyderabad,Telangana,Salaried,1243000.0,561,2020-07-16
C101824,Customer_101824,25,Female,Noida,Uttar Pradesh,Salaried,723000.0,669,2023-05-30
C101825,Customer_101825,45,Female,Gurugram,Haryana,Salaried,250000.0,764,2018-11-26
C101826,Customer_101826,44,Male,Noida,Uttar Pradesh,Salaried,337000.0,699,2019-09-16
C101827,Customer_101827,45,Male,Mumbai,Maharashtra,Salaried,837000.0,700,2017-06-17
C101828,Customer_101828,33,Male,Lucknow,Uttar Pradesh,Salaried,250000.0,770,2021-10-28
C101829,Customer_101829,49,Male,Ahmedabad,Gujarat,Self-Employed,703000.0,830,2022-12-25
C101830,Customer_101830,32,Male,Lucknow,Uttar Pradesh,Salaried,1419000.0,850,2020-07-18
C101831,Customer_101831,46,Male,Chennai,Tamil Nadu,Salaried,987000.0,729,2023-12-23
C101832,Customer_101832,47,Male,Lucknow,Uttar Pradesh,Professional,868000.0,702,2020-12-16
C101833,Customer_101833,50,Female,Ahmedabad,Gujarat,Self-Employed,434000.0,693,2018-12-12
C101834,Customer_101834,56,Male,Delhi,Delhi,Salaried,923000.0,758,2017-01-15
C101835,Customer_101835,60,Male,Chennai,Tamil Nadu,Salaried,747000.0,710,2024-12-06
C101836,Customer_101836,55,Female,Mumbai,Maharashtra,Salaried,945000.0,710,2024-07-19
C101837,Customer_101837,56,Female,Lucknow,Uttar Pradesh,Self-Employed,1141000.0,714,2021-03-10
C101838,Customer_101838,60,Female,Hyderabad,Telangana,Professional,1209000.0,659,2019-01-12
C101839,Customer_101839,31,Female,Bengaluru,Karnataka,Self-Employed,902000.0,568,2022-07-04
C101840,Customer_101840,34,Male,Kolkata,West Bengal,Professional,1055000.0,676,2021-05-30
C101841,Customer_101841,44,Female,Pune,Maharashtra,Self-Employed,645000.0,815,2020-04-11
C101842,Customer_101842,41,Female,Mumbai,Maharashtra,Professional,1303000.0,812,2023-02-19
C101843,Customer_101843,52,Female,Gurugram,Haryana,Self-Employed,495000.0,781,2019-02-18
C101844,Customer_101844,21,Female,Noida,Uttar Pradesh,Self-Employed,767000.0,688,2017-04-28
C101845,Customer_101845,27,Male,Jaipur,Rajasthan,Business Owner,1345000.0,669,2018-07-17
C101846,Customer_101846,54,Male,Ahmedabad,Gujarat,Business Owner,657000.0,826,2020-03-10
C101847,Customer_101847,57,Female,Chennai,Tamil Nadu,Salaried,314000.0,650,2024-09-14
C101848,Customer_101848,34,Female,Kolkata,West Bengal,Salaried,686000.0,723,2019-06-17
C101849,Customer_101849,34,Male,Kolkata,West Bengal,Salaried,1407000.0,830,2025-12-13
C101850,Customer_101850,46,Male,Mumbai,Maharashtra,Salaried,250000.0,728,2018-03-28
C101851,Customer_101851,42,Male,Delhi,Delhi,Professional,891000.0,701,2026-04-18
C101852,Customer_101852,28,Male,Hyderabad,Telangana,Self-Employed,596000.0,795,2024-07-28
C101853,Customer_101853,43,Male,Pune,Maharashtra,Salaried,783000.0,725,2017-08-20
C101854,Customer_101854,57,Female,Mumbai,Maharashtra,Salaried,711000.0,733,2022-01-16
C101855,Customer_101855,53,Male,Mumbai,Maharashtra,Salaried,1234000.0,818,2023-05-04
C101856,Customer_101856,57,Male,Noida,Uttar Pradesh,Business Owner,872000.0,555,2021-04-01
C101857,Customer_101857,49,Male,Chennai,Tamil Nadu,Professional,1254000.0,743,2026-02-19
C101858,Customer_101858,60,Female,Ahmedabad,Gujarat,Salaried,1364000.0,670,2018-03-27
C101859,Customer_101859,32,Female,Kolkata,West Bengal,Salaried,862000.0,707,2022-01-08
C101860,Customer_101860,23,Female,Jaipur,Rajasthan,Professional,706000.0,727,2021-10-14
C101861,Customer_101861,26,Female,Jaipur,Rajasthan,Self-Employed,1001000.0,676,2022-09-05
C101862,Customer_101862,65,Other,Hyderabad,Telangana,Professional,1078000.0,735,2019-06-29
C101863,Customer_101863,49,Female,Noida,Uttar Pradesh,Salaried,389000.0,745,2021-07-14
C101864,Customer_101864,32,Female,Chennai,Tamil Nadu,Salaried,944000.0,733,2018-03-07
C101865,Customer_101865,59,Male,Noida,Uttar Pradesh,Self-Employed,749000.0,727,2018-02-23
C101866,Customer_101866,34,Female,Chennai,Tamil Nadu,Salaried,682000.0,712,2021-11-27
C101867,Customer_101867,47,Male,Mumbai,Maharashtra,Business Owner,574000.0,714,2023-11-03
C101868,Customer_101868,32,Female,Gurugram,Haryana,Business Owner,600000.0,725,2023-05-08
C101869,Customer_101869,25,Male,Delhi,Delhi,Salaried,1352000.0,659,2025-11-27
C101870,Customer_101870,33,Male,Gurugram,Haryana,Salaried,704000.0,803,2017-07-13
C101871,Customer_101871,31,Male,Delhi,Delhi,Business Owner,1308000.0,714,2021-01-14
C101872,Customer_101872,45,Female,Bengaluru,Karnataka,Professional,902000.0,694,2017-07-11
C101873,Customer_101873,21,Female,Ahmedabad,Gujarat,Salaried,397000.0,746,2020-05-10
C101874,Customer_101874,31,Male,Lucknow,Uttar Pradesh,Business Owner,926000.0,713,2023-11-17
C101875,Customer_101875,46,Female,Chennai,Tamil Nadu,Salaried,375000.0,801,2022-07-16
C101876,Customer_101876,38,Male,Mumbai,Maharashtra,Professional,1093000.0,778,2018-12-04
C101877,Customer_101877,49,Female,Bengaluru,Karnataka,Self-Employed,767000.0,726,2017-08-25
C101878,Customer_101878,50,Male,Noida,Uttar Pradesh,Salaried,1192000.0,781,2018-06-07
C101879,Customer_101879,64,Male,Jaipur,Rajasthan,Business Owner,1423000.0,735,2020-12-07
C101880,Customer_101880,58,Female,Mumbai,Maharashtra,Self-Employed,250000.0,645,2025-12-16
C101881,Customer_101881,31,Female,Chennai,Tamil Nadu,Business Owner,666000.0,778,2020-08-19
C101882,Customer_101882,52,Female,Hyderabad,Telangana,Salaried,366000.0,596,2018-09-04
C101883,Customer_101883,49,Female,Bengaluru,Karnataka,Business Owner,1713000.0,500,2019-06-22
C101884,Customer_101884,47,Female,Noida,Uttar Pradesh,Business Owner,674000.0,765,2023-05-17
C101885,Customer_101885,56,Male,Ahmedabad,Gujarat,Salaried,324000.0,749,2019-08-03
C101886,Customer_101886,27,Male,Bengaluru,Karnataka,Salaried,1746000.0,744,2024-08-02
C101887,Customer_101887,37,Female,Ahmedabad,Gujarat,Professional,560000.0,810,2017-05-11
C101888,Customer_101888,57,Male,Chennai,Tamil Nadu,Self-Employed,250000.0,718,2020-01-23
C101889,Customer_101889,61,Female,Delhi,Delhi,Salaried,387000.0,695,2019-05-12
C101890,Customer_101890,22,Male,Pune,Maharashtra,Professional,907000.0,772,2021-04-24
C101891,Customer_101891,42,Male,Bengaluru,Karnataka,Salaried,868000.0,674,2020-09-09
C101892,Customer_101892,32,Male,Bengaluru,Karnataka,Business Owner,516000.0,705,2022-02-28
C101893,Customer_101893,28,Female,Noida,Uttar Pradesh,Salaried,656000.0,736,2020-01-24
C101894,Customer_101894,23,Female,Jaipur,Rajasthan,Salaried,871000.0,742,2018-11-13
C101895,Customer_101895,45,Male,Mumbai,Maharashtra,Professional,1380000.0,698,2022-12-30
C101896,Customer_101896,51,Male,Noida,Uttar Pradesh,Business Owner,983000.0,688,2019-10-04
C101897,Customer_101897,44,Male,Kolkata,West Bengal,Salaried,625000.0,647,2025-02-27
C101898,Customer_101898,37,Male,Noida,Uttar Pradesh,Professional,759000.0,669,2025-12-19
C101899,Customer_101899,55,Male,Jaipur,Rajasthan,Professional,1158000.0,838,2019-02-25
C101900,Customer_101900,50,Female,Chennai,Tamil Nadu,Business Owner,1522000.0,703,2019-07-20
C101901,Customer_101901,61,Male,Kolkata,West Bengal,Salaried,408000.0,732,2025-11-14
C101902,Customer_101902,36,Male,Kolkata,West Bengal,Salaried,1296000.0,623,2024-07-24
C101903,Customer_101903,31,Male,Jaipur,Rajasthan,Business Owner,725000.0,850,2021-03-02
C101904,Customer_101904,41,Male,Bengaluru,Karnataka,Professional,250000.0,664,2021-12-25
C101905,Customer_101905,43,Male,Hyderabad,Telangana,Salaried,250000.0,644,2019-04-05
C101906,Customer_101906,41,Female,Bengaluru,Karnataka,Salaried,1384000.0,716,2023-01-05
C101907,Customer_101907,58,Female,Hyderabad,Telangana,Salaried,1431000.0,662,2025-09-23
C101908,Customer_101908,23,Female,Mumbai,Maharashtra,Salaried,622000.0,744,2021-04-04
C101909,Customer_101909,44,Male,Delhi,Delhi,Self-Employed,765000.0,622,2021-01-16
C101910,Customer_101910,40,Female,Lucknow,Uttar Pradesh,Salaried,250000.0,794,2022-06-24
C101911,Customer_101911,30,Female,Delhi,Delhi,Self-Employed,1155000.0,781,2024-08-24
C101912,Customer_101912,49,Female,Noida,Uttar Pradesh,Self-Employed,839000.0,712,2022-01-11
C101913,Customer_101913,57,Female,Delhi,Delhi,Salaried,250000.0,612,2021-02-11
C101914,Customer_101914,45,Male,Gurugram,Haryana,Professional,932000.0,667,2021-06-27
C101915,Customer_101915,24,Other,Hyderabad,Telangana,Salaried,294000.0,724,2017-02-14
C101916,Customer_101916,24,Female,Kolkata,West Bengal,Salaried,1073000.0,641,2024-06-22
C101917,Customer_101917,39,Female,Hyderabad,Telangana,Salaried,417000.0,652,2020-04-28
C101918,Customer_101918,51,Female,Pune,Maharashtra,Salaried,985000.0,788,2025-03-12
C101919,Customer_101919,35,Other,Pune,Maharashtra,Salaried,589000.0,730,2020-06-15
C101920,Customer_101920,34,Male,Kolkata,West Bengal,Professional,250000.0,728,2019-05-19
C101921,Customer_101921,59,Female,Chennai,Tamil Nadu,Salaried,1248000.0,754,2025-03-28
C101922,Customer_101922,21,Female,Kolkata,West Bengal,Salaried,1270000.0,709,2018-04-07
C101923,Customer_101923,24,Female,Gurugram,Haryana,Business Owner,641000.0,716,2024-03-29
C101924,Customer_101924,28,Female,Pune,Maharashtra,Professional,960000.0,750,2024-07-21
C101925,Customer_101925,65,Male,Chennai,Tamil Nadu,Salaried,1025000.0,773,2019-01-25
C101926,Customer_101926,43,Male,Mumbai,Maharashtra,Salaried,1038000.0,752,2018-12-22
C101927,Customer_101927,28,Male,Chennai,Tamil Nadu,Salaried,1540000.0,815,2020-02-07
C101928,Customer_101928,34,Female,Mumbai,Maharashtra,Salaried,1017000.0,722,2025-01-24
C101929,Customer_101929,64,Female,Bengaluru,Karnataka,Salaried,707000.0,632,2020-03-16
C101930,Customer_101930,52,Female,Lucknow,Uttar Pradesh,Self-Employed,1021000.0,791,2017-12-15
C101931,Customer_101931,31,Female,Mumbai,Maharashtra,Salaried,678000.0,704,2020-10-09
C101932,Customer_101932,31,Female,Pune,Maharashtra,Salaried,424000.0,670,2017-11-06
C101933,Customer_101933,24,Male,Noida,Uttar Pradesh,Business Owner,1338000.0,766,2021-12-16
C101934,Customer_101934,55,Female,Lucknow,Uttar Pradesh,Salaried,1064000.0,744,2018-09-10
C101935,Customer_101935,27,Female,Mumbai,Maharashtra,Salaried,250000.0,637,2019-08-06
C101936,Customer_101936,33,Female,Mumbai,Maharashtra,Business Owner,577000.0,764,2017-02-10
C101937,Customer_101937,36,Female,Chennai,Tamil Nadu,Salaried,1153000.0,842,2017-03-11
C101938,Customer_101938,48,Other,Kolkata,West Bengal,Salaried,250000.0,741,2023-12-17
C101939,Customer_101939,48,Male,Lucknow,Uttar Pradesh,Salaried,549000.0,703,2025-08-05
C101940,Customer_101940,56,Female,Bengaluru,Karnataka,Self-Employed,1915000.0,611,2020-09-12
C101941,Customer_101941,34,Female,Mumbai,Maharashtra,Self-Employed,718000.0,850,2017-03-04
C101942,Customer_101942,38,Male,Hyderabad,Telangana,Salaried,1283000.0,686,2025-10-20
C101943,Customer_101943,38,Male,Noida,Uttar Pradesh,Salaried,1450000.0,628,2020-10-23
C101944,Customer_101944,23,Male,Delhi,Delhi,Salaried,487000.0,727,2020-05-27
C101945,Customer_101945,54,Male,Chennai,Tamil Nadu,Salaried,957000.0,786,2024-05-19
C101946,Customer_101946,45,Female,Mumbai,Maharashtra,Business Owner,1674000.0,800,2023-07-19
C101947,Customer_101947,42,Male,Mumbai,Maharashtra,Professional,1034000.0,676,2023-11-15
C101948,Customer_101948,65,Male,Lucknow,Uttar Pradesh,Salaried,1796000.0,714,2023-05-12
C101949,Customer_101949,29,Female,Delhi,Delhi,Salaried,595000.0,720,2017-03-06
C101950,Customer_101950,64,Male,Hyderabad,Telangana,Business Owner,1569000.0,783,2020-01-10
C101951,Customer_101951,51,Female,Noida,Uttar Pradesh,Salaried,857000.0,759,2023-04-21
C101952,Customer_101952,30,Male,Ahmedabad,Gujarat,Salaried,719000.0,738,2025-04-23
C101953,Customer_101953,51,Male,Delhi,Delhi,Professional,1106000.0,779,2022-11-22
C101954,Customer_101954,55,Other,Pune,Maharashtra,Salaried,805000.0,631,2020-09-14
C101955,Customer_101955,37,Female,Lucknow,Uttar Pradesh,Salaried,816000.0,747,2025-04-23
C101956,Customer_101956,36,Female,Chennai,Tamil Nadu,Salaried,1044000.0,734,2022-02-18
C101957,Customer_101957,58,Female,Kolkata,West Bengal,Self-Employed,250000.0,717,2018-03-24
C101958,Customer_101958,28,Male,Kolkata,West Bengal,Self-Employed,531000.0,704,2020-09-15
C101959,Customer_101959,21,Female,Ahmedabad,Gujarat,Salaried,1139000.0,729,2024-11-16
C101960,Customer_101960,50,Male,Bengaluru,Karnataka,Self-Employed,1247000.0,683,2021-01-20
C101961,Customer_101961,61,Male,Noida,Uttar Pradesh,Salaried,993000.0,850,2022-02-17
C101962,Customer_101962,43,Male,Lucknow,Uttar Pradesh,Professional,960000.0,808,2017-07-05
C101963,Customer_101963,27,Female,Mumbai,Maharashtra,Salaried,1011000.0,791,2023-02-16
C101964,Customer_101964,45,Male,Gurugram,Haryana,Salaried,1233000.0,686,2019-11-21
C101965,Customer_101965,32,Male,Gurugram,Haryana,Self-Employed,280000.0,658,2017-11-13
C101966,Customer_101966,58,Male,Jaipur,Rajasthan,Salaried,646000.0,706,2025-10-30
C101967,Customer_101967,48,Female,Chennai,Tamil Nadu,Self-Employed,820000.0,727,2020-10-23
C101968,Customer_101968,36,Male,Pune,Maharashtra,Salaried,928000.0,626,2024-09-27
C101969,Customer_101969,49,Female,Noida,Uttar Pradesh,Salaried,250000.0,751,2023-07-12
C101970,Customer_101970,51,Male,Mumbai,Maharashtra,Salaried,347000.0,790,2025-03-12
C101971,Customer_101971,51,Female,Gurugram,Haryana,Salaried,843000.0,575,2021-01-11
C101972,Customer_101972,37,Male,Lucknow,Uttar Pradesh,Salaried,1255000.0,661,2023-08-21
C101973,Customer_101973,46,Female,Jaipur,Rajasthan,Salaried,682000.0,800,2025-09-23
C101974,Customer_101974,22,Male,Chennai,Tamil Nadu,Salaried,583000.0,744,2023-01-31
C101975,Customer_101975,39,Male,Kolkata,West Bengal,Business Owner,1061000.0,664,2023-03-02
C101976,Customer_101976,38,Male,Delhi,Delhi,Self-Employed,719000.0,768,2025-05-14
C101977,Customer_101977,45,Male,Lucknow,Uttar Pradesh,Salaried,1202000.0,681,2020-04-19
C101978,Customer_101978,63,Male,Chennai,Tamil Nadu,Salaried,761000.0,705,2022-01-03
C101979,Customer_101979,63,Male,Delhi,Delhi,Salaried,404000.0,646,2023-10-19
C101980,Customer_101980,42,Female,Gurugram,Haryana,Salaried,1418000.0,721,2025-07-12
C101981,Customer_101981,50,Female,Ahmedabad,Gujarat,Salaried,1345000.0,786,2024-06-03
C101982,Customer_101982,25,Male,Ahmedabad,Gujarat,Salaried,468000.0,689,2020-11-12
C101983,Customer_101983,42,Male,Delhi,Delhi,Professional,1008000.0,762,2024-05-01
C101984,Customer_101984,51,Male,Gurugram,Haryana,Business Owner,719000.0,717,2022-07-25
C101985,Customer_101985,51,Male,Ahmedabad,Gujarat,Salaried,1098000.0,790,2021-03-31
C101986,Customer_101986,64,Male,Gurugram,Haryana,Salaried,500000.0,690,2021-05-23
C101987,Customer_101987,41,Male,Gurugram,Haryana,Salaried,1199000.0,821,2024-01-26
C101988,Customer_101988,61,Male,Bengaluru,Karnataka,Salaried,1328000.0,764,2017-03-06
C101989,Customer_101989,65,Female,Bengaluru,Karnataka,Salaried,471000.0,736,2025-11-03
C101990,Customer_101990,46,Female,Lucknow,Uttar Pradesh,Salaried,877000.0,738,2018-11-08
C101991,Customer_101991,25,Female,Kolkata,West Bengal,Salaried,1336000.0,690,2023-06-21
C101992,Customer_101992,37,Male,Pune,Maharashtra,Salaried,449000.0,686,2025-08-21
C101993,Customer_101993,55,Female,Hyderabad,Telangana,Self-Employed,582000.0,737,2018-12-11
C101994,Customer_101994,47,Male,Ahmedabad,Gujarat,Salaried,1115000.0,642,2022-07-27
C101995,Customer_101995,63,Male,Gurugram,Haryana,Professional,786000.0,681,2021-12-31
C101996,Customer_101996,57,Female,Delhi,Delhi,Salaried,250000.0,659,2017-06-08
C101997,Customer_101997,23,Male,Kolkata,West Bengal,Salaried,722000.0,757,2023-01-06
C101998,Customer_101998,59,Male,Lucknow,Uttar Pradesh,Salaried,1549000.0,758,2026-01-02
C101999,Customer_101999,37,Female,Hyderabad,Telangana,Salaried,1675000.0,802,2025-04-23
C102000,Customer_102000,57,Female,Hyderabad,Telangana,Salaried,595000.0,698,2025-08-22
C102001,Customer_102001,43,Female,Noida,Uttar Pradesh,Salaried,485000.0,667,2021-07-19
C102002,Customer_102002,41,Male,Delhi,Delhi,Salaried,667000.0,624,2023-08-18
C102003,Customer_102003,24,Male,Chennai,Tamil Nadu,Salaried,1571000.0,738,2019-03-18
C102004,Customer_102004,26,Other,Pune,Maharashtra,Salaried,1187000.0,811,2019-08-21
C102005,Customer_102005,47,Male,Gurugram,Haryana,Self-Employed,1436000.0,715,2025-09-01
C102006,Customer_102006,46,Male,Mumbai,Maharashtra,Self-Employed,1249000.0,722,2019-09-30
C102007,Customer_102007,45,Male,Pune,Maharashtra,Self-Employed,322000.0,720,2023-09-23
C102008,Customer_102008,28,Female,Mumbai,Maharashtra,Professional,470000.0,737,2025-01-20
C102009,Customer_102009,43,Female,Gurugram,Haryana,Salaried,572000.0,785,2022-11-10
C102010,Customer_102010,23,Male,Ahmedabad,Gujarat,Professional,641000.0,845,2017-07-26
C102011,Customer_102011,27,Female,Pune,Maharashtra,Salaried,579000.0,752,2025-11-07
C102012,Customer_102012,43,Male,Chennai,Tamil Nadu,Salaried,625000.0,757,2019-03-19
C102013,Customer_102013,48,Female,Mumbai,Maharashtra,Self-Employed,1106000.0,704,2026-03-24
C102014,Customer_102014,50,Male,Lucknow,Uttar Pradesh,Salaried,904000.0,713,2018-07-20
C102015,Customer_102015,65,Male,Ahmedabad,Gujarat,Salaried,1338000.0,712,2020-03-22
C102016,Customer_102016,59,Male,Hyderabad,Telangana,Salaried,951000.0,696,2023-09-02
C102017,Customer_102017,38,Other,Chennai,Tamil Nadu,Salaried,579000.0,728,2017-06-30
C102018,Customer_102018,56,Female,Jaipur,Rajasthan,Salaried,925000.0,761,2020-07-21
C102019,Customer_102019,25,Female,Jaipur,Rajasthan,Business Owner,250000.0,724,2025-05-22
C102020,Customer_102020,59,Male,Pune,Maharashtra,Salaried,250000.0,702,2025-07-12
C102021,Customer_102021,38,Male,Hyderabad,Telangana,Salaried,1107000.0,728,2022-01-18
C102022,Customer_102022,55,Male,Ahmedabad,Gujarat,Salaried,1257000.0,658,2024-06-22
C102023,Customer_102023,64,Male,Ahmedabad,Gujarat,Professional,879000.0,772,2024-05-22
C102024,Customer_102024,52,Male,Ahmedabad,Gujarat,Professional,693000.0,693,2026-03-02
C102025,Customer_102025,62,Female,Delhi,Delhi,Self-Employed,313000.0,645,2021-01-10
C102026,Customer_102026,21,Female,Pune,Maharashtra,Salaried,1317000.0,750,2019-10-14
C102027,Customer_102027,28,Female,Ahmedabad,Gujarat,Salaried,1047000.0,753,2025-03-03
C102028,Customer_102028,49,Male,Lucknow,Uttar Pradesh,Salaried,966000.0,664,2021-06-03
C102029,Customer_102029,45,Male,Kolkata,West Bengal,Business Owner,848000.0,761,2022-07-31
C102030,Customer_102030,26,Female,Chennai,Tamil Nadu,Salaried,662000.0,761,2023-02-22
C102031,Customer_102031,53,Male,Kolkata,West Bengal,Business Owner,405000.0,848,2024-06-16
C102032,Customer_102032,23,Female,Bengaluru,Karnataka,Salaried,951000.0,705,2026-01-28
C102033,Customer_102033,65,Female,Mumbai,Maharashtra,Professional,635000.0,716,2020-06-08
C102034,Customer_102034,28,Male,Jaipur,Rajasthan,Salaried,680000.0,681,2020-03-17
C102035,Customer_102035,41,Male,Lucknow,Uttar Pradesh,Salaried,1537000.0,752,2025-03-10
C102036,Customer_102036,58,Female,Noida,Uttar Pradesh,Salaried,831000.0,720,2020-01-17
C102037,Customer_102037,44,Male,Ahmedabad,Gujarat,Self-Employed,250000.0,784,2023-01-19
C102038,Customer_102038,54,Female,Delhi,Delhi,Professional,636000.0,692,2022-11-01
C102039,Customer_102039,52,Female,Lucknow,Uttar Pradesh,Salaried,449000.0,751,2021-01-31
C102040,Customer_102040,63,Female,Pune,Maharashtra,Professional,794000.0,705,2023-03-12
C102041,Customer_102041,41,Male,Hyderabad,Telangana,Salaried,280000.0,600,2023-09-16
C102042,Customer_102042,65,Female,Noida,Uttar Pradesh,Salaried,1023000.0,761,2018-10-05
C102043,Customer_102043,44,Female,Jaipur,Rajasthan,Salaried,732000.0,606,2018-09-28
C102044,Customer_102044,61,Male,Jaipur,Rajasthan,Salaried,660000.0,710,2021-03-26
C102045,Customer_102045,53,Male,Hyderabad,Telangana,Business Owner,910000.0,711,2025-01-06
C102046,Customer_102046,26,Female,Lucknow,Uttar Pradesh,Salaried,819000.0,719,2020-07-07
C102047,Customer_102047,49,Female,Pune,Maharashtra,Salaried,796000.0,723,2021-05-12
C102048,Customer_102048,60,Male,Kolkata,West Bengal,Salaried,760000.0,722,2020-12-02
C102049,Customer_102049,26,Female,Gurugram,Haryana,Business Owner,842000.0,744,2024-05-10
C102050,Customer_102050,58,Female,Ahmedabad,Gujarat,Professional,987000.0,713,2018-04-23
C102051,Customer_102051,25,Male,Bengaluru,Karnataka,Business Owner,937000.0,850,2022-08-16
C102052,Customer_102052,60,Male,Hyderabad,Telangana,Salaried,1301000.0,698,2023-01-13
C102053,Customer_102053,56,Male,Chennai,Tamil Nadu,Salaried,631000.0,641,2018-11-29
C102054,Customer_102054,27,Male,Lucknow,Uttar Pradesh,Salaried,945000.0,628,2018-09-30
C102055,Customer_102055,53,Female,Jaipur,Rajasthan,Professional,1828000.0,763,2023-07-30
C102056,Customer_102056,26,Female,Chennai,Tamil Nadu,Salaried,834000.0,617,2017-03-28
C102057,Customer_102057,46,Male,Jaipur,Rajasthan,Professional,849000.0,641,2019-01-01
C102058,Customer_102058,62,Female,Jaipur,Rajasthan,Business Owner,345000.0,632,2021-08-14
C102059,Customer_102059,30,Male,Chennai,Tamil Nadu,Self-Employed,565000.0,750,2017-01-12
C102060,Customer_102060,28,Male,Chennai,Tamil Nadu,Business Owner,807000.0,806,2017-05-12
C102061,Customer_102061,40,Male,Noida,Uttar Pradesh,Salaried,1063000.0,659,2022-11-14
C102062,Customer_102062,37,Female,Kolkata,West Bengal,Salaried,1110000.0,747,2023-03-15
C102063,Customer_102063,23,Female,Mumbai,Maharashtra,Salaried,981000.0,549,2025-11-20
C102064,Customer_102064,41,Female,Jaipur,Rajasthan,Salaried,1172000.0,672,2022-07-14
C102065,Customer_102065,32,Male,Ahmedabad,Gujarat,Business Owner,450000.0,759,2018-01-23
C102066,Customer_102066,26,Male,Kolkata,West Bengal,Salaried,1046000.0,700,2022-04-11
C102067,Customer_102067,33,Male,Jaipur,Rajasthan,Professional,855000.0,785,2017-03-26
C102068,Customer_102068,21,Female,Noida,Uttar Pradesh,Professional,900000.0,575,2017-11-20
C102069,Customer_102069,62,Male,Hyderabad,Telangana,Salaried,705000.0,672,2019-01-07
C102070,Customer_102070,65,Female,Pune,Maharashtra,Salaried,469000.0,749,2018-02-26
C102071,Customer_102071,37,Female,Bengaluru,Karnataka,Salaried,364000.0,749,2026-01-25
C102072,Customer_102072,60,Male,Ahmedabad,Gujarat,Salaried,978000.0,754,2023-03-13
C102073,Customer_102073,41,Male,Chennai,Tamil Nadu,Self-Employed,1049000.0,733,2022-06-14
C102074,Customer_102074,62,Male,Chennai,Tamil Nadu,Business Owner,798000.0,646,2017-04-20
C102075,Customer_102075,28,Female,Jaipur,Rajasthan,Self-Employed,844000.0,669,2018-04-20
C102076,Customer_102076,33,Other,Chennai,Tamil Nadu,Salaried,562000.0,850,2018-01-30
C102077,Customer_102077,54,Male,Pune,Maharashtra,Business Owner,1051000.0,638,2022-10-19
C102078,Customer_102078,30,Other,Pune,Maharashtra,Self-Employed,874000.0,628,2024-02-10
C102079,Customer_102079,58,Male,Hyderabad,Telangana,Professional,704000.0,764,2022-09-08
C102080,Customer_102080,40,Male,Mumbai,Maharashtra,Business Owner,1196000.0,651,2018-07-22
C102081,Customer_102081,39,Female,Gurugram,Haryana,Self-Employed,1108000.0,836,2019-06-09
C102082,Customer_102082,41,Female,Mumbai,Maharashtra,Salaried,250000.0,850,2021-08-13
C102083,Customer_102083,56,Male,Hyderabad,Telangana,Business Owner,870000.0,704,2021-02-09
C102084,Customer_102084,21,Female,Jaipur,Rajasthan,Salaried,467000.0,740,2017-12-01
C102085,Customer_102085,54,Female,Mumbai,Maharashtra,Salaried,906000.0,601,2021-01-01
C102086,Customer_102086,56,Female,Ahmedabad,Gujarat,Salaried,250000.0,787,2019-03-11
C102087,Customer_102087,57,Female,Jaipur,Rajasthan,Salaried,929000.0,574,2018-10-26
C102088,Customer_102088,65,Male,Ahmedabad,Gujarat,Salaried,1135000.0,633,2025-03-09
C102089,Customer_102089,56,Male,Hyderabad,Telangana,Salaried,806000.0,728,2018-02-25
C102090,Customer_102090,44,Female,Delhi,Delhi,Business Owner,384000.0,756,2024-01-05
C102091,Customer_102091,41,Male,Noida,Uttar Pradesh,Self-Employed,1633000.0,624,2017-06-27
C102092,Customer_102092,38,Male,Hyderabad,Telangana,Professional,1312000.0,685,2018-10-03
C102093,Customer_102093,58,Male,Gurugram,Haryana,Business Owner,638000.0,612,2025-03-29
C102094,Customer_102094,38,Male,Bengaluru,Karnataka,Salaried,746000.0,699,2018-12-31
C102095,Customer_102095,46,Male,Mumbai,Maharashtra,Business Owner,250000.0,668,2017-07-21
C102096,Customer_102096,25,Male,Gurugram,Haryana,Self-Employed,1039000.0,679,2021-05-30
C102097,Customer_102097,35,Male,Lucknow,Uttar Pradesh,Salaried,302000.0,762,2019-04-12
C102098,Customer_102098,32,Male,Noida,Uttar Pradesh,Professional,1117000.0,738,2022-11-20
C102099,Customer_102099,40,Female,Gurugram,Haryana,Professional,1260000.0,756,2022-03-04
C102100,Customer_102100,43,Female,Bengaluru,Karnataka,Salaried,822000.0,712,2022-06-03
C102101,Customer_102101,53,Male,Noida,Uttar Pradesh,Business Owner,424000.0,767,2017-05-18
C102102,Customer_102102,40,Male,Jaipur,Rajasthan,Salaried,1350000.0,718,2019-08-26
C102103,Customer_102103,27,Male,Bengaluru,Karnataka,Professional,851000.0,688,2017-05-14
C102104,Customer_102104,45,Female,Mumbai,Maharashtra,Self-Employed,887000.0,757,2025-10-24
C102105,Customer_102105,23,Female,Noida,Uttar Pradesh,Salaried,477000.0,692,2017-11-16
C102106,Customer_102106,59,Female,Hyderabad,Telangana,Business Owner,927000.0,699,2024-10-10
C102107,Customer_102107,55,Female,Gurugram,Haryana,Salaried,769000.0,789,2025-02-17
C102108,Customer_102108,31,Male,Mumbai,Maharashtra,Salaried,319000.0,783,2023-01-25
C102109,Customer_102109,32,Male,Hyderabad,Telangana,Business Owner,1386000.0,701,2024-07-12
C102110,Customer_102110,22,Male,Hyderabad,Telangana,Business Owner,1554000.0,777,2025-06-15
C102111,Customer_102111,37,Male,Hyderabad,Telangana,Salaried,1257000.0,637,2025-05-14
C102112,Customer_102112,22,Male,Jaipur,Rajasthan,Business Owner,1198000.0,701,2019-09-27
C102113,Customer_102113,63,Female,Noida,Uttar Pradesh,Salaried,1556000.0,671,2024-02-15
C102114,Customer_102114,27,Male,Noida,Uttar Pradesh,Salaried,431000.0,720,2019-10-17
C102115,Customer_102115,50,Female,Jaipur,Rajasthan,Self-Employed,426000.0,768,2018-03-16
C102116,Customer_102116,46,Male,Bengaluru,Karnataka,Salaried,684000.0,756,2019-11-17
C102117,Customer_102117,31,Male,Lucknow,Uttar Pradesh,Salaried,969000.0,747,2025-10-14
C102118,Customer_102118,57,Female,Kolkata,West Bengal,Professional,733000.0,729,2018-06-30
C102119,Customer_102119,25,Male,Kolkata,West Bengal,Business Owner,442000.0,710,2022-06-04
C102120,Customer_102120,60,Male,Jaipur,Rajasthan,Self-Employed,852000.0,798,2018-04-21
C102121,Customer_102121,54,Male,Gurugram,Haryana,Self-Employed,812000.0,619,2021-05-26
C102122,Customer_102122,49,Female,Lucknow,Uttar Pradesh,Professional,1187000.0,677,2025-06-19
C102123,Customer_102123,60,Male,Kolkata,West Bengal,Professional,868000.0,747,2025-11-07
C102124,Customer_102124,39,Female,Ahmedabad,Gujarat,Salaried,250000.0,819,2024-12-26
C102125,Customer_102125,33,Other,Jaipur,Rajasthan,Salaried,1004000.0,698,2024-10-11
C102126,Customer_102126,27,Female,Hyderabad,Telangana,Salaried,1483000.0,703,2022-02-10
C102127,Customer_102127,62,Male,Hyderabad,Telangana,Salaried,862000.0,636,2017-05-01
C102128,Customer_102128,39,Female,Ahmedabad,Gujarat,Salaried,1245000.0,685,2023-02-25
C102129,Customer_102129,58,Male,Delhi,Delhi,Self-Employed,648000.0,766,2021-03-05
C102130,Customer_102130,35,Female,Hyderabad,Telangana,Business Owner,1076000.0,823,2019-03-22
C102131,Customer_102131,63,Female,Jaipur,Rajasthan,Professional,552000.0,701,2023-07-22
C102132,Customer_102132,60,Male,Lucknow,Uttar Pradesh,Salaried,751000.0,668,2017-03-19
C102133,Customer_102133,34,Male,Kolkata,West Bengal,Salaried,755000.0,725,2018-06-05
C102134,Customer_102134,42,Female,Chennai,Tamil Nadu,Salaried,1041000.0,615,2021-02-10
C102135,Customer_102135,56,Female,Pune,Maharashtra,Salaried,520000.0,800,2018-09-14
C102136,Customer_102136,31,Female,Jaipur,Rajasthan,Salaried,264000.0,640,2023-03-27
C102137,Customer_102137,22,Male,Kolkata,West Bengal,Professional,1038000.0,740,2024-06-10
C102138,Customer_102138,33,Female,Delhi,Delhi,Salaried,1023000.0,739,2023-05-01
C102139,Customer_102139,47,Female,Kolkata,West Bengal,Business Owner,895000.0,761,2018-03-11
C102140,Customer_102140,27,Female,Chennai,Tamil Nadu,Salaried,1223000.0,737,2022-08-17
C102141,Customer_102141,36,Male,Jaipur,Rajasthan,Salaried,769000.0,720,2025-09-25
C102142,Customer_102142,62,Female,Noida,Uttar Pradesh,Professional,963000.0,748,2025-08-13
C102143,Customer_102143,24,Female,Lucknow,Uttar Pradesh,Professional,710000.0,774,2018-07-09
C102144,Customer_102144,23,Male,Ahmedabad,Gujarat,Salaried,747000.0,837,2018-12-13
C102145,Customer_102145,40,Male,Chennai,Tamil Nadu,Professional,986000.0,648,2018-08-21
C102146,Customer_102146,21,Male,Pune,Maharashtra,Salaried,1757000.0,600,2019-06-16
C102147,Customer_102147,22,Male,Bengaluru,Karnataka,Business Owner,1147000.0,619,2025-06-12
C102148,Customer_102148,29,Female,Lucknow,Uttar Pradesh,Salaried,1069000.0,602,2017-09-28
C102149,Customer_102149,25,Male,Noida,Uttar Pradesh,Salaried,1159000.0,642,2022-03-16
C102150,Customer_102150,57,Female,Noida,Uttar Pradesh,Self-Employed,250000.0,634,2025-09-19
C102151,Customer_102151,26,Male,Hyderabad,Telangana,Business Owner,978000.0,693,2024-09-06
C102152,Customer_102152,44,Female,Hyderabad,Telangana,Business Owner,1214000.0,776,2021-03-26
C102153,Customer_102153,52,Female,Noida,Uttar Pradesh,Salaried,884000.0,761,2021-12-25
C102154,Customer_102154,49,Female,Kolkata,West Bengal,Professional,833000.0,680,2020-09-27
C102155,Customer_102155,50,Female,Jaipur,Rajasthan,Salaried,474000.0,685,2023-03-19
C102156,Customer_102156,37,Male,Pune,Maharashtra,Salaried,677000.0,850,2026-03-06
C102157,Customer_102157,60,Female,Pune,Maharashtra,Salaried,517000.0,759,2022-06-05
C102158,Customer_102158,24,Female,Ahmedabad,Gujarat,Salaried,1250000.0,731,2020-12-25
C102159,Customer_102159,25,Male,Gurugram,Haryana,Salaried,1451000.0,728,2025-05-26
C102160,Customer_102160,59,Other,Chennai,Tamil Nadu,Self-Employed,1624000.0,701,2020-02-13
C102161,Customer_102161,24,Male,Gurugram,Haryana,Salaried,510000.0,850,2017-08-05
C102162,Customer_102162,29,Female,Bengaluru,Karnataka,Self-Employed,583000.0,708,2018-12-11
C102163,Customer_102163,28,Male,Chennai,Tamil Nadu,Salaried,550000.0,730,2023-02-01
C102164,Customer_102164,22,Female,Noida,Uttar Pradesh,Self-Employed,443000.0,613,2021-02-04
C102165,Customer_102165,26,Male,Lucknow,Uttar Pradesh,Salaried,449000.0,679,2025-04-25
C102166,Customer_102166,46,Male,Lucknow,Uttar Pradesh,Salaried,644000.0,684,2023-05-21
C102167,Customer_102167,50,Male,Hyderabad,Telangana,Self-Employed,1200000.0,752,2022-05-07
C102168,Customer_102168,24,Other,Noida,Uttar Pradesh,Professional,563000.0,670,2025-07-05
C102169,Customer_102169,63,Male,Lucknow,Uttar Pradesh,Professional,1271000.0,723,2023-12-06
C102170,Customer_102170,25,Female,Lucknow,Uttar Pradesh,Salaried,1397000.0,681,2018-10-13
C102171,Customer_102171,51,Female,Delhi,Delhi,Professional,964000.0,648,2023-08-09
C102172,Customer_102172,57,Female,Jaipur,Rajasthan,Self-Employed,1342000.0,646,2023-06-12
C102173,Customer_102173,44,Male,Lucknow,Uttar Pradesh,Professional,305000.0,709,2025-09-20
C102174,Customer_102174,43,Female,Gurugram,Haryana,Salaried,627000.0,727,2017-01-23
C102175,Customer_102175,25,Female,Bengaluru,Karnataka,Salaried,926000.0,707,2018-07-06
C102176,Customer_102176,31,Male,Gurugram,Haryana,Salaried,939000.0,666,2024-06-16
C102177,Customer_102177,59,Male,Mumbai,Maharashtra,Business Owner,1422000.0,711,2025-12-17
C102178,Customer_102178,36,Female,Pune,Maharashtra,Salaried,450000.0,699,2019-08-11
C102179,Customer_102179,22,Male,Ahmedabad,Gujarat,Salaried,635000.0,652,2025-12-07
C102180,Customer_102180,53,Male,Pune,Maharashtra,Self-Employed,816000.0,725,2017-05-14
C102181,Customer_102181,51,Male,Jaipur,Rajasthan,Professional,643000.0,838,2023-07-17
C102182,Customer_102182,23,Female,Bengaluru,Karnataka,Self-Employed,433000.0,710,2020-09-02
C102183,Customer_102183,23,Female,Ahmedabad,Gujarat,Business Owner,659000.0,625,2022-12-18
C102184,Customer_102184,26,Female,Ahmedabad,Gujarat,Salaried,752000.0,815,2025-04-23
C102185,Customer_102185,23,Female,Ahmedabad,Gujarat,Professional,1429000.0,802,2022-04-24
C102186,Customer_102186,48,Male,Hyderabad,Telangana,Salaried,442000.0,813,2019-03-03
C102187,Customer_102187,26,Male,Hyderabad,Telangana,Salaried,1176000.0,717,2025-11-16
C102188,Customer_102188,48,Male,Hyderabad,Telangana,Salaried,1359000.0,669,2019-09-04
C102189,Customer_102189,28,Male,Pune,Maharashtra,Salaried,645000.0,662,2021-09-02
C102190,Customer_102190,64,Male,Ahmedabad,Gujarat,Self-Employed,954000.0,794,2018-07-25
C102191,Customer_102191,53,Female,Chennai,Tamil Nadu,Self-Employed,1080000.0,824,2025-02-23
C102192,Customer_102192,37,Male,Chennai,Tamil Nadu,Salaried,1014000.0,660,2026-02-20
C102193,Customer_102193,40,Male,Hyderabad,Telangana,Salaried,883000.0,556,2020-07-24
C102194,Customer_102194,23,Male,Bengaluru,Karnataka,Salaried,578000.0,719,2021-01-11
C102195,Customer_102195,23,Male,Ahmedabad,Gujarat,Salaried,1115000.0,661,2021-04-29
C102196,Customer_102196,45,Male,Gurugram,Haryana,Professional,700000.0,674,2025-10-28
C102197,Customer_102197,22,Male,Hyderabad,Telangana,Self-Employed,861000.0,705,2022-09-09
C102198,Customer_102198,49,Male,Noida,Uttar Pradesh,Salaried,920000.0,747,2017-11-09
C102199,Customer_102199,38,Female,Kolkata,West Bengal,Salaried,1192000.0,669,2024-01-09
C102200,Customer_102200,27,Female,Bengaluru,Karnataka,Business Owner,1621000.0,729,2021-03-06
C102201,Customer_102201,45,Female,Chennai,Tamil Nadu,Business Owner,555000.0,712,2017-08-18
C102202,Customer_102202,45,Female,Delhi,Delhi,Professional,871000.0,570,2021-06-01
C102203,Customer_102203,54,Female,Delhi,Delhi,Salaried,256000.0,755,2017-08-06
C102204,Customer_102204,29,Female,Chennai,Tamil Nadu,Salaried,1443000.0,691,2019-05-21
C102205,Customer_102205,45,Female,Pune,Maharashtra,Salaried,868000.0,638,2023-11-14
C102206,Customer_102206,59,Female,Gurugram,Haryana,Business Owner,730000.0,673,2021-08-18
C102207,Customer_102207,33,Male,Mumbai,Maharashtra,Salaried,871000.0,733,2021-01-23
C102208,Customer_102208,58,Male,Noida,Uttar Pradesh,Self-Employed,891000.0,723,2020-04-06
C102209,Customer_102209,53,Male,Bengaluru,Karnataka,Salaried,557000.0,762,2025-03-10
C102210,Customer_102210,40,Male,Mumbai,Maharashtra,Business Owner,1325000.0,748,2019-04-19
C102211,Customer_102211,60,Female,Jaipur,Rajasthan,Salaried,1108000.0,644,2025-10-12
C102212,Customer_102212,64,Male,Gurugram,Haryana,Business Owner,1164000.0,528,2020-05-27
C102213,Customer_102213,31,Female,Ahmedabad,Gujarat,Salaried,578000.0,728,2020-08-23
C102214,Customer_102214,65,Female,Mumbai,Maharashtra,Business Owner,556000.0,761,2022-11-30
C102215,Customer_102215,21,Male,Mumbai,Maharashtra,Salaried,805000.0,707,2024-02-16
C102216,Customer_102216,26,Male,Chennai,Tamil Nadu,Self-Employed,1170000.0,763,2021-05-11
C102217,Customer_102217,22,Male,Pune,Maharashtra,Business Owner,1051000.0,655,2022-12-06
C102218,Customer_102218,37,Male,Lucknow,Uttar Pradesh,Salaried,539000.0,698,2020-10-23
C102219,Customer_102219,63,Other,Hyderabad,Telangana,Salaried,1117000.0,660,2024-03-23
C102220,Customer_102220,48,Female,Bengaluru,Karnataka,Salaried,461000.0,765,2024-12-12
C102221,Customer_102221,48,Female,Lucknow,Uttar Pradesh,Salaried,585000.0,661,2025-01-21
C102222,Customer_102222,24,Female,Mumbai,Maharashtra,Self-Employed,913000.0,850,2023-01-02
C102223,Customer_102223,44,Female,Delhi,Delhi,Salaried,381000.0,687,2019-08-06
C102224,Customer_102224,38,Female,Pune,Maharashtra,Salaried,465000.0,772,2022-12-06
C102225,Customer_102225,42,Male,Chennai,Tamil Nadu,Salaried,1471000.0,688,2022-10-23
C102226,Customer_102226,32,Male,Ahmedabad,Gujarat,Salaried,1397000.0,807,2019-01-26
C102227,Customer_102227,30,Male,Noida,Uttar Pradesh,Salaried,1766000.0,804,2024-12-14
C102228,Customer_102228,63,Male,Lucknow,Uttar Pradesh,Self-Employed,1030000.0,699,2023-12-26
C102229,Customer_102229,46,Female,Hyderabad,Telangana,Salaried,1108000.0,738,2021-02-12
C102230,Customer_102230,39,Female,Lucknow,Uttar Pradesh,Professional,788000.0,803,2017-05-06
C102231,Customer_102231,24,Male,Ahmedabad,Gujarat,Business Owner,710000.0,740,2023-09-18
C102232,Customer_102232,55,Female,Delhi,Delhi,Salaried,1199000.0,660,2018-12-28
C102233,Customer_102233,42,Male,Lucknow,Uttar Pradesh,Professional,1395000.0,725,2023-12-25
C102234,Customer_102234,38,Male,Mumbai,Maharashtra,Self-Employed,1165000.0,671,2020-11-04
C102235,Customer_102235,51,Female,Ahmedabad,Gujarat,Self-Employed,514000.0,730,2023-08-28
C102236,Customer_102236,26,Female,Gurugram,Haryana,Salaried,1007000.0,669,2025-04-12
C102237,Customer_102237,44,Female,Bengaluru,Karnataka,Self-Employed,542000.0,744,2017-11-04
C102238,Customer_102238,59,Male,Hyderabad,Telangana,Salaried,720000.0,604,2017-04-06
C102239,Customer_102239,41,Female,Pune,Maharashtra,Salaried,1504000.0,647,2023-04-14
C102240,Customer_102240,21,Female,Noida,Uttar Pradesh,Salaried,370000.0,668,2021-02-21
C102241,Customer_102241,31,Female,Bengaluru,Karnataka,Salaried,1717000.0,710,2023-07-03
C102242,Customer_102242,23,Male,Ahmedabad,Gujarat,Self-Employed,1070000.0,622,2018-02-12
C102243,Customer_102243,43,Female,Pune,Maharashtra,Salaried,664000.0,663,2025-02-02
C102244,Customer_102244,37,Female,Mumbai,Maharashtra,Salaried,877000.0,771,2019-02-22
C102245,Customer_102245,26,Female,Jaipur,Rajasthan,Business Owner,576000.0,778,2018-03-29
C102246,Customer_102246,51,Female,Gurugram,Haryana,Salaried,631000.0,555,2020-10-10
C102247,Customer_102247,28,Female,Kolkata,West Bengal,Salaried,879000.0,682,2024-08-14
C102248,Customer_102248,36,Female,Bengaluru,Karnataka,Salaried,718000.0,803,2017-12-01
C102249,Customer_102249,65,Female,Mumbai,Maharashtra,Professional,477000.0,745,2021-08-29
C102250,Customer_102250,23,Male,Pune,Maharashtra,Self-Employed,761000.0,746,2024-09-21
C102251,Customer_102251,32,Male,Kolkata,West Bengal,Self-Employed,324000.0,757,2021-10-24
C102252,Customer_102252,35,Male,Kolkata,West Bengal,Business Owner,341000.0,658,2017-10-09
C102253,Customer_102253,43,Female,Bengaluru,Karnataka,Self-Employed,337000.0,734,2018-11-16
C102254,Customer_102254,32,Male,Kolkata,West Bengal,Business Owner,1519000.0,751,2022-06-14
C102255,Customer_102255,64,Male,Hyderabad,Telangana,Self-Employed,1012000.0,727,2023-01-18
C102256,Customer_102256,21,Female,Jaipur,Rajasthan,Professional,1088000.0,694,2018-07-10
C102257,Customer_102257,63,Female,Gurugram,Haryana,Self-Employed,855000.0,717,2020-08-20
C102258,Customer_102258,45,Male,Ahmedabad,Gujarat,Salaried,1053000.0,646,2017-12-29
C102259,Customer_102259,22,Male,Delhi,Delhi,Salaried,1320000.0,760,2022-05-06
C102260,Customer_102260,26,Female,Lucknow,Uttar Pradesh,Salaried,1013000.0,627,2021-04-23
C102261,Customer_102261,25,Male,Delhi,Delhi,Salaried,1506000.0,667,2023-02-01
C102262,Customer_102262,33,Male,Lucknow,Uttar Pradesh,Professional,835000.0,764,2020-03-20
C102263,Customer_102263,35,Male,Delhi,Delhi,Business Owner,1090000.0,739,2026-03-10
C102264,Customer_102264,49,Male,Kolkata,West Bengal,Business Owner,1132000.0,689,2017-06-03
C102265,Customer_102265,35,Female,Mumbai,Maharashtra,Self-Employed,477000.0,609,2019-04-04
C102266,Customer_102266,53,Male,Mumbai,Maharashtra,Professional,867000.0,717,2017-08-09
C102267,Customer_102267,34,Male,Jaipur,Rajasthan,Business Owner,250000.0,679,2024-12-20
C102268,Customer_102268,32,Male,Jaipur,Rajasthan,Salaried,798000.0,751,2019-10-15
C102269,Customer_102269,33,Male,Mumbai,Maharashtra,Salaried,738000.0,686,2017-04-13
C102270,Customer_102270,35,Male,Lucknow,Uttar Pradesh,Salaried,714000.0,606,2024-04-15
C102271,Customer_102271,58,Female,Hyderabad,Telangana,Salaried,687000.0,630,2025-04-24
C102272,Customer_102272,32,Male,Hyderabad,Telangana,Salaried,1055000.0,692,2024-12-04
C102273,Customer_102273,33,Male,Hyderabad,Telangana,Salaried,496000.0,727,2018-12-12
C102274,Customer_102274,64,Male,Pune,Maharashtra,Salaried,1594000.0,644,2017-08-14
C102275,Customer_102275,50,Female,Bengaluru,Karnataka,Salaried,1077000.0,671,2019-09-20
C102276,Customer_102276,29,Male,Pune,Maharashtra,Professional,529000.0,772,2018-08-07
C102277,Customer_102277,60,Female,Bengaluru,Karnataka,Salaried,1109000.0,792,2024-02-22
C102278,Customer_102278,29,Female,Delhi,Delhi,Business Owner,1248000.0,738,2020-02-27
C102279,Customer_102279,28,Female,Chennai,Tamil Nadu,Salaried,998000.0,701,2021-03-03
C102280,Customer_102280,41,Female,Jaipur,Rajasthan,Professional,448000.0,680,2023-01-20
C102281,Customer_102281,52,Male,Gurugram,Haryana,Business Owner,1745000.0,755,2021-02-16
C102282,Customer_102282,29,Female,Chennai,Tamil Nadu,Professional,1106000.0,699,2019-08-28
C102283,Customer_102283,54,Female,Hyderabad,Telangana,Salaried,351000.0,780,2019-01-07
C102284,Customer_102284,28,Male,Gurugram,Haryana,Self-Employed,934000.0,783,2019-01-25
C102285,Customer_102285,56,Female,Jaipur,Rajasthan,Salaried,762000.0,747,2018-03-16
C102286,Customer_102286,25,Male,Gurugram,Haryana,Salaried,853000.0,688,2022-06-24
C102287,Customer_102287,41,Female,Noida,Uttar Pradesh,Business Owner,373000.0,693,2019-02-15
C102288,Customer_102288,49,Female,Gurugram,Haryana,Salaried,872000.0,613,2023-05-06
C102289,Customer_102289,32,Female,Lucknow,Uttar Pradesh,Salaried,517000.0,717,2020-05-11
C102290,Customer_102290,48,Male,Chennai,Tamil Nadu,Professional,710000.0,715,2021-07-16
C102291,Customer_102291,51,Female,Chennai,Tamil Nadu,Salaried,1005000.0,630,2024-11-02
C102292,Customer_102292,50,Female,Hyderabad,Telangana,Self-Employed,659000.0,850,2023-03-23
C102293,Customer_102293,38,Male,Bengaluru,Karnataka,Salaried,734000.0,756,2019-09-17
C102294,Customer_102294,55,Female,Jaipur,Rajasthan,Salaried,1178000.0,665,2017-01-14
C102295,Customer_102295,53,Female,Jaipur,Rajasthan,Salaried,495000.0,850,2023-10-11
C102296,Customer_102296,35,Female,Gurugram,Haryana,Salaried,591000.0,688,2020-01-20
C102297,Customer_102297,54,Other,Bengaluru,Karnataka,Business Owner,348000.0,774,2017-09-15
C102298,Customer_102298,62,Male,Pune,Maharashtra,Professional,521000.0,726,2022-09-04
C102299,Customer_102299,57,Male,Bengaluru,Karnataka,Salaried,902000.0,690,2024-07-05
C102300,Customer_102300,53,Male,Noida,Uttar Pradesh,Salaried,1106000.0,698,2023-01-23
C102301,Customer_102301,55,Male,Hyderabad,Telangana,Business Owner,528000.0,813,2024-09-08
C102302,Customer_102302,57,Male,Mumbai,Maharashtra,Salaried,1094000.0,777,2018-10-24
C102303,Customer_102303,34,Female,Kolkata,West Bengal,Salaried,892000.0,712,2024-12-14
C102304,Customer_102304,53,Male,Noida,Uttar Pradesh,Salaried,297000.0,587,2020-02-03
C102305,Customer_102305,29,Female,Noida,Uttar Pradesh,Business Owner,920000.0,740,2021-11-18
C102306,Customer_102306,37,Male,Mumbai,Maharashtra,Salaried,1328000.0,639,2019-02-09
C102307,Customer_102307,63,Male,Hyderabad,Telangana,Salaried,250000.0,755,2022-09-23
C102308,Customer_102308,33,Female,Mumbai,Maharashtra,Professional,1652000.0,674,2025-05-13
C102309,Customer_102309,58,Female,Hyderabad,Telangana,Professional,606000.0,680,2026-01-27
C102310,Customer_102310,40,Male,Kolkata,West Bengal,Self-Employed,250000.0,679,2019-10-04
C102311,Customer_102311,30,Female,Hyderabad,Telangana,Self-Employed,905000.0,786,2020-10-05
C102312,Customer_102312,25,Male,Delhi,Delhi,Professional,1182000.0,605,2025-03-18
C102313,Customer_102313,45,Male,Kolkata,West Bengal,Self-Employed,738000.0,768,2019-11-24
C102314,Customer_102314,41,Male,Delhi,Delhi,Business Owner,975000.0,742,2025-03-24
C102315,Customer_102315,44,Female,Bengaluru,Karnataka,Salaried,1698000.0,715,2022-01-08
C102316,Customer_102316,22,Male,Delhi,Delhi,Salaried,932000.0,691,2021-11-23
C102317,Customer_102317,33,Female,Mumbai,Maharashtra,Business Owner,2043000.0,752,2025-09-18
C102318,Customer_102318,21,Female,Pune,Maharashtra,Self-Employed,1356000.0,691,2025-02-08
C102319,Customer_102319,34,Male,Noida,Uttar Pradesh,Salaried,871000.0,691,2025-07-19
C102320,Customer_102320,62,Female,Gurugram,Haryana,Self-Employed,967000.0,724,2017-09-18
C102321,Customer_102321,27,Male,Mumbai,Maharashtra,Business Owner,722000.0,832,2018-01-22
C102322,Customer_102322,52,Male,Delhi,Delhi,Salaried,950000.0,622,2018-03-05
C102323,Customer_102323,21,Male,Chennai,Tamil Nadu,Business Owner,1075000.0,753,2021-12-25
C102324,Customer_102324,46,Male,Ahmedabad,Gujarat,Salaried,688000.0,711,2020-10-14
C102325,Customer_102325,62,Male,Jaipur,Rajasthan,Self-Employed,298000.0,706,2019-01-18
C102326,Customer_102326,36,Male,Gurugram,Haryana,Professional,1379000.0,621,2023-06-11
C102327,Customer_102327,29,Female,Chennai,Tamil Nadu,Professional,1239000.0,606,2019-02-05
C102328,Customer_102328,46,Male,Bengaluru,Karnataka,Professional,283000.0,742,2026-01-13
C102329,Customer_102329,33,Male,Delhi,Delhi,Self-Employed,918000.0,637,2020-04-30
C102330,Customer_102330,61,Female,Mumbai,Maharashtra,Salaried,1261000.0,786,2021-05-07
C102331,Customer_102331,59,Male,Delhi,Delhi,Self-Employed,1219000.0,654,2017-07-19
C102332,Customer_102332,50,Female,Noida,Uttar Pradesh,Salaried,572000.0,756,2017-01-26
C102333,Customer_102333,49,Female,Hyderabad,Telangana,Self-Employed,1243000.0,683,2018-06-30
C102334,Customer_102334,48,Male,Gurugram,Haryana,Salaried,856000.0,679,2018-09-10
C102335,Customer_102335,54,Male,Kolkata,West Bengal,Salaried,1005000.0,661,2017-11-17
C102336,Customer_102336,41,Male,Kolkata,West Bengal,Salaried,482000.0,748,2021-01-29
C102337,Customer_102337,64,Male,Pune,Maharashtra,Salaried,250000.0,767,2023-07-16
C102338,Customer_102338,36,Female,Gurugram,Haryana,Salaried,539000.0,699,2023-06-04
C102339,Customer_102339,21,Female,Delhi,Delhi,Salaried,1065000.0,758,2024-06-14
C102340,Customer_102340,52,Female,Mumbai,Maharashtra,Salaried,768000.0,721,2022-06-18
C102341,Customer_102341,50,Male,Pune,Maharashtra,Salaried,1110000.0,633,2018-04-20
C102342,Customer_102342,65,Female,Chennai,Tamil Nadu,Professional,1292000.0,745,2025-02-26
C102343,Customer_102343,38,Male,Kolkata,West Bengal,Salaried,718000.0,700,2024-11-12
C102344,Customer_102344,40,Female,Jaipur,Rajasthan,Business Owner,678000.0,550,2019-06-22
C102345,Customer_102345,46,Female,Ahmedabad,Gujarat,Salaried,250000.0,695,2025-01-11
C102346,Customer_102346,38,Male,Hyderabad,Telangana,Professional,250000.0,610,2022-01-10
C102347,Customer_102347,56,Male,Hyderabad,Telangana,Self-Employed,314000.0,640,2020-08-04
C102348,Customer_102348,40,Male,Gurugram,Haryana,Professional,1073000.0,704,2018-05-06
C102349,Customer_102349,56,Female,Bengaluru,Karnataka,Professional,722000.0,715,2025-09-12
C102350,Customer_102350,40,Male,Kolkata,West Bengal,Self-Employed,636000.0,666,2023-01-03
C102351,Customer_102351,31,Female,Kolkata,West Bengal,Salaried,591000.0,754,2021-01-26
C102352,Customer_102352,65,Male,Gurugram,Haryana,Salaried,538000.0,713,2024-02-05
C102353,Customer_102353,44,Male,Jaipur,Rajasthan,Salaried,1219000.0,692,2024-03-17
C102354,Customer_102354,52,Female,Pune,Maharashtra,Professional,887000.0,723,2021-10-12
C102355,Customer_102355,47,Male,Hyderabad,Telangana,Professional,1247000.0,798,2019-01-06
C102356,Customer_102356,37,Male,Chennai,Tamil Nadu,Salaried,250000.0,580,2021-03-04
C102357,Customer_102357,64,Female,Chennai,Tamil Nadu,Self-Employed,1063000.0,804,2022-09-05
C102358,Customer_102358,37,Male,Bengaluru,Karnataka,Salaried,656000.0,680,2018-09-24
C102359,Customer_102359,65,Female,Ahmedabad,Gujarat,Self-Employed,737000.0,669,2018-02-16
C102360,Customer_102360,40,Other,Bengaluru,Karnataka,Self-Employed,1391000.0,694,2025-09-11
C102361,Customer_102361,22,Male,Ahmedabad,Gujarat,Salaried,694000.0,662,2022-06-02
C102362,Customer_102362,22,Female,Gurugram,Haryana,Professional,1047000.0,652,2022-08-23
C102363,Customer_102363,64,Male,Lucknow,Uttar Pradesh,Salaried,443000.0,775,2021-02-06
C102364,Customer_102364,44,Female,Mumbai,Maharashtra,Business Owner,864000.0,730,2024-08-03
C102365,Customer_102365,38,Other,Gurugram,Haryana,Self-Employed,250000.0,595,2020-06-11
C102366,Customer_102366,57,Female,Mumbai,Maharashtra,Salaried,827000.0,764,2017-03-24
C102367,Customer_102367,48,Female,Chennai,Tamil Nadu,Salaried,1004000.0,754,2024-02-22
C102368,Customer_102368,50,Male,Bengaluru,Karnataka,Salaried,1293000.0,624,2019-05-05
C102369,Customer_102369,51,Female,Mumbai,Maharashtra,Self-Employed,523000.0,732,2024-01-31
C102370,Customer_102370,29,Male,Bengaluru,Karnataka,Professional,638000.0,760,2021-06-29
C102371,Customer_102371,24,Female,Delhi,Delhi,Salaried,592000.0,616,2020-05-05
C102372,Customer_102372,53,Male,Gurugram,Haryana,Salaried,748000.0,739,2021-12-29
C102373,Customer_102373,21,Male,Delhi,Delhi,Salaried,464000.0,676,2021-02-01
C102374,Customer_102374,53,Male,Chennai,Tamil Nadu,Salaried,250000.0,755,2020-10-08
C102375,Customer_102375,26,Male,Jaipur,Rajasthan,Salaried,433000.0,659,2019-07-14
C102376,Customer_102376,32,Male,Lucknow,Uttar Pradesh,Self-Employed,830000.0,788,2020-02-21
C102377,Customer_102377,52,Male,Noida,Uttar Pradesh,Salaried,791000.0,704,2020-02-05
C102378,Customer_102378,49,Female,Mumbai,Maharashtra,Business Owner,1071000.0,680,2021-03-12
C102379,Customer_102379,56,Female,Lucknow,Uttar Pradesh,Salaried,1187000.0,673,2026-01-18
C102380,Customer_102380,48,Male,Ahmedabad,Gujarat,Self-Employed,670000.0,777,2020-05-29
C102381,Customer_102381,23,Female,Bengaluru,Karnataka,Salaried,250000.0,673,2022-10-20
C102382,Customer_102382,58,Male,Pune,Maharashtra,Salaried,1011000.0,789,2017-05-17
C102383,Customer_102383,30,Female,Lucknow,Uttar Pradesh,Salaried,846000.0,734,2017-01-12
C102384,Customer_102384,27,Male,Chennai,Tamil Nadu,Self-Employed,747000.0,630,2023-06-14
C102385,Customer_102385,60,Female,Bengaluru,Karnataka,Professional,1338000.0,722,2023-03-20
C102386,Customer_102386,29,Male,Noida,Uttar Pradesh,Salaried,1030000.0,723,2024-03-07
C102387,Customer_102387,45,Male,Lucknow,Uttar Pradesh,Salaried,899000.0,628,2022-03-17
C102388,Customer_102388,42,Female,Lucknow,Uttar Pradesh,Self-Employed,916000.0,721,2019-11-25
C102389,Customer_102389,55,Female,Lucknow,Uttar Pradesh,Salaried,1190000.0,755,2017-12-05
C102390,Customer_102390,22,Female,Noida,Uttar Pradesh,Business Owner,574000.0,793,2025-12-29
C102391,Customer_102391,25,Male,Pune,Maharashtra,Salaried,498000.0,790,2018-09-16
C102392,Customer_102392,39,Female,Bengaluru,Karnataka,Professional,756000.0,850,2026-03-10
C102393,Customer_102393,42,Female,Ahmedabad,Gujarat,Self-Employed,379000.0,720,2019-07-18
C102394,Customer_102394,56,Male,Bengaluru,Karnataka,Salaried,832000.0,756,2022-04-18
C102395,Customer_102395,48,Male,Pune,Maharashtra,Business Owner,889000.0,681,2017-11-13
C102396,Customer_102396,27,Male,Ahmedabad,Gujarat,Salaried,822000.0,842,2024-05-23
C102397,Customer_102397,65,Male,Lucknow,Uttar Pradesh,Self-Employed,705000.0,662,2020-09-30
C102398,Customer_102398,41,Male,Hyderabad,Telangana,Business Owner,1511000.0,840,2022-01-29
C102399,Customer_102399,64,Male,Hyderabad,Telangana,Self-Employed,1226000.0,831,2018-03-20
C102400,Customer_102400,65,Female,Jaipur,Rajasthan,Salaried,811000.0,669,2019-06-07
C102401,Customer_102401,23,Female,Delhi,Delhi,Salaried,887000.0,787,2020-10-08
C102402,Customer_102402,43,Female,Kolkata,West Bengal,Salaried,1401000.0,750,2017-08-27
C102403,Customer_102403,39,Female,Jaipur,Rajasthan,Self-Employed,616000.0,693,2023-11-17
C102404,Customer_102404,43,Male,Kolkata,West Bengal,Self-Employed,464000.0,711,2020-03-17
C102405,Customer_102405,34,Female,Chennai,Tamil Nadu,Salaried,941000.0,737,2023-11-05
C102406,Customer_102406,46,Female,Gurugram,Haryana,Business Owner,1016000.0,743,2018-09-23
C102407,Customer_102407,43,Female,Chennai,Tamil Nadu,Business Owner,1045000.0,817,2017-04-24
C102408,Customer_102408,29,Male,Jaipur,Rajasthan,Self-Employed,1181000.0,757,2025-08-02
C102409,Customer_102409,33,Female,Pune,Maharashtra,Salaried,557000.0,670,2019-01-22
C102410,Customer_102410,27,Female,Delhi,Delhi,Salaried,287000.0,768,2026-01-16
C102411,Customer_102411,58,Female,Kolkata,West Bengal,Salaried,616000.0,606,2023-06-24
C102412,Customer_102412,51,Female,Delhi,Delhi,Business Owner,1083000.0,695,2021-12-13
C102413,Customer_102413,38,Female,Lucknow,Uttar Pradesh,Business Owner,481000.0,701,2022-11-25
C102414,Customer_102414,38,Female,Ahmedabad,Gujarat,Professional,250000.0,763,2022-03-30
C102415,Customer_102415,24,Female,Chennai,Tamil Nadu,Salaried,908000.0,835,2020-07-02
C102416,Customer_102416,34,Female,Pune,Maharashtra,Business Owner,623000.0,734,2025-08-30
C102417,Customer_102417,62,Female,Ahmedabad,Gujarat,Professional,250000.0,697,2017-07-25
C102418,Customer_102418,22,Male,Hyderabad,Telangana,Salaried,880000.0,675,2023-12-17
C102419,Customer_102419,27,Female,Hyderabad,Telangana,Salaried,695000.0,774,2022-10-02
C102420,Customer_102420,59,Male,Pune,Maharashtra,Salaried,1520000.0,707,2018-07-05
C102421,Customer_102421,44,Male,Hyderabad,Telangana,Self-Employed,886000.0,687,2023-03-11
C102422,Customer_102422,22,Male,Gurugram,Haryana,Salaried,1084000.0,782,2025-11-11
C102423,Customer_102423,43,Male,Mumbai,Maharashtra,Salaried,843000.0,796,2019-09-22
C102424,Customer_102424,54,Male,Gurugram,Haryana,Salaried,611000.0,658,2022-04-27
C102425,Customer_102425,36,Male,Chennai,Tamil Nadu,Business Owner,655000.0,623,2020-07-15
C102426,Customer_102426,38,Male,Kolkata,West Bengal,Professional,1282000.0,714,2017-03-12
C102427,Customer_102427,49,Female,Mumbai,Maharashtra,Business Owner,1149000.0,646,2017-07-12
C102428,Customer_102428,47,Female,Chennai,Tamil Nadu,Professional,255000.0,637,2018-10-30
C102429,Customer_102429,61,Other,Gurugram,Haryana,Self-Employed,351000.0,652,2022-11-28
C102430,Customer_102430,32,Male,Hyderabad,Telangana,Business Owner,373000.0,788,2024-06-02
C102431,Customer_102431,33,Male,Mumbai,Maharashtra,Salaried,1274000.0,762,2017-09-24
C102432,Customer_102432,27,Female,Kolkata,West Bengal,Professional,250000.0,850,2018-03-11
C102433,Customer_102433,50,Male,Mumbai,Maharashtra,Professional,1165000.0,678,2025-01-03
C102434,Customer_102434,45,Female,Hyderabad,Telangana,Self-Employed,1009000.0,806,2024-12-04
C102435,Customer_102435,36,Female,Pune,Maharashtra,Salaried,909000.0,752,2021-12-15
C102436,Customer_102436,52,Male,Kolkata,West Bengal,Salaried,661000.0,684,2024-04-27
C102437,Customer_102437,37,Male,Ahmedabad,Gujarat,Salaried,1325000.0,710,2018-12-27
C102438,Customer_102438,29,Male,Jaipur,Rajasthan,Salaried,895000.0,684,2017-04-30
C102439,Customer_102439,45,Female,Noida,Uttar Pradesh,Salaried,272000.0,737,2025-06-14
C102440,Customer_102440,40,Male,Delhi,Delhi,Salaried,365000.0,784,2020-01-31
C102441,Customer_102441,39,Female,Chennai,Tamil Nadu,Salaried,250000.0,696,2020-04-28
C102442,Customer_102442,41,Female,Delhi,Delhi,Professional,1330000.0,775,2021-09-20
C102443,Customer_102443,62,Male,Delhi,Delhi,Self-Employed,1420000.0,803,2022-08-26
C102444,Customer_102444,30,Male,Bengaluru,Karnataka,Business Owner,1285000.0,817,2017-09-16
C102445,Customer_102445,33,Male,Ahmedabad,Gujarat,Salaried,793000.0,644,2022-06-17
C102446,Customer_102446,46,Male,Noida,Uttar Pradesh,Salaried,279000.0,717,2022-05-25
C102447,Customer_102447,23,Female,Gurugram,Haryana,Salaried,428000.0,766,2023-12-03
C102448,Customer_102448,27,Female,Ahmedabad,Gujarat,Professional,454000.0,649,2026-02-15
C102449,Customer_102449,46,Female,Gurugram,Haryana,Salaried,832000.0,635,2023-09-03
C102450,Customer_102450,43,Male,Bengaluru,Karnataka,Self-Employed,1405000.0,718,2022-08-03
C102451,Customer_102451,50,Male,Noida,Uttar Pradesh,Salaried,1403000.0,693,2025-04-07
C102452,Customer_102452,26,Female,Noida,Uttar Pradesh,Salaried,655000.0,709,2021-08-06
C102453,Customer_102453,59,Female,Mumbai,Maharashtra,Salaried,250000.0,689,2017-07-04
C102454,Customer_102454,42,Female,Pune,Maharashtra,Salaried,383000.0,850,2025-01-26
C102455,Customer_102455,27,Female,Gurugram,Haryana,Salaried,1325000.0,690,2026-01-05
C102456,Customer_102456,35,Female,Pune,Maharashtra,Professional,943000.0,758,2025-12-22
C102457,Customer_102457,31,Male,Noida,Uttar Pradesh,Salaried,708000.0,754,2025-07-06
C102458,Customer_102458,41,Male,Lucknow,Uttar Pradesh,Salaried,680000.0,610,2025-05-23
C102459,Customer_102459,42,Female,Pune,Maharashtra,Salaried,550000.0,815,2023-05-31
C102460,Customer_102460,40,Male,Delhi,Delhi,Professional,368000.0,761,2017-05-06
C102461,Customer_102461,41,Female,Chennai,Tamil Nadu,Self-Employed,1679000.0,730,2023-12-17
C102462,Customer_102462,61,Male,Bengaluru,Karnataka,Self-Employed,1537000.0,789,2017-12-05
C102463,Customer_102463,64,Male,Pune,Maharashtra,Salaried,521000.0,717,2018-05-19
C102464,Customer_102464,43,Male,Ahmedabad,Gujarat,Professional,250000.0,777,2022-09-24
C102465,Customer_102465,64,Female,Pune,Maharashtra,Salaried,918000.0,598,2025-08-07
C102466,Customer_102466,57,Female,Bengaluru,Karnataka,Business Owner,791000.0,773,2019-02-10
C102467,Customer_102467,57,Male,Hyderabad,Telangana,Business Owner,1101000.0,732,2018-07-20
C102468,Customer_102468,31,Male,Jaipur,Rajasthan,Salaried,1192000.0,733,2021-11-07
C102469,Customer_102469,40,Male,Delhi,Delhi,Salaried,382000.0,665,2020-04-19
C102470,Customer_102470,36,Male,Bengaluru,Karnataka,Salaried,1362000.0,706,2024-10-21
C102471,Customer_102471,25,Female,Noida,Uttar Pradesh,Salaried,709000.0,704,2018-10-15
C102472,Customer_102472,24,Male,Mumbai,Maharashtra,Salaried,1093000.0,646,2025-09-26
C102473,Customer_102473,49,Male,Chennai,Tamil Nadu,Salaried,745000.0,743,2019-06-10
C102474,Customer_102474,39,Male,Bengaluru,Karnataka,Salaried,1219000.0,822,2020-02-09
C102475,Customer_102475,58,Female,Mumbai,Maharashtra,Self-Employed,250000.0,628,2023-03-31
C102476,Customer_102476,51,Female,Pune,Maharashtra,Salaried,1145000.0,752,2024-11-25
C102477,Customer_102477,24,Female,Kolkata,West Bengal,Self-Employed,517000.0,693,2021-06-24
C102478,Customer_102478,58,Female,Bengaluru,Karnataka,Salaried,879000.0,685,2021-09-10
C102479,Customer_102479,43,Female,Delhi,Delhi,Salaried,1348000.0,725,2022-12-23
C102480,Customer_102480,46,Male,Mumbai,Maharashtra,Salaried,529000.0,726,2023-02-18
C102481,Customer_102481,64,Female,Ahmedabad,Gujarat,Professional,466000.0,732,2024-04-21
C102482,Customer_102482,49,Female,Noida,Uttar Pradesh,Salaried,701000.0,646,2018-03-03
C102483,Customer_102483,22,Male,Bengaluru,Karnataka,Self-Employed,676000.0,791,2025-11-21
C102484,Customer_102484,28,Female,Hyderabad,Telangana,Business Owner,430000.0,725,2017-08-04
C102485,Customer_102485,40,Female,Chennai,Tamil Nadu,Self-Employed,893000.0,759,2019-03-15
C102486,Customer_102486,22,Female,Chennai,Tamil Nadu,Salaried,913000.0,799,2024-04-07
C102487,Customer_102487,28,Male,Bengaluru,Karnataka,Salaried,1035000.0,595,2019-08-15
C102488,Customer_102488,56,Male,Delhi,Delhi,Self-Employed,522000.0,761,2022-07-28
C102489,Customer_102489,27,Female,Kolkata,West Bengal,Self-Employed,472000.0,709,2018-06-20
C102490,Customer_102490,28,Male,Chennai,Tamil Nadu,Business Owner,803000.0,786,2024-09-02
C102491,Customer_102491,43,Male,Chennai,Tamil Nadu,Self-Employed,752000.0,668,2019-10-19
C102492,Customer_102492,25,Male,Hyderabad,Telangana,Salaried,760000.0,781,2018-01-29
C102493,Customer_102493,32,Male,Lucknow,Uttar Pradesh,Business Owner,567000.0,651,2018-01-11
C102494,Customer_102494,63,Female,Ahmedabad,Gujarat,Self-Employed,982000.0,746,2018-08-08
C102495,Customer_102495,49,Female,Pune,Maharashtra,Professional,473000.0,738,2023-10-26
C102496,Customer_102496,64,Female,Bengaluru,Karnataka,Business Owner,801000.0,710,2017-08-03
C102497,Customer_102497,36,Male,Gurugram,Haryana,Salaried,727000.0,653,2022-07-24
C102498,Customer_102498,48,Male,Noida,Uttar Pradesh,Self-Employed,837000.0,696,2023-01-20
C102499,Customer_102499,31,Male,Delhi,Delhi,Self-Employed,1324000.0,780,2020-01-20
C102500,Customer_102500,38,Male,Lucknow,Uttar Pradesh,Salaried,324000.0,817,2022-09-24
C102501,Customer_102501,28,Female,Jaipur,Rajasthan,Salaried,250000.0,847,2019-09-25
C102502,Customer_102502,58,Male,Mumbai,Maharashtra,Salaried,612000.0,754,2020-12-17
C102503,Customer_102503,29,Male,Gurugram,Haryana,Salaried,389000.0,736,2017-04-09
C102504,Customer_102504,30,Female,Mumbai,Maharashtra,Business Owner,250000.0,749,2018-04-05
C102505,Customer_102505,41,Female,Delhi,Delhi,Salaried,1549000.0,845,2017-12-17
C102506,Customer_102506,40,Male,Mumbai,Maharashtra,Business Owner,1074000.0,754,2017-03-23
C102507,Customer_102507,35,Female,Pune,Maharashtra,Salaried,1117000.0,726,2020-02-20
C102508,Customer_102508,37,Male,Ahmedabad,Gujarat,Business Owner,736000.0,702,2019-05-31
C102509,Customer_102509,34,Female,Chennai,Tamil Nadu,Business Owner,1018000.0,710,2019-05-22
C102510,Customer_102510,62,Female,Mumbai,Maharashtra,Business Owner,681000.0,745,2017-01-10
C102511,Customer_102511,47,Male,Bengaluru,Karnataka,Salaried,1176000.0,671,2024-04-29
C102512,Customer_102512,62,Male,Noida,Uttar Pradesh,Professional,926000.0,679,2025-10-31
C102513,Customer_102513,65,Male,Lucknow,Uttar Pradesh,Salaried,835000.0,716,2023-11-15
C102514,Customer_102514,50,Female,Gurugram,Haryana,Business Owner,866000.0,691,2018-08-02
C102515,Customer_102515,58,Male,Mumbai,Maharashtra,Salaried,1436000.0,759,2024-04-13
C102516,Customer_102516,25,Female,Gurugram,Haryana,Salaried,917000.0,764,2019-06-22
C102517,Customer_102517,63,Female,Jaipur,Rajasthan,Self-Employed,438000.0,737,2019-10-23
C102518,Customer_102518,42,Male,Kolkata,West Bengal,Salaried,984000.0,752,2024-06-08
C102519,Customer_102519,53,Male,Mumbai,Maharashtra,Salaried,1046000.0,728,2018-12-17
C102520,Customer_102520,32,Male,Lucknow,Uttar Pradesh,Salaried,792000.0,500,2026-04-06
C102521,Customer_102521,25,Male,Pune,Maharashtra,Salaried,829000.0,663,2024-12-23
C102522,Customer_102522,60,Female,Delhi,Delhi,Professional,424000.0,766,2022-10-11
C102523,Customer_102523,41,Female,Bengaluru,Karnataka,Self-Employed,889000.0,665,2021-09-13
C102524,Customer_102524,27,Male,Chennai,Tamil Nadu,Salaried,364000.0,776,2019-05-12
C102525,Customer_102525,50,Female,Delhi,Delhi,Business Owner,750000.0,779,2023-02-03
C102526,Customer_102526,23,Male,Hyderabad,Telangana,Self-Employed,582000.0,703,2021-03-20
C102527,Customer_102527,41,Female,Pune,Maharashtra,Self-Employed,1243000.0,682,2023-01-16
C102528,Customer_102528,52,Male,Lucknow,Uttar Pradesh,Self-Employed,1470000.0,721,2017-07-22
C102529,Customer_102529,53,Female,Mumbai,Maharashtra,Salaried,392000.0,717,2020-06-11
C102530,Customer_102530,41,Male,Kolkata,West Bengal,Salaried,848000.0,761,2018-01-06
C102531,Customer_102531,37,Male,Noida,Uttar Pradesh,Business Owner,726000.0,568,2020-11-06
C102532,Customer_102532,58,Female,Gurugram,Haryana,Business Owner,1036000.0,672,2023-08-10
C102533,Customer_102533,29,Male,Lucknow,Uttar Pradesh,Business Owner,888000.0,654,2018-01-22
C102534,Customer_102534,24,Male,Bengaluru,Karnataka,Salaried,695000.0,556,2024-09-21
C102535,Customer_102535,28,Male,Gurugram,Haryana,Business Owner,888000.0,688,2024-09-11
C102536,Customer_102536,57,Female,Lucknow,Uttar Pradesh,Salaried,764000.0,623,2019-07-08
C102537,Customer_102537,42,Male,Hyderabad,Telangana,Self-Employed,1486000.0,695,2018-10-21
C102538,Customer_102538,22,Female,Pune,Maharashtra,Salaried,533000.0,688,2023-11-16
C102539,Customer_102539,28,Female,Kolkata,West Bengal,Business Owner,953000.0,749,2024-02-19
C102540,Customer_102540,22,Female,Pune,Maharashtra,Professional,1054000.0,704,2022-12-18
C102541,Customer_102541,57,Male,Hyderabad,Telangana,Salaried,1025000.0,610,2018-05-17
C102542,Customer_102542,41,Female,Lucknow,Uttar Pradesh,Business Owner,731000.0,743,2021-09-29
C102543,Customer_102543,24,Male,Lucknow,Uttar Pradesh,Self-Employed,1397000.0,850,2019-05-19
C102544,Customer_102544,30,Female,Chennai,Tamil Nadu,Salaried,250000.0,790,2019-09-11
C102545,Customer_102545,48,Male,Gurugram,Haryana,Salaried,412000.0,764,2022-05-22
C102546,Customer_102546,47,Female,Chennai,Tamil Nadu,Business Owner,1115000.0,707,2026-03-04
C102547,Customer_102547,57,Female,Gurugram,Haryana,Salaried,498000.0,688,2018-11-06
C102548,Customer_102548,22,Male,Ahmedabad,Gujarat,Salaried,475000.0,684,2019-04-24
C102549,Customer_102549,24,Male,Pune,Maharashtra,Professional,663000.0,736,2019-04-18
C102550,Customer_102550,22,Male,Mumbai,Maharashtra,Self-Employed,536000.0,646,2018-12-11
C102551,Customer_102551,38,Female,Ahmedabad,Gujarat,Business Owner,1105000.0,734,2025-10-13
C102552,Customer_102552,53,Male,Hyderabad,Telangana,Self-Employed,1212000.0,677,2018-01-09
C102553,Customer_102553,50,Female,Bengaluru,Karnataka,Salaried,885000.0,609,2018-10-24
C102554,Customer_102554,30,Male,Bengaluru,Karnataka,Business Owner,1272000.0,676,2023-02-19
C102555,Customer_102555,50,Female,Lucknow,Uttar Pradesh,Salaried,295000.0,801,2020-04-07
C102556,Customer_102556,50,Male,Mumbai,Maharashtra,Salaried,880000.0,729,2025-05-23
C102557,Customer_102557,29,Male,Gurugram,Haryana,Self-Employed,1389000.0,500,2022-07-09
C102558,Customer_102558,54,Male,Noida,Uttar Pradesh,Professional,1241000.0,676,2018-04-02
C102559,Customer_102559,40,Female,Delhi,Delhi,Salaried,1425000.0,779,2021-07-01
C102560,Customer_102560,23,Male,Ahmedabad,Gujarat,Professional,614000.0,701,2017-12-22
C102561,Customer_102561,38,Male,Kolkata,West Bengal,Business Owner,1217000.0,754,2020-12-21
C102562,Customer_102562,55,Male,Chennai,Tamil Nadu,Salaried,679000.0,694,2025-06-03
C102563,Customer_102563,52,Female,Jaipur,Rajasthan,Salaried,1088000.0,732,2021-06-19
C102564,Customer_102564,33,Female,Chennai,Tamil Nadu,Salaried,1374000.0,722,2023-02-24
C102565,Customer_102565,55,Male,Pune,Maharashtra,Self-Employed,532000.0,678,2020-08-09
C102566,Customer_102566,38,Male,Pune,Maharashtra,Salaried,250000.0,757,2026-01-08
C102567,Customer_102567,41,Male,Gurugram,Haryana,Salaried,1589000.0,820,2022-07-19
C102568,Customer_102568,24,Male,Ahmedabad,Gujarat,Salaried,1045000.0,745,2023-08-12
C102569,Customer_102569,65,Other,Chennai,Tamil Nadu,Professional,807000.0,727,2024-06-01
C102570,Customer_102570,58,Male,Lucknow,Uttar Pradesh,Salaried,785000.0,665,2024-03-08
C102571,Customer_102571,29,Female,Gurugram,Haryana,Salaried,250000.0,781,2025-10-10
C102572,Customer_102572,46,Female,Lucknow,Uttar Pradesh,Salaried,933000.0,687,2021-04-19
C102573,Customer_102573,56,Female,Jaipur,Rajasthan,Salaried,638000.0,756,2018-07-05
C102574,Customer_102574,43,Male,Chennai,Tamil Nadu,Salaried,871000.0,770,2019-03-22
C102575,Customer_102575,30,Female,Gurugram,Haryana,Business Owner,862000.0,784,2019-03-28
C102576,Customer_102576,64,Male,Hyderabad,Telangana,Self-Employed,250000.0,785,2022-04-20
C102577,Customer_102577,33,Male,Hyderabad,Telangana,Salaried,1046000.0,783,2017-10-25
C102578,Customer_102578,36,Female,Pune,Maharashtra,Business Owner,926000.0,638,2020-05-02
C102579,Customer_102579,37,Male,Lucknow,Uttar Pradesh,Salaried,979000.0,664,2023-10-18
C102580,Customer_102580,61,Male,Kolkata,West Bengal,Business Owner,777000.0,631,2021-05-17
C102581,Customer_102581,43,Male,Chennai,Tamil Nadu,Salaried,870000.0,626,2020-02-14
C102582,Customer_102582,53,Male,Pune,Maharashtra,Professional,919000.0,819,2021-10-20
C102583,Customer_102583,61,Female,Hyderabad,Telangana,Professional,960000.0,656,2018-03-16
C102584,Customer_102584,62,Female,Ahmedabad,Gujarat,Business Owner,1040000.0,647,2017-04-01
C102585,Customer_102585,59,Female,Chennai,Tamil Nadu,Salaried,963000.0,716,2023-09-14
C102586,Customer_102586,61,Male,Kolkata,West Bengal,Salaried,1590000.0,672,2022-09-01
C102587,Customer_102587,63,Male,Chennai,Tamil Nadu,Business Owner,560000.0,850,2023-05-25
C102588,Customer_102588,65,Male,Hyderabad,Telangana,Salaried,700000.0,702,2020-05-04
C102589,Customer_102589,49,Male,Lucknow,Uttar Pradesh,Salaried,1527000.0,749,2019-01-25
C102590,Customer_102590,26,Female,Chennai,Tamil Nadu,Salaried,788000.0,669,2024-07-24
C102591,Customer_102591,26,Female,Delhi,Delhi,Salaried,1223000.0,612,2023-10-29
C102592,Customer_102592,56,Female,Chennai,Tamil Nadu,Salaried,904000.0,673,2017-07-11
C102593,Customer_102593,35,Female,Kolkata,West Bengal,Salaried,759000.0,673,2026-01-01
C102594,Customer_102594,57,Male,Mumbai,Maharashtra,Self-Employed,1244000.0,673,2022-03-07
C102595,Customer_102595,63,Female,Hyderabad,Telangana,Salaried,1057000.0,616,2019-09-28
C102596,Customer_102596,49,Female,Mumbai,Maharashtra,Salaried,250000.0,729,2020-05-09
C102597,Customer_102597,55,Female,Kolkata,West Bengal,Salaried,919000.0,698,2022-02-07
C102598,Customer_102598,33,Male,Jaipur,Rajasthan,Professional,452000.0,620,2017-11-14
C102599,Customer_102599,40,Female,Lucknow,Uttar Pradesh,Self-Employed,1358000.0,727,2017-10-03
C102600,Customer_102600,64,Male,Chennai,Tamil Nadu,Self-Employed,1551000.0,770,2020-11-07
C102601,Customer_102601,57,Female,Noida,Uttar Pradesh,Business Owner,1600000.0,798,2025-11-25
C102602,Customer_102602,30,Female,Bengaluru,Karnataka,Self-Employed,993000.0,563,2020-10-23
C102603,Customer_102603,63,Female,Gurugram,Haryana,Salaried,665000.0,672,2024-12-27
C102604,Customer_102604,43,Male,Kolkata,West Bengal,Self-Employed,979000.0,631,2024-01-06
C102605,Customer_102605,58,Male,Gurugram,Haryana,Salaried,474000.0,678,2024-11-21
C102606,Customer_102606,44,Female,Gurugram,Haryana,Self-Employed,1788000.0,810,2018-06-01
C102607,Customer_102607,48,Female,Kolkata,West Bengal,Salaried,1328000.0,673,2026-04-15
C102608,Customer_102608,28,Female,Hyderabad,Telangana,Professional,972000.0,689,2024-09-24
C102609,Customer_102609,36,Male,Kolkata,West Bengal,Salaried,1249000.0,666,2024-12-28
C102610,Customer_102610,53,Female,Gurugram,Haryana,Salaried,653000.0,826,2017-06-12
C102611,Customer_102611,58,Female,Lucknow,Uttar Pradesh,Self-Employed,407000.0,571,2019-06-25
C102612,Customer_102612,24,Male,Lucknow,Uttar Pradesh,Salaried,250000.0,684,2021-10-20
C102613,Customer_102613,24,Male,Bengaluru,Karnataka,Salaried,883000.0,664,2022-11-14
C102614,Customer_102614,52,Female,Ahmedabad,Gujarat,Professional,767000.0,608,2023-01-16
C102615,Customer_102615,41,Male,Mumbai,Maharashtra,Business Owner,1058000.0,792,2026-02-10
C102616,Customer_102616,59,Female,Jaipur,Rajasthan,Self-Employed,855000.0,603,2017-02-18
C102617,Customer_102617,24,Female,Lucknow,Uttar Pradesh,Salaried,1040000.0,690,2019-05-01
C102618,Customer_102618,36,Male,Delhi,Delhi,Salaried,1174000.0,715,2017-08-24
C102619,Customer_102619,22,Male,Ahmedabad,Gujarat,Salaried,266000.0,671,2021-12-19
C102620,Customer_102620,52,Other,Lucknow,Uttar Pradesh,Self-Employed,1198000.0,607,2019-07-19
C102621,Customer_102621,59,Female,Noida,Uttar Pradesh,Self-Employed,687000.0,709,2022-09-28
C102622,Customer_102622,28,Female,Chennai,Tamil Nadu,Salaried,1057000.0,670,2020-07-20
C102623,Customer_102623,35,Female,Mumbai,Maharashtra,Salaried,1259000.0,773,2019-05-17
C102624,Customer_102624,59,Female,Lucknow,Uttar Pradesh,Salaried,1262000.0,754,2020-03-24
C102625,Customer_102625,22,Female,Lucknow,Uttar Pradesh,Salaried,902000.0,846,2022-11-17
C102626,Customer_102626,63,Female,Kolkata,West Bengal,Salaried,921000.0,727,2026-01-16
C102627,Customer_102627,60,Female,Lucknow,Uttar Pradesh,Salaried,1207000.0,758,2018-08-03
C102628,Customer_102628,27,Male,Delhi,Delhi,Salaried,250000.0,697,2018-07-22
C102629,Customer_102629,27,Male,Ahmedabad,Gujarat,Salaried,469000.0,831,2025-12-18
C102630,Customer_102630,52,Female,Delhi,Delhi,Salaried,738000.0,721,2025-04-17
C102631,Customer_102631,21,Male,Lucknow,Uttar Pradesh,Salaried,317000.0,713,2025-04-20
C102632,Customer_102632,43,Female,Jaipur,Rajasthan,Business Owner,741000.0,755,2025-10-17
C102633,Customer_102633,23,Female,Noida,Uttar Pradesh,Salaried,719000.0,678,2018-12-28
C102634,Customer_102634,44,Male,Kolkata,West Bengal,Salaried,885000.0,688,2018-08-21
C102635,Customer_102635,36,Male,Delhi,Delhi,Salaried,827000.0,755,2023-02-01
C102636,Customer_102636,52,Female,Delhi,Delhi,Salaried,1278000.0,768,2024-01-24
C102637,Customer_102637,60,Male,Chennai,Tamil Nadu,Salaried,1079000.0,759,2024-09-30
C102638,Customer_102638,42,Female,Jaipur,Rajasthan,Salaried,822000.0,715,2026-04-17
C102639,Customer_102639,49,Female,Mumbai,Maharashtra,Salaried,717000.0,738,2025-05-10
C102640,Customer_102640,48,Male,Noida,Uttar Pradesh,Business Owner,831000.0,782,2019-04-23
C102641,Customer_102641,65,Female,Bengaluru,Karnataka,Business Owner,838000.0,649,2019-09-26
C102642,Customer_102642,31,Female,Pune,Maharashtra,Salaried,1858000.0,720,2021-09-06
C102643,Customer_102643,31,Male,Bengaluru,Karnataka,Salaried,267000.0,531,2019-10-12
C102644,Customer_102644,38,Male,Pune,Maharashtra,Professional,479000.0,768,2024-01-25
C102645,Customer_102645,54,Male,Pune,Maharashtra,Salaried,421000.0,669,2024-08-29
C102646,Customer_102646,59,Female,Delhi,Delhi,Professional,958000.0,671,2023-11-04
C102647,Customer_102647,33,Male,Kolkata,West Bengal,Business Owner,942000.0,712,2017-01-31
C102648,Customer_102648,25,Male,Gurugram,Haryana,Salaried,621000.0,760,2024-10-03
C102649,Customer_102649,48,Male,Lucknow,Uttar Pradesh,Salaried,1208000.0,850,2019-09-04
C102650,Customer_102650,47,Male,Hyderabad,Telangana,Salaried,998000.0,619,2020-03-30
C102651,Customer_102651,37,Male,Noida,Uttar Pradesh,Business Owner,1225000.0,665,2022-03-17
C102652,Customer_102652,29,Female,Noida,Uttar Pradesh,Salaried,1331000.0,735,2018-02-15
C102653,Customer_102653,59,Male,Lucknow,Uttar Pradesh,Self-Employed,250000.0,673,2023-10-26
C102654,Customer_102654,59,Female,Chennai,Tamil Nadu,Salaried,1124000.0,774,2023-04-19
C102655,Customer_102655,54,Male,Noida,Uttar Pradesh,Business Owner,334000.0,709,2021-03-03
C102656,Customer_102656,47,Male,Kolkata,West Bengal,Business Owner,950000.0,778,2020-02-29
C102657,Customer_102657,32,Male,Delhi,Delhi,Salaried,821000.0,704,2019-08-26
C102658,Customer_102658,39,Female,Hyderabad,Telangana,Salaried,838000.0,755,2023-01-06
C102659,Customer_102659,24,Female,Jaipur,Rajasthan,Salaried,368000.0,658,2026-03-17
C102660,Customer_102660,32,Male,Mumbai,Maharashtra,Business Owner,1262000.0,846,2021-05-29
C102661,Customer_102661,41,Female,Pune,Maharashtra,Self-Employed,334000.0,610,2026-01-28
C102662,Customer_102662,40,Male,Gurugram,Haryana,Salaried,1150000.0,674,2021-04-09
C102663,Customer_102663,24,Female,Mumbai,Maharashtra,Business Owner,277000.0,628,2017-01-15
C102664,Customer_102664,64,Female,Pune,Maharashtra,Salaried,843000.0,772,2025-03-17
C102665,Customer_102665,33,Male,Bengaluru,Karnataka,Salaried,1572000.0,755,2020-04-10
C102666,Customer_102666,43,Male,Kolkata,West Bengal,Professional,1795000.0,641,2022-12-18
C102667,Customer_102667,41,Male,Bengaluru,Karnataka,Salaried,250000.0,785,2021-05-16
C102668,Customer_102668,42,Female,Lucknow,Uttar Pradesh,Business Owner,568000.0,675,2022-10-25
C102669,Customer_102669,59,Male,Delhi,Delhi,Salaried,641000.0,745,2024-02-07
C102670,Customer_102670,54,Female,Lucknow,Uttar Pradesh,Self-Employed,1752000.0,760,2026-01-14
C102671,Customer_102671,60,Male,Gurugram,Haryana,Salaried,823000.0,704,2025-12-04
C102672,Customer_102672,38,Female,Noida,Uttar Pradesh,Salaried,1280000.0,779,2019-07-07
C102673,Customer_102673,32,Male,Noida,Uttar Pradesh,Salaried,970000.0,711,2017-03-17
C102674,Customer_102674,40,Female,Bengaluru,Karnataka,Business Owner,370000.0,742,2023-05-30
C102675,Customer_102675,46,Male,Lucknow,Uttar Pradesh,Salaried,250000.0,702,2018-11-23
C102676,Customer_102676,36,Male,Ahmedabad,Gujarat,Salaried,605000.0,599,2020-04-23
C102677,Customer_102677,41,Male,Lucknow,Uttar Pradesh,Salaried,1777000.0,712,2024-01-06
C102678,Customer_102678,27,Female,Noida,Uttar Pradesh,Salaried,953000.0,663,2022-07-30
C102679,Customer_102679,47,Male,Kolkata,West Bengal,Self-Employed,1272000.0,810,2022-07-29
C102680,Customer_102680,53,Female,Chennai,Tamil Nadu,Self-Employed,283000.0,631,2024-08-10
C102681,Customer_102681,44,Female,Mumbai,Maharashtra,Self-Employed,720000.0,800,2022-11-20
C102682,Customer_102682,60,Male,Mumbai,Maharashtra,Salaried,1162000.0,708,2025-08-04
C102683,Customer_102683,65,Male,Chennai,Tamil Nadu,Salaried,414000.0,746,2018-11-03
C102684,Customer_102684,61,Male,Gurugram,Haryana,Salaried,824000.0,630,2020-12-23
C102685,Customer_102685,25,Male,Kolkata,West Bengal,Salaried,498000.0,700,2021-02-11
C102686,Customer_102686,60,Male,Pune,Maharashtra,Professional,1181000.0,677,2024-09-30
C102687,Customer_102687,36,Female,Bengaluru,Karnataka,Salaried,1009000.0,850,2024-10-10
C102688,Customer_102688,41,Male,Kolkata,West Bengal,Professional,1123000.0,675,2020-02-14
C102689,Customer_102689,39,Male,Ahmedabad,Gujarat,Salaried,1198000.0,795,2025-07-23
C102690,Customer_102690,33,Female,Lucknow,Uttar Pradesh,Business Owner,759000.0,796,2023-02-26
C102691,Customer_102691,60,Male,Jaipur,Rajasthan,Self-Employed,1251000.0,794,2019-03-13
C102692,Customer_102692,49,Female,Ahmedabad,Gujarat,Self-Employed,614000.0,681,2025-03-03
C102693,Customer_102693,64,Female,Noida,Uttar Pradesh,Self-Employed,1100000.0,837,2018-08-08
C102694,Customer_102694,63,Male,Pune,Maharashtra,Salaried,250000.0,850,2023-05-20
C102695,Customer_102695,39,Female,Lucknow,Uttar Pradesh,Business Owner,551000.0,744,2025-09-05
C102696,Customer_102696,53,Female,Chennai,Tamil Nadu,Salaried,1776000.0,690,2023-07-28
C102697,Customer_102697,43,Female,Mumbai,Maharashtra,Salaried,1094000.0,664,2021-09-02
C102698,Customer_102698,43,Female,Pune,Maharashtra,Salaried,1095000.0,751,2024-10-18
C102699,Customer_102699,54,Female,Mumbai,Maharashtra,Salaried,520000.0,724,2018-10-07
C102700,Customer_102700,51,Female,Mumbai,Maharashtra,Professional,412000.0,732,2019-05-09
C102701,Customer_102701,62,Female,Noida,Uttar Pradesh,Salaried,744000.0,632,2023-01-02
C102702,Customer_102702,55,Female,Gurugram,Haryana,Salaried,823000.0,722,2023-12-15
C102703,Customer_102703,48,Female,Bengaluru,Karnataka,Salaried,1616000.0,794,2019-07-21
C102704,Customer_102704,62,Female,Noida,Uttar Pradesh,Self-Employed,1258000.0,773,2022-12-08
C102705,Customer_102705,25,Male,Delhi,Delhi,Business Owner,894000.0,693,2024-05-07
C102706,Customer_102706,55,Female,Hyderabad,Telangana,Professional,876000.0,713,2022-01-31
C102707,Customer_102707,38,Male,Jaipur,Rajasthan,Self-Employed,1153000.0,625,2018-07-10
C102708,Customer_102708,40,Male,Hyderabad,Telangana,Salaried,322000.0,677,2026-01-29
C102709,Customer_102709,56,Male,Jaipur,Rajasthan,Salaried,250000.0,698,2020-05-01
C102710,Customer_102710,33,Male,Noida,Uttar Pradesh,Salaried,1147000.0,761,2020-11-03
C102711,Customer_102711,60,Female,Delhi,Delhi,Self-Employed,879000.0,674,2022-05-02
C102712,Customer_102712,43,Male,Delhi,Delhi,Professional,325000.0,653,2019-03-10
C102713,Customer_102713,36,Female,Lucknow,Uttar Pradesh,Salaried,250000.0,769,2017-09-09
C102714,Customer_102714,35,Female,Kolkata,West Bengal,Salaried,1208000.0,693,2024-10-24
C102715,Customer_102715,39,Male,Kolkata,West Bengal,Self-Employed,641000.0,665,2024-01-04
C102716,Customer_102716,63,Male,Pune,Maharashtra,Self-Employed,1010000.0,773,2018-09-22
C102717,Customer_102717,25,Female,Pune,Maharashtra,Self-Employed,744000.0,750,2021-10-18
C102718,Customer_102718,43,Female,Jaipur,Rajasthan,Salaried,836000.0,707,2023-12-09
C102719,Customer_102719,58,Male,Kolkata,West Bengal,Salaried,613000.0,697,2026-02-26
C102720,Customer_102720,42,Male,Mumbai,Maharashtra,Salaried,819000.0,745,2025-08-22
C102721,Customer_102721,46,Male,Ahmedabad,Gujarat,Salaried,1081000.0,755,2017-08-14
C102722,Customer_102722,36,Male,Jaipur,Rajasthan,Self-Employed,740000.0,734,2024-08-25
C102723,Customer_102723,27,Male,Mumbai,Maharashtra,Salaried,717000.0,728,2018-04-29
C102724,Customer_102724,49,Female,Chennai,Tamil Nadu,Salaried,1093000.0,681,2022-11-23
C102725,Customer_102725,62,Male,Gurugram,Haryana,Professional,1120000.0,684,2022-07-06
C102726,Customer_102726,44,Male,Ahmedabad,Gujarat,Salaried,395000.0,709,2025-08-05
C102727,Customer_102727,40,Female,Mumbai,Maharashtra,Salaried,838000.0,658,2022-06-04
C102728,Customer_102728,26,Female,Delhi,Delhi,Professional,640000.0,650,2021-07-21
C102729,Customer_102729,63,Male,Kolkata,West Bengal,Salaried,855000.0,714,2022-08-23
C102730,Customer_102730,60,Female,Pune,Maharashtra,Business Owner,1424000.0,784,2017-09-15
C102731,Customer_102731,61,Female,Lucknow,Uttar Pradesh,Salaried,994000.0,585,2017-04-13
C102732,Customer_102732,37,Male,Kolkata,West Bengal,Professional,1716000.0,695,2023-11-04
C102733,Customer_102733,49,Male,Lucknow,Uttar Pradesh,Salaried,938000.0,738,2021-08-17
C102734,Customer_102734,40,Female,Bengaluru,Karnataka,Salaried,783000.0,790,2023-09-04
C102735,Customer_102735,31,Female,Pune,Maharashtra,Professional,842000.0,837,2021-07-03
C102736,Customer_102736,30,Other,Mumbai,Maharashtra,Self-Employed,907000.0,703,2025-01-21
C102737,Customer_102737,38,Male,Kolkata,West Bengal,Salaried,979000.0,848,2019-11-28
C102738,Customer_102738,45,Female,Bengaluru,Karnataka,Salaried,453000.0,750,2020-10-12
C102739,Customer_102739,26,Male,Pune,Maharashtra,Salaried,757000.0,773,2019-06-20
C102740,Customer_102740,52,Female,Chennai,Tamil Nadu,Salaried,560000.0,651,2018-05-09
C102741,Customer_102741,41,Female,Bengaluru,Karnataka,Salaried,1262000.0,749,2018-02-05
C102742,Customer_102742,60,Male,Mumbai,Maharashtra,Salaried,250000.0,779,2017-12-16
C102743,Customer_102743,33,Male,Kolkata,West Bengal,Professional,913000.0,675,2017-12-06
C102744,Customer_102744,23,Female,Lucknow,Uttar Pradesh,Business Owner,250000.0,551,2020-03-20
C102745,Customer_102745,35,Female,Bengaluru,Karnataka,Professional,1023000.0,730,2021-02-23
C102746,Customer_102746,64,Male,Chennai,Tamil Nadu,Salaried,690000.0,706,2024-05-20
C102747,Customer_102747,35,Female,Bengaluru,Karnataka,Salaried,250000.0,807,2024-09-04
C102748,Customer_102748,52,Male,Gurugram,Haryana,Self-Employed,1227000.0,685,2021-11-08
C102749,Customer_102749,58,Male,Chennai,Tamil Nadu,Salaried,250000.0,674,2022-07-08
C102750,Customer_102750,33,Male,Lucknow,Uttar Pradesh,Salaried,837000.0,644,2018-08-03
C102751,Customer_102751,49,Female,Bengaluru,Karnataka,Business Owner,1126000.0,679,2019-06-09
C102752,Customer_102752,30,Male,Delhi,Delhi,Self-Employed,1401000.0,850,2019-04-03
C102753,Customer_102753,37,Female,Kolkata,West Bengal,Salaried,250000.0,617,2021-08-10
C102754,Customer_102754,34,Male,Ahmedabad,Gujarat,Salaried,644000.0,633,2020-03-30
C102755,Customer_102755,51,Female,Lucknow,Uttar Pradesh,Salaried,1283000.0,716,2018-12-16
C102756,Customer_102756,60,Female,Noida,Uttar Pradesh,Self-Employed,1310000.0,848,2021-06-21
C102757,Customer_102757,32,Male,Noida,Uttar Pradesh,Salaried,1362000.0,768,2018-02-07
C102758,Customer_102758,34,Male,Ahmedabad,Gujarat,Professional,1875000.0,821,2024-10-25
C102759,Customer_102759,57,Male,Chennai,Tamil Nadu,Salaried,647000.0,695,2024-01-20
C102760,Customer_102760,41,Male,Pune,Maharashtra,Salaried,999000.0,630,2026-03-28
C102761,Customer_102761,44,Female,Mumbai,Maharashtra,Business Owner,712000.0,691,2019-07-04
C102762,Customer_102762,52,Female,Pune,Maharashtra,Professional,250000.0,712,2022-07-31
C102763,Customer_102763,27,Male,Chennai,Tamil Nadu,Business Owner,814000.0,721,2024-07-23
C102764,Customer_102764,60,Female,Delhi,Delhi,Salaried,250000.0,706,2020-08-16
C102765,Customer_102765,37,Male,Bengaluru,Karnataka,Salaried,642000.0,758,2025-09-12
C102766,Customer_102766,50,Male,Kolkata,West Bengal,Self-Employed,263000.0,674,2018-09-16
C102767,Customer_102767,40,Male,Chennai,Tamil Nadu,Business Owner,1026000.0,660,2018-08-06
C102768,Customer_102768,54,Male,Lucknow,Uttar Pradesh,Professional,539000.0,642,2021-10-04
C102769,Customer_102769,48,Female,Pune,Maharashtra,Salaried,250000.0,733,2020-04-21
C102770,Customer_102770,28,Male,Lucknow,Uttar Pradesh,Self-Employed,1196000.0,727,2022-09-16
C102771,Customer_102771,29,Female,Ahmedabad,Gujarat,Salaried,608000.0,791,2024-12-09
C102772,Customer_102772,60,Male,Delhi,Delhi,Salaried,677000.0,821,2020-01-17
C102773,Customer_102773,44,Female,Bengaluru,Karnataka,Salaried,459000.0,642,2023-11-23
C102774,Customer_102774,33,Male,Jaipur,Rajasthan,Salaried,1310000.0,722,2020-01-07
C102775,Customer_102775,27,Male,Kolkata,West Bengal,Salaried,958000.0,707,2017-05-30
C102776,Customer_102776,26,Male,Hyderabad,Telangana,Salaried,605000.0,620,2024-09-17
C102777,Customer_102777,62,Male,Kolkata,West Bengal,Self-Employed,250000.0,686,2021-11-13
C102778,Customer_102778,64,Male,Noida,Uttar Pradesh,Self-Employed,1854000.0,822,2023-02-22
C102779,Customer_102779,38,Male,Chennai,Tamil Nadu,Salaried,1642000.0,679,2020-06-23
C102780,Customer_102780,30,Female,Delhi,Delhi,Self-Employed,1427000.0,668,2021-03-11
C102781,Customer_102781,39,Male,Hyderabad,Telangana,Salaried,569000.0,717,2024-08-17
C102782,Customer_102782,27,Female,Lucknow,Uttar Pradesh,Salaried,650000.0,779,2022-03-12
C102783,Customer_102783,45,Female,Gurugram,Haryana,Professional,1010000.0,700,2018-05-20
C102784,Customer_102784,49,Male,Noida,Uttar Pradesh,Salaried,492000.0,728,2021-09-13
C102785,Customer_102785,65,Female,Noida,Uttar Pradesh,Salaried,454000.0,572,2018-04-03
C102786,Customer_102786,35,Male,Mumbai,Maharashtra,Self-Employed,1433000.0,757,2018-08-16
C102787,Customer_102787,29,Female,Hyderabad,Telangana,Salaried,828000.0,734,2026-03-04
C102788,Customer_102788,27,Female,Delhi,Delhi,Salaried,402000.0,778,2025-02-07
C102789,Customer_102789,37,Female,Delhi,Delhi,Self-Employed,1231000.0,599,2025-01-26
C102790,Customer_102790,48,Male,Noida,Uttar Pradesh,Self-Employed,620000.0,700,2017-11-06
C102791,Customer_102791,23,Female,Lucknow,Uttar Pradesh,Salaried,250000.0,783,2026-04-15
C102792,Customer_102792,55,Male,Mumbai,Maharashtra,Professional,396000.0,684,2018-12-26
C102793,Customer_102793,41,Male,Jaipur,Rajasthan,Salaried,643000.0,723,2018-08-29
C102794,Customer_102794,56,Male,Kolkata,West Bengal,Salaried,938000.0,693,2022-03-25
C102795,Customer_102795,41,Male,Delhi,Delhi,Salaried,919000.0,695,2020-07-18
C102796,Customer_102796,27,Female,Noida,Uttar Pradesh,Salaried,1341000.0,796,2021-04-17
C102797,Customer_102797,21,Female,Noida,Uttar Pradesh,Professional,755000.0,627,2025-01-22
C102798,Customer_102798,46,Male,Kolkata,West Bengal,Business Owner,664000.0,717,2022-07-18
C102799,Customer_102799,45,Female,Jaipur,Rajasthan,Salaried,1348000.0,736,2019-10-15
C102800,Customer_102800,57,Female,Chennai,Tamil Nadu,Salaried,1241000.0,781,2025-07-24
C102801,Customer_102801,60,Female,Gurugram,Haryana,Salaried,765000.0,712,2023-07-28
C102802,Customer_102802,28,Female,Pune,Maharashtra,Self-Employed,967000.0,783,2019-08-31
C102803,Customer_102803,35,Male,Lucknow,Uttar Pradesh,Salaried,660000.0,716,2017-07-04
C102804,Customer_102804,30,Male,Delhi,Delhi,Professional,385000.0,728,2018-05-28
C102805,Customer_102805,25,Female,Bengaluru,Karnataka,Salaried,1729000.0,725,2018-11-25
C102806,Customer_102806,21,Male,Lucknow,Uttar Pradesh,Salaried,633000.0,763,2018-02-17
C102807,Customer_102807,24,Female,Hyderabad,Telangana,Professional,968000.0,755,2025-08-10
C102808,Customer_102808,44,Female,Hyderabad,Telangana,Professional,250000.0,648,2017-07-20
C102809,Customer_102809,27,Female,Gurugram,Haryana,Salaried,1145000.0,734,2025-10-30
C102810,Customer_102810,29,Male,Bengaluru,Karnataka,Salaried,368000.0,755,2024-05-12
C102811,Customer_102811,26,Female,Kolkata,West Bengal,Professional,1521000.0,815,2017-09-15
C102812,Customer_102812,53,Female,Hyderabad,Telangana,Self-Employed,1569000.0,654,2021-04-05
C102813,Customer_102813,49,Male,Bengaluru,Karnataka,Self-Employed,1076000.0,755,2017-01-24
C102814,Customer_102814,64,Male,Lucknow,Uttar Pradesh,Self-Employed,896000.0,697,2019-05-20
C102815,Customer_102815,26,Male,Bengaluru,Karnataka,Professional,775000.0,732,2019-07-09
C102816,Customer_102816,30,Male,Mumbai,Maharashtra,Salaried,831000.0,650,2023-04-11
C102817,Customer_102817,41,Female,Jaipur,Rajasthan,Salaried,1014000.0,719,2018-10-12
C102818,Customer_102818,50,Female,Noida,Uttar Pradesh,Salaried,886000.0,741,2024-03-28
C102819,Customer_102819,26,Male,Mumbai,Maharashtra,Self-Employed,1243000.0,657,2023-07-25
C102820,Customer_102820,30,Female,Jaipur,Rajasthan,Salaried,483000.0,814,2025-09-22
C102821,Customer_102821,39,Male,Kolkata,West Bengal,Salaried,1461000.0,620,2022-02-18
C102822,Customer_102822,21,Male,Gurugram,Haryana,Self-Employed,681000.0,755,2020-09-20
C102823,Customer_102823,38,Male,Mumbai,Maharashtra,Salaried,552000.0,562,2023-09-12
C102824,Customer_102824,55,Female,Lucknow,Uttar Pradesh,Professional,995000.0,703,2023-06-03
C102825,Customer_102825,44,Female,Ahmedabad,Gujarat,Salaried,1021000.0,751,2018-12-16
C102826,Customer_102826,40,Female,Noida,Uttar Pradesh,Self-Employed,250000.0,766,2019-07-10
C102827,Customer_102827,42,Female,Chennai,Tamil Nadu,Self-Employed,658000.0,713,2022-12-15
C102828,Customer_102828,63,Male,Lucknow,Uttar Pradesh,Salaried,250000.0,704,2025-01-21
C102829,Customer_102829,44,Female,Ahmedabad,Gujarat,Salaried,580000.0,757,2021-11-19
C102830,Customer_102830,45,Male,Mumbai,Maharashtra,Salaried,597000.0,782,2025-06-17
C102831,Customer_102831,62,Male,Lucknow,Uttar Pradesh,Business Owner,969000.0,810,2022-01-31
C102832,Customer_102832,28,Female,Gurugram,Haryana,Business Owner,535000.0,636,2022-11-13
C102833,Customer_102833,25,Male,Hyderabad,Telangana,Salaried,630000.0,707,2020-05-26
C102834,Customer_102834,41,Male,Kolkata,West Bengal,Salaried,1372000.0,577,2023-02-19
C102835,Customer_102835,35,Male,Chennai,Tamil Nadu,Professional,1676000.0,631,2017-09-19
C102836,Customer_102836,30,Male,Kolkata,West Bengal,Salaried,482000.0,674,2023-02-21
C102837,Customer_102837,26,Female,Lucknow,Uttar Pradesh,Professional,1258000.0,776,2020-09-26
C102838,Customer_102838,60,Male,Noida,Uttar Pradesh,Salaried,1005000.0,689,2022-07-05
C102839,Customer_102839,48,Male,Bengaluru,Karnataka,Salaried,250000.0,701,2026-03-12
C102840,Customer_102840,52,Other,Lucknow,Uttar Pradesh,Salaried,534000.0,740,2021-01-31
C102841,Customer_102841,26,Female,Pune,Maharashtra,Salaried,250000.0,676,2023-04-22
C102842,Customer_102842,36,Male,Jaipur,Rajasthan,Professional,979000.0,590,2023-11-23
C102843,Customer_102843,48,Female,Gurugram,Haryana,Self-Employed,419000.0,672,2018-07-26
C102844,Customer_102844,44,Male,Pune,Maharashtra,Self-Employed,904000.0,712,2026-02-03
C102845,Customer_102845,52,Male,Pune,Maharashtra,Self-Employed,1878000.0,750,2022-03-04
C102846,Customer_102846,51,Female,Pune,Maharashtra,Self-Employed,1487000.0,707,2023-12-11
C102847,Customer_102847,39,Male,Noida,Uttar Pradesh,Business Owner,543000.0,749,2018-03-08
C102848,Customer_102848,56,Female,Chennai,Tamil Nadu,Self-Employed,446000.0,780,2019-11-19
C102849,Customer_102849,32,Male,Hyderabad,Telangana,Business Owner,1367000.0,793,2025-09-28
C102850,Customer_102850,24,Female,Chennai,Tamil Nadu,Self-Employed,448000.0,731,2021-08-29
C102851,Customer_102851,62,Female,Bengaluru,Karnataka,Salaried,1246000.0,646,2017-03-14
C102852,Customer_102852,22,Female,Chennai,Tamil Nadu,Salaried,1944000.0,639,2022-07-24
C102853,Customer_102853,33,Male,Mumbai,Maharashtra,Salaried,1120000.0,645,2024-12-06
C102854,Customer_102854,26,Male,Mumbai,Maharashtra,Salaried,1324000.0,650,2017-10-07
C102855,Customer_102855,31,Female,Jaipur,Rajasthan,Salaried,1277000.0,726,2018-10-09
C102856,Customer_102856,38,Female,Delhi,Delhi,Salaried,627000.0,843,2021-07-31
C102857,Customer_102857,26,Male,Kolkata,West Bengal,Salaried,966000.0,734,2020-09-23
C102858,Customer_102858,42,Male,Gurugram,Haryana,Business Owner,467000.0,715,2017-12-15
C102859,Customer_102859,62,Female,Jaipur,Rajasthan,Business Owner,1366000.0,783,2018-10-16
C102860,Customer_102860,27,Female,Pune,Maharashtra,Salaried,416000.0,666,2021-10-02
C102861,Customer_102861,62,Female,Bengaluru,Karnataka,Professional,1130000.0,788,2022-07-31
C102862,Customer_102862,39,Female,Lucknow,Uttar Pradesh,Professional,1303000.0,783,2017-10-23
C102863,Customer_102863,47,Male,Noida,Uttar Pradesh,Professional,653000.0,724,2023-09-08
C102864,Customer_102864,40,Male,Ahmedabad,Gujarat,Salaried,562000.0,850,2020-05-13
C102865,Customer_102865,35,Female,Mumbai,Maharashtra,Salaried,782000.0,792,2026-04-19
C102866,Customer_102866,25,Female,Delhi,Delhi,Salaried,493000.0,723,2025-11-20
C102867,Customer_102867,47,Male,Hyderabad,Telangana,Self-Employed,913000.0,711,2022-10-05
C102868,Customer_102868,62,Female,Mumbai,Maharashtra,Self-Employed,483000.0,692,2017-01-26
C102869,Customer_102869,44,Male,Noida,Uttar Pradesh,Self-Employed,512000.0,712,2018-03-08
C102870,Customer_102870,47,Male,Bengaluru,Karnataka,Business Owner,1069000.0,713,2019-07-22
C102871,Customer_102871,49,Female,Hyderabad,Telangana,Professional,1097000.0,699,2021-02-07
C102872,Customer_102872,38,Male,Lucknow,Uttar Pradesh,Self-Employed,733000.0,706,2020-06-17
C102873,Customer_102873,26,Male,Gurugram,Haryana,Professional,250000.0,642,2024-03-20
C102874,Customer_102874,43,Female,Bengaluru,Karnataka,Business Owner,1318000.0,683,2022-06-30
C102875,Customer_102875,60,Male,Chennai,Tamil Nadu,Salaried,671000.0,616,2019-10-06
C102876,Customer_102876,35,Male,Kolkata,West Bengal,Business Owner,1675000.0,747,2025-12-27
C102877,Customer_102877,60,Female,Ahmedabad,Gujarat,Salaried,797000.0,725,2025-05-02
C102878,Customer_102878,59,Male,Lucknow,Uttar Pradesh,Salaried,904000.0,712,2022-12-16
C102879,Customer_102879,32,Female,Noida,Uttar Pradesh,Professional,677000.0,778,2019-01-14
C102880,Customer_102880,46,Male,Lucknow,Uttar Pradesh,Salaried,947000.0,664,2025-04-27
C102881,Customer_102881,54,Male,Delhi,Delhi,Salaried,2241000.0,674,2023-10-20
C102882,Customer_102882,43,Female,Bengaluru,Karnataka,Professional,710000.0,624,2018-07-07
C102883,Customer_102883,52,Male,Kolkata,West Bengal,Salaried,1361000.0,786,2018-08-16
C102884,Customer_102884,61,Female,Delhi,Delhi,Salaried,886000.0,759,2019-09-09
C102885,Customer_102885,49,Female,Chennai,Tamil Nadu,Salaried,1320000.0,806,2022-11-12
C102886,Customer_102886,58,Female,Mumbai,Maharashtra,Salaried,250000.0,823,2025-04-05
C102887,Customer_102887,57,Male,Lucknow,Uttar Pradesh,Salaried,1628000.0,692,2018-04-18
C102888,Customer_102888,57,Male,Delhi,Delhi,Salaried,986000.0,674,2017-01-18
C102889,Customer_102889,59,Female,Mumbai,Maharashtra,Business Owner,743000.0,603,2023-05-11
C102890,Customer_102890,31,Male,Bengaluru,Karnataka,Salaried,1211000.0,649,2021-03-23
C102891,Customer_102891,21,Female,Mumbai,Maharashtra,Self-Employed,908000.0,699,2017-09-23
C102892,Customer_102892,27,Female,Kolkata,West Bengal,Salaried,391000.0,586,2021-03-20
C102893,Customer_102893,32,Male,Chennai,Tamil Nadu,Salaried,250000.0,650,2017-05-16
C102894,Customer_102894,52,Male,Noida,Uttar Pradesh,Self-Employed,1580000.0,715,2025-10-23
C102895,Customer_102895,43,Female,Hyderabad,Telangana,Salaried,761000.0,778,2025-01-11
C102896,Customer_102896,42,Female,Kolkata,West Bengal,Salaried,605000.0,673,2021-03-08
C102897,Customer_102897,21,Male,Ahmedabad,Gujarat,Salaried,636000.0,728,2024-09-01
C102898,Customer_102898,51,Female,Ahmedabad,Gujarat,Salaried,1436000.0,841,2025-06-09
C102899,Customer_102899,37,Female,Gurugram,Haryana,Salaried,654000.0,603,2017-04-13
C102900,Customer_102900,55,Male,Bengaluru,Karnataka,Salaried,1108000.0,791,2022-06-14
C102901,Customer_102901,26,Male,Kolkata,West Bengal,Salaried,716000.0,745,2019-01-25
C102902,Customer_102902,34,Female,Gurugram,Haryana,Salaried,348000.0,802,2019-10-17
C102903,Customer_102903,23,Female,Noida,Uttar Pradesh,Salaried,1211000.0,783,2022-11-30
C102904,Customer_102904,33,Female,Ahmedabad,Gujarat,Business Owner,1291000.0,677,2018-05-20
C102905,Customer_102905,62,Male,Ahmedabad,Gujarat,Salaried,578000.0,720,2025-07-22
C102906,Customer_102906,43,Female,Noida,Uttar Pradesh,Self-Employed,835000.0,625,2021-07-25
C102907,Customer_102907,40,Female,Ahmedabad,Gujarat,Self-Employed,889000.0,686,2025-02-05
C102908,Customer_102908,33,Female,Lucknow,Uttar Pradesh,Salaried,1028000.0,722,2017-03-01
C102909,Customer_102909,32,Male,Mumbai,Maharashtra,Salaried,1639000.0,740,2024-05-14
C102910,Customer_102910,51,Male,Chennai,Tamil Nadu,Salaried,720000.0,771,2020-02-14
C102911,Customer_102911,65,Male,Mumbai,Maharashtra,Salaried,718000.0,823,2023-07-29
C102912,Customer_102912,54,Male,Mumbai,Maharashtra,Salaried,780000.0,692,2021-11-14
C102913,Customer_102913,54,Male,Pune,Maharashtra,Salaried,473000.0,794,2022-05-10
C102914,Customer_102914,42,Female,Bengaluru,Karnataka,Professional,250000.0,737,2022-03-14
C102915,Customer_102915,25,Male,Chennai,Tamil Nadu,Business Owner,904000.0,635,2021-06-28
C102916,Customer_102916,53,Female,Pune,Maharashtra,Salaried,1061000.0,710,2021-02-18
C102917,Customer_102917,57,Male,Ahmedabad,Gujarat,Professional,851000.0,728,2026-01-21
C102918,Customer_102918,43,Female,Lucknow,Uttar Pradesh,Salaried,825000.0,666,2025-12-22
C102919,Customer_102919,25,Male,Noida,Uttar Pradesh,Salaried,491000.0,652,2022-06-22
C102920,Customer_102920,53,Female,Chennai,Tamil Nadu,Salaried,951000.0,650,2018-05-20
C102921,Customer_102921,62,Female,Hyderabad,Telangana,Professional,918000.0,685,2017-06-30
C102922,Customer_102922,31,Female,Gurugram,Haryana,Salaried,1040000.0,664,2026-04-15
C102923,Customer_102923,28,Male,Mumbai,Maharashtra,Business Owner,979000.0,800,2018-09-20
C102924,Customer_102924,54,Male,Kolkata,West Bengal,Self-Employed,1008000.0,561,2023-06-09
C102925,Customer_102925,35,Female,Pune,Maharashtra,Salaried,1378000.0,727,2023-08-13
C102926,Customer_102926,53,Male,Bengaluru,Karnataka,Salaried,1079000.0,754,2024-09-05
C102927,Customer_102927,52,Female,Ahmedabad,Gujarat,Salaried,1042000.0,657,2019-11-08
C102928,Customer_102928,32,Male,Hyderabad,Telangana,Self-Employed,250000.0,705,2022-11-27
C102929,Customer_102929,22,Male,Bengaluru,Karnataka,Salaried,1271000.0,698,2021-03-31
C102930,Customer_102930,46,Female,Ahmedabad,Gujarat,Salaried,731000.0,715,2019-01-01
C102931,Customer_102931,39,Female,Bengaluru,Karnataka,Salaried,882000.0,763,2023-10-11
C102932,Customer_102932,59,Female,Jaipur,Rajasthan,Business Owner,341000.0,757,2023-12-28
C102933,Customer_102933,37,Male,Mumbai,Maharashtra,Self-Employed,1686000.0,681,2021-10-28
C102934,Customer_102934,32,Female,Pune,Maharashtra,Salaried,250000.0,622,2024-11-23
C102935,Customer_102935,59,Other,Gurugram,Haryana,Salaried,1445000.0,731,2022-10-15
C102936,Customer_102936,54,Male,Bengaluru,Karnataka,Salaried,1020000.0,677,2024-01-01
C102937,Customer_102937,48,Male,Gurugram,Haryana,Salaried,250000.0,686,2023-12-26
C102938,Customer_102938,63,Male,Jaipur,Rajasthan,Salaried,1665000.0,735,2025-02-19
C102939,Customer_102939,56,Female,Noida,Uttar Pradesh,Self-Employed,1056000.0,692,2022-12-10
C102940,Customer_102940,59,Male,Bengaluru,Karnataka,Salaried,250000.0,740,2017-08-04
C102941,Customer_102941,56,Female,Jaipur,Rajasthan,Salaried,681000.0,850,2025-12-13
C102942,Customer_102942,39,Male,Lucknow,Uttar Pradesh,Salaried,1064000.0,765,2025-12-15
C102943,Customer_102943,23,Female,Gurugram,Haryana,Salaried,1535000.0,807,2023-10-12
C102944,Customer_102944,48,Female,Bengaluru,Karnataka,Self-Employed,686000.0,753,2025-09-29
C102945,Customer_102945,55,Female,Gurugram,Haryana,Self-Employed,250000.0,725,2018-12-02
C102946,Customer_102946,65,Male,Mumbai,Maharashtra,Salaried,1434000.0,754,2025-05-08
C102947,Customer_102947,51,Male,Ahmedabad,Gujarat,Salaried,1049000.0,751,2018-03-14
C102948,Customer_102948,46,Female,Pune,Maharashtra,Self-Employed,250000.0,776,2022-12-08
C102949,Customer_102949,46,Male,Kolkata,West Bengal,Self-Employed,987000.0,724,2021-10-07
C102950,Customer_102950,26,Female,Kolkata,West Bengal,Business Owner,1029000.0,635,2024-11-18
C102951,Customer_102951,21,Male,Delhi,Delhi,Business Owner,720000.0,625,2021-12-19
C102952,Customer_102952,23,Male,Kolkata,West Bengal,Business Owner,519000.0,750,2022-08-19
C102953,Customer_102953,61,Male,Lucknow,Uttar Pradesh,Business Owner,606000.0,647,2019-12-13
C102954,Customer_102954,56,Female,Pune,Maharashtra,Professional,720000.0,765,2021-08-01
C102955,Customer_102955,32,Female,Hyderabad,Telangana,Self-Employed,992000.0,807,2020-06-06
C102956,Customer_102956,40,Male,Lucknow,Uttar Pradesh,Self-Employed,1165000.0,706,2025-09-01
C102957,Customer_102957,42,Male,Mumbai,Maharashtra,Self-Employed,250000.0,799,2022-01-24
C102958,Customer_102958,32,Male,Pune,Maharashtra,Salaried,952000.0,737,2018-12-07
C102959,Customer_102959,40,Female,Kolkata,West Bengal,Salaried,1045000.0,722,2017-06-03
C102960,Customer_102960,36,Female,Pune,Maharashtra,Professional,918000.0,725,2024-12-05
C102961,Customer_102961,52,Male,Lucknow,Uttar Pradesh,Salaried,688000.0,666,2022-10-24
C102962,Customer_102962,55,Female,Pune,Maharashtra,Salaried,1418000.0,658,2021-02-06
C102963,Customer_102963,25,Female,Lucknow,Uttar Pradesh,Salaried,1388000.0,613,2019-08-26
C102964,Customer_102964,41,Female,Delhi,Delhi,Salaried,704000.0,672,2019-09-20
C102965,Customer_102965,65,Male,Jaipur,Rajasthan,Salaried,817000.0,850,2022-10-15
C102966,Customer_102966,60,Female,Ahmedabad,Gujarat,Salaried,1159000.0,623,2021-09-18
C102967,Customer_102967,56,Female,Bengaluru,Karnataka,Salaried,1363000.0,644,2021-12-19
C102968,Customer_102968,54,Male,Bengaluru,Karnataka,Salaried,524000.0,668,2022-12-07
C102969,Customer_102969,21,Male,Jaipur,Rajasthan,Salaried,432000.0,671,2025-08-19
C102970,Customer_102970,64,Male,Ahmedabad,Gujarat,Salaried,960000.0,738,2018-09-14
C102971,Customer_102971,54,Male,Ahmedabad,Gujarat,Salaried,401000.0,680,2022-11-10
C102972,Customer_102972,60,Male,Delhi,Delhi,Salaried,250000.0,707,2023-12-29
C102973,Customer_102973,61,Female,Ahmedabad,Gujarat,Self-Employed,522000.0,665,2021-07-22
C102974,Customer_102974,32,Female,Lucknow,Uttar Pradesh,Salaried,1017000.0,689,2020-09-03
C102975,Customer_102975,21,Male,Delhi,Delhi,Professional,1471000.0,716,2021-11-27
C102976,Customer_102976,50,Male,Pune,Maharashtra,Self-Employed,566000.0,711,2023-07-21
C102977,Customer_102977,41,Female,Pune,Maharashtra,Salaried,800000.0,849,2020-03-11
C102978,Customer_102978,21,Male,Noida,Uttar Pradesh,Salaried,912000.0,718,2018-06-19
C102979,Customer_102979,33,Male,Hyderabad,Telangana,Salaried,591000.0,706,2017-10-12
C102980,Customer_102980,65,Female,Pune,Maharashtra,Salaried,559000.0,558,2017-07-10
C102981,Customer_102981,37,Male,Jaipur,Rajasthan,Professional,984000.0,736,2025-06-01
C102982,Customer_102982,32,Male,Delhi,Delhi,Self-Employed,371000.0,592,2018-07-04
C102983,Customer_102983,50,Female,Gurugram,Haryana,Business Owner,543000.0,756,2023-02-23
C102984,Customer_102984,50,Female,Gurugram,Haryana,Self-Employed,769000.0,729,2018-09-06
C102985,Customer_102985,35,Male,Jaipur,Rajasthan,Professional,979000.0,772,2021-11-21
C102986,Customer_102986,59,Female,Ahmedabad,Gujarat,Professional,250000.0,679,2024-02-03
C102987,Customer_102987,47,Female,Jaipur,Rajasthan,Salaried,798000.0,722,2018-05-13
C102988,Customer_102988,28,Male,Gurugram,Haryana,Salaried,334000.0,764,2021-08-02
C102989,Customer_102989,35,Female,Noida,Uttar Pradesh,Salaried,576000.0,660,2020-12-12
C102990,Customer_102990,59,Male,Pune,Maharashtra,Salaried,1165000.0,760,2024-02-11
C102991,Customer_102991,25,Male,Pune,Maharashtra,Salaried,820000.0,757,2022-04-10
C102992,Customer_102992,21,Male,Ahmedabad,Gujarat,Salaried,1518000.0,711,2023-12-15
C102993,Customer_102993,50,Male,Bengaluru,Karnataka,Business Owner,821000.0,823,2022-06-20
C102994,Customer_102994,40,Male,Noida,Uttar Pradesh,Salaried,1237000.0,754,2019-04-14
C102995,Customer_102995,32,Female,Gurugram,Haryana,Business Owner,1168000.0,611,2022-04-12
C102996,Customer_102996,42,Male,Ahmedabad,Gujarat,Salaried,845000.0,784,2025-06-25
C102997,Customer_102997,29,Female,Hyderabad,Telangana,Salaried,324000.0,677,2020-10-11
C102998,Customer_102998,37,Male,Chennai,Tamil Nadu,Business Owner,808000.0,772,2024-02-28
C102999,Customer_102999,31,Female,Pune,Maharashtra,Salaried,637000.0,739,2023-03-13
C103000,Customer_103000,47,Female,Ahmedabad,Gujarat,Self-Employed,621000.0,548,2017-10-18
C103001,Customer_103001,51,Male,Gurugram,Haryana,Professional,912000.0,759,2017-10-21
C103002,Customer_103002,62,Female,Jaipur,Rajasthan,Salaried,270000.0,706,2022-04-30
C103003,Customer_103003,24,Female,Lucknow,Uttar Pradesh,Salaried,500000.0,690,2018-10-23
C103004,Customer_103004,35,Male,Lucknow,Uttar Pradesh,Salaried,445000.0,693,2020-11-04
C103005,Customer_103005,32,Male,Jaipur,Rajasthan,Salaried,748000.0,771,2021-02-25
C103006,Customer_103006,47,Female,Chennai,Tamil Nadu,Professional,543000.0,660,2021-04-12
C103007,Customer_103007,44,Female,Ahmedabad,Gujarat,Business Owner,569000.0,792,2023-10-03
C103008,Customer_103008,60,Male,Pune,Maharashtra,Salaried,904000.0,621,2020-06-02
C103009,Customer_103009,62,Female,Ahmedabad,Gujarat,Self-Employed,672000.0,739,2017-12-14
C103010,Customer_103010,55,Male,Gurugram,Haryana,Professional,852000.0,770,2021-08-15
C103011,Customer_103011,29,Male,Chennai,Tamil Nadu,Salaried,404000.0,769,2025-01-23
C103012,Customer_103012,22,Female,Kolkata,West Bengal,Salaried,519000.0,732,2020-04-24
C103013,Customer_103013,61,Other,Delhi,Delhi,Business Owner,1666000.0,707,2024-02-10
C103014,Customer_103014,63,Male,Jaipur,Rajasthan,Self-Employed,571000.0,684,2021-04-23
C103015,Customer_103015,32,Male,Pune,Maharashtra,Salaried,250000.0,641,2018-10-21
C103016,Customer_103016,23,Male,Pune,Maharashtra,Salaried,987000.0,675,2022-01-27
C103017,Customer_103017,51,Female,Kolkata,West Bengal,Salaried,567000.0,658,2021-06-26
C103018,Customer_103018,47,Male,Bengaluru,Karnataka,Self-Employed,948000.0,647,2023-10-21
C103019,Customer_103019,60,Male,Ahmedabad,Gujarat,Self-Employed,814000.0,837,2023-05-26
C103020,Customer_103020,46,Male,Jaipur,Rajasthan,Salaried,1070000.0,608,2018-05-31
C103021,Customer_103021,55,Female,Chennai,Tamil Nadu,Business Owner,810000.0,793,2017-07-14
C103022,Customer_103022,56,Male,Mumbai,Maharashtra,Salaried,759000.0,640,2018-03-30
C103023,Customer_103023,21,Female,Chennai,Tamil Nadu,Self-Employed,1309000.0,654,2023-03-20
C103024,Customer_103024,27,Male,Bengaluru,Karnataka,Self-Employed,250000.0,652,2021-08-20
C103025,Customer_103025,56,Male,Chennai,Tamil Nadu,Salaried,320000.0,648,2020-07-07
C103026,Customer_103026,29,Male,Ahmedabad,Gujarat,Salaried,520000.0,780,2021-06-03
C103027,Customer_103027,30,Male,Mumbai,Maharashtra,Salaried,250000.0,758,2017-01-03
C103028,Customer_103028,54,Male,Jaipur,Rajasthan,Business Owner,658000.0,705,2022-04-02
C103029,Customer_103029,30,Male,Bengaluru,Karnataka,Self-Employed,619000.0,850,2018-07-05
C103030,Customer_103030,27,Male,Noida,Uttar Pradesh,Salaried,1240000.0,719,2022-09-17
C103031,Customer_103031,21,Male,Jaipur,Rajasthan,Professional,815000.0,724,2018-06-21
C103032,Customer_103032,42,Male,Hyderabad,Telangana,Business Owner,765000.0,675,2019-07-22
C103033,Customer_103033,49,Male,Kolkata,West Bengal,Salaried,698000.0,668,2025-10-16
C103034,Customer_103034,53,Male,Mumbai,Maharashtra,Salaried,429000.0,685,2023-01-12
C103035,Customer_103035,61,Male,Mumbai,Maharashtra,Salaried,1206000.0,775,2025-03-27
C103036,Customer_103036,50,Female,Lucknow,Uttar Pradesh,Salaried,1334000.0,757,2021-08-13
C103037,Customer_103037,55,Female,Gurugram,Haryana,Professional,365000.0,804,2023-09-27
C103038,Customer_103038,30,Female,Mumbai,Maharashtra,Self-Employed,1498000.0,673,2021-08-14
C103039,Customer_103039,36,Male,Hyderabad,Telangana,Salaried,582000.0,758,2022-11-12
C103040,Customer_103040,34,Other,Bengaluru,Karnataka,Salaried,549000.0,740,2022-07-13
C103041,Customer_103041,23,Female,Chennai,Tamil Nadu,Salaried,1039000.0,748,2017-01-15
C103042,Customer_103042,64,Male,Hyderabad,Telangana,Salaried,1075000.0,664,2022-09-13
C103043,Customer_103043,31,Male,Hyderabad,Telangana,Salaried,821000.0,652,2018-03-21
C103044,Customer_103044,41,Female,Kolkata,West Bengal,Business Owner,711000.0,755,2022-09-29
C103045,Customer_103045,37,Female,Bengaluru,Karnataka,Self-Employed,1319000.0,777,2018-02-12
C103046,Customer_103046,23,Female,Noida,Uttar Pradesh,Professional,601000.0,680,2024-09-25
C103047,Customer_103047,61,Female,Jaipur,Rajasthan,Salaried,822000.0,760,2022-06-15
C103048,Customer_103048,30,Female,Gurugram,Haryana,Salaried,1528000.0,798,2021-08-26
C103049,Customer_103049,25,Female,Bengaluru,Karnataka,Business Owner,315000.0,696,2025-09-22
C103050,Customer_103050,36,Male,Jaipur,Rajasthan,Salaried,667000.0,626,2025-10-05
C103051,Customer_103051,27,Male,Noida,Uttar Pradesh,Salaried,1260000.0,635,2019-08-10
C103052,Customer_103052,65,Female,Bengaluru,Karnataka,Professional,1061000.0,676,2025-10-23
C103053,Customer_103053,29,Male,Gurugram,Haryana,Business Owner,1208000.0,691,2020-12-10
C103054,Customer_103054,34,Male,Chennai,Tamil Nadu,Professional,321000.0,718,2020-02-15
C103055,Customer_103055,33,Male,Gurugram,Haryana,Salaried,978000.0,719,2025-10-07
C103056,Customer_103056,22,Male,Pune,Maharashtra,Self-Employed,736000.0,702,2025-03-16
C103057,Customer_103057,21,Male,Gurugram,Haryana,Salaried,1759000.0,764,2024-12-14
C103058,Customer_103058,44,Female,Mumbai,Maharashtra,Salaried,1174000.0,671,2020-12-02
C103059,Customer_103059,31,Male,Chennai,Tamil Nadu,Salaried,841000.0,802,2022-06-29
C103060,Customer_103060,24,Female,Hyderabad,Telangana,Business Owner,964000.0,781,2026-01-26
C103061,Customer_103061,34,Male,Bengaluru,Karnataka,Salaried,872000.0,776,2017-05-20
C103062,Customer_103062,33,Female,Hyderabad,Telangana,Self-Employed,1130000.0,677,2025-08-20
C103063,Customer_103063,40,Female,Chennai,Tamil Nadu,Professional,507000.0,712,2025-09-11
C103064,Customer_103064,65,Female,Mumbai,Maharashtra,Business Owner,1396000.0,767,2021-02-03
C103065,Customer_103065,34,Male,Jaipur,Rajasthan,Salaried,320000.0,707,2017-05-09
C103066,Customer_103066,52,Male,Kolkata,West Bengal,Self-Employed,932000.0,675,2020-04-03
C103067,Customer_103067,55,Female,Gurugram,Haryana,Salaried,520000.0,672,2017-12-27
C103068,Customer_103068,23,Female,Jaipur,Rajasthan,Salaried,867000.0,675,2023-05-22
C103069,Customer_103069,43,Male,Mumbai,Maharashtra,Salaried,1245000.0,645,2020-04-23
C103070,Customer_103070,41,Female,Delhi,Delhi,Self-Employed,250000.0,850,2020-06-03
C103071,Customer_103071,43,Female,Pune,Maharashtra,Business Owner,782000.0,593,2022-04-05
C103072,Customer_103072,28,Male,Pune,Maharashtra,Professional,274000.0,656,2023-02-24
C103073,Customer_103073,41,Female,Bengaluru,Karnataka,Salaried,738000.0,759,2018-03-19
C103074,Customer_103074,26,Male,Gurugram,Haryana,Salaried,273000.0,676,2020-12-03
C103075,Customer_103075,63,Male,Kolkata,West Bengal,Salaried,915000.0,697,2017-11-16
C103076,Customer_103076,47,Female,Jaipur,Rajasthan,Professional,680000.0,746,2021-09-03
C103077,Customer_103077,22,Male,Mumbai,Maharashtra,Business Owner,1149000.0,787,2020-02-01
C103078,Customer_103078,43,Female,Gurugram,Haryana,Professional,1341000.0,702,2020-07-11
C103079,Customer_103079,62,Female,Bengaluru,Karnataka,Salaried,854000.0,780,2018-09-09
C103080,Customer_103080,54,Other,Pune,Maharashtra,Salaried,1207000.0,610,2024-06-01
C103081,Customer_103081,33,Male,Pune,Maharashtra,Self-Employed,1403000.0,681,2019-08-12
C103082,Customer_103082,61,Male,Gurugram,Haryana,Salaried,481000.0,752,2022-08-07
C103083,Customer_103083,29,Male,Hyderabad,Telangana,Salaried,1424000.0,848,2023-01-03
C103084,Customer_103084,32,Female,Bengaluru,Karnataka,Salaried,835000.0,657,2023-05-13
C103085,Customer_103085,27,Male,Chennai,Tamil Nadu,Salaried,459000.0,646,2017-01-24
C103086,Customer_103086,62,Female,Chennai,Tamil Nadu,Salaried,969000.0,742,2024-08-23
C103087,Customer_103087,53,Male,Bengaluru,Karnataka,Professional,821000.0,723,2023-01-26
C103088,Customer_103088,44,Male,Bengaluru,Karnataka,Self-Employed,287000.0,673,2024-05-31
C103089,Customer_103089,51,Female,Bengaluru,Karnataka,Business Owner,410000.0,641,2023-11-20
C103090,Customer_103090,32,Female,Pune,Maharashtra,Salaried,1505000.0,687,2021-09-29
C103091,Customer_103091,24,Male,Chennai,Tamil Nadu,Business Owner,961000.0,754,2023-12-02
C103092,Customer_103092,59,Female,Chennai,Tamil Nadu,Salaried,1443000.0,698,2019-05-15
C103093,Customer_103093,64,Male,Jaipur,Rajasthan,Salaried,683000.0,796,2020-03-03
C103094,Customer_103094,22,Female,Bengaluru,Karnataka,Salaried,529000.0,711,2020-05-20
C103095,Customer_103095,23,Male,Noida,Uttar Pradesh,Salaried,250000.0,759,2020-08-17
C103096,Customer_103096,46,Female,Gurugram,Haryana,Professional,1237000.0,738,2022-02-20
C103097,Customer_103097,22,Male,Bengaluru,Karnataka,Business Owner,1014000.0,694,2023-11-06
C103098,Customer_103098,53,Male,Hyderabad,Telangana,Salaried,687000.0,774,2019-03-23
C103099,Customer_103099,63,Female,Bengaluru,Karnataka,Self-Employed,533000.0,641,2020-01-21
C103100,Customer_103100,33,Male,Hyderabad,Telangana,Salaried,1301000.0,684,2024-04-08
C103101,Customer_103101,34,Male,Chennai,Tamil Nadu,Salaried,779000.0,693,2024-04-10
C103102,Customer_103102,59,Male,Mumbai,Maharashtra,Self-Employed,783000.0,745,2019-02-19
C103103,Customer_103103,37,Male,Delhi,Delhi,Business Owner,610000.0,761,2017-12-18
C103104,Customer_103104,31,Female,Pune,Maharashtra,Business Owner,687000.0,667,2020-02-14
C103105,Customer_103105,24,Male,Jaipur,Rajasthan,Salaried,1070000.0,658,2018-02-09
C103106,Customer_103106,58,Female,Hyderabad,Telangana,Salaried,283000.0,725,2022-11-22
C103107,Customer_103107,62,Female,Noida,Uttar Pradesh,Salaried,882000.0,620,2023-09-15
C103108,Customer_103108,24,Male,Chennai,Tamil Nadu,Salaried,1232000.0,786,2023-07-01
C103109,Customer_103109,57,Female,Noida,Uttar Pradesh,Salaried,816000.0,705,2020-03-01
C103110,Customer_103110,28,Male,Bengaluru,Karnataka,Salaried,1272000.0,644,2020-09-03
C103111,Customer_103111,27,Male,Kolkata,West Bengal,Salaried,1386000.0,643,2021-07-08
C103112,Customer_103112,38,Male,Gurugram,Haryana,Salaried,1211000.0,740,2024-01-14
C103113,Customer_103113,40,Male,Delhi,Delhi,Self-Employed,635000.0,739,2025-11-09
C103114,Customer_103114,59,Male,Lucknow,Uttar Pradesh,Salaried,836000.0,670,2025-05-25
C103115,Customer_103115,52,Male,Chennai,Tamil Nadu,Salaried,988000.0,713,2020-02-27
C103116,Customer_103116,27,Female,Pune,Maharashtra,Professional,662000.0,647,2018-07-13
C103117,Customer_103117,47,Female,Ahmedabad,Gujarat,Professional,649000.0,703,2017-06-27
C103118,Customer_103118,60,Female,Ahmedabad,Gujarat,Salaried,625000.0,816,2025-07-12
C103119,Customer_103119,50,Female,Delhi,Delhi,Salaried,1867000.0,850,2025-10-11
C103120,Customer_103120,31,Female,Noida,Uttar Pradesh,Salaried,742000.0,706,2022-01-04
C103121,Customer_103121,26,Male,Ahmedabad,Gujarat,Professional,1277000.0,748,2017-08-21
C103122,Customer_103122,41,Female,Lucknow,Uttar Pradesh,Salaried,502000.0,746,2021-03-07
C103123,Customer_103123,42,Male,Pune,Maharashtra,Salaried,1531000.0,608,2023-09-23
C103124,Customer_103124,36,Female,Ahmedabad,Gujarat,Self-Employed,699000.0,645,2024-05-29
C103125,Customer_103125,25,Female,Pune,Maharashtra,Self-Employed,871000.0,569,2024-04-09
C103126,Customer_103126,26,Male,Noida,Uttar Pradesh,Salaried,250000.0,749,2024-04-19
C103127,Customer_103127,44,Female,Gurugram,Haryana,Salaried,1297000.0,846,2017-11-21
C103128,Customer_103128,63,Female,Noida,Uttar Pradesh,Salaried,1383000.0,789,2023-05-10
C103129,Customer_103129,47,Female,Kolkata,West Bengal,Salaried,375000.0,723,2026-03-27
C103130,Customer_103130,40,Male,Gurugram,Haryana,Salaried,1320000.0,714,2020-10-20
C103131,Customer_103131,62,Female,Chennai,Tamil Nadu,Business Owner,315000.0,697,2021-10-11
C103132,Customer_103132,52,Female,Pune,Maharashtra,Business Owner,1103000.0,789,2019-06-28
C103133,Customer_103133,53,Male,Gurugram,Haryana,Self-Employed,735000.0,734,2024-06-17
C103134,Customer_103134,46,Female,Delhi,Delhi,Self-Employed,1385000.0,724,2020-05-10
C103135,Customer_103135,55,Male,Jaipur,Rajasthan,Salaried,950000.0,648,2026-03-12
C103136,Customer_103136,43,Female,Delhi,Delhi,Salaried,1223000.0,759,2022-05-04
C103137,Customer_103137,48,Male,Kolkata,West Bengal,Self-Employed,1345000.0,710,2020-03-06
C103138,Customer_103138,48,Male,Pune,Maharashtra,Salaried,734000.0,746,2022-04-02
C103139,Customer_103139,54,Male,Pune,Maharashtra,Salaried,838000.0,785,2017-05-16
C103140,Customer_103140,61,Female,Pune,Maharashtra,Salaried,406000.0,614,2025-08-08
C103141,Customer_103141,34,Female,Pune,Maharashtra,Business Owner,730000.0,701,2021-04-06
C103142,Customer_103142,52,Male,Chennai,Tamil Nadu,Self-Employed,1621000.0,691,2021-04-02
C103143,Customer_103143,22,Male,Pune,Maharashtra,Salaried,1152000.0,686,2020-10-24
C103144,Customer_103144,44,Female,Kolkata,West Bengal,Salaried,432000.0,647,2023-03-17
C103145,Customer_103145,61,Male,Gurugram,Haryana,Business Owner,1503000.0,673,2024-04-09
C103146,Customer_103146,50,Male,Kolkata,West Bengal,Salaried,1006000.0,649,2023-02-23
C103147,Customer_103147,33,Female,Ahmedabad,Gujarat,Salaried,1182000.0,774,2018-03-05
C103148,Customer_103148,48,Male,Noida,Uttar Pradesh,Business Owner,1046000.0,745,2023-10-24
C103149,Customer_103149,37,Female,Lucknow,Uttar Pradesh,Self-Employed,1018000.0,740,2022-12-31
C103150,Customer_103150,40,Male,Mumbai,Maharashtra,Salaried,250000.0,595,2026-03-25
C103151,Customer_103151,31,Female,Jaipur,Rajasthan,Salaried,1293000.0,847,2019-06-23
C103152,Customer_103152,49,Female,Bengaluru,Karnataka,Professional,250000.0,693,2024-06-19
C103153,Customer_103153,29,Male,Bengaluru,Karnataka,Salaried,1256000.0,833,2025-02-27
C103154,Customer_103154,40,Female,Gurugram,Haryana,Professional,890000.0,769,2017-05-15
C103155,Customer_103155,63,Female,Delhi,Delhi,Business Owner,1184000.0,705,2025-07-13
C103156,Customer_103156,55,Female,Noida,Uttar Pradesh,Professional,913000.0,850,2024-07-22
C103157,Customer_103157,39,Male,Gurugram,Haryana,Salaried,1268000.0,757,2024-06-22
C103158,Customer_103158,64,Male,Lucknow,Uttar Pradesh,Salaried,856000.0,705,2026-04-23
C103159,Customer_103159,21,Female,Jaipur,Rajasthan,Salaried,962000.0,695,2018-11-14
C103160,Customer_103160,64,Male,Noida,Uttar Pradesh,Salaried,1012000.0,787,2017-05-09
C103161,Customer_103161,36,Male,Mumbai,Maharashtra,Salaried,1601000.0,685,2022-09-19
C103162,Customer_103162,57,Male,Noida,Uttar Pradesh,Salaried,1090000.0,695,2022-07-24
C103163,Customer_103163,63,Female,Mumbai,Maharashtra,Salaried,323000.0,681,2024-12-20
C103164,Customer_103164,48,Male,Hyderabad,Telangana,Self-Employed,624000.0,671,2022-07-31
C103165,Customer_103165,48,Male,Mumbai,Maharashtra,Salaried,1089000.0,675,2018-01-14
C103166,Customer_103166,54,Female,Chennai,Tamil Nadu,Salaried,1354000.0,835,2021-11-20
C103167,Customer_103167,31,Male,Jaipur,Rajasthan,Salaried,561000.0,785,2020-08-05
C103168,Customer_103168,29,Male,Hyderabad,Telangana,Self-Employed,1746000.0,735,2025-02-24
C103169,Customer_103169,36,Male,Gurugram,Haryana,Salaried,920000.0,684,2023-07-27
C103170,Customer_103170,42,Male,Ahmedabad,Gujarat,Business Owner,1018000.0,684,2024-07-31
C103171,Customer_103171,54,Other,Ahmedabad,Gujarat,Salaried,348000.0,696,2023-10-29
C103172,Customer_103172,32,Male,Lucknow,Uttar Pradesh,Self-Employed,1296000.0,836,2018-08-08
C103173,Customer_103173,46,Female,Pune,Maharashtra,Business Owner,672000.0,739,2025-01-01
C103174,Customer_103174,21,Male,Chennai,Tamil Nadu,Salaried,552000.0,769,2017-12-17
C103175,Customer_103175,22,Male,Lucknow,Uttar Pradesh,Self-Employed,723000.0,733,2019-06-19
C103176,Customer_103176,64,Male,Kolkata,West Bengal,Professional,1403000.0,662,2018-07-21
C103177,Customer_103177,59,Male,Ahmedabad,Gujarat,Salaried,1036000.0,727,2017-11-02
C103178,Customer_103178,59,Male,Hyderabad,Telangana,Salaried,494000.0,650,2025-04-03
C103179,Customer_103179,35,Male,Bengaluru,Karnataka,Professional,638000.0,798,2018-03-31
C103180,Customer_103180,44,Female,Bengaluru,Karnataka,Business Owner,1414000.0,671,2017-12-01
C103181,Customer_103181,51,Male,Bengaluru,Karnataka,Self-Employed,755000.0,683,2017-11-17
C103182,Customer_103182,32,Female,Bengaluru,Karnataka,Salaried,1074000.0,773,2023-01-06
C103183,Customer_103183,54,Male,Jaipur,Rajasthan,Salaried,1172000.0,675,2019-02-19
C103184,Customer_103184,52,Male,Delhi,Delhi,Professional,250000.0,706,2023-05-13
C103185,Customer_103185,39,Female,Ahmedabad,Gujarat,Self-Employed,1356000.0,549,2019-06-20
C103186,Customer_103186,40,Male,Lucknow,Uttar Pradesh,Salaried,509000.0,699,2019-01-12
C103187,Customer_103187,34,Male,Gurugram,Haryana,Salaried,706000.0,759,2018-07-20
C103188,Customer_103188,57,Male,Chennai,Tamil Nadu,Business Owner,1466000.0,679,2019-02-21
C103189,Customer_103189,65,Male,Delhi,Delhi,Self-Employed,1429000.0,756,2019-03-13
C103190,Customer_103190,65,Female,Noida,Uttar Pradesh,Professional,1047000.0,719,2024-10-12
C103191,Customer_103191,55,Male,Delhi,Delhi,Salaried,1141000.0,791,2021-12-15
C103192,Customer_103192,36,Female,Jaipur,Rajasthan,Salaried,1241000.0,672,2020-11-29
C103193,Customer_103193,56,Male,Jaipur,Rajasthan,Salaried,1422000.0,704,2025-05-23
C103194,Customer_103194,31,Male,Bengaluru,Karnataka,Salaried,1473000.0,624,2021-08-26
C103195,Customer_103195,61,Male,Jaipur,Rajasthan,Salaried,893000.0,714,2025-02-25
C103196,Customer_103196,33,Male,Bengaluru,Karnataka,Salaried,555000.0,693,2020-09-12
C103197,Customer_103197,39,Female,Bengaluru,Karnataka,Salaried,748000.0,782,2026-02-19
C103198,Customer_103198,25,Female,Gurugram,Haryana,Salaried,901000.0,679,2018-09-15
C103199,Customer_103199,24,Male,Lucknow,Uttar Pradesh,Business Owner,829000.0,692,2021-10-18
C103200,Customer_103200,38,Male,Hyderabad,Telangana,Salaried,445000.0,676,2021-02-02
C103201,Customer_103201,45,Female,Lucknow,Uttar Pradesh,Salaried,1025000.0,722,2025-04-11
C103202,Customer_103202,21,Male,Noida,Uttar Pradesh,Self-Employed,250000.0,849,2019-07-05
C103203,Customer_103203,59,Female,Gurugram,Haryana,Salaried,884000.0,500,2020-03-12
C103204,Customer_103204,26,Male,Mumbai,Maharashtra,Salaried,910000.0,717,2019-10-18
C103205,Customer_103205,65,Male,Hyderabad,Telangana,Business Owner,896000.0,796,2022-10-11
C103206,Customer_103206,33,Male,Jaipur,Rajasthan,Self-Employed,1190000.0,687,2018-11-17
C103207,Customer_103207,38,Male,Lucknow,Uttar Pradesh,Salaried,1137000.0,754,2021-06-10
C103208,Customer_103208,28,Female,Gurugram,Haryana,Business Owner,1739000.0,797,2022-11-01
C103209,Customer_103209,58,Female,Pune,Maharashtra,Professional,643000.0,702,2019-01-03
C103210,Customer_103210,53,Female,Bengaluru,Karnataka,Business Owner,962000.0,678,2019-09-03
C103211,Customer_103211,24,Female,Lucknow,Uttar Pradesh,Salaried,936000.0,781,2018-04-22
C103212,Customer_103212,25,Male,Hyderabad,Telangana,Self-Employed,917000.0,752,2018-07-18
C103213,Customer_103213,48,Male,Chennai,Tamil Nadu,Salaried,344000.0,716,2025-08-07
C103214,Customer_103214,59,Male,Lucknow,Uttar Pradesh,Salaried,377000.0,760,2024-07-11
C103215,Customer_103215,25,Female,Kolkata,West Bengal,Salaried,853000.0,782,2018-10-20
C103216,Customer_103216,30,Male,Hyderabad,Telangana,Business Owner,250000.0,717,2022-05-12
C103217,Customer_103217,45,Female,Delhi,Delhi,Salaried,716000.0,740,2017-12-26
C103218,Customer_103218,25,Female,Pune,Maharashtra,Professional,591000.0,754,2024-12-30
C103219,Customer_103219,34,Female,Lucknow,Uttar Pradesh,Professional,731000.0,690,2024-01-31
C103220,Customer_103220,21,Female,Pune,Maharashtra,Salaried,1303000.0,797,2024-04-10
C103221,Customer_103221,43,Female,Jaipur,Rajasthan,Salaried,419000.0,653,2019-11-30
C103222,Customer_103222,53,Female,Hyderabad,Telangana,Professional,1198000.0,711,2020-06-18
C103223,Customer_103223,39,Female,Gurugram,Haryana,Salaried,621000.0,770,2025-02-22
C103224,Customer_103224,32,Male,Gurugram,Haryana,Business Owner,671000.0,651,2022-03-25
C103225,Customer_103225,40,Female,Ahmedabad,Gujarat,Salaried,1036000.0,777,2022-06-02
C103226,Customer_103226,43,Male,Gurugram,Haryana,Salaried,740000.0,732,2026-03-10
C103227,Customer_103227,28,Female,Kolkata,West Bengal,Salaried,493000.0,806,2024-08-27
C103228,Customer_103228,26,Female,Chennai,Tamil Nadu,Salaried,702000.0,760,2020-05-02
C103229,Customer_103229,29,Male,Jaipur,Rajasthan,Professional,250000.0,709,2017-06-20
C103230,Customer_103230,65,Female,Noida,Uttar Pradesh,Salaried,1002000.0,735,2019-03-26
C103231,Customer_103231,53,Male,Noida,Uttar Pradesh,Salaried,250000.0,737,2024-01-16
C103232,Customer_103232,26,Female,Bengaluru,Karnataka,Self-Employed,1205000.0,850,2018-07-09
C103233,Customer_103233,34,Female,Jaipur,Rajasthan,Professional,1096000.0,726,2019-11-01
C103234,Customer_103234,39,Female,Delhi,Delhi,Salaried,1491000.0,711,2025-10-01
C103235,Customer_103235,29,Female,Kolkata,West Bengal,Business Owner,1723000.0,707,2021-01-31
C103236,Customer_103236,59,Male,Kolkata,West Bengal,Salaried,1224000.0,732,2019-04-29
C103237,Customer_103237,63,Male,Chennai,Tamil Nadu,Business Owner,599000.0,646,2022-02-07
C103238,Customer_103238,32,Female,Lucknow,Uttar Pradesh,Self-Employed,1719000.0,695,2025-08-20
C103239,Customer_103239,21,Male,Noida,Uttar Pradesh,Professional,372000.0,654,2019-01-02
C103240,Customer_103240,33,Male,Delhi,Delhi,Self-Employed,250000.0,663,2022-07-06
C103241,Customer_103241,47,Male,Bengaluru,Karnataka,Professional,1591000.0,772,2024-05-26
C103242,Customer_103242,57,Male,Bengaluru,Karnataka,Salaried,1091000.0,722,2022-06-30
C103243,Customer_103243,36,Other,Noida,Uttar Pradesh,Business Owner,250000.0,672,2025-03-12
C103244,Customer_103244,33,Male,Kolkata,West Bengal,Self-Employed,308000.0,710,2020-09-22
C103245,Customer_103245,32,Male,Jaipur,Rajasthan,Salaried,1071000.0,704,2024-05-16
C103246,Customer_103246,21,Female,Gurugram,Haryana,Professional,502000.0,723,2020-09-08
C103247,Customer_103247,21,Female,Gurugram,Haryana,Business Owner,560000.0,622,2017-07-24
C103248,Customer_103248,40,Male,Mumbai,Maharashtra,Professional,1637000.0,649,2019-12-27
C103249,Customer_103249,48,Female,Mumbai,Maharashtra,Salaried,1709000.0,626,2018-05-02
C103250,Customer_103250,21,Male,Chennai,Tamil Nadu,Business Owner,909000.0,662,2023-10-17
C103251,Customer_103251,30,Female,Chennai,Tamil Nadu,Salaried,790000.0,673,2020-09-25
C103252,Customer_103252,61,Male,Jaipur,Rajasthan,Professional,1211000.0,653,2023-11-17
C103253,Customer_103253,65,Male,Mumbai,Maharashtra,Salaried,625000.0,770,2023-12-17
C103254,Customer_103254,49,Male,Chennai,Tamil Nadu,Self-Employed,250000.0,840,2021-12-12
C103255,Customer_103255,44,Female,Bengaluru,Karnataka,Salaried,250000.0,774,2025-08-22
C103256,Customer_103256,47,Male,Bengaluru,Karnataka,Self-Employed,821000.0,683,2021-03-07
C103257,Customer_103257,37,Male,Bengaluru,Karnataka,Salaried,1203000.0,734,2023-06-07
C103258,Customer_103258,30,Female,Bengaluru,Karnataka,Professional,856000.0,716,2022-12-02
C103259,Customer_103259,37,Male,Kolkata,West Bengal,Professional,1174000.0,680,2023-08-15
C103260,Customer_103260,52,Female,Chennai,Tamil Nadu,Salaried,1214000.0,806,2021-07-29
C103261,Customer_103261,50,Male,Pune,Maharashtra,Business Owner,1404000.0,850,2020-12-25
C103262,Customer_103262,51,Male,Pune,Maharashtra,Self-Employed,925000.0,624,2024-09-03
C103263,Customer_103263,48,Male,Jaipur,Rajasthan,Salaried,960000.0,814,2025-05-22
C103264,Customer_103264,23,Male,Noida,Uttar Pradesh,Salaried,835000.0,682,2017-08-10
C103265,Customer_103265,49,Male,Kolkata,West Bengal,Salaried,747000.0,703,2026-02-07
C103266,Customer_103266,60,Female,Ahmedabad,Gujarat,Salaried,250000.0,738,2025-05-27
C103267,Customer_103267,50,Female,Jaipur,Rajasthan,Salaried,1319000.0,821,2022-06-10
C103268,Customer_103268,47,Male,Jaipur,Rajasthan,Salaried,696000.0,738,2021-11-19
C103269,Customer_103269,31,Male,Mumbai,Maharashtra,Salaried,674000.0,747,2021-04-05
C103270,Customer_103270,56,Female,Lucknow,Uttar Pradesh,Professional,633000.0,775,2021-09-28
C103271,Customer_103271,41,Male,Mumbai,Maharashtra,Salaried,314000.0,786,2018-08-22
C103272,Customer_103272,32,Female,Chennai,Tamil Nadu,Professional,816000.0,753,2020-08-22
C103273,Customer_103273,43,Female,Ahmedabad,Gujarat,Business Owner,1057000.0,786,2025-10-25
C103274,Customer_103274,26,Male,Chennai,Tamil Nadu,Business Owner,568000.0,681,2021-12-15
C103275,Customer_103275,62,Female,Bengaluru,Karnataka,Salaried,1265000.0,607,2020-05-19
C103276,Customer_103276,52,Female,Lucknow,Uttar Pradesh,Salaried,703000.0,839,2019-01-20
C103277,Customer_103277,35,Female,Delhi,Delhi,Professional,250000.0,653,2024-03-07
C103278,Customer_103278,56,Female,Bengaluru,Karnataka,Business Owner,1399000.0,685,2021-08-18
C103279,Customer_103279,23,Male,Lucknow,Uttar Pradesh,Business Owner,929000.0,698,2022-05-22
C103280,Customer_103280,38,Female,Jaipur,Rajasthan,Salaried,1195000.0,687,2020-09-15
C103281,Customer_103281,50,Male,Mumbai,Maharashtra,Self-Employed,1205000.0,673,2017-04-29
C103282,Customer_103282,22,Male,Gurugram,Haryana,Salaried,472000.0,750,2019-09-27
C103283,Customer_103283,52,Other,Lucknow,Uttar Pradesh,Self-Employed,641000.0,751,2022-07-07
C103284,Customer_103284,57,Male,Mumbai,Maharashtra,Business Owner,1264000.0,760,2018-12-23
C103285,Customer_103285,47,Female,Chennai,Tamil Nadu,Salaried,1584000.0,756,2021-09-18
C103286,Customer_103286,30,Female,Pune,Maharashtra,Salaried,875000.0,693,2025-01-03
C103287,Customer_103287,54,Female,Mumbai,Maharashtra,Salaried,599000.0,693,2018-10-05
C103288,Customer_103288,36,Female,Bengaluru,Karnataka,Salaried,1523000.0,793,2024-11-30
C103289,Customer_103289,54,Female,Bengaluru,Karnataka,Salaried,599000.0,686,2018-04-20
C103290,Customer_103290,49,Other,Bengaluru,Karnataka,Salaried,982000.0,685,2021-07-08
C103291,Customer_103291,25,Female,Chennai,Tamil Nadu,Salaried,679000.0,780,2023-01-17
C103292,Customer_103292,25,Female,Pune,Maharashtra,Self-Employed,958000.0,719,2019-02-26
C103293,Customer_103293,21,Female,Bengaluru,Karnataka,Business Owner,472000.0,687,2019-02-23
C103294,Customer_103294,24,Male,Hyderabad,Telangana,Salaried,700000.0,688,2021-03-12
C103295,Customer_103295,34,Male,Bengaluru,Karnataka,Salaried,599000.0,793,2017-03-12
C103296,Customer_103296,22,Male,Gurugram,Haryana,Business Owner,1115000.0,758,2025-08-14
C103297,Customer_103297,63,Male,Bengaluru,Karnataka,Salaried,915000.0,735,2019-05-27
C103298,Customer_103298,62,Male,Noida,Uttar Pradesh,Salaried,1202000.0,644,2024-04-03
C103299,Customer_103299,28,Female,Kolkata,West Bengal,Salaried,520000.0,736,2019-09-08
C103300,Customer_103300,35,Female,Gurugram,Haryana,Professional,767000.0,706,2024-07-08
C103301,Customer_103301,54,Female,Ahmedabad,Gujarat,Salaried,1100000.0,661,2018-09-18
C103302,Customer_103302,50,Female,Hyderabad,Telangana,Professional,1193000.0,681,2023-07-18
C103303,Customer_103303,47,Female,Ahmedabad,Gujarat,Salaried,272000.0,765,2023-09-16
C103304,Customer_103304,65,Female,Hyderabad,Telangana,Salaried,977000.0,801,2023-09-28
C103305,Customer_103305,49,Female,Mumbai,Maharashtra,Salaried,525000.0,651,2017-07-05
C103306,Customer_103306,51,Male,Hyderabad,Telangana,Business Owner,1214000.0,659,2018-05-24
C103307,Customer_103307,43,Female,Hyderabad,Telangana,Salaried,1594000.0,765,2025-02-07
C103308,Customer_103308,44,Male,Mumbai,Maharashtra,Self-Employed,250000.0,693,2020-03-25
C103309,Customer_103309,34,Male,Delhi,Delhi,Professional,588000.0,756,2024-06-21
C103310,Customer_103310,44,Male,Lucknow,Uttar Pradesh,Salaried,956000.0,693,2024-09-29
C103311,Customer_103311,62,Female,Kolkata,West Bengal,Salaried,848000.0,758,2023-06-16
C103312,Customer_103312,37,Female,Chennai,Tamil Nadu,Self-Employed,1226000.0,631,2018-08-26
C103313,Customer_103313,26,Male,Lucknow,Uttar Pradesh,Salaried,882000.0,756,2020-02-12
C103314,Customer_103314,47,Female,Bengaluru,Karnataka,Self-Employed,638000.0,584,2017-09-13
C103315,Customer_103315,56,Male,Chennai,Tamil Nadu,Professional,442000.0,780,2017-01-20
C103316,Customer_103316,64,Male,Noida,Uttar Pradesh,Salaried,375000.0,718,2024-11-17
C103317,Customer_103317,45,Male,Ahmedabad,Gujarat,Salaried,553000.0,749,2021-06-10
C103318,Customer_103318,56,Male,Chennai,Tamil Nadu,Self-Employed,624000.0,735,2024-04-08
C103319,Customer_103319,32,Female,Hyderabad,Telangana,Salaried,1004000.0,609,2018-06-17
C103320,Customer_103320,40,Male,Delhi,Delhi,Salaried,787000.0,809,2018-06-22
C103321,Customer_103321,39,Male,Mumbai,Maharashtra,Salaried,590000.0,742,2022-03-31
C103322,Customer_103322,35,Male,Mumbai,Maharashtra,Salaried,446000.0,769,2021-12-01
C103323,Customer_103323,53,Female,Gurugram,Haryana,Salaried,569000.0,668,2020-11-06
C103324,Customer_103324,60,Other,Ahmedabad,Gujarat,Self-Employed,624000.0,736,2017-05-22
C103325,Customer_103325,35,Female,Pune,Maharashtra,Salaried,551000.0,635,2019-06-15
C103326,Customer_103326,27,Female,Gurugram,Haryana,Salaried,1119000.0,730,2018-05-20
C103327,Customer_103327,58,Female,Mumbai,Maharashtra,Professional,1397000.0,659,2018-07-19
C103328,Customer_103328,59,Male,Bengaluru,Karnataka,Salaried,380000.0,850,2019-05-25
C103329,Customer_103329,63,Male,Chennai,Tamil Nadu,Salaried,1298000.0,759,2023-03-17
C103330,Customer_103330,32,Male,Lucknow,Uttar Pradesh,Professional,1127000.0,807,2023-07-22
C103331,Customer_103331,53,Male,Ahmedabad,Gujarat,Salaried,922000.0,704,2024-06-19
C103332,Customer_103332,53,Male,Noida,Uttar Pradesh,Professional,1461000.0,746,2019-11-03
C103333,Customer_103333,56,Male,Bengaluru,Karnataka,Self-Employed,782000.0,779,2022-01-12
C103334,Customer_103334,57,Male,Noida,Uttar Pradesh,Salaried,1011000.0,650,2024-07-18
C103335,Customer_103335,63,Male,Delhi,Delhi,Salaried,899000.0,676,2021-07-16
C103336,Customer_103336,42,Male,Bengaluru,Karnataka,Salaried,870000.0,783,2017-03-22
C103337,Customer_103337,24,Male,Kolkata,West Bengal,Business Owner,1034000.0,706,2021-08-16
C103338,Customer_103338,29,Female,Delhi,Delhi,Salaried,869000.0,671,2017-01-15
C103339,Customer_103339,60,Female,Noida,Uttar Pradesh,Business Owner,1036000.0,679,2020-08-08
C103340,Customer_103340,59,Male,Noida,Uttar Pradesh,Business Owner,582000.0,641,2019-10-17
C103341,Customer_103341,21,Male,Kolkata,West Bengal,Self-Employed,595000.0,593,2025-07-09
C103342,Customer_103342,37,Male,Hyderabad,Telangana,Salaried,580000.0,610,2023-10-22
C103343,Customer_103343,32,Male,Mumbai,Maharashtra,Business Owner,704000.0,723,2023-02-18
C103344,Customer_103344,35,Male,Ahmedabad,Gujarat,Self-Employed,1255000.0,764,2025-11-10
C103345,Customer_103345,49,Male,Kolkata,West Bengal,Salaried,665000.0,850,2025-10-09
C103346,Customer_103346,43,Female,Gurugram,Haryana,Professional,1111000.0,717,2019-12-09
C103347,Customer_103347,42,Female,Ahmedabad,Gujarat,Salaried,956000.0,637,2022-02-19
C103348,Customer_103348,40,Female,Mumbai,Maharashtra,Professional,673000.0,718,2022-03-09
C103349,Customer_103349,49,Female,Mumbai,Maharashtra,Salaried,1374000.0,766,2017-03-22
C103350,Customer_103350,51,Female,Gurugram,Haryana,Salaried,1144000.0,787,2017-05-21
C103351,Customer_103351,22,Female,Mumbai,Maharashtra,Self-Employed,851000.0,781,2020-02-27
C103352,Customer_103352,27,Female,Lucknow,Uttar Pradesh,Salaried,818000.0,757,2017-01-05
C103353,Customer_103353,36,Female,Mumbai,Maharashtra,Salaried,887000.0,726,2023-06-04
C103354,Customer_103354,40,Female,Jaipur,Rajasthan,Salaried,250000.0,768,2017-02-23
C103355,Customer_103355,65,Female,Lucknow,Uttar Pradesh,Business Owner,520000.0,643,2019-02-13
C103356,Customer_103356,61,Female,Pune,Maharashtra,Salaried,1035000.0,589,2017-11-27
C103357,Customer_103357,50,Male,Delhi,Delhi,Self-Employed,250000.0,850,2021-08-27
C103358,Customer_103358,22,Male,Noida,Uttar Pradesh,Self-Employed,551000.0,717,2025-02-20
C103359,Customer_103359,25,Male,Bengaluru,Karnataka,Salaried,693000.0,755,2017-07-04
C103360,Customer_103360,41,Male,Kolkata,West Bengal,Salaried,2011000.0,538,2022-12-21
C103361,Customer_103361,47,Male,Lucknow,Uttar Pradesh,Salaried,1119000.0,820,2022-01-17
C103362,Customer_103362,50,Male,Jaipur,Rajasthan,Professional,1289000.0,795,2025-05-13
C103363,Customer_103363,27,Male,Delhi,Delhi,Business Owner,528000.0,618,2022-07-19
C103364,Customer_103364,60,Female,Gurugram,Haryana,Professional,995000.0,699,2024-10-09
C103365,Customer_103365,43,Male,Mumbai,Maharashtra,Business Owner,250000.0,737,2023-06-09
C103366,Customer_103366,47,Male,Jaipur,Rajasthan,Business Owner,718000.0,638,2024-02-15
C103367,Customer_103367,22,Male,Ahmedabad,Gujarat,Professional,1052000.0,752,2021-07-10
C103368,Customer_103368,58,Male,Hyderabad,Telangana,Salaried,283000.0,788,2020-04-17
C103369,Customer_103369,45,Female,Pune,Maharashtra,Professional,1007000.0,741,2021-10-07
C103370,Customer_103370,31,Female,Mumbai,Maharashtra,Salaried,1040000.0,618,2018-04-01
C103371,Customer_103371,35,Male,Lucknow,Uttar Pradesh,Salaried,609000.0,653,2023-08-19
C103372,Customer_103372,36,Female,Bengaluru,Karnataka,Salaried,516000.0,712,2017-12-18
C103373,Customer_103373,22,Male,Hyderabad,Telangana,Salaried,564000.0,704,2025-09-07
C103374,Customer_103374,63,Female,Kolkata,West Bengal,Salaried,711000.0,705,2017-03-27
C103375,Customer_103375,57,Female,Jaipur,Rajasthan,Salaried,723000.0,703,2018-01-17
C103376,Customer_103376,60,Female,Kolkata,West Bengal,Salaried,1054000.0,603,2018-08-28
C103377,Customer_103377,36,Male,Kolkata,West Bengal,Professional,636000.0,772,2018-09-17
C103378,Customer_103378,46,Female,Kolkata,West Bengal,Salaried,1491000.0,761,2017-03-07
C103379,Customer_103379,41,Female,Noida,Uttar Pradesh,Salaried,1488000.0,754,2026-03-03
C103380,Customer_103380,42,Female,Chennai,Tamil Nadu,Self-Employed,944000.0,748,2023-05-28
C103381,Customer_103381,47,Male,Gurugram,Haryana,Self-Employed,712000.0,702,2019-10-19
C103382,Customer_103382,41,Male,Gurugram,Haryana,Business Owner,637000.0,681,2020-08-15
C103383,Customer_103383,55,Male,Lucknow,Uttar Pradesh,Salaried,977000.0,654,2019-02-10
C103384,Customer_103384,23,Male,Noida,Uttar Pradesh,Salaried,1047000.0,820,2021-12-01
C103385,Customer_103385,29,Female,Gurugram,Haryana,Professional,770000.0,719,2020-09-08
C103386,Customer_103386,61,Male,Bengaluru,Karnataka,Salaried,693000.0,612,2021-06-17
C103387,Customer_103387,60,Male,Gurugram,Haryana,Self-Employed,991000.0,718,2020-09-21
C103388,Customer_103388,57,Female,Jaipur,Rajasthan,Salaried,878000.0,585,2019-08-22
C103389,Customer_103389,37,Male,Hyderabad,Telangana,Salaried,621000.0,736,2021-09-13
C103390,Customer_103390,41,Other,Jaipur,Rajasthan,Business Owner,895000.0,729,2018-01-25
C103391,Customer_103391,22,Female,Hyderabad,Telangana,Salaried,608000.0,685,2022-03-10
C103392,Customer_103392,33,Female,Kolkata,West Bengal,Salaried,549000.0,659,2022-01-18
C103393,Customer_103393,53,Female,Gurugram,Haryana,Business Owner,848000.0,757,2018-02-12
C103394,Customer_103394,36,Male,Bengaluru,Karnataka,Salaried,620000.0,715,2025-01-15
C103395,Customer_103395,42,Male,Chennai,Tamil Nadu,Salaried,557000.0,594,2025-11-09
C103396,Customer_103396,26,Female,Gurugram,Haryana,Salaried,1268000.0,798,2023-12-24
C103397,Customer_103397,43,Male,Pune,Maharashtra,Salaried,693000.0,659,2025-11-02
C103398,Customer_103398,53,Male,Lucknow,Uttar Pradesh,Self-Employed,1587000.0,634,2025-09-03
C103399,Customer_103399,46,Female,Delhi,Delhi,Salaried,1101000.0,808,2023-11-19
C103400,Customer_103400,46,Male,Jaipur,Rajasthan,Salaried,522000.0,789,2020-04-25
C103401,Customer_103401,62,Male,Gurugram,Haryana,Salaried,1314000.0,693,2018-12-10
C103402,Customer_103402,31,Male,Lucknow,Uttar Pradesh,Professional,563000.0,639,2024-11-15
C103403,Customer_103403,34,Male,Mumbai,Maharashtra,Salaried,1639000.0,661,2021-07-17
C103404,Customer_103404,49,Female,Lucknow,Uttar Pradesh,Professional,940000.0,692,2023-09-23
C103405,Customer_103405,42,Male,Chennai,Tamil Nadu,Salaried,1067000.0,799,2025-04-16
C103406,Customer_103406,65,Male,Chennai,Tamil Nadu,Salaried,862000.0,804,2025-10-12
C103407,Customer_103407,23,Male,Chennai,Tamil Nadu,Self-Employed,956000.0,731,2023-05-12
C103408,Customer_103408,26,Female,Ahmedabad,Gujarat,Salaried,758000.0,762,2019-09-06
C103409,Customer_103409,36,Male,Ahmedabad,Gujarat,Self-Employed,480000.0,706,2017-10-05
C103410,Customer_103410,41,Male,Pune,Maharashtra,Professional,986000.0,663,2024-06-25
C103411,Customer_103411,61,Female,Delhi,Delhi,Business Owner,1260000.0,622,2017-03-24
C103412,Customer_103412,43,Male,Lucknow,Uttar Pradesh,Salaried,374000.0,741,2021-09-24
C103413,Customer_103413,40,Female,Bengaluru,Karnataka,Self-Employed,1466000.0,779,2019-09-27
C103414,Customer_103414,28,Male,Mumbai,Maharashtra,Salaried,1090000.0,687,2021-01-24
C103415,Customer_103415,40,Male,Ahmedabad,Gujarat,Business Owner,675000.0,797,2025-03-07
C103416,Customer_103416,44,Male,Chennai,Tamil Nadu,Salaried,668000.0,695,2021-05-03
C103417,Customer_103417,47,Female,Ahmedabad,Gujarat,Salaried,1596000.0,725,2018-05-19
C103418,Customer_103418,48,Male,Noida,Uttar Pradesh,Salaried,1225000.0,706,2021-01-10
C103419,Customer_103419,40,Male,Mumbai,Maharashtra,Salaried,1306000.0,800,2017-12-10
C103420,Customer_103420,28,Female,Hyderabad,Telangana,Self-Employed,750000.0,752,2025-03-02
C103421,Customer_103421,27,Male,Kolkata,West Bengal,Salaried,1072000.0,716,2017-05-14
C103422,Customer_103422,27,Female,Gurugram,Haryana,Salaried,990000.0,725,2025-10-17
C103423,Customer_103423,48,Other,Ahmedabad,Gujarat,Self-Employed,780000.0,643,2019-01-24
C103424,Customer_103424,59,Female,Chennai,Tamil Nadu,Salaried,894000.0,575,2023-03-05
C103425,Customer_103425,60,Male,Ahmedabad,Gujarat,Professional,1294000.0,685,2025-03-22
C103426,Customer_103426,35,Male,Lucknow,Uttar Pradesh,Salaried,1490000.0,707,2018-10-18
C103427,Customer_103427,24,Female,Pune,Maharashtra,Salaried,749000.0,755,2025-08-29
C103428,Customer_103428,49,Male,Noida,Uttar Pradesh,Salaried,325000.0,709,2020-11-30
C103429,Customer_103429,22,Male,Gurugram,Haryana,Salaried,1507000.0,690,2021-09-30
C103430,Customer_103430,49,Female,Hyderabad,Telangana,Salaried,1512000.0,528,2020-04-24
C103431,Customer_103431,38,Female,Bengaluru,Karnataka,Business Owner,1010000.0,754,2026-03-09
C103432,Customer_103432,58,Male,Gurugram,Haryana,Salaried,1567000.0,734,2023-04-01
C103433,Customer_103433,49,Male,Bengaluru,Karnataka,Professional,981000.0,773,2020-05-03
C103434,Customer_103434,54,Female,Chennai,Tamil Nadu,Salaried,486000.0,722,2017-08-28
C103435,Customer_103435,39,Female,Bengaluru,Karnataka,Self-Employed,325000.0,795,2025-04-23
C103436,Customer_103436,58,Male,Ahmedabad,Gujarat,Salaried,321000.0,684,2023-02-03
C103437,Customer_103437,44,Male,Hyderabad,Telangana,Salaried,852000.0,717,2018-03-05
C103438,Customer_103438,49,Male,Ahmedabad,Gujarat,Salaried,664000.0,736,2021-05-07
C103439,Customer_103439,37,Male,Lucknow,Uttar Pradesh,Salaried,618000.0,763,2019-06-20
C103440,Customer_103440,41,Male,Gurugram,Haryana,Self-Employed,807000.0,747,2019-06-07
C103441,Customer_103441,58,Female,Lucknow,Uttar Pradesh,Salaried,1193000.0,751,2021-06-18
C103442,Customer_103442,38,Male,Delhi,Delhi,Salaried,631000.0,737,2017-08-04
C103443,Customer_103443,21,Male,Pune,Maharashtra,Professional,564000.0,707,2019-04-17
C103444,Customer_103444,38,Female,Bengaluru,Karnataka,Salaried,658000.0,779,2017-06-30
C103445,Customer_103445,38,Male,Lucknow,Uttar Pradesh,Salaried,1218000.0,611,2025-10-01
C103446,Customer_103446,39,Male,Jaipur,Rajasthan,Salaried,822000.0,679,2025-04-22
C103447,Customer_103447,24,Female,Hyderabad,Telangana,Salaried,962000.0,823,2018-07-08
C103448,Customer_103448,26,Male,Kolkata,West Bengal,Salaried,1471000.0,676,2022-05-15
C103449,Customer_103449,35,Female,Ahmedabad,Gujarat,Self-Employed,1987000.0,715,2019-02-03
C103450,Customer_103450,40,Male,Pune,Maharashtra,Self-Employed,1106000.0,810,2022-02-19
C103451,Customer_103451,22,Male,Pune,Maharashtra,Self-Employed,1067000.0,712,2021-04-01
C103452,Customer_103452,38,Female,Delhi,Delhi,Salaried,376000.0,666,2017-03-01
C103453,Customer_103453,35,Male,Pune,Maharashtra,Salaried,997000.0,798,2024-05-21
C103454,Customer_103454,22,Female,Chennai,Tamil Nadu,Business Owner,875000.0,701,2024-03-06
C103455,Customer_103455,32,Male,Gurugram,Haryana,Salaried,1207000.0,706,2017-07-23
C103456,Customer_103456,33,Female,Noida,Uttar Pradesh,Salaried,693000.0,591,2018-12-18
C103457,Customer_103457,27,Male,Gurugram,Haryana,Salaried,930000.0,712,2018-01-26
C103458,Customer_103458,54,Female,Delhi,Delhi,Self-Employed,1092000.0,764,2020-07-27
C103459,Customer_103459,24,Female,Noida,Uttar Pradesh,Salaried,1609000.0,692,2021-03-03
C103460,Customer_103460,47,Male,Chennai,Tamil Nadu,Professional,1476000.0,637,2023-01-08
C103461,Customer_103461,50,Male,Chennai,Tamil Nadu,Salaried,1356000.0,689,2022-11-23
C103462,Customer_103462,57,Male,Lucknow,Uttar Pradesh,Professional,1141000.0,680,2018-04-03
C103463,Customer_103463,45,Female,Noida,Uttar Pradesh,Salaried,677000.0,704,2021-06-19
C103464,Customer_103464,45,Male,Delhi,Delhi,Self-Employed,1141000.0,686,2024-06-01
C103465,Customer_103465,55,Female,Chennai,Tamil Nadu,Salaried,541000.0,828,2025-04-11
C103466,Customer_103466,59,Male,Jaipur,Rajasthan,Business Owner,768000.0,740,2024-10-10
C103467,Customer_103467,30,Male,Kolkata,West Bengal,Salaried,1561000.0,607,2019-10-14
C103468,Customer_103468,56,Female,Hyderabad,Telangana,Professional,1065000.0,725,2021-11-02
C103469,Customer_103469,41,Male,Kolkata,West Bengal,Business Owner,941000.0,717,2018-05-05
C103470,Customer_103470,25,Male,Noida,Uttar Pradesh,Self-Employed,992000.0,798,2020-05-27
C103471,Customer_103471,48,Female,Bengaluru,Karnataka,Salaried,812000.0,710,2019-08-14
C103472,Customer_103472,64,Female,Jaipur,Rajasthan,Salaried,250000.0,708,2019-05-07
C103473,Customer_103473,27,Male,Jaipur,Rajasthan,Professional,344000.0,841,2025-03-04
C103474,Customer_103474,21,Male,Noida,Uttar Pradesh,Professional,1097000.0,651,2023-09-28
C103475,Customer_103475,62,Male,Hyderabad,Telangana,Salaried,482000.0,772,2024-12-01
C103476,Customer_103476,47,Female,Bengaluru,Karnataka,Salaried,807000.0,724,2020-03-03
C103477,Customer_103477,30,Male,Kolkata,West Bengal,Salaried,359000.0,687,2020-09-07
C103478,Customer_103478,56,Female,Kolkata,West Bengal,Salaried,563000.0,678,2024-07-15
C103479,Customer_103479,38,Female,Chennai,Tamil Nadu,Salaried,848000.0,808,2017-05-24
C103480,Customer_103480,35,Female,Gurugram,Haryana,Business Owner,1220000.0,750,2023-10-27
C103481,Customer_103481,34,Male,Gurugram,Haryana,Salaried,1300000.0,759,2023-05-01
C103482,Customer_103482,47,Male,Bengaluru,Karnataka,Professional,556000.0,778,2020-04-14
C103483,Customer_103483,27,Male,Gurugram,Haryana,Professional,973000.0,742,2025-10-09
C103484,Customer_103484,37,Male,Bengaluru,Karnataka,Salaried,280000.0,651,2019-02-18
C103485,Customer_103485,34,Male,Chennai,Tamil Nadu,Salaried,873000.0,618,2020-02-21
C103486,Customer_103486,23,Female,Delhi,Delhi,Salaried,1231000.0,820,2020-05-01
C103487,Customer_103487,55,Male,Chennai,Tamil Nadu,Salaried,823000.0,734,2020-06-03
C103488,Customer_103488,21,Male,Lucknow,Uttar Pradesh,Business Owner,1376000.0,725,2020-03-09
C103489,Customer_103489,64,Female,Pune,Maharashtra,Self-Employed,1185000.0,837,2021-06-08
C103490,Customer_103490,25,Other,Jaipur,Rajasthan,Salaried,947000.0,651,2025-11-27
C103491,Customer_103491,37,Male,Mumbai,Maharashtra,Professional,750000.0,556,2021-07-01
C103492,Customer_103492,25,Female,Ahmedabad,Gujarat,Salaried,636000.0,602,2022-11-03
C103493,Customer_103493,37,Female,Chennai,Tamil Nadu,Salaried,267000.0,685,2023-03-21
C103494,Customer_103494,48,Male,Jaipur,Rajasthan,Professional,332000.0,728,2023-02-14
C103495,Customer_103495,24,Female,Lucknow,Uttar Pradesh,Salaried,1248000.0,810,2020-02-01
C103496,Customer_103496,44,Male,Kolkata,West Bengal,Salaried,1455000.0,775,2019-08-23
C103497,Customer_103497,55,Male,Mumbai,Maharashtra,Salaried,418000.0,553,2020-05-25
C103498,Customer_103498,41,Male,Pune,Maharashtra,Salaried,877000.0,850,2020-05-23
C103499,Customer_103499,26,Male,Mumbai,Maharashtra,Salaried,250000.0,693,2024-09-06
C103500,Customer_103500,52,Female,Pune,Maharashtra,Self-Employed,459000.0,800,2021-05-04
C103501,Customer_103501,29,Female,Delhi,Delhi,Salaried,954000.0,755,2025-09-03
C103502,Customer_103502,21,Male,Ahmedabad,Gujarat,Self-Employed,643000.0,720,2026-02-03
C103503,Customer_103503,40,Female,Hyderabad,Telangana,Salaried,250000.0,705,2023-04-30
C103504,Customer_103504,33,Male,Bengaluru,Karnataka,Salaried,1538000.0,648,2023-03-20
C103505,Customer_103505,22,Male,Delhi,Delhi,Professional,830000.0,636,2018-03-01
C103506,Customer_103506,55,Female,Noida,Uttar Pradesh,Business Owner,408000.0,709,2018-06-08
C103507,Customer_103507,47,Male,Noida,Uttar Pradesh,Business Owner,901000.0,630,2023-08-14
C103508,Customer_103508,61,Female,Gurugram,Haryana,Salaried,818000.0,827,2026-03-24
C103509,Customer_103509,42,Male,Delhi,Delhi,Salaried,1019000.0,726,2024-06-25
C103510,Customer_103510,40,Female,Chennai,Tamil Nadu,Business Owner,714000.0,850,2019-07-05
C103511,Customer_103511,58,Male,Lucknow,Uttar Pradesh,Professional,976000.0,692,2023-04-26
C103512,Customer_103512,24,Male,Kolkata,West Bengal,Self-Employed,1227000.0,682,2022-10-15
C103513,Customer_103513,37,Female,Mumbai,Maharashtra,Salaried,323000.0,758,2017-07-04
C103514,Customer_103514,56,Female,Mumbai,Maharashtra,Salaried,573000.0,703,2025-02-23
C103515,Customer_103515,34,Male,Hyderabad,Telangana,Salaried,1186000.0,783,2020-03-25
C103516,Customer_103516,60,Female,Lucknow,Uttar Pradesh,Salaried,629000.0,813,2022-09-25
C103517,Customer_103517,33,Male,Bengaluru,Karnataka,Salaried,817000.0,791,2020-02-26
C103518,Customer_103518,39,Male,Noida,Uttar Pradesh,Salaried,662000.0,809,2025-08-15
C103519,Customer_103519,61,Male,Jaipur,Rajasthan,Salaried,687000.0,773,2021-05-12
C103520,Customer_103520,31,Female,Lucknow,Uttar Pradesh,Self-Employed,653000.0,684,2024-11-23
C103521,Customer_103521,64,Female,Gurugram,Haryana,Self-Employed,347000.0,794,2025-10-01
C103522,Customer_103522,22,Female,Hyderabad,Telangana,Self-Employed,1034000.0,765,2017-04-30
C103523,Customer_103523,32,Female,Gurugram,Haryana,Salaried,1275000.0,680,2020-12-04
C103524,Customer_103524,47,Male,Bengaluru,Karnataka,Salaried,779000.0,688,2023-05-25
C103525,Customer_103525,47,Male,Hyderabad,Telangana,Professional,1230000.0,714,2024-11-05
C103526,Customer_103526,61,Male,Bengaluru,Karnataka,Salaried,654000.0,792,2023-09-17
C103527,Customer_103527,64,Female,Mumbai,Maharashtra,Professional,630000.0,728,2023-02-21
C103528,Customer_103528,51,Male,Mumbai,Maharashtra,Salaried,1014000.0,720,2020-06-18
C103529,Customer_103529,50,Female,Bengaluru,Karnataka,Self-Employed,1021000.0,710,2018-07-14
C103530,Customer_103530,35,Female,Mumbai,Maharashtra,Salaried,805000.0,697,2025-06-20
C103531,Customer_103531,57,Female,Chennai,Tamil Nadu,Self-Employed,1121000.0,644,2017-05-31
C103532,Customer_103532,49,Male,Delhi,Delhi,Professional,335000.0,772,2024-06-16
C103533,Customer_103533,22,Male,Delhi,Delhi,Salaried,728000.0,654,2017-05-01
C103534,Customer_103534,58,Female,Lucknow,Uttar Pradesh,Business Owner,1236000.0,724,2020-06-02
C103535,Customer_103535,37,Female,Mumbai,Maharashtra,Professional,1235000.0,693,2025-01-01
C103536,Customer_103536,42,Male,Delhi,Delhi,Business Owner,1184000.0,770,2019-01-29
C103537,Customer_103537,42,Female,Delhi,Delhi,Salaried,1258000.0,698,2019-06-17
C103538,Customer_103538,57,Female,Mumbai,Maharashtra,Salaried,701000.0,655,2018-12-24
C103539,Customer_103539,33,Male,Kolkata,West Bengal,Professional,250000.0,784,2023-05-06
C103540,Customer_103540,38,Female,Gurugram,Haryana,Self-Employed,746000.0,666,2019-01-20
C103541,Customer_103541,22,Male,Jaipur,Rajasthan,Professional,1104000.0,730,2023-06-30
C103542,Customer_103542,36,Female,Kolkata,West Bengal,Salaried,1170000.0,803,2022-06-27
C103543,Customer_103543,24,Male,Mumbai,Maharashtra,Business Owner,639000.0,673,2025-04-25
C103544,Customer_103544,47,Male,Gurugram,Haryana,Business Owner,463000.0,713,2022-12-26
C103545,Customer_103545,61,Male,Delhi,Delhi,Professional,503000.0,692,2020-09-30
C103546,Customer_103546,41,Female,Ahmedabad,Gujarat,Self-Employed,633000.0,729,2018-05-22
C103547,Customer_103547,62,Other,Chennai,Tamil Nadu,Salaried,250000.0,716,2021-02-16
C103548,Customer_103548,64,Male,Noida,Uttar Pradesh,Self-Employed,639000.0,780,2022-02-09
C103549,Customer_103549,23,Male,Hyderabad,Telangana,Self-Employed,869000.0,680,2025-09-07
C103550,Customer_103550,44,Male,Ahmedabad,Gujarat,Salaried,811000.0,803,2019-05-01
C103551,Customer_103551,44,Male,Pune,Maharashtra,Salaried,718000.0,824,2020-07-24
C103552,Customer_103552,38,Female,Kolkata,West Bengal,Professional,574000.0,737,2025-06-23
C103553,Customer_103553,58,Male,Lucknow,Uttar Pradesh,Salaried,621000.0,669,2025-07-19
C103554,Customer_103554,38,Female,Jaipur,Rajasthan,Salaried,628000.0,717,2024-12-21
C103555,Customer_103555,23,Female,Chennai,Tamil Nadu,Self-Employed,1132000.0,712,2018-09-02
C103556,Customer_103556,45,Male,Pune,Maharashtra,Professional,850000.0,835,2018-01-29
C103557,Customer_103557,30,Female,Jaipur,Rajasthan,Self-Employed,2117000.0,713,2020-07-02
C103558,Customer_103558,36,Other,Chennai,Tamil Nadu,Salaried,717000.0,810,2019-05-08
C103559,Customer_103559,43,Female,Bengaluru,Karnataka,Salaried,1025000.0,727,2019-12-02
C103560,Customer_103560,53,Female,Pune,Maharashtra,Salaried,726000.0,723,2025-10-17
C103561,Customer_103561,33,Male,Delhi,Delhi,Salaried,716000.0,697,2022-01-04
C103562,Customer_103562,38,Male,Bengaluru,Karnataka,Business Owner,1475000.0,703,2019-10-14
C103563,Customer_103563,24,Female,Pune,Maharashtra,Salaried,1249000.0,778,2023-10-12
C103564,Customer_103564,38,Male,Gurugram,Haryana,Salaried,250000.0,673,2024-08-05
C103565,Customer_103565,47,Female,Gurugram,Haryana,Professional,441000.0,782,2021-01-08
C103566,Customer_103566,48,Female,Hyderabad,Telangana,Salaried,796000.0,814,2017-06-21
C103567,Customer_103567,34,Male,Pune,Maharashtra,Salaried,643000.0,682,2021-05-07
C103568,Customer_103568,23,Male,Mumbai,Maharashtra,Salaried,250000.0,799,2020-08-11
C103569,Customer_103569,46,Male,Gurugram,Haryana,Salaried,896000.0,788,2018-10-08
C103570,Customer_103570,50,Female,Bengaluru,Karnataka,Salaried,250000.0,776,2022-09-22
C103571,Customer_103571,24,Male,Gurugram,Haryana,Professional,901000.0,679,2023-11-08
C103572,Customer_103572,43,Male,Noida,Uttar Pradesh,Business Owner,1142000.0,712,2020-09-20
C103573,Customer_103573,25,Female,Jaipur,Rajasthan,Business Owner,1199000.0,712,2020-07-23
C103574,Customer_103574,41,Female,Hyderabad,Telangana,Self-Employed,792000.0,850,2024-05-12
C103575,Customer_103575,49,Female,Lucknow,Uttar Pradesh,Salaried,1454000.0,719,2018-08-31
C103576,Customer_103576,53,Female,Jaipur,Rajasthan,Business Owner,983000.0,708,2026-02-14
C103577,Customer_103577,53,Male,Ahmedabad,Gujarat,Salaried,1188000.0,645,2020-11-25
C103578,Customer_103578,55,Other,Noida,Uttar Pradesh,Salaried,555000.0,657,2021-10-13
C103579,Customer_103579,31,Female,Noida,Uttar Pradesh,Salaried,1459000.0,676,2022-07-04
C103580,Customer_103580,59,Male,Delhi,Delhi,Salaried,849000.0,743,2021-04-26
C103581,Customer_103581,36,Male,Noida,Uttar Pradesh,Salaried,1481000.0,627,2017-06-15
C103582,Customer_103582,37,Male,Gurugram,Haryana,Salaried,1393000.0,677,2023-07-24
C103583,Customer_103583,56,Female,Bengaluru,Karnataka,Salaried,953000.0,599,2025-05-04
C103584,Customer_103584,35,Female,Hyderabad,Telangana,Salaried,1012000.0,811,2024-01-07
C103585,Customer_103585,24,Female,Gurugram,Haryana,Salaried,778000.0,727,2023-05-29
C103586,Customer_103586,53,Female,Bengaluru,Karnataka,Self-Employed,522000.0,740,2017-07-23
C103587,Customer_103587,50,Male,Pune,Maharashtra,Salaried,1088000.0,649,2024-04-25
C103588,Customer_103588,47,Female,Jaipur,Rajasthan,Self-Employed,1068000.0,795,2021-01-27
C103589,Customer_103589,27,Female,Ahmedabad,Gujarat,Salaried,250000.0,818,2019-11-01
C103590,Customer_103590,49,Female,Noida,Uttar Pradesh,Salaried,817000.0,724,2021-08-27
C103591,Customer_103591,29,Male,Mumbai,Maharashtra,Self-Employed,1197000.0,689,2019-02-16
C103592,Customer_103592,45,Female,Hyderabad,Telangana,Self-Employed,1436000.0,756,2019-11-12
C103593,Customer_103593,43,Female,Lucknow,Uttar Pradesh,Salaried,1140000.0,768,2024-07-20
C103594,Customer_103594,55,Male,Kolkata,West Bengal,Salaried,250000.0,777,2024-01-25
C103595,Customer_103595,64,Female,Bengaluru,Karnataka,Business Owner,428000.0,763,2022-03-19
C103596,Customer_103596,29,Male,Hyderabad,Telangana,Salaried,712000.0,783,2025-04-04
C103597,Customer_103597,26,Male,Chennai,Tamil Nadu,Salaried,1410000.0,675,2018-06-16
C103598,Customer_103598,46,Female,Kolkata,West Bengal,Salaried,607000.0,779,2024-11-14
C103599,Customer_103599,63,Male,Hyderabad,Telangana,Business Owner,1273000.0,691,2021-06-10
C103600,Customer_103600,28,Female,Ahmedabad,Gujarat,Salaried,601000.0,557,2022-11-25
C103601,Customer_103601,42,Female,Pune,Maharashtra,Professional,1063000.0,690,2024-10-16
C103602,Customer_103602,39,Male,Ahmedabad,Gujarat,Self-Employed,474000.0,684,2024-05-24
C103603,Customer_103603,35,Male,Mumbai,Maharashtra,Self-Employed,772000.0,736,2026-03-23
C103604,Customer_103604,50,Male,Ahmedabad,Gujarat,Salaried,397000.0,774,2019-03-02
C103605,Customer_103605,34,Male,Lucknow,Uttar Pradesh,Self-Employed,1427000.0,733,2018-07-30
C103606,Customer_103606,43,Female,Mumbai,Maharashtra,Salaried,572000.0,850,2017-03-29
C103607,Customer_103607,59,Male,Hyderabad,Telangana,Salaried,250000.0,686,2023-04-07
C103608,Customer_103608,38,Female,Jaipur,Rajasthan,Salaried,250000.0,591,2021-10-12
C103609,Customer_103609,21,Male,Ahmedabad,Gujarat,Self-Employed,816000.0,738,2023-03-15
C103610,Customer_103610,60,Male,Jaipur,Rajasthan,Business Owner,667000.0,685,2020-10-25
C103611,Customer_103611,33,Female,Kolkata,West Bengal,Professional,1109000.0,649,2020-04-02
C103612,Customer_103612,55,Male,Jaipur,Rajasthan,Salaried,756000.0,701,2025-03-17
C103613,Customer_103613,55,Female,Ahmedabad,Gujarat,Professional,1316000.0,669,2018-09-10
C103614,Customer_103614,44,Female,Delhi,Delhi,Business Owner,696000.0,675,2024-05-06
C103615,Customer_103615,24,Female,Gurugram,Haryana,Professional,1261000.0,819,2017-12-28
C103616,Customer_103616,63,Male,Pune,Maharashtra,Business Owner,469000.0,728,2020-07-22
C103617,Customer_103617,51,Male,Delhi,Delhi,Salaried,250000.0,703,2017-06-11
C103618,Customer_103618,40,Other,Chennai,Tamil Nadu,Professional,521000.0,824,2017-03-01
C103619,Customer_103619,59,Male,Pune,Maharashtra,Self-Employed,399000.0,701,2017-05-02
C103620,Customer_103620,56,Female,Mumbai,Maharashtra,Business Owner,354000.0,640,2019-07-24
C103621,Customer_103621,55,Female,Lucknow,Uttar Pradesh,Salaried,1015000.0,634,2025-10-12
C103622,Customer_103622,28,Female,Bengaluru,Karnataka,Salaried,744000.0,715,2020-05-10
C103623,Customer_103623,49,Female,Hyderabad,Telangana,Salaried,907000.0,613,2022-09-20
C103624,Customer_103624,33,Other,Pune,Maharashtra,Salaried,1061000.0,644,2023-04-17
C103625,Customer_103625,24,Male,Gurugram,Haryana,Salaried,250000.0,695,2025-02-25
C103626,Customer_103626,36,Female,Jaipur,Rajasthan,Professional,1078000.0,794,2025-05-30
C103627,Customer_103627,25,Female,Gurugram,Haryana,Salaried,368000.0,804,2017-05-11
C103628,Customer_103628,25,Male,Bengaluru,Karnataka,Salaried,619000.0,763,2019-01-22
C103629,Customer_103629,53,Female,Noida,Uttar Pradesh,Salaried,250000.0,720,2024-02-26
C103630,Customer_103630,43,Male,Gurugram,Haryana,Salaried,1112000.0,683,2024-04-26
C103631,Customer_103631,38,Male,Pune,Maharashtra,Salaried,250000.0,745,2026-02-18
C103632,Customer_103632,29,Female,Kolkata,West Bengal,Self-Employed,370000.0,836,2023-10-14
C103633,Customer_103633,55,Female,Delhi,Delhi,Professional,399000.0,729,2021-12-28
C103634,Customer_103634,49,Male,Gurugram,Haryana,Salaried,798000.0,690,2020-04-15
C103635,Customer_103635,47,Female,Lucknow,Uttar Pradesh,Salaried,786000.0,710,2021-05-21
C103636,Customer_103636,29,Male,Pune,Maharashtra,Business Owner,1175000.0,703,2017-02-24
C103637,Customer_103637,26,Male,Kolkata,West Bengal,Salaried,808000.0,756,2023-05-19
C103638,Customer_103638,26,Male,Pune,Maharashtra,Self-Employed,1236000.0,670,2017-04-22
C103639,Customer_103639,22,Female,Delhi,Delhi,Self-Employed,1002000.0,746,2023-01-12
C103640,Customer_103640,64,Male,Ahmedabad,Gujarat,Professional,472000.0,757,2022-10-07
C103641,Customer_103641,37,Male,Jaipur,Rajasthan,Salaried,583000.0,742,2026-03-03
C103642,Customer_103642,50,Female,Lucknow,Uttar Pradesh,Professional,1454000.0,649,2024-11-20
C103643,Customer_103643,65,Male,Lucknow,Uttar Pradesh,Professional,1341000.0,710,2023-10-16
C103644,Customer_103644,63,Male,Pune,Maharashtra,Salaried,1180000.0,686,2022-11-19
C103645,Customer_103645,35,Male,Lucknow,Uttar Pradesh,Salaried,1232000.0,715,2019-10-07
C103646,Customer_103646,43,Female,Kolkata,West Bengal,Salaried,1036000.0,677,2024-03-15
C103647,Customer_103647,41,Female,Ahmedabad,Gujarat,Salaried,984000.0,801,2022-02-25
C103648,Customer_103648,22,Female,Ahmedabad,Gujarat,Professional,870000.0,732,2021-09-06
C103649,Customer_103649,55,Male,Lucknow,Uttar Pradesh,Salaried,1530000.0,615,2022-10-14
C103650,Customer_103650,46,Male,Jaipur,Rajasthan,Salaried,664000.0,634,2019-06-13
C103651,Customer_103651,37,Female,Mumbai,Maharashtra,Salaried,946000.0,798,2019-06-05
C103652,Customer_103652,46,Male,Delhi,Delhi,Self-Employed,250000.0,708,2017-05-16
C103653,Customer_103653,54,Male,Chennai,Tamil Nadu,Professional,278000.0,695,2020-08-08
C103654,Customer_103654,21,Male,Kolkata,West Bengal,Self-Employed,1576000.0,793,2024-08-10
C103655,Customer_103655,50,Male,Jaipur,Rajasthan,Self-Employed,1097000.0,710,2017-10-15
C103656,Customer_103656,59,Male,Pune,Maharashtra,Salaried,765000.0,642,2021-06-01
C103657,Customer_103657,53,Female,Kolkata,West Bengal,Self-Employed,881000.0,647,2024-11-30
C103658,Customer_103658,48,Male,Lucknow,Uttar Pradesh,Salaried,307000.0,761,2025-02-27
C103659,Customer_103659,25,Female,Chennai,Tamil Nadu,Salaried,679000.0,850,2025-09-02
C103660,Customer_103660,54,Male,Pune,Maharashtra,Self-Employed,267000.0,775,2020-06-12
C103661,Customer_103661,54,Female,Kolkata,West Bengal,Professional,732000.0,695,2020-02-16
C103662,Customer_103662,43,Female,Pune,Maharashtra,Business Owner,1122000.0,705,2019-07-28
C103663,Customer_103663,47,Female,Lucknow,Uttar Pradesh,Self-Employed,1031000.0,723,2020-11-12
C103664,Customer_103664,48,Male,Lucknow,Uttar Pradesh,Salaried,1486000.0,589,2023-03-18
C103665,Customer_103665,26,Female,Kolkata,West Bengal,Salaried,968000.0,722,2023-04-29
C103666,Customer_103666,32,Male,Pune,Maharashtra,Salaried,250000.0,758,2022-08-17
C103667,Customer_103667,56,Female,Ahmedabad,Gujarat,Self-Employed,1630000.0,835,2021-04-25
C103668,Customer_103668,64,Female,Bengaluru,Karnataka,Self-Employed,514000.0,791,2023-07-23
C103669,Customer_103669,33,Female,Pune,Maharashtra,Self-Employed,915000.0,845,2020-03-10
C103670,Customer_103670,39,Female,Bengaluru,Karnataka,Salaried,891000.0,829,2017-11-06
C103671,Customer_103671,62,Female,Mumbai,Maharashtra,Salaried,946000.0,811,2025-12-14
C103672,Customer_103672,28,Female,Mumbai,Maharashtra,Salaried,869000.0,722,2017-10-11
C103673,Customer_103673,32,Male,Ahmedabad,Gujarat,Self-Employed,876000.0,742,2024-12-01
C103674,Customer_103674,23,Male,Delhi,Delhi,Professional,321000.0,611,2022-04-26
C103675,Customer_103675,31,Female,Ahmedabad,Gujarat,Salaried,1885000.0,728,2026-02-25
C103676,Customer_103676,49,Other,Pune,Maharashtra,Self-Employed,1111000.0,757,2022-02-08
C103677,Customer_103677,36,Male,Chennai,Tamil Nadu,Self-Employed,871000.0,702,2017-06-29
C103678,Customer_103678,65,Male,Gurugram,Haryana,Salaried,1587000.0,620,2017-11-12
C103679,Customer_103679,61,Female,Kolkata,West Bengal,Salaried,421000.0,823,2017-10-21
C103680,Customer_103680,61,Male,Jaipur,Rajasthan,Salaried,1197000.0,746,2021-01-02
C103681,Customer_103681,53,Male,Jaipur,Rajasthan,Professional,628000.0,832,2024-01-26
C103682,Customer_103682,52,Male,Delhi,Delhi,Salaried,1011000.0,768,2022-11-25
C103683,Customer_103683,43,Male,Bengaluru,Karnataka,Salaried,1020000.0,809,2024-07-31
C103684,Customer_103684,65,Female,Kolkata,West Bengal,Salaried,250000.0,796,2022-01-17
C103685,Customer_103685,25,Male,Lucknow,Uttar Pradesh,Self-Employed,277000.0,676,2018-03-01
C103686,Customer_103686,53,Male,Mumbai,Maharashtra,Salaried,1485000.0,687,2018-09-27
C103687,Customer_103687,27,Female,Mumbai,Maharashtra,Professional,749000.0,692,2018-06-29
C103688,Customer_103688,36,Male,Lucknow,Uttar Pradesh,Salaried,1651000.0,657,2025-08-21
C103689,Customer_103689,32,Male,Lucknow,Uttar Pradesh,Professional,1374000.0,835,2024-06-19
C103690,Customer_103690,48,Male,Bengaluru,Karnataka,Self-Employed,762000.0,723,2017-04-27
C103691,Customer_103691,56,Male,Chennai,Tamil Nadu,Salaried,727000.0,750,2019-01-09
C103692,Customer_103692,24,Female,Ahmedabad,Gujarat,Business Owner,1509000.0,633,2019-07-16
C103693,Customer_103693,48,Male,Bengaluru,Karnataka,Self-Employed,1691000.0,773,2023-08-23
C103694,Customer_103694,30,Male,Hyderabad,Telangana,Salaried,735000.0,693,2017-08-18
C103695,Customer_103695,24,Male,Chennai,Tamil Nadu,Self-Employed,1465000.0,802,2026-02-14
C103696,Customer_103696,39,Male,Ahmedabad,Gujarat,Self-Employed,1262000.0,675,2019-08-22
C103697,Customer_103697,47,Male,Hyderabad,Telangana,Self-Employed,1331000.0,807,2024-12-09
C103698,Customer_103698,30,Male,Chennai,Tamil Nadu,Business Owner,890000.0,781,2023-05-20
C103699,Customer_103699,38,Male,Hyderabad,Telangana,Self-Employed,581000.0,690,2020-07-17
C103700,Customer_103700,63,Male,Gurugram,Haryana,Salaried,428000.0,812,2017-03-22
C103701,Customer_103701,36,Female,Mumbai,Maharashtra,Salaried,328000.0,795,2022-02-16
C103702,Customer_103702,65,Male,Bengaluru,Karnataka,Salaried,1614000.0,752,2017-05-12
C103703,Customer_103703,58,Male,Bengaluru,Karnataka,Self-Employed,854000.0,655,2023-09-07
C103704,Customer_103704,37,Female,Noida,Uttar Pradesh,Salaried,392000.0,772,2018-12-01
C103705,Customer_103705,46,Male,Lucknow,Uttar Pradesh,Salaried,1251000.0,724,2025-11-05
C103706,Customer_103706,52,Female,Kolkata,West Bengal,Business Owner,658000.0,723,2017-04-05
C103707,Customer_103707,41,Male,Mumbai,Maharashtra,Salaried,590000.0,725,2020-03-31
C103708,Customer_103708,39,Male,Gurugram,Haryana,Salaried,1677000.0,718,2020-08-19
C103709,Customer_103709,35,Female,Pune,Maharashtra,Business Owner,318000.0,664,2024-02-26
C103710,Customer_103710,27,Male,Noida,Uttar Pradesh,Self-Employed,944000.0,622,2019-02-22
C103711,Customer_103711,22,Male,Chennai,Tamil Nadu,Business Owner,614000.0,608,2024-04-05
C103712,Customer_103712,36,Female,Lucknow,Uttar Pradesh,Salaried,550000.0,739,2020-01-01
C103713,Customer_103713,56,Female,Gurugram,Haryana,Self-Employed,264000.0,562,2017-10-05
C103714,Customer_103714,31,Male,Bengaluru,Karnataka,Professional,874000.0,767,2024-10-17
C103715,Customer_103715,29,Female,Jaipur,Rajasthan,Salaried,500000.0,753,2018-10-17
C103716,Customer_103716,35,Male,Hyderabad,Telangana,Salaried,1087000.0,700,2021-01-09
C103717,Customer_103717,47,Female,Chennai,Tamil Nadu,Salaried,831000.0,787,2022-08-22
C103718,Customer_103718,30,Male,Hyderabad,Telangana,Professional,725000.0,703,2017-02-21
C103719,Customer_103719,30,Female,Jaipur,Rajasthan,Salaried,503000.0,747,2023-01-10
C103720,Customer_103720,26,Male,Hyderabad,Telangana,Salaried,1422000.0,593,2022-02-03
C103721,Customer_103721,35,Female,Ahmedabad,Gujarat,Salaried,1144000.0,574,2024-03-26
C103722,Customer_103722,30,Male,Kolkata,West Bengal,Professional,577000.0,705,2018-01-07
C103723,Customer_103723,58,Female,Gurugram,Haryana,Salaried,306000.0,747,2025-03-11
C103724,Customer_103724,61,Female,Lucknow,Uttar Pradesh,Salaried,250000.0,782,2017-07-21
C103725,Customer_103725,37,Female,Delhi,Delhi,Professional,1305000.0,708,2025-09-27
C103726,Customer_103726,24,Other,Lucknow,Uttar Pradesh,Salaried,1214000.0,736,2020-01-18
C103727,Customer_103727,24,Male,Mumbai,Maharashtra,Self-Employed,1269000.0,771,2017-09-05
C103728,Customer_103728,35,Female,Kolkata,West Bengal,Salaried,802000.0,712,2019-07-15
C103729,Customer_103729,41,Male,Chennai,Tamil Nadu,Salaried,1172000.0,758,2021-08-12
C103730,Customer_103730,44,Female,Ahmedabad,Gujarat,Salaried,1261000.0,647,2018-01-15
C103731,Customer_103731,34,Female,Jaipur,Rajasthan,Salaried,822000.0,612,2019-10-14
C103732,Customer_103732,36,Male,Noida,Uttar Pradesh,Salaried,707000.0,685,2019-10-12
C103733,Customer_103733,33,Male,Chennai,Tamil Nadu,Business Owner,459000.0,770,2018-07-11
C103734,Customer_103734,44,Female,Lucknow,Uttar Pradesh,Salaried,1020000.0,674,2021-07-04
C103735,Customer_103735,52,Female,Hyderabad,Telangana,Salaried,1074000.0,762,2017-03-24
C103736,Customer_103736,22,Female,Bengaluru,Karnataka,Self-Employed,687000.0,653,2019-05-04
C103737,Customer_103737,42,Female,Chennai,Tamil Nadu,Professional,735000.0,682,2018-05-04
C103738,Customer_103738,50,Male,Kolkata,West Bengal,Salaried,763000.0,736,2017-04-20
C103739,Customer_103739,51,Female,Jaipur,Rajasthan,Salaried,1166000.0,677,2021-06-25
C103740,Customer_103740,46,Female,Gurugram,Haryana,Salaried,300000.0,688,2025-04-23
C103741,Customer_103741,44,Female,Bengaluru,Karnataka,Professional,408000.0,550,2020-04-04
C103742,Customer_103742,51,Female,Hyderabad,Telangana,Business Owner,416000.0,775,2023-01-24
C103743,Customer_103743,38,Female,Lucknow,Uttar Pradesh,Salaried,791000.0,712,2018-05-22
C103744,Customer_103744,46,Female,Pune,Maharashtra,Salaried,976000.0,659,2023-07-31
C103745,Customer_103745,35,Female,Bengaluru,Karnataka,Salaried,422000.0,839,2023-05-04
C103746,Customer_103746,40,Female,Lucknow,Uttar Pradesh,Self-Employed,1214000.0,669,2020-10-19
C103747,Customer_103747,26,Female,Pune,Maharashtra,Salaried,1435000.0,686,2019-07-14
C103748,Customer_103748,36,Male,Lucknow,Uttar Pradesh,Salaried,1016000.0,657,2022-05-04
C103749,Customer_103749,27,Male,Lucknow,Uttar Pradesh,Salaried,1299000.0,792,2022-08-18
C103750,Customer_103750,31,Female,Noida,Uttar Pradesh,Self-Employed,484000.0,813,2023-07-19
C103751,Customer_103751,39,Female,Kolkata,West Bengal,Professional,493000.0,807,2018-11-11
C103752,Customer_103752,43,Female,Gurugram,Haryana,Salaried,1056000.0,806,2020-04-27
C103753,Customer_103753,63,Female,Lucknow,Uttar Pradesh,Professional,835000.0,681,2024-09-06
C103754,Customer_103754,22,Male,Hyderabad,Telangana,Salaried,493000.0,829,2024-09-27
C103755,Customer_103755,61,Male,Delhi,Delhi,Self-Employed,1420000.0,707,2024-07-24
C103756,Customer_103756,35,Female,Hyderabad,Telangana,Professional,970000.0,620,2024-03-11
C103757,Customer_103757,53,Female,Ahmedabad,Gujarat,Self-Employed,1131000.0,692,2017-10-09
C103758,Customer_103758,51,Male,Kolkata,West Bengal,Salaried,580000.0,741,2019-09-04
C103759,Customer_103759,64,Male,Delhi,Delhi,Salaried,1522000.0,678,2019-08-20
C103760,Customer_103760,25,Male,Kolkata,West Bengal,Business Owner,788000.0,730,2020-02-06
C103761,Customer_103761,64,Male,Bengaluru,Karnataka,Self-Employed,1258000.0,755,2021-07-16
C103762,Customer_103762,23,Female,Kolkata,West Bengal,Salaried,617000.0,747,2018-09-18
C103763,Customer_103763,60,Male,Kolkata,West Bengal,Self-Employed,917000.0,763,2024-05-03
C103764,Customer_103764,50,Male,Ahmedabad,Gujarat,Salaried,1073000.0,708,2021-09-05
C103765,Customer_103765,42,Female,Chennai,Tamil Nadu,Salaried,1648000.0,673,2017-10-10
C103766,Customer_103766,38,Female,Chennai,Tamil Nadu,Business Owner,674000.0,624,2024-07-21
C103767,Customer_103767,25,Female,Jaipur,Rajasthan,Salaried,931000.0,714,2019-11-28
C103768,Customer_103768,57,Male,Jaipur,Rajasthan,Salaried,1087000.0,685,2022-04-02
C103769,Customer_103769,53,Male,Gurugram,Haryana,Salaried,284000.0,712,2020-11-24
C103770,Customer_103770,63,Male,Chennai,Tamil Nadu,Professional,250000.0,585,2020-04-20
C103771,Customer_103771,53,Female,Pune,Maharashtra,Salaried,452000.0,621,2020-02-02
C103772,Customer_103772,64,Male,Hyderabad,Telangana,Salaried,1237000.0,753,2020-10-26
C103773,Customer_103773,60,Female,Kolkata,West Bengal,Salaried,1537000.0,614,2017-08-21
C103774,Customer_103774,40,Female,Mumbai,Maharashtra,Salaried,481000.0,708,2023-06-13
C103775,Customer_103775,52,Female,Pune,Maharashtra,Salaried,363000.0,666,2023-01-12
C103776,Customer_103776,32,Male,Bengaluru,Karnataka,Salaried,1464000.0,662,2021-10-15
C103777,Customer_103777,56,Male,Kolkata,West Bengal,Salaried,624000.0,726,2025-04-03
C103778,Customer_103778,48,Female,Noida,Uttar Pradesh,Self-Employed,701000.0,722,2022-02-23
C103779,Customer_103779,40,Male,Lucknow,Uttar Pradesh,Salaried,1434000.0,756,2020-08-14
C103780,Customer_103780,49,Female,Pune,Maharashtra,Salaried,1368000.0,648,2022-09-04
C103781,Customer_103781,33,Male,Delhi,Delhi,Self-Employed,1224000.0,663,2024-06-10
C103782,Customer_103782,49,Other,Bengaluru,Karnataka,Salaried,250000.0,793,2023-11-17
C103783,Customer_103783,42,Female,Mumbai,Maharashtra,Salaried,347000.0,705,2022-04-30
C103784,Customer_103784,35,Male,Gurugram,Haryana,Professional,1298000.0,744,2022-10-29
C103785,Customer_103785,64,Female,Lucknow,Uttar Pradesh,Self-Employed,977000.0,688,2026-02-25
C103786,Customer_103786,23,Female,Kolkata,West Bengal,Self-Employed,539000.0,750,2023-05-16
C103787,Customer_103787,55,Female,Bengaluru,Karnataka,Salaried,712000.0,558,2023-07-22
C103788,Customer_103788,30,Male,Delhi,Delhi,Professional,1294000.0,795,2023-03-15
C103789,Customer_103789,31,Male,Lucknow,Uttar Pradesh,Salaried,1461000.0,690,2025-11-23
C103790,Customer_103790,27,Female,Hyderabad,Telangana,Salaried,848000.0,639,2025-08-16
C103791,Customer_103791,25,Male,Mumbai,Maharashtra,Business Owner,575000.0,651,2020-03-17
C103792,Customer_103792,26,Female,Bengaluru,Karnataka,Salaried,740000.0,703,2023-11-09
C103793,Customer_103793,58,Male,Hyderabad,Telangana,Self-Employed,1387000.0,713,2023-01-28
C103794,Customer_103794,62,Female,Ahmedabad,Gujarat,Salaried,1379000.0,729,2022-02-02
C103795,Customer_103795,47,Male,Noida,Uttar Pradesh,Salaried,928000.0,642,2021-10-19
C103796,Customer_103796,21,Female,Hyderabad,Telangana,Self-Employed,638000.0,777,2025-05-12
C103797,Customer_103797,59,Male,Jaipur,Rajasthan,Salaried,1283000.0,686,2025-06-28
C103798,Customer_103798,48,Male,Delhi,Delhi,Self-Employed,1499000.0,683,2025-05-20
C103799,Customer_103799,44,Male,Delhi,Delhi,Salaried,269000.0,705,2019-11-05
C103800,Customer_103800,63,Female,Delhi,Delhi,Salaried,757000.0,763,2020-04-10
C103801,Customer_103801,39,Male,Lucknow,Uttar Pradesh,Self-Employed,1312000.0,718,2017-10-31
C103802,Customer_103802,37,Female,Kolkata,West Bengal,Salaried,879000.0,685,2024-07-01
C103803,Customer_103803,56,Male,Gurugram,Haryana,Self-Employed,655000.0,699,2023-05-27
C103804,Customer_103804,44,Female,Delhi,Delhi,Salaried,924000.0,799,2026-02-23
C103805,Customer_103805,53,Female,Delhi,Delhi,Salaried,998000.0,789,2023-11-10
C103806,Customer_103806,52,Male,Noida,Uttar Pradesh,Salaried,399000.0,744,2018-12-05
C103807,Customer_103807,58,Male,Mumbai,Maharashtra,Business Owner,886000.0,730,2019-09-29
C103808,Customer_103808,35,Male,Mumbai,Maharashtra,Salaried,997000.0,850,2020-09-11
C103809,Customer_103809,24,Female,Kolkata,West Bengal,Salaried,654000.0,750,2024-01-24
C103810,Customer_103810,42,Female,Ahmedabad,Gujarat,Professional,538000.0,732,2020-11-13
C103811,Customer_103811,50,Male,Bengaluru,Karnataka,Salaried,635000.0,707,2026-01-03
C103812,Customer_103812,57,Female,Pune,Maharashtra,Business Owner,462000.0,743,2022-09-07
C103813,Customer_103813,33,Female,Jaipur,Rajasthan,Salaried,1190000.0,522,2020-06-03
C103814,Customer_103814,54,Female,Pune,Maharashtra,Salaried,457000.0,787,2025-12-18
C103815,Customer_103815,58,Female,Chennai,Tamil Nadu,Salaried,926000.0,637,2022-01-19
C103816,Customer_103816,57,Female,Delhi,Delhi,Salaried,700000.0,673,2019-11-06
C103817,Customer_103817,57,Male,Pune,Maharashtra,Business Owner,568000.0,629,2020-08-22
C103818,Customer_103818,65,Female,Gurugram,Haryana,Salaried,1399000.0,672,2024-01-07
C103819,Customer_103819,50,Male,Ahmedabad,Gujarat,Salaried,798000.0,698,2017-10-16
C103820,Customer_103820,37,Female,Noida,Uttar Pradesh,Business Owner,582000.0,778,2024-04-01
C103821,Customer_103821,40,Other,Mumbai,Maharashtra,Self-Employed,544000.0,804,2018-01-08
C103822,Customer_103822,54,Female,Delhi,Delhi,Salaried,986000.0,846,2023-06-25
C103823,Customer_103823,31,Male,Kolkata,West Bengal,Salaried,1181000.0,727,2023-09-17
C103824,Customer_103824,48,Female,Bengaluru,Karnataka,Salaried,1358000.0,706,2022-06-24
C103825,Customer_103825,46,Male,Ahmedabad,Gujarat,Professional,783000.0,771,2018-09-21
C103826,Customer_103826,50,Female,Noida,Uttar Pradesh,Self-Employed,759000.0,664,2022-04-28
C103827,Customer_103827,39,Male,Chennai,Tamil Nadu,Self-Employed,902000.0,657,2024-09-21
C103828,Customer_103828,54,Female,Kolkata,West Bengal,Salaried,917000.0,696,2019-08-17
C103829,Customer_103829,24,Male,Jaipur,Rajasthan,Salaried,541000.0,718,2025-07-24
C103830,Customer_103830,54,Male,Mumbai,Maharashtra,Salaried,1435000.0,586,2018-04-12
C103831,Customer_103831,57,Male,Noida,Uttar Pradesh,Salaried,859000.0,789,2025-04-24
C103832,Customer_103832,60,Male,Bengaluru,Karnataka,Salaried,1064000.0,736,2020-02-10
C103833,Customer_103833,62,Male,Gurugram,Haryana,Salaried,1020000.0,772,2023-07-09
C103834,Customer_103834,36,Female,Ahmedabad,Gujarat,Salaried,1012000.0,618,2019-02-20
C103835,Customer_103835,23,Female,Mumbai,Maharashtra,Salaried,448000.0,677,2022-10-10
C103836,Customer_103836,50,Female,Jaipur,Rajasthan,Salaried,847000.0,673,2023-01-28
C103837,Customer_103837,25,Female,Bengaluru,Karnataka,Salaried,1762000.0,707,2021-07-26
C103838,Customer_103838,33,Male,Ahmedabad,Gujarat,Business Owner,1485000.0,718,2024-12-10
C103839,Customer_103839,52,Male,Lucknow,Uttar Pradesh,Self-Employed,913000.0,777,2025-06-16
C103840,Customer_103840,47,Male,Lucknow,Uttar Pradesh,Salaried,703000.0,726,2018-06-24
C103841,Customer_103841,48,Male,Noida,Uttar Pradesh,Business Owner,250000.0,672,2024-08-06
C103842,Customer_103842,54,Female,Pune,Maharashtra,Salaried,651000.0,850,2023-02-21
C103843,Customer_103843,28,Female,Kolkata,West Bengal,Salaried,819000.0,703,2021-11-17
C103844,Customer_103844,56,Female,Hyderabad,Telangana,Professional,723000.0,661,2018-02-19
C103845,Customer_103845,47,Female,Lucknow,Uttar Pradesh,Salaried,751000.0,597,2022-08-21
C103846,Customer_103846,39,Male,Pune,Maharashtra,Self-Employed,1099000.0,726,2020-07-16
C103847,Customer_103847,41,Female,Gurugram,Haryana,Salaried,450000.0,765,2017-05-09
C103848,Customer_103848,43,Male,Chennai,Tamil Nadu,Salaried,959000.0,646,2018-08-12
C103849,Customer_103849,45,Female,Jaipur,Rajasthan,Salaried,806000.0,761,2017-10-31
C103850,Customer_103850,36,Male,Bengaluru,Karnataka,Salaried,497000.0,725,2019-10-16
C103851,Customer_103851,31,Male,Jaipur,Rajasthan,Salaried,1520000.0,605,2018-08-20
C103852,Customer_103852,28,Male,Delhi,Delhi,Salaried,1149000.0,761,2024-12-29
C103853,Customer_103853,36,Male,Mumbai,Maharashtra,Salaried,535000.0,703,2019-09-02
C103854,Customer_103854,32,Male,Chennai,Tamil Nadu,Salaried,1057000.0,647,2020-11-28
C103855,Customer_103855,44,Male,Pune,Maharashtra,Salaried,294000.0,782,2023-12-02
C103856,Customer_103856,62,Female,Jaipur,Rajasthan,Salaried,585000.0,781,2018-01-05
C103857,Customer_103857,25,Female,Chennai,Tamil Nadu,Salaried,1381000.0,645,2020-04-22
C103858,Customer_103858,34,Male,Delhi,Delhi,Salaried,991000.0,739,2018-11-08
C103859,Customer_103859,23,Male,Hyderabad,Telangana,Self-Employed,958000.0,733,2021-10-27
C103860,Customer_103860,64,Female,Pune,Maharashtra,Professional,1245000.0,716,2024-11-08
C103861,Customer_103861,52,Male,Kolkata,West Bengal,Salaried,1095000.0,686,2022-01-30
C103862,Customer_103862,31,Female,Ahmedabad,Gujarat,Salaried,744000.0,710,2020-10-26
C103863,Customer_103863,39,Male,Bengaluru,Karnataka,Professional,1225000.0,781,2017-10-20
C103864,Customer_103864,53,Male,Ahmedabad,Gujarat,Self-Employed,250000.0,747,2025-09-18
C103865,Customer_103865,64,Male,Ahmedabad,Gujarat,Professional,583000.0,595,2021-04-26
C103866,Customer_103866,46,Male,Gurugram,Haryana,Self-Employed,811000.0,581,2022-03-24
C103867,Customer_103867,33,Female,Kolkata,West Bengal,Self-Employed,1069000.0,599,2021-09-03
C103868,Customer_103868,52,Female,Gurugram,Haryana,Salaried,720000.0,632,2021-09-21
C103869,Customer_103869,51,Male,Bengaluru,Karnataka,Salaried,250000.0,671,2017-12-08
C103870,Customer_103870,49,Female,Jaipur,Rajasthan,Self-Employed,250000.0,691,2021-03-31
C103871,Customer_103871,23,Male,Delhi,Delhi,Salaried,823000.0,716,2020-11-29
C103872,Customer_103872,52,Male,Mumbai,Maharashtra,Business Owner,659000.0,718,2024-03-14
C103873,Customer_103873,21,Female,Noida,Uttar Pradesh,Professional,486000.0,717,2020-12-25
C103874,Customer_103874,61,Female,Pune,Maharashtra,Salaried,419000.0,794,2024-10-12
C103875,Customer_103875,60,Female,Ahmedabad,Gujarat,Salaried,904000.0,611,2023-02-07
C103876,Customer_103876,46,Male,Ahmedabad,Gujarat,Professional,1371000.0,742,2018-03-08
C103877,Customer_103877,50,Male,Jaipur,Rajasthan,Business Owner,904000.0,741,2025-03-24
C103878,Customer_103878,24,Male,Bengaluru,Karnataka,Business Owner,1376000.0,638,2020-10-20
C103879,Customer_103879,60,Female,Bengaluru,Karnataka,Self-Employed,700000.0,755,2023-07-27
C103880,Customer_103880,33,Male,Delhi,Delhi,Professional,1027000.0,744,2019-08-20
C103881,Customer_103881,32,Female,Noida,Uttar Pradesh,Salaried,1391000.0,717,2023-12-30
C103882,Customer_103882,52,Male,Bengaluru,Karnataka,Salaried,787000.0,563,2025-05-16
C103883,Customer_103883,63,Male,Kolkata,West Bengal,Salaried,860000.0,783,2017-04-05
C103884,Customer_103884,43,Male,Pune,Maharashtra,Salaried,700000.0,735,2023-11-04
C103885,Customer_103885,43,Male,Mumbai,Maharashtra,Business Owner,1087000.0,746,2023-12-22
C103886,Customer_103886,45,Female,Chennai,Tamil Nadu,Salaried,1211000.0,500,2019-09-21
C103887,Customer_103887,34,Other,Delhi,Delhi,Self-Employed,991000.0,685,2020-09-10
C103888,Customer_103888,47,Female,Bengaluru,Karnataka,Salaried,758000.0,627,2020-10-20
C103889,Customer_103889,64,Female,Mumbai,Maharashtra,Self-Employed,250000.0,804,2021-02-28
C103890,Customer_103890,38,Male,Gurugram,Haryana,Salaried,831000.0,648,2020-11-26
C103891,Customer_103891,55,Female,Kolkata,West Bengal,Salaried,773000.0,816,2025-05-31
C103892,Customer_103892,55,Female,Lucknow,Uttar Pradesh,Salaried,944000.0,782,2025-09-04
C103893,Customer_103893,59,Female,Pune,Maharashtra,Salaried,897000.0,734,2025-10-15
C103894,Customer_103894,53,Male,Bengaluru,Karnataka,Salaried,1479000.0,794,2021-05-30
C103895,Customer_103895,62,Male,Ahmedabad,Gujarat,Self-Employed,571000.0,659,2023-06-25
C103896,Customer_103896,53,Female,Lucknow,Uttar Pradesh,Salaried,250000.0,670,2017-03-04
C103897,Customer_103897,64,Male,Kolkata,West Bengal,Professional,393000.0,780,2017-03-03
C103898,Customer_103898,53,Male,Delhi,Delhi,Professional,597000.0,659,2023-10-19
C103899,Customer_103899,58,Male,Hyderabad,Telangana,Salaried,1283000.0,634,2023-03-08
C103900,Customer_103900,61,Female,Lucknow,Uttar Pradesh,Salaried,331000.0,699,2017-11-25
C103901,Customer_103901,65,Male,Kolkata,West Bengal,Salaried,384000.0,663,2023-03-06
C103902,Customer_103902,47,Female,Lucknow,Uttar Pradesh,Salaried,1016000.0,841,2022-11-15
C103903,Customer_103903,52,Female,Kolkata,West Bengal,Salaried,1190000.0,770,2023-12-13
C103904,Customer_103904,64,Male,Delhi,Delhi,Professional,250000.0,683,2021-10-12
C103905,Customer_103905,38,Male,Noida,Uttar Pradesh,Professional,250000.0,655,2024-02-01
C103906,Customer_103906,26,Female,Gurugram,Haryana,Salaried,535000.0,742,2024-02-07
C103907,Customer_103907,60,Male,Jaipur,Rajasthan,Business Owner,1113000.0,797,2022-07-15
C103908,Customer_103908,49,Male,Lucknow,Uttar Pradesh,Business Owner,907000.0,739,2022-02-14
C103909,Customer_103909,40,Male,Bengaluru,Karnataka,Salaried,550000.0,658,2024-06-04
C103910,Customer_103910,53,Male,Noida,Uttar Pradesh,Professional,1146000.0,627,2018-08-19
C103911,Customer_103911,22,Female,Bengaluru,Karnataka,Professional,900000.0,695,2026-02-25
C103912,Customer_103912,42,Male,Lucknow,Uttar Pradesh,Professional,807000.0,741,2025-04-28
C103913,Customer_103913,32,Female,Bengaluru,Karnataka,Business Owner,250000.0,689,2021-12-21
C103914,Customer_103914,33,Male,Kolkata,West Bengal,Salaried,542000.0,786,2025-05-30
C103915,Customer_103915,64,Other,Gurugram,Haryana,Salaried,1633000.0,754,2023-09-21
C103916,Customer_103916,45,Female,Delhi,Delhi,Professional,715000.0,735,2020-12-01
C103917,Customer_103917,27,Male,Delhi,Delhi,Salaried,467000.0,753,2021-01-08
C103918,Customer_103918,37,Female,Noida,Uttar Pradesh,Salaried,697000.0,630,2022-09-04
C103919,Customer_103919,31,Male,Delhi,Delhi,Salaried,898000.0,688,2019-05-03
C103920,Customer_103920,61,Female,Ahmedabad,Gujarat,Salaried,1203000.0,652,2022-02-22
C103921,Customer_103921,34,Female,Lucknow,Uttar Pradesh,Salaried,1098000.0,745,2020-10-29
C103922,Customer_103922,37,Male,Ahmedabad,Gujarat,Business Owner,579000.0,653,2021-12-22
C103923,Customer_103923,36,Male,Pune,Maharashtra,Salaried,1359000.0,725,2020-10-11
C103924,Customer_103924,28,Other,Pune,Maharashtra,Salaried,1176000.0,709,2017-11-03
C103925,Customer_103925,56,Female,Ahmedabad,Gujarat,Salaried,672000.0,759,2023-09-03
C103926,Customer_103926,46,Female,Kolkata,West Bengal,Self-Employed,799000.0,642,2021-08-07
C103927,Customer_103927,40,Male,Kolkata,West Bengal,Business Owner,1090000.0,749,2018-10-30
C103928,Customer_103928,38,Male,Mumbai,Maharashtra,Professional,1280000.0,650,2019-02-05
C103929,Customer_103929,51,Female,Ahmedabad,Gujarat,Business Owner,250000.0,657,2021-10-21
C103930,Customer_103930,25,Female,Jaipur,Rajasthan,Salaried,878000.0,711,2024-06-05
C103931,Customer_103931,62,Female,Jaipur,Rajasthan,Business Owner,838000.0,798,2019-05-17
C103932,Customer_103932,46,Female,Delhi,Delhi,Salaried,622000.0,665,2024-11-25
C103933,Customer_103933,31,Female,Jaipur,Rajasthan,Self-Employed,620000.0,604,2024-06-03
C103934,Customer_103934,45,Male,Jaipur,Rajasthan,Self-Employed,1272000.0,659,2017-03-05
C103935,Customer_103935,59,Female,Bengaluru,Karnataka,Salaried,1064000.0,695,2018-04-14
C103936,Customer_103936,28,Male,Noida,Uttar Pradesh,Salaried,1693000.0,841,2023-11-10
C103937,Customer_103937,44,Female,Kolkata,West Bengal,Self-Employed,622000.0,745,2022-02-21
C103938,Customer_103938,47,Male,Pune,Maharashtra,Salaried,905000.0,671,2018-01-26
C103939,Customer_103939,57,Female,Jaipur,Rajasthan,Business Owner,974000.0,711,2026-03-23
C103940,Customer_103940,46,Female,Kolkata,West Bengal,Salaried,1208000.0,822,2017-02-03
C103941,Customer_103941,54,Female,Kolkata,West Bengal,Self-Employed,1393000.0,704,2020-10-03
C103942,Customer_103942,55,Male,Hyderabad,Telangana,Business Owner,887000.0,705,2017-02-16
C103943,Customer_103943,61,Female,Lucknow,Uttar Pradesh,Salaried,412000.0,694,2025-06-10
C103944,Customer_103944,37,Male,Lucknow,Uttar Pradesh,Salaried,566000.0,765,2021-05-04
C103945,Customer_103945,52,Male,Mumbai,Maharashtra,Self-Employed,907000.0,686,2022-10-14
C103946,Customer_103946,32,Female,Jaipur,Rajasthan,Salaried,1299000.0,777,2024-07-30
C103947,Customer_103947,58,Female,Delhi,Delhi,Salaried,271000.0,789,2019-06-09
C103948,Customer_103948,63,Male,Chennai,Tamil Nadu,Business Owner,382000.0,760,2019-11-25
C103949,Customer_103949,34,Female,Lucknow,Uttar Pradesh,Salaried,1153000.0,705,2022-11-08
C103950,Customer_103950,46,Male,Bengaluru,Karnataka,Self-Employed,333000.0,629,2025-08-10
C103951,Customer_103951,58,Female,Chennai,Tamil Nadu,Salaried,400000.0,705,2018-09-28
C103952,Customer_103952,22,Female,Bengaluru,Karnataka,Salaried,1305000.0,677,2020-12-02
C103953,Customer_103953,52,Female,Jaipur,Rajasthan,Salaried,761000.0,669,2019-06-22
C103954,Customer_103954,57,Female,Pune,Maharashtra,Professional,731000.0,704,2018-10-04
C103955,Customer_103955,60,Female,Ahmedabad,Gujarat,Salaried,1397000.0,751,2018-11-07
C103956,Customer_103956,29,Female,Lucknow,Uttar Pradesh,Salaried,425000.0,680,2021-04-10
C103957,Customer_103957,55,Male,Kolkata,West Bengal,Salaried,344000.0,631,2018-01-11
C103958,Customer_103958,56,Male,Jaipur,Rajasthan,Self-Employed,1502000.0,658,2022-11-02
C103959,Customer_103959,21,Female,Mumbai,Maharashtra,Self-Employed,943000.0,830,2018-09-18
C103960,Customer_103960,52,Male,Bengaluru,Karnataka,Salaried,1122000.0,756,2021-09-16
C103961,Customer_103961,49,Female,Lucknow,Uttar Pradesh,Salaried,726000.0,658,2019-03-05
C103962,Customer_103962,64,Male,Noida,Uttar Pradesh,Salaried,807000.0,804,2021-02-07
C103963,Customer_103963,22,Female,Ahmedabad,Gujarat,Self-Employed,568000.0,704,2018-05-16
C103964,Customer_103964,64,Male,Chennai,Tamil Nadu,Business Owner,977000.0,850,2018-10-03
C103965,Customer_103965,46,Female,Bengaluru,Karnataka,Self-Employed,1183000.0,737,2020-01-24
C103966,Customer_103966,33,Female,Noida,Uttar Pradesh,Self-Employed,928000.0,757,2023-07-06
C103967,Customer_103967,38,Male,Gurugram,Haryana,Salaried,1274000.0,774,2020-12-12
C103968,Customer_103968,55,Female,Bengaluru,Karnataka,Self-Employed,1115000.0,817,2020-04-06
C103969,Customer_103969,65,Male,Ahmedabad,Gujarat,Self-Employed,431000.0,691,2022-05-11
C103970,Customer_103970,35,Female,Ahmedabad,Gujarat,Salaried,792000.0,811,2026-01-13
C103971,Customer_103971,65,Female,Pune,Maharashtra,Professional,671000.0,679,2024-07-15
C103972,Customer_103972,49,Male,Lucknow,Uttar Pradesh,Salaried,1151000.0,697,2020-09-24
C103973,Customer_103973,29,Male,Mumbai,Maharashtra,Self-Employed,1035000.0,721,2021-09-30
C103974,Customer_103974,47,Male,Hyderabad,Telangana,Self-Employed,901000.0,780,2019-01-24
C103975,Customer_103975,57,Male,Mumbai,Maharashtra,Professional,1255000.0,699,2023-10-16
C103976,Customer_103976,23,Female,Jaipur,Rajasthan,Salaried,250000.0,827,2025-01-01
C103977,Customer_103977,24,Male,Ahmedabad,Gujarat,Professional,609000.0,806,2025-01-06
C103978,Customer_103978,21,Female,Lucknow,Uttar Pradesh,Salaried,643000.0,723,2018-12-11
C103979,Customer_103979,46,Female,Kolkata,West Bengal,Salaried,951000.0,657,2023-12-22
C103980,Customer_103980,23,Female,Mumbai,Maharashtra,Professional,1071000.0,785,2018-07-26
C103981,Customer_103981,62,Female,Pune,Maharashtra,Salaried,849000.0,584,2017-02-03
C103982,Customer_103982,26,Male,Mumbai,Maharashtra,Self-Employed,324000.0,768,2023-09-09
C103983,Customer_103983,24,Female,Jaipur,Rajasthan,Salaried,1013000.0,666,2020-12-16
C103984,Customer_103984,32,Female,Jaipur,Rajasthan,Professional,901000.0,802,2019-10-11
C103985,Customer_103985,55,Female,Noida,Uttar Pradesh,Business Owner,263000.0,630,2021-09-13
C103986,Customer_103986,61,Male,Chennai,Tamil Nadu,Salaried,732000.0,677,2020-11-19
C103987,Customer_103987,32,Male,Hyderabad,Telangana,Business Owner,1000000.0,748,2019-04-07
C103988,Customer_103988,44,Other,Delhi,Delhi,Salaried,1511000.0,759,2021-03-14
C103989,Customer_103989,55,Female,Chennai,Tamil Nadu,Self-Employed,414000.0,679,2017-05-01
C103990,Customer_103990,56,Male,Pune,Maharashtra,Business Owner,1166000.0,698,2024-04-18
C103991,Customer_103991,27,Female,Gurugram,Haryana,Self-Employed,419000.0,782,2025-09-21
C103992,Customer_103992,58,Male,Gurugram,Haryana,Self-Employed,342000.0,785,2022-05-07
C103993,Customer_103993,60,Female,Mumbai,Maharashtra,Business Owner,365000.0,697,2022-10-13
C103994,Customer_103994,54,Male,Hyderabad,Telangana,Self-Employed,1092000.0,681,2023-11-26
C103995,Customer_103995,44,Male,Kolkata,West Bengal,Professional,902000.0,631,2021-07-10
C103996,Customer_103996,38,Male,Chennai,Tamil Nadu,Salaried,724000.0,736,2026-03-12
C103997,Customer_103997,61,Male,Delhi,Delhi,Salaried,1033000.0,773,2019-09-09
C103998,Customer_103998,59,Male,Noida,Uttar Pradesh,Business Owner,866000.0,730,2023-08-15
C103999,Customer_103999,44,Male,Jaipur,Rajasthan,Salaried,894000.0,660,2019-08-16
C104000,Customer_104000,54,Male,Kolkata,West Bengal,Salaried,729000.0,836,2019-08-07
C104001,Customer_104001,38,Female,Hyderabad,Telangana,Business Owner,439000.0,583,2021-01-12
C104002,Customer_104002,54,Female,Noida,Uttar Pradesh,Salaried,1527000.0,777,2024-02-21
C104003,Customer_104003,25,Female,Delhi,Delhi,Salaried,1410000.0,734,2020-10-19
C104004,Customer_104004,61,Male,Pune,Maharashtra,Salaried,1486000.0,750,2024-11-29
C104005,Customer_104005,44,Male,Gurugram,Haryana,Salaried,634000.0,669,2020-07-26
C104006,Customer_104006,47,Female,Lucknow,Uttar Pradesh,Salaried,577000.0,710,2021-01-04
C104007,Customer_104007,29,Female,Hyderabad,Telangana,Salaried,684000.0,739,2021-11-04
C104008,Customer_104008,44,Female,Ahmedabad,Gujarat,Business Owner,1280000.0,714,2023-02-21
C104009,Customer_104009,21,Female,Bengaluru,Karnataka,Salaried,850000.0,603,2021-01-22
C104010,Customer_104010,61,Female,Mumbai,Maharashtra,Business Owner,633000.0,831,2021-07-26
C104011,Customer_104011,54,Female,Chennai,Tamil Nadu,Professional,996000.0,762,2017-07-29
C104012,Customer_104012,41,Male,Noida,Uttar Pradesh,Salaried,555000.0,722,2018-03-10
C104013,Customer_104013,58,Female,Jaipur,Rajasthan,Professional,308000.0,726,2018-04-22
C104014,Customer_104014,57,Female,Pune,Maharashtra,Salaried,902000.0,829,2023-10-14
C104015,Customer_104015,26,Female,Hyderabad,Telangana,Self-Employed,644000.0,672,2020-06-06
C104016,Customer_104016,23,Male,Mumbai,Maharashtra,Professional,845000.0,657,2021-02-17
C104017,Customer_104017,32,Male,Hyderabad,Telangana,Business Owner,250000.0,775,2022-01-03
C104018,Customer_104018,21,Male,Mumbai,Maharashtra,Salaried,493000.0,750,2020-03-23
C104019,Customer_104019,46,Male,Bengaluru,Karnataka,Salaried,832000.0,654,2018-03-02
C104020,Customer_104020,44,Female,Jaipur,Rajasthan,Salaried,250000.0,791,2021-05-10
C104021,Customer_104021,45,Female,Mumbai,Maharashtra,Professional,257000.0,739,2020-03-16
C104022,Customer_104022,24,Male,Delhi,Delhi,Salaried,866000.0,662,2022-06-02
C104023,Customer_104023,62,Female,Kolkata,West Bengal,Salaried,1131000.0,752,2022-11-09
C104024,Customer_104024,64,Male,Hyderabad,Telangana,Salaried,493000.0,742,2024-01-18
C104025,Customer_104025,47,Female,Pune,Maharashtra,Salaried,745000.0,714,2021-10-14
C104026,Customer_104026,21,Male,Mumbai,Maharashtra,Salaried,754000.0,745,2025-06-17
C104027,Customer_104027,38,Female,Bengaluru,Karnataka,Salaried,250000.0,761,2026-04-19
C104028,Customer_104028,53,Female,Pune,Maharashtra,Self-Employed,1324000.0,779,2023-05-16
C104029,Customer_104029,54,Female,Jaipur,Rajasthan,Salaried,777000.0,727,2025-09-03
C104030,Customer_104030,31,Female,Chennai,Tamil Nadu,Salaried,781000.0,702,2026-04-04
C104031,Customer_104031,58,Male,Kolkata,West Bengal,Salaried,999000.0,736,2024-10-11
C104032,Customer_104032,64,Female,Kolkata,West Bengal,Salaried,250000.0,797,2018-06-20
C104033,Customer_104033,43,Male,Hyderabad,Telangana,Business Owner,1218000.0,761,2023-04-06
C104034,Customer_104034,38,Male,Hyderabad,Telangana,Salaried,1270000.0,699,2018-06-09
C104035,Customer_104035,44,Female,Pune,Maharashtra,Salaried,906000.0,724,2019-09-28
C104036,Customer_104036,22,Female,Delhi,Delhi,Salaried,1035000.0,828,2024-05-11
C104037,Customer_104037,44,Female,Jaipur,Rajasthan,Salaried,720000.0,769,2022-01-13
C104038,Customer_104038,22,Male,Ahmedabad,Gujarat,Business Owner,1195000.0,730,2022-11-24
C104039,Customer_104039,22,Female,Hyderabad,Telangana,Professional,521000.0,794,2020-09-11
C104040,Customer_104040,45,Male,Chennai,Tamil Nadu,Salaried,837000.0,685,2025-01-10
C104041,Customer_104041,43,Female,Hyderabad,Telangana,Salaried,861000.0,741,2020-03-27
C104042,Customer_104042,65,Female,Ahmedabad,Gujarat,Salaried,835000.0,842,2023-04-28
C104043,Customer_104043,43,Female,Gurugram,Haryana,Self-Employed,1278000.0,762,2024-03-14
C104044,Customer_104044,65,Female,Mumbai,Maharashtra,Salaried,1725000.0,825,2017-02-12
C104045,Customer_104045,57,Female,Chennai,Tamil Nadu,Professional,806000.0,715,2024-11-17
C104046,Customer_104046,36,Male,Delhi,Delhi,Salaried,1038000.0,689,2023-04-07
C104047,Customer_104047,62,Other,Pune,Maharashtra,Professional,529000.0,795,2018-10-31
C104048,Customer_104048,42,Female,Bengaluru,Karnataka,Salaried,1263000.0,601,2018-12-21
C104049,Customer_104049,47,Male,Chennai,Tamil Nadu,Salaried,643000.0,732,2017-08-25
C104050,Customer_104050,25,Male,Pune,Maharashtra,Salaried,2108000.0,787,2021-02-28
C104051,Customer_104051,30,Male,Hyderabad,Telangana,Salaried,250000.0,757,2017-07-11
C104052,Customer_104052,44,Female,Chennai,Tamil Nadu,Professional,1709000.0,583,2023-06-10
C104053,Customer_104053,33,Female,Gurugram,Haryana,Salaried,1246000.0,633,2017-09-06
C104054,Customer_104054,47,Female,Gurugram,Haryana,Salaried,401000.0,713,2023-02-10
C104055,Customer_104055,24,Male,Delhi,Delhi,Professional,1778000.0,751,2023-10-26
C104056,Customer_104056,32,Male,Chennai,Tamil Nadu,Salaried,479000.0,753,2020-07-24
C104057,Customer_104057,50,Female,Noida,Uttar Pradesh,Salaried,724000.0,720,2020-04-03
C104058,Customer_104058,48,Male,Kolkata,West Bengal,Salaried,331000.0,767,2023-08-22
C104059,Customer_104059,65,Male,Bengaluru,Karnataka,Salaried,791000.0,748,2025-05-26
C104060,Customer_104060,61,Male,Ahmedabad,Gujarat,Professional,829000.0,712,2025-10-16
C104061,Customer_104061,57,Male,Mumbai,Maharashtra,Salaried,1182000.0,755,2022-10-16
C104062,Customer_104062,21,Male,Delhi,Delhi,Self-Employed,1825000.0,678,2019-02-24
C104063,Customer_104063,48,Female,Ahmedabad,Gujarat,Salaried,645000.0,761,2020-04-10
C104064,Customer_104064,31,Male,Kolkata,West Bengal,Salaried,250000.0,665,2018-02-11
C104065,Customer_104065,33,Male,Gurugram,Haryana,Self-Employed,1109000.0,752,2017-04-06
C104066,Customer_104066,30,Female,Chennai,Tamil Nadu,Business Owner,630000.0,750,2018-04-05
C104067,Customer_104067,41,Female,Noida,Uttar Pradesh,Self-Employed,1577000.0,701,2024-03-07
C104068,Customer_104068,26,Female,Pune,Maharashtra,Salaried,836000.0,761,2021-04-05
C104069,Customer_104069,44,Female,Jaipur,Rajasthan,Salaried,546000.0,820,2022-04-11
C104070,Customer_104070,28,Female,Mumbai,Maharashtra,Business Owner,445000.0,654,2019-10-12
C104071,Customer_104071,43,Female,Mumbai,Maharashtra,Self-Employed,1099000.0,782,2017-07-24
C104072,Customer_104072,49,Female,Gurugram,Haryana,Salaried,740000.0,791,2021-05-09
C104073,Customer_104073,29,Male,Noida,Uttar Pradesh,Salaried,1437000.0,707,2021-01-14
C104074,Customer_104074,25,Female,Lucknow,Uttar Pradesh,Business Owner,766000.0,772,2017-10-14
C104075,Customer_104075,57,Male,Hyderabad,Telangana,Salaried,1416000.0,703,2023-03-07
C104076,Customer_104076,54,Male,Delhi,Delhi,Self-Employed,298000.0,802,2019-04-20
C104077,Customer_104077,32,Male,Lucknow,Uttar Pradesh,Self-Employed,250000.0,542,2021-09-15
C104078,Customer_104078,60,Male,Ahmedabad,Gujarat,Salaried,1182000.0,814,2020-03-26
C104079,Customer_104079,30,Male,Bengaluru,Karnataka,Salaried,664000.0,648,2017-11-22
C104080,Customer_104080,62,Female,Gurugram,Haryana,Salaried,745000.0,726,2025-09-11
C104081,Customer_104081,26,Male,Noida,Uttar Pradesh,Self-Employed,445000.0,667,2022-11-02
C104082,Customer_104082,50,Male,Hyderabad,Telangana,Professional,416000.0,817,2019-10-07
C104083,Customer_104083,21,Male,Gurugram,Haryana,Salaried,1104000.0,705,2019-02-14
C104084,Customer_104084,29,Male,Gurugram,Haryana,Salaried,842000.0,685,2017-06-13
C104085,Customer_104085,39,Female,Kolkata,West Bengal,Salaried,426000.0,793,2024-03-23
C104086,Customer_104086,24,Male,Ahmedabad,Gujarat,Self-Employed,1166000.0,768,2019-11-24
C104087,Customer_104087,41,Male,Hyderabad,Telangana,Salaried,1320000.0,698,2019-01-18
C104088,Customer_104088,31,Male,Lucknow,Uttar Pradesh,Business Owner,806000.0,656,2025-09-21
C104089,Customer_104089,25,Male,Lucknow,Uttar Pradesh,Salaried,1251000.0,647,2026-04-19
C104090,Customer_104090,64,Male,Lucknow,Uttar Pradesh,Salaried,449000.0,803,2020-12-23
C104091,Customer_104091,65,Male,Jaipur,Rajasthan,Salaried,1081000.0,747,2022-07-30
C104092,Customer_104092,64,Female,Delhi,Delhi,Professional,915000.0,731,2024-08-15
C104093,Customer_104093,27,Female,Chennai,Tamil Nadu,Self-Employed,533000.0,752,2022-08-23
C104094,Customer_104094,38,Female,Pune,Maharashtra,Salaried,1671000.0,593,2019-06-28
C104095,Customer_104095,35,Male,Lucknow,Uttar Pradesh,Salaried,943000.0,699,2024-02-02
C104096,Customer_104096,35,Male,Kolkata,West Bengal,Professional,614000.0,701,2018-04-07
C104097,Customer_104097,39,Female,Kolkata,West Bengal,Professional,858000.0,784,2022-02-04
C104098,Customer_104098,43,Male,Mumbai,Maharashtra,Salaried,502000.0,625,2021-08-16
C104099,Customer_104099,42,Female,Gurugram,Haryana,Business Owner,387000.0,788,2022-07-13
C104100,Customer_104100,34,Female,Chennai,Tamil Nadu,Professional,670000.0,837,2023-07-14
C104101,Customer_104101,65,Male,Mumbai,Maharashtra,Salaried,697000.0,608,2017-07-22
C104102,Customer_104102,65,Male,Lucknow,Uttar Pradesh,Salaried,528000.0,721,2024-11-13
C104103,Customer_104103,35,Female,Bengaluru,Karnataka,Salaried,1350000.0,752,2019-10-31
C104104,Customer_104104,30,Other,Delhi,Delhi,Salaried,544000.0,777,2019-03-31
C104105,Customer_104105,44,Female,Delhi,Delhi,Business Owner,477000.0,579,2021-12-17
C104106,Customer_104106,37,Male,Pune,Maharashtra,Salaried,376000.0,742,2026-03-09
C104107,Customer_104107,65,Female,Mumbai,Maharashtra,Salaried,337000.0,706,2024-10-09
C104108,Customer_104108,40,Male,Noida,Uttar Pradesh,Salaried,1261000.0,702,2021-07-22
C104109,Customer_104109,22,Male,Kolkata,West Bengal,Self-Employed,953000.0,850,2022-06-23
C104110,Customer_104110,26,Female,Hyderabad,Telangana,Salaried,1126000.0,706,2021-09-04
C104111,Customer_104111,24,Female,Delhi,Delhi,Salaried,1257000.0,749,2023-05-15
C104112,Customer_104112,38,Male,Pune,Maharashtra,Salaried,717000.0,712,2024-12-29
C104113,Customer_104113,35,Male,Mumbai,Maharashtra,Business Owner,1439000.0,736,2018-04-25
C104114,Customer_104114,59,Male,Lucknow,Uttar Pradesh,Salaried,599000.0,756,2020-10-16
C104115,Customer_104115,61,Male,Hyderabad,Telangana,Salaried,412000.0,778,2022-04-15
C104116,Customer_104116,27,Male,Pune,Maharashtra,Business Owner,999000.0,669,2024-01-20
C104117,Customer_104117,63,Female,Delhi,Delhi,Salaried,908000.0,730,2017-11-22
C104118,Customer_104118,47,Male,Mumbai,Maharashtra,Self-Employed,907000.0,732,2022-04-15
C104119,Customer_104119,34,Female,Bengaluru,Karnataka,Salaried,1256000.0,613,2024-03-19
C104120,Customer_104120,39,Male,Delhi,Delhi,Business Owner,892000.0,658,2018-04-06
C104121,Customer_104121,40,Male,Jaipur,Rajasthan,Salaried,975000.0,778,2018-08-08
C104122,Customer_104122,28,Male,Lucknow,Uttar Pradesh,Salaried,1394000.0,690,2017-04-22
C104123,Customer_104123,60,Male,Lucknow,Uttar Pradesh,Salaried,957000.0,850,2024-12-01
C104124,Customer_104124,21,Female,Hyderabad,Telangana,Professional,1048000.0,783,2025-09-12
C104125,Customer_104125,24,Female,Gurugram,Haryana,Business Owner,283000.0,749,2021-05-15
C104126,Customer_104126,33,Female,Kolkata,West Bengal,Salaried,2338000.0,818,2025-01-25
C104127,Customer_104127,27,Male,Delhi,Delhi,Salaried,250000.0,770,2022-07-15
C104128,Customer_104128,23,Female,Mumbai,Maharashtra,Salaried,634000.0,732,2026-02-27
C104129,Customer_104129,38,Female,Kolkata,West Bengal,Salaried,622000.0,628,2018-01-04
C104130,Customer_104130,37,Male,Pune,Maharashtra,Salaried,1693000.0,763,2023-04-12
C104131,Customer_104131,26,Female,Delhi,Delhi,Professional,610000.0,811,2023-09-30
C104132,Customer_104132,57,Female,Lucknow,Uttar Pradesh,Salaried,1027000.0,681,2023-01-05
C104133,Customer_104133,60,Female,Jaipur,Rajasthan,Professional,625000.0,601,2021-08-09
C104134,Customer_104134,53,Female,Kolkata,West Bengal,Salaried,434000.0,650,2018-12-11
C104135,Customer_104135,44,Female,Lucknow,Uttar Pradesh,Business Owner,1078000.0,834,2018-07-30
C104136,Customer_104136,63,Male,Lucknow,Uttar Pradesh,Salaried,562000.0,725,2022-12-24
C104137,Customer_104137,36,Female,Lucknow,Uttar Pradesh,Salaried,933000.0,815,2022-05-25
C104138,Customer_104138,40,Female,Hyderabad,Telangana,Business Owner,1101000.0,721,2021-07-19
C104139,Customer_104139,21,Male,Noida,Uttar Pradesh,Salaried,1613000.0,688,2017-05-13
C104140,Customer_104140,52,Female,Kolkata,West Bengal,Professional,345000.0,850,2020-07-06
C104141,Customer_104141,25,Male,Jaipur,Rajasthan,Business Owner,789000.0,696,2025-01-28
C104142,Customer_104142,50,Male,Noida,Uttar Pradesh,Professional,805000.0,704,2023-05-10
C104143,Customer_104143,56,Female,Mumbai,Maharashtra,Business Owner,850000.0,750,2024-01-28
C104144,Customer_104144,30,Female,Pune,Maharashtra,Salaried,1878000.0,701,2017-10-16
C104145,Customer_104145,48,Female,Mumbai,Maharashtra,Salaried,781000.0,771,2021-03-19
C104146,Customer_104146,34,Female,Hyderabad,Telangana,Self-Employed,250000.0,749,2021-09-10
C104147,Customer_104147,38,Male,Chennai,Tamil Nadu,Salaried,771000.0,752,2024-04-01
C104148,Customer_104148,44,Female,Noida,Uttar Pradesh,Salaried,803000.0,680,2024-01-22
C104149,Customer_104149,32,Female,Noida,Uttar Pradesh,Salaried,754000.0,612,2017-11-26
C104150,Customer_104150,56,Female,Chennai,Tamil Nadu,Self-Employed,563000.0,666,2024-09-22
C104151,Customer_104151,38,Male,Hyderabad,Telangana,Salaried,321000.0,672,2017-05-17
C104152,Customer_104152,41,Male,Kolkata,West Bengal,Salaried,1714000.0,739,2021-07-25
C104153,Customer_104153,57,Female,Noida,Uttar Pradesh,Professional,977000.0,667,2019-04-23
C104154,Customer_104154,31,Male,Lucknow,Uttar Pradesh,Business Owner,773000.0,625,2020-04-13
C104155,Customer_104155,41,Male,Bengaluru,Karnataka,Salaried,1701000.0,645,2020-12-21
C104156,Customer_104156,65,Female,Bengaluru,Karnataka,Salaried,503000.0,745,2022-05-01
C104157,Customer_104157,38,Female,Jaipur,Rajasthan,Business Owner,1091000.0,765,2017-04-21
C104158,Customer_104158,26,Female,Hyderabad,Telangana,Salaried,350000.0,687,2018-03-13
C104159,Customer_104159,33,Female,Bengaluru,Karnataka,Self-Employed,1150000.0,694,2023-06-02
C104160,Customer_104160,64,Female,Delhi,Delhi,Business Owner,396000.0,760,2017-11-08
C104161,Customer_104161,55,Male,Chennai,Tamil Nadu,Salaried,1038000.0,731,2019-04-11
C104162,Customer_104162,57,Female,Chennai,Tamil Nadu,Salaried,1631000.0,797,2024-08-17
C104163,Customer_104163,32,Female,Kolkata,West Bengal,Salaried,887000.0,710,2018-12-24
C104164,Customer_104164,58,Female,Bengaluru,Karnataka,Salaried,250000.0,666,2018-03-07
C104165,Customer_104165,38,Male,Jaipur,Rajasthan,Self-Employed,864000.0,791,2021-06-16
C104166,Customer_104166,56,Male,Jaipur,Rajasthan,Salaried,1042000.0,700,2020-11-19
C104167,Customer_104167,60,Female,Pune,Maharashtra,Professional,1210000.0,669,2018-03-02
C104168,Customer_104168,30,Female,Bengaluru,Karnataka,Self-Employed,1439000.0,778,2020-10-31
C104169,Customer_104169,63,Female,Kolkata,West Bengal,Salaried,1460000.0,814,2024-11-25
C104170,Customer_104170,49,Female,Jaipur,Rajasthan,Salaried,798000.0,732,2026-02-25
C104171,Customer_104171,53,Female,Chennai,Tamil Nadu,Salaried,586000.0,655,2017-08-12
C104172,Customer_104172,55,Male,Hyderabad,Telangana,Salaried,403000.0,820,2023-07-26
C104173,Customer_104173,28,Female,Kolkata,West Bengal,Self-Employed,634000.0,744,2023-05-28
C104174,Customer_104174,54,Female,Chennai,Tamil Nadu,Salaried,1041000.0,734,2024-02-20
C104175,Customer_104175,30,Male,Chennai,Tamil Nadu,Salaried,311000.0,694,2024-02-26
C104176,Customer_104176,33,Male,Chennai,Tamil Nadu,Salaried,479000.0,793,2023-03-28
C104177,Customer_104177,26,Female,Hyderabad,Telangana,Salaried,1075000.0,648,2025-02-07
C104178,Customer_104178,29,Female,Jaipur,Rajasthan,Self-Employed,591000.0,642,2019-07-16
C104179,Customer_104179,65,Male,Pune,Maharashtra,Professional,998000.0,843,2018-03-11
C104180,Customer_104180,35,Male,Pune,Maharashtra,Self-Employed,524000.0,664,2020-05-12
C104181,Customer_104181,38,Male,Ahmedabad,Gujarat,Professional,965000.0,782,2018-10-28
C104182,Customer_104182,42,Female,Chennai,Tamil Nadu,Self-Employed,541000.0,810,2018-09-16
C104183,Customer_104183,53,Female,Mumbai,Maharashtra,Salaried,250000.0,734,2017-05-31
C104184,Customer_104184,46,Male,Noida,Uttar Pradesh,Professional,1232000.0,663,2022-01-18
C104185,Customer_104185,45,Female,Delhi,Delhi,Salaried,572000.0,761,2024-09-02
C104186,Customer_104186,58,Male,Kolkata,West Bengal,Salaried,751000.0,810,2017-09-22
C104187,Customer_104187,43,Male,Hyderabad,Telangana,Professional,574000.0,742,2023-02-24
C104188,Customer_104188,55,Male,Bengaluru,Karnataka,Self-Employed,1068000.0,671,2025-06-01
C104189,Customer_104189,61,Female,Delhi,Delhi,Professional,983000.0,740,2021-06-20
C104190,Customer_104190,51,Female,Noida,Uttar Pradesh,Salaried,1067000.0,630,2018-10-30
C104191,Customer_104191,22,Male,Pune,Maharashtra,Business Owner,630000.0,657,2023-04-07
C104192,Customer_104192,32,Female,Chennai,Tamil Nadu,Salaried,830000.0,703,2018-12-27
C104193,Customer_104193,48,Female,Jaipur,Rajasthan,Salaried,1017000.0,724,2018-03-18
C104194,Customer_104194,42,Female,Delhi,Delhi,Professional,1468000.0,642,2021-07-06
C104195,Customer_104195,33,Female,Kolkata,West Bengal,Salaried,973000.0,736,2017-02-19
C104196,Customer_104196,36,Female,Pune,Maharashtra,Self-Employed,449000.0,754,2019-12-24
C104197,Customer_104197,24,Male,Kolkata,West Bengal,Professional,957000.0,706,2024-04-20
C104198,Customer_104198,31,Male,Mumbai,Maharashtra,Professional,784000.0,580,2018-07-21
C104199,Customer_104199,56,Female,Lucknow,Uttar Pradesh,Salaried,250000.0,727,2021-10-21
C104200,Customer_104200,21,Female,Bengaluru,Karnataka,Salaried,250000.0,838,2026-03-06
C104201,Customer_104201,58,Female,Jaipur,Rajasthan,Professional,823000.0,750,2019-01-12
C104202,Customer_104202,36,Female,Jaipur,Rajasthan,Self-Employed,857000.0,721,2019-08-09
C104203,Customer_104203,57,Female,Chennai,Tamil Nadu,Salaried,732000.0,696,2023-07-15
C104204,Customer_104204,32,Female,Mumbai,Maharashtra,Salaried,1204000.0,758,2023-11-20
C104205,Customer_104205,58,Female,Hyderabad,Telangana,Salaried,476000.0,734,2021-07-16
C104206,Customer_104206,46,Male,Gurugram,Haryana,Professional,296000.0,766,2023-10-05
C104207,Customer_104207,59,Female,Noida,Uttar Pradesh,Salaried,520000.0,649,2022-11-16
C104208,Customer_104208,23,Female,Lucknow,Uttar Pradesh,Business Owner,606000.0,728,2019-04-12
C104209,Customer_104209,56,Male,Bengaluru,Karnataka,Salaried,827000.0,690,2024-08-30
C104210,Customer_104210,33,Male,Ahmedabad,Gujarat,Salaried,531000.0,744,2019-08-03
C104211,Customer_104211,37,Female,Mumbai,Maharashtra,Self-Employed,250000.0,594,2023-04-22
C104212,Customer_104212,23,Female,Jaipur,Rajasthan,Professional,250000.0,694,2021-12-23
C104213,Customer_104213,63,Male,Chennai,Tamil Nadu,Salaried,899000.0,755,2021-12-28
C104214,Customer_104214,49,Male,Jaipur,Rajasthan,Salaried,398000.0,766,2025-01-06
C104215,Customer_104215,65,Male,Jaipur,Rajasthan,Self-Employed,250000.0,718,2025-06-09
C104216,Customer_104216,46,Male,Lucknow,Uttar Pradesh,Salaried,1100000.0,580,2023-11-20
C104217,Customer_104217,28,Female,Pune,Maharashtra,Salaried,1468000.0,762,2022-07-24
C104218,Customer_104218,36,Female,Chennai,Tamil Nadu,Self-Employed,812000.0,823,2019-10-28
C104219,Customer_104219,40,Female,Kolkata,West Bengal,Salaried,957000.0,665,2023-09-18
C104220,Customer_104220,27,Male,Mumbai,Maharashtra,Self-Employed,961000.0,692,2017-05-27
C104221,Customer_104221,62,Male,Mumbai,Maharashtra,Salaried,250000.0,772,2017-12-14
C104222,Customer_104222,64,Male,Kolkata,West Bengal,Self-Employed,1205000.0,774,2022-08-28
C104223,Customer_104223,46,Female,Gurugram,Haryana,Business Owner,1346000.0,791,2019-07-18
C104224,Customer_104224,47,Female,Kolkata,West Bengal,Business Owner,1585000.0,786,2021-06-06
C104225,Customer_104225,52,Male,Gurugram,Haryana,Self-Employed,675000.0,620,2025-10-08
C104226,Customer_104226,51,Female,Bengaluru,Karnataka,Self-Employed,396000.0,689,2020-03-15
C104227,Customer_104227,23,Male,Pune,Maharashtra,Salaried,1393000.0,761,2020-12-06
C104228,Customer_104228,44,Male,Ahmedabad,Gujarat,Salaried,1050000.0,714,2023-01-07
C104229,Customer_104229,55,Female,Chennai,Tamil Nadu,Salaried,1200000.0,744,2023-11-11
C104230,Customer_104230,57,Male,Delhi,Delhi,Self-Employed,591000.0,712,2025-11-10
C104231,Customer_104231,47,Female,Delhi,Delhi,Salaried,959000.0,692,2019-12-18
C104232,Customer_104232,61,Male,Lucknow,Uttar Pradesh,Salaried,429000.0,704,2025-05-30
C104233,Customer_104233,47,Female,Ahmedabad,Gujarat,Salaried,848000.0,647,2019-01-19
C104234,Customer_104234,38,Male,Hyderabad,Telangana,Self-Employed,711000.0,673,2023-03-14
C104235,Customer_104235,40,Male,Hyderabad,Telangana,Salaried,1787000.0,716,2017-09-29
C104236,Customer_104236,52,Male,Delhi,Delhi,Salaried,1069000.0,717,2025-12-06
C104237,Customer_104237,60,Female,Lucknow,Uttar Pradesh,Self-Employed,250000.0,757,2024-05-06
C104238,Customer_104238,31,Female,Mumbai,Maharashtra,Professional,849000.0,701,2020-09-07
C104239,Customer_104239,34,Female,Gurugram,Haryana,Self-Employed,997000.0,829,2025-05-20
C104240,Customer_104240,50,Male,Bengaluru,Karnataka,Salaried,660000.0,800,2017-12-10
C104241,Customer_104241,55,Male,Chennai,Tamil Nadu,Business Owner,409000.0,687,2020-05-23
C104242,Customer_104242,38,Male,Hyderabad,Telangana,Salaried,1114000.0,733,2021-03-18
C104243,Customer_104243,49,Female,Gurugram,Haryana,Salaried,465000.0,799,2023-02-21
C104244,Customer_104244,21,Male,Delhi,Delhi,Salaried,1080000.0,678,2023-02-24
C104245,Customer_104245,34,Male,Chennai,Tamil Nadu,Salaried,432000.0,671,2017-06-29
C104246,Customer_104246,63,Female,Hyderabad,Telangana,Self-Employed,636000.0,804,2024-06-17
C104247,Customer_104247,46,Female,Hyderabad,Telangana,Salaried,1232000.0,765,2018-05-05
C104248,Customer_104248,60,Male,Bengaluru,Karnataka,Business Owner,1046000.0,790,2025-09-25
C104249,Customer_104249,30,Male,Noida,Uttar Pradesh,Self-Employed,863000.0,741,2020-10-22
C104250,Customer_104250,34,Male,Chennai,Tamil Nadu,Salaried,838000.0,703,2021-10-25
C104251,Customer_104251,64,Female,Pune,Maharashtra,Salaried,886000.0,633,2020-08-22
C104252,Customer_104252,65,Male,Chennai,Tamil Nadu,Business Owner,533000.0,729,2020-06-22
C104253,Customer_104253,60,Female,Lucknow,Uttar Pradesh,Salaried,250000.0,800,2021-03-11
C104254,Customer_104254,35,Male,Chennai,Tamil Nadu,Salaried,1078000.0,801,2019-08-16
C104255,Customer_104255,57,Female,Chennai,Tamil Nadu,Salaried,1462000.0,790,2025-06-04
C104256,Customer_104256,41,Female,Hyderabad,Telangana,Salaried,1092000.0,771,2022-08-26
C104257,Customer_104257,58,Male,Hyderabad,Telangana,Salaried,952000.0,850,2021-03-23
C104258,Customer_104258,59,Male,Mumbai,Maharashtra,Professional,367000.0,619,2023-06-14
C104259,Customer_104259,40,Male,Ahmedabad,Gujarat,Salaried,1201000.0,735,2017-07-17
C104260,Customer_104260,34,Female,Delhi,Delhi,Salaried,1043000.0,659,2022-11-21
C104261,Customer_104261,64,Female,Bengaluru,Karnataka,Business Owner,1154000.0,821,2018-07-31
C104262,Customer_104262,41,Female,Bengaluru,Karnataka,Business Owner,1264000.0,684,2018-10-26
C104263,Customer_104263,40,Male,Hyderabad,Telangana,Self-Employed,1484000.0,786,2023-02-18
C104264,Customer_104264,50,Male,Gurugram,Haryana,Salaried,404000.0,691,2021-02-26
C104265,Customer_104265,63,Female,Ahmedabad,Gujarat,Professional,334000.0,747,2018-08-26
C104266,Customer_104266,26,Female,Lucknow,Uttar Pradesh,Salaried,909000.0,713,2017-09-10
C104267,Customer_104267,65,Female,Chennai,Tamil Nadu,Salaried,481000.0,719,2022-09-04
C104268,Customer_104268,40,Female,Lucknow,Uttar Pradesh,Self-Employed,412000.0,742,2021-11-05
C104269,Customer_104269,22,Female,Delhi,Delhi,Salaried,1338000.0,780,2019-03-19
C104270,Customer_104270,34,Female,Kolkata,West Bengal,Self-Employed,446000.0,713,2018-12-30
C104271,Customer_104271,41,Female,Gurugram,Haryana,Professional,846000.0,778,2023-11-30
C104272,Customer_104272,51,Female,Kolkata,West Bengal,Salaried,250000.0,787,2025-04-12
C104273,Customer_104273,46,Female,Lucknow,Uttar Pradesh,Salaried,875000.0,693,2025-09-21
C104274,Customer_104274,27,Other,Hyderabad,Telangana,Salaried,1323000.0,843,2024-07-10
C104275,Customer_104275,42,Male,Delhi,Delhi,Salaried,1335000.0,768,2019-03-18
C104276,Customer_104276,31,Female,Gurugram,Haryana,Self-Employed,1268000.0,692,2023-10-23
C104277,Customer_104277,33,Female,Delhi,Delhi,Professional,819000.0,760,2020-08-05
C104278,Customer_104278,53,Male,Gurugram,Haryana,Self-Employed,1295000.0,787,2018-01-18
C104279,Customer_104279,57,Female,Jaipur,Rajasthan,Professional,1022000.0,758,2018-07-31
C104280,Customer_104280,28,Male,Noida,Uttar Pradesh,Salaried,674000.0,733,2021-02-28
C104281,Customer_104281,48,Male,Pune,Maharashtra,Salaried,1003000.0,500,2019-08-12
C104282,Customer_104282,39,Male,Noida,Uttar Pradesh,Salaried,1204000.0,657,2018-09-05
C104283,Customer_104283,36,Female,Bengaluru,Karnataka,Business Owner,319000.0,764,2024-03-05
C104284,Customer_104284,53,Female,Pune,Maharashtra,Salaried,426000.0,656,2017-05-29
C104285,Customer_104285,32,Female,Mumbai,Maharashtra,Salaried,793000.0,753,2025-11-23
C104286,Customer_104286,55,Male,Gurugram,Haryana,Salaried,361000.0,778,2020-09-30
C104287,Customer_104287,39,Female,Jaipur,Rajasthan,Salaried,356000.0,713,2020-01-19
C104288,Customer_104288,25,Male,Gurugram,Haryana,Self-Employed,682000.0,605,2019-12-03
C104289,Customer_104289,56,Male,Gurugram,Haryana,Professional,1247000.0,672,2023-04-11
C104290,Customer_104290,59,Male,Hyderabad,Telangana,Salaried,1239000.0,765,2025-07-19
C104291,Customer_104291,46,Female,Delhi,Delhi,Salaried,978000.0,802,2019-07-06
C104292,Customer_104292,53,Male,Lucknow,Uttar Pradesh,Salaried,922000.0,585,2025-08-15
C104293,Customer_104293,27,Female,Pune,Maharashtra,Salaried,1685000.0,725,2025-06-17
C104294,Customer_104294,36,Female,Mumbai,Maharashtra,Salaried,634000.0,625,2025-09-14
C104295,Customer_104295,36,Male,Lucknow,Uttar Pradesh,Self-Employed,946000.0,726,2022-10-02
C104296,Customer_104296,55,Female,Lucknow,Uttar Pradesh,Self-Employed,614000.0,710,2017-02-18
C104297,Customer_104297,36,Male,Pune,Maharashtra,Self-Employed,335000.0,850,2019-11-22
C104298,Customer_104298,53,Male,Gurugram,Haryana,Business Owner,1324000.0,685,2021-10-31
C104299,Customer_104299,34,Male,Delhi,Delhi,Salaried,728000.0,788,2024-05-31
C104300,Customer_104300,48,Female,Mumbai,Maharashtra,Business Owner,1128000.0,786,2017-03-04
C104301,Customer_104301,30,Female,Hyderabad,Telangana,Self-Employed,752000.0,707,2022-06-02
C104302,Customer_104302,46,Female,Ahmedabad,Gujarat,Salaried,1349000.0,728,2022-08-18
C104303,Customer_104303,24,Female,Mumbai,Maharashtra,Salaried,451000.0,720,2017-05-21
C104304,Customer_104304,54,Male,Delhi,Delhi,Salaried,1316000.0,672,2021-09-25
C104305,Customer_104305,22,Female,Jaipur,Rajasthan,Salaried,1208000.0,666,2020-11-20
C104306,Customer_104306,65,Male,Gurugram,Haryana,Salaried,250000.0,693,2021-01-03
C104307,Customer_104307,58,Male,Jaipur,Rajasthan,Salaried,643000.0,646,2023-12-11
C104308,Customer_104308,47,Other,Gurugram,Haryana,Professional,1258000.0,687,2017-06-28
C104309,Customer_104309,61,Male,Gurugram,Haryana,Professional,1505000.0,707,2023-12-29
C104310,Customer_104310,57,Male,Ahmedabad,Gujarat,Self-Employed,1136000.0,731,2017-12-23
C104311,Customer_104311,27,Male,Kolkata,West Bengal,Business Owner,691000.0,749,2023-08-11
C104312,Customer_104312,54,Male,Noida,Uttar Pradesh,Professional,463000.0,707,2019-12-01
C104313,Customer_104313,37,Female,Chennai,Tamil Nadu,Salaried,1077000.0,670,2021-11-06
C104314,Customer_104314,59,Male,Mumbai,Maharashtra,Salaried,680000.0,748,2019-04-03
C104315,Customer_104315,59,Female,Gurugram,Haryana,Self-Employed,697000.0,771,2026-02-26
C104316,Customer_104316,63,Male,Hyderabad,Telangana,Professional,760000.0,688,2018-09-01
C104317,Customer_104317,41,Female,Lucknow,Uttar Pradesh,Business Owner,1203000.0,656,2020-10-28
C104318,Customer_104318,29,Female,Chennai,Tamil Nadu,Salaried,1573000.0,691,2024-12-04
C104319,Customer_104319,26,Female,Noida,Uttar Pradesh,Self-Employed,1261000.0,708,2020-07-13
C104320,Customer_104320,28,Female,Delhi,Delhi,Salaried,854000.0,794,2017-04-07
C104321,Customer_104321,65,Female,Ahmedabad,Gujarat,Salaried,490000.0,765,2018-11-14
C104322,Customer_104322,47,Female,Pune,Maharashtra,Salaried,1117000.0,720,2019-01-11
C104323,Customer_104323,36,Female,Pune,Maharashtra,Self-Employed,1516000.0,844,2017-09-30
C104324,Customer_104324,41,Male,Hyderabad,Telangana,Salaried,1251000.0,718,2025-07-15
C104325,Customer_104325,28,Male,Lucknow,Uttar Pradesh,Salaried,933000.0,812,2024-09-15
C104326,Customer_104326,46,Female,Chennai,Tamil Nadu,Self-Employed,654000.0,799,2025-02-11
C104327,Customer_104327,40,Male,Noida,Uttar Pradesh,Salaried,988000.0,795,2022-02-15
C104328,Customer_104328,56,Male,Pune,Maharashtra,Business Owner,1312000.0,741,2020-04-22
C104329,Customer_104329,21,Female,Delhi,Delhi,Salaried,943000.0,728,2024-12-19
C104330,Customer_104330,62,Male,Noida,Uttar Pradesh,Self-Employed,809000.0,720,2024-06-28
C104331,Customer_104331,23,Male,Bengaluru,Karnataka,Salaried,575000.0,775,2023-10-07
C104332,Customer_104332,39,Female,Hyderabad,Telangana,Professional,1886000.0,669,2018-06-02
C104333,Customer_104333,36,Male,Noida,Uttar Pradesh,Professional,494000.0,703,2024-11-05
C104334,Customer_104334,53,Male,Noida,Uttar Pradesh,Salaried,457000.0,828,2022-12-18
C104335,Customer_104335,50,Male,Lucknow,Uttar Pradesh,Self-Employed,916000.0,761,2023-07-07
C104336,Customer_104336,29,Male,Pune,Maharashtra,Business Owner,769000.0,782,2025-03-22
C104337,Customer_104337,43,Male,Gurugram,Haryana,Salaried,1259000.0,641,2019-06-28
C104338,Customer_104338,45,Female,Hyderabad,Telangana,Self-Employed,1273000.0,692,2021-05-24
C104339,Customer_104339,41,Male,Jaipur,Rajasthan,Professional,364000.0,742,2020-02-28
C104340,Customer_104340,21,Male,Kolkata,West Bengal,Salaried,548000.0,717,2018-07-22
C104341,Customer_104341,29,Female,Delhi,Delhi,Professional,500000.0,640,2021-09-29
C104342,Customer_104342,43,Male,Pune,Maharashtra,Salaried,1164000.0,769,2022-05-22
C104343,Customer_104343,32,Male,Pune,Maharashtra,Professional,1021000.0,790,2019-07-03
C104344,Customer_104344,45,Male,Hyderabad,Telangana,Professional,701000.0,701,2023-12-19
C104345,Customer_104345,28,Male,Chennai,Tamil Nadu,Salaried,937000.0,772,2019-10-25
C104346,Customer_104346,54,Male,Kolkata,West Bengal,Salaried,399000.0,850,2025-01-22
C104347,Customer_104347,29,Male,Delhi,Delhi,Self-Employed,553000.0,819,2023-11-11
C104348,Customer_104348,50,Female,Mumbai,Maharashtra,Professional,330000.0,704,2020-07-13
C104349,Customer_104349,58,Female,Gurugram,Haryana,Salaried,908000.0,648,2023-11-05
C104350,Customer_104350,37,Female,Chennai,Tamil Nadu,Salaried,907000.0,735,2019-08-24
C104351,Customer_104351,27,Male,Ahmedabad,Gujarat,Business Owner,456000.0,850,2022-07-23
C104352,Customer_104352,21,Female,Kolkata,West Bengal,Salaried,1018000.0,807,2023-05-20
C104353,Customer_104353,37,Female,Kolkata,West Bengal,Self-Employed,1273000.0,720,2018-11-16
C104354,Customer_104354,26,Male,Chennai,Tamil Nadu,Self-Employed,438000.0,822,2019-04-30
C104355,Customer_104355,60,Female,Pune,Maharashtra,Professional,719000.0,796,2018-03-02
C104356,Customer_104356,64,Female,Gurugram,Haryana,Salaried,1055000.0,597,2019-04-06
C104357,Customer_104357,65,Male,Lucknow,Uttar Pradesh,Professional,847000.0,789,2023-07-04
C104358,Customer_104358,62,Female,Hyderabad,Telangana,Self-Employed,301000.0,728,2018-09-13
C104359,Customer_104359,47,Male,Jaipur,Rajasthan,Professional,674000.0,664,2025-03-31
C104360,Customer_104360,35,Male,Lucknow,Uttar Pradesh,Salaried,660000.0,726,2020-06-03
C104361,Customer_104361,41,Male,Delhi,Delhi,Self-Employed,782000.0,747,2019-10-20
C104362,Customer_104362,32,Male,Gurugram,Haryana,Business Owner,799000.0,668,2021-02-02
C104363,Customer_104363,58,Female,Pune,Maharashtra,Business Owner,1476000.0,712,2022-11-28
C104364,Customer_104364,40,Female,Lucknow,Uttar Pradesh,Salaried,767000.0,698,2023-10-01
C104365,Customer_104365,38,Male,Kolkata,West Bengal,Salaried,250000.0,772,2023-04-15
C104366,Customer_104366,52,Female,Noida,Uttar Pradesh,Salaried,886000.0,700,2018-01-02
C104367,Customer_104367,37,Female,Mumbai,Maharashtra,Salaried,1549000.0,610,2025-02-16
C104368,Customer_104368,37,Female,Mumbai,Maharashtra,Self-Employed,783000.0,691,2020-12-19
C104369,Customer_104369,31,Female,Lucknow,Uttar Pradesh,Professional,675000.0,658,2025-01-04
C104370,Customer_104370,24,Female,Kolkata,West Bengal,Self-Employed,728000.0,636,2023-02-15
C104371,Customer_104371,22,Female,Kolkata,West Bengal,Salaried,1084000.0,797,2017-09-02
C104372,Customer_104372,39,Male,Bengaluru,Karnataka,Salaried,726000.0,772,2022-01-27
C104373,Customer_104373,65,Female,Bengaluru,Karnataka,Salaried,250000.0,657,2024-09-29
C104374,Customer_104374,32,Male,Gurugram,Haryana,Salaried,581000.0,637,2024-05-03
C104375,Customer_104375,49,Male,Hyderabad,Telangana,Business Owner,824000.0,713,2023-10-03
C104376,Customer_104376,35,Male,Ahmedabad,Gujarat,Salaried,1064000.0,634,2025-04-22
C104377,Customer_104377,34,Male,Hyderabad,Telangana,Salaried,617000.0,704,2022-03-31
C104378,Customer_104378,28,Female,Hyderabad,Telangana,Self-Employed,732000.0,725,2018-12-25
C104379,Customer_104379,46,Female,Mumbai,Maharashtra,Salaried,868000.0,740,2017-01-10
C104380,Customer_104380,50,Male,Lucknow,Uttar Pradesh,Salaried,539000.0,742,2025-06-17
C104381,Customer_104381,36,Female,Lucknow,Uttar Pradesh,Salaried,813000.0,669,2023-01-13
C104382,Customer_104382,44,Male,Mumbai,Maharashtra,Salaried,1037000.0,725,2025-03-30
C104383,Customer_104383,42,Female,Chennai,Tamil Nadu,Self-Employed,375000.0,803,2024-05-22
C104384,Customer_104384,33,Male,Kolkata,West Bengal,Salaried,973000.0,584,2020-05-22
C104385,Customer_104385,52,Male,Chennai,Tamil Nadu,Self-Employed,414000.0,741,2018-07-25
C104386,Customer_104386,45,Female,Jaipur,Rajasthan,Salaried,422000.0,643,2024-07-28
C104387,Customer_104387,23,Female,Hyderabad,Telangana,Salaried,585000.0,811,2024-12-18
C104388,Customer_104388,43,Male,Delhi,Delhi,Self-Employed,1396000.0,773,2021-10-18
C104389,Customer_104389,38,Male,Chennai,Tamil Nadu,Salaried,250000.0,771,2019-04-24
C104390,Customer_104390,56,Male,Ahmedabad,Gujarat,Salaried,664000.0,665,2024-07-19
C104391,Customer_104391,34,Female,Bengaluru,Karnataka,Salaried,839000.0,737,2024-10-25
C104392,Customer_104392,64,Male,Gurugram,Haryana,Salaried,1317000.0,744,2023-12-19
C104393,Customer_104393,48,Male,Delhi,Delhi,Salaried,1629000.0,566,2021-11-26
C104394,Customer_104394,26,Female,Delhi,Delhi,Professional,681000.0,730,2025-12-17
C104395,Customer_104395,39,Female,Kolkata,West Bengal,Salaried,1066000.0,760,2025-10-21
C104396,Customer_104396,60,Male,Kolkata,West Bengal,Salaried,812000.0,628,2019-01-22
C104397,Customer_104397,32,Female,Hyderabad,Telangana,Salaried,810000.0,759,2019-11-30
C104398,Customer_104398,52,Male,Hyderabad,Telangana,Salaried,959000.0,726,2023-11-08
C104399,Customer_104399,56,Male,Delhi,Delhi,Business Owner,250000.0,810,2018-06-09
C104400,Customer_104400,52,Female,Ahmedabad,Gujarat,Self-Employed,831000.0,693,2017-02-17
C104401,Customer_104401,25,Male,Chennai,Tamil Nadu,Professional,1030000.0,732,2021-10-19
C104402,Customer_104402,37,Male,Mumbai,Maharashtra,Salaried,506000.0,742,2025-07-31
C104403,Customer_104403,36,Female,Chennai,Tamil Nadu,Salaried,1033000.0,538,2025-03-06
C104404,Customer_104404,36,Female,Lucknow,Uttar Pradesh,Self-Employed,250000.0,697,2018-11-08
C104405,Customer_104405,60,Female,Hyderabad,Telangana,Salaried,887000.0,726,2019-02-10
C104406,Customer_104406,21,Female,Noida,Uttar Pradesh,Salaried,1387000.0,567,2020-06-23
C104407,Customer_104407,45,Male,Hyderabad,Telangana,Salaried,763000.0,764,2025-08-16
C104408,Customer_104408,65,Female,Bengaluru,Karnataka,Salaried,459000.0,726,2024-11-06
C104409,Customer_104409,60,Male,Hyderabad,Telangana,Business Owner,280000.0,725,2025-06-10
C104410,Customer_104410,48,Female,Hyderabad,Telangana,Professional,1006000.0,767,2021-06-13
C104411,Customer_104411,65,Male,Mumbai,Maharashtra,Self-Employed,1221000.0,693,2017-09-23
C104412,Customer_104412,39,Male,Ahmedabad,Gujarat,Salaried,828000.0,723,2023-03-07
C104413,Customer_104413,48,Male,Chennai,Tamil Nadu,Business Owner,665000.0,776,2025-05-23
C104414,Customer_104414,45,Female,Jaipur,Rajasthan,Self-Employed,250000.0,724,2020-05-13
C104415,Customer_104415,23,Male,Pune,Maharashtra,Business Owner,900000.0,600,2019-03-28
C104416,Customer_104416,22,Female,Pune,Maharashtra,Salaried,574000.0,723,2022-03-04
C104417,Customer_104417,61,Female,Pune,Maharashtra,Professional,597000.0,724,2019-03-28
C104418,Customer_104418,28,Female,Mumbai,Maharashtra,Salaried,1497000.0,779,2024-11-14
C104419,Customer_104419,36,Male,Jaipur,Rajasthan,Self-Employed,250000.0,698,2020-09-27
C104420,Customer_104420,49,Male,Mumbai,Maharashtra,Business Owner,250000.0,656,2025-04-23
C104421,Customer_104421,46,Female,Jaipur,Rajasthan,Professional,943000.0,657,2022-08-13
C104422,Customer_104422,44,Female,Lucknow,Uttar Pradesh,Professional,696000.0,814,2021-04-01
C104423,Customer_104423,65,Male,Gurugram,Haryana,Salaried,642000.0,739,2021-03-26
C104424,Customer_104424,56,Female,Pune,Maharashtra,Self-Employed,959000.0,810,2023-09-15
C104425,Customer_104425,63,Male,Hyderabad,Telangana,Salaried,952000.0,820,2019-04-13
C104426,Customer_104426,50,Male,Noida,Uttar Pradesh,Self-Employed,461000.0,672,2021-05-08
C104427,Customer_104427,65,Male,Hyderabad,Telangana,Salaried,613000.0,667,2025-01-16
C104428,Customer_104428,48,Male,Pune,Maharashtra,Salaried,870000.0,712,2025-09-30
C104429,Customer_104429,45,Male,Gurugram,Haryana,Professional,917000.0,760,2017-05-27
C104430,Customer_104430,57,Female,Lucknow,Uttar Pradesh,Business Owner,1043000.0,629,2023-10-10
C104431,Customer_104431,60,Male,Lucknow,Uttar Pradesh,Salaried,617000.0,750,2024-10-31
C104432,Customer_104432,24,Female,Mumbai,Maharashtra,Salaried,989000.0,746,2021-01-06
C104433,Customer_104433,61,Female,Noida,Uttar Pradesh,Salaried,1230000.0,647,2019-03-04
C104434,Customer_104434,52,Female,Mumbai,Maharashtra,Salaried,869000.0,649,2021-08-21
C104435,Customer_104435,61,Male,Ahmedabad,Gujarat,Salaried,809000.0,749,2025-05-22
C104436,Customer_104436,53,Female,Lucknow,Uttar Pradesh,Professional,756000.0,850,2018-09-15
C104437,Customer_104437,62,Male,Ahmedabad,Gujarat,Salaried,603000.0,701,2019-12-13
C104438,Customer_104438,33,Female,Lucknow,Uttar Pradesh,Salaried,475000.0,741,2025-10-05
C104439,Customer_104439,29,Male,Chennai,Tamil Nadu,Self-Employed,731000.0,681,2023-02-28
C104440,Customer_104440,29,Female,Hyderabad,Telangana,Salaried,1030000.0,735,2019-05-18
C104441,Customer_104441,32,Male,Hyderabad,Telangana,Salaried,494000.0,679,2023-04-27
C104442,Customer_104442,30,Female,Chennai,Tamil Nadu,Salaried,820000.0,703,2018-09-09
C104443,Customer_104443,40,Male,Jaipur,Rajasthan,Salaried,773000.0,850,2023-09-15
C104444,Customer_104444,29,Male,Pune,Maharashtra,Salaried,1561000.0,727,2021-03-18
C104445,Customer_104445,28,Female,Jaipur,Rajasthan,Self-Employed,1139000.0,618,2025-03-23
C104446,Customer_104446,44,Male,Chennai,Tamil Nadu,Salaried,1133000.0,762,2023-10-05
C104447,Customer_104447,56,Female,Hyderabad,Telangana,Business Owner,1218000.0,793,2018-02-15
C104448,Customer_104448,27,Female,Bengaluru,Karnataka,Professional,632000.0,764,2023-05-11
C104449,Customer_104449,44,Female,Kolkata,West Bengal,Business Owner,1401000.0,709,2023-02-22
C104450,Customer_104450,50,Female,Noida,Uttar Pradesh,Professional,914000.0,660,2019-05-16
C104451,Customer_104451,52,Female,Noida,Uttar Pradesh,Professional,832000.0,662,2021-10-23
C104452,Customer_104452,25,Female,Hyderabad,Telangana,Business Owner,364000.0,708,2019-06-20
C104453,Customer_104453,54,Male,Pune,Maharashtra,Salaried,689000.0,696,2023-11-19
C104454,Customer_104454,22,Female,Jaipur,Rajasthan,Salaried,250000.0,684,2019-03-13
C104455,Customer_104455,31,Female,Ahmedabad,Gujarat,Self-Employed,751000.0,799,2020-10-20
C104456,Customer_104456,35,Male,Delhi,Delhi,Business Owner,619000.0,780,2022-08-13
C104457,Customer_104457,59,Male,Ahmedabad,Gujarat,Business Owner,691000.0,802,2017-06-11
C104458,Customer_104458,29,Male,Delhi,Delhi,Self-Employed,296000.0,669,2025-11-29
C104459,Customer_104459,56,Female,Mumbai,Maharashtra,Business Owner,1131000.0,660,2017-05-23
C104460,Customer_104460,65,Male,Ahmedabad,Gujarat,Self-Employed,1087000.0,725,2025-04-13
C104461,Customer_104461,64,Female,Mumbai,Maharashtra,Self-Employed,1526000.0,747,2023-01-24
C104462,Customer_104462,34,Female,Chennai,Tamil Nadu,Salaried,1515000.0,725,2021-09-12
C104463,Customer_104463,25,Female,Ahmedabad,Gujarat,Salaried,912000.0,743,2021-07-20
C104464,Customer_104464,30,Male,Ahmedabad,Gujarat,Salaried,1259000.0,823,2020-07-08
C104465,Customer_104465,55,Female,Pune,Maharashtra,Salaried,955000.0,706,2023-09-14
C104466,Customer_104466,29,Female,Mumbai,Maharashtra,Salaried,679000.0,772,2020-09-07
C104467,Customer_104467,50,Male,Gurugram,Haryana,Salaried,739000.0,754,2021-11-25
C104468,Customer_104468,37,Male,Lucknow,Uttar Pradesh,Professional,1106000.0,726,2024-07-04
C104469,Customer_104469,55,Male,Noida,Uttar Pradesh,Salaried,2485000.0,769,2023-01-24
C104470,Customer_104470,48,Female,Jaipur,Rajasthan,Self-Employed,1317000.0,670,2023-01-22
C104471,Customer_104471,47,Male,Chennai,Tamil Nadu,Salaried,949000.0,657,2022-04-19
C104472,Customer_104472,56,Male,Noida,Uttar Pradesh,Business Owner,1044000.0,748,2017-05-21
C104473,Customer_104473,63,Male,Pune,Maharashtra,Salaried,1040000.0,614,2017-08-20
C104474,Customer_104474,37,Male,Mumbai,Maharashtra,Self-Employed,814000.0,753,2017-09-15
C104475,Customer_104475,44,Male,Noida,Uttar Pradesh,Self-Employed,1153000.0,647,2019-07-13
C104476,Customer_104476,49,Female,Hyderabad,Telangana,Salaried,788000.0,819,2021-06-25
C104477,Customer_104477,58,Male,Lucknow,Uttar Pradesh,Self-Employed,445000.0,694,2019-03-27
C104478,Customer_104478,42,Female,Chennai,Tamil Nadu,Business Owner,1043000.0,814,2021-12-15
C104479,Customer_104479,37,Male,Noida,Uttar Pradesh,Business Owner,1096000.0,706,2025-02-24
C104480,Customer_104480,59,Male,Kolkata,West Bengal,Salaried,792000.0,704,2025-12-11
C104481,Customer_104481,63,Female,Pune,Maharashtra,Professional,974000.0,776,2023-02-13
C104482,Customer_104482,46,Female,Hyderabad,Telangana,Salaried,1234000.0,739,2018-04-25
C104483,Customer_104483,25,Female,Noida,Uttar Pradesh,Salaried,829000.0,716,2023-12-07
C104484,Customer_104484,34,Male,Delhi,Delhi,Salaried,671000.0,694,2024-07-09
C104485,Customer_104485,41,Male,Pune,Maharashtra,Salaried,566000.0,694,2024-04-20
C104486,Customer_104486,52,Female,Chennai,Tamil Nadu,Salaried,748000.0,850,2025-05-03
C104487,Customer_104487,51,Male,Kolkata,West Bengal,Business Owner,1464000.0,611,2017-01-16
C104488,Customer_104488,57,Female,Hyderabad,Telangana,Self-Employed,771000.0,642,2020-07-07
C104489,Customer_104489,22,Male,Ahmedabad,Gujarat,Professional,994000.0,796,2022-06-30
C104490,Customer_104490,41,Male,Chennai,Tamil Nadu,Salaried,720000.0,792,2018-07-05
C104491,Customer_104491,52,Female,Bengaluru,Karnataka,Self-Employed,686000.0,660,2020-09-13
C104492,Customer_104492,65,Female,Bengaluru,Karnataka,Salaried,498000.0,606,2019-04-18
C104493,Customer_104493,27,Female,Jaipur,Rajasthan,Salaried,890000.0,803,2019-01-09
C104494,Customer_104494,60,Female,Hyderabad,Telangana,Salaried,643000.0,652,2023-03-04
C104495,Customer_104495,21,Male,Hyderabad,Telangana,Self-Employed,1359000.0,688,2023-03-15
C104496,Customer_104496,29,Female,Ahmedabad,Gujarat,Business Owner,807000.0,726,2017-08-26
C104497,Customer_104497,59,Other,Hyderabad,Telangana,Salaried,832000.0,650,2023-05-11
C104498,Customer_104498,56,Male,Chennai,Tamil Nadu,Salaried,778000.0,780,2025-03-31
C104499,Customer_104499,64,Male,Bengaluru,Karnataka,Salaried,998000.0,721,2017-05-18
C104500,Customer_104500,48,Female,Chennai,Tamil Nadu,Salaried,1446000.0,663,2024-01-17
C104501,Customer_104501,48,Male,Jaipur,Rajasthan,Self-Employed,434000.0,668,2023-07-18
C104502,Customer_104502,45,Female,Kolkata,West Bengal,Salaried,961000.0,804,2024-05-25
C104503,Customer_104503,44,Male,Lucknow,Uttar Pradesh,Business Owner,250000.0,702,2025-12-20
C104504,Customer_104504,44,Female,Gurugram,Haryana,Professional,1339000.0,760,2023-11-23
C104505,Customer_104505,34,Female,Delhi,Delhi,Salaried,807000.0,719,2020-05-05
C104506,Customer_104506,59,Female,Chennai,Tamil Nadu,Professional,252000.0,606,2018-03-14
C104507,Customer_104507,37,Female,Hyderabad,Telangana,Business Owner,340000.0,769,2025-06-04
C104508,Customer_104508,48,Male,Ahmedabad,Gujarat,Salaried,1176000.0,790,2023-10-22
C104509,Customer_104509,51,Female,Hyderabad,Telangana,Business Owner,250000.0,840,2021-02-26
C104510,Customer_104510,45,Female,Lucknow,Uttar Pradesh,Salaried,961000.0,596,2022-07-31
C104511,Customer_104511,48,Female,Hyderabad,Telangana,Self-Employed,679000.0,515,2021-12-16
C104512,Customer_104512,23,Female,Kolkata,West Bengal,Self-Employed,772000.0,762,2017-06-23
C104513,Customer_104513,35,Female,Mumbai,Maharashtra,Professional,580000.0,681,2019-05-14
C104514,Customer_104514,41,Female,Noida,Uttar Pradesh,Business Owner,469000.0,627,2019-08-26
C104515,Customer_104515,38,Female,Noida,Uttar Pradesh,Business Owner,655000.0,727,2022-10-09
C104516,Customer_104516,61,Female,Gurugram,Haryana,Salaried,1079000.0,691,2020-12-09
C104517,Customer_104517,61,Female,Chennai,Tamil Nadu,Professional,733000.0,637,2020-12-07
C104518,Customer_104518,53,Male,Delhi,Delhi,Self-Employed,1018000.0,715,2022-01-20
C104519,Customer_104519,36,Male,Jaipur,Rajasthan,Business Owner,753000.0,757,2025-04-15
C104520,Customer_104520,23,Female,Pune,Maharashtra,Professional,1094000.0,731,2018-09-06
C104521,Customer_104521,54,Male,Lucknow,Uttar Pradesh,Salaried,1016000.0,732,2018-01-22
C104522,Customer_104522,60,Male,Jaipur,Rajasthan,Salaried,634000.0,749,2021-11-28
C104523,Customer_104523,43,Male,Kolkata,West Bengal,Business Owner,469000.0,610,2024-12-21
C104524,Customer_104524,58,Female,Lucknow,Uttar Pradesh,Professional,1232000.0,717,2025-11-30
C104525,Customer_104525,62,Female,Gurugram,Haryana,Business Owner,525000.0,736,2020-02-05
C104526,Customer_104526,45,Female,Pune,Maharashtra,Salaried,1050000.0,695,2020-04-20
C104527,Customer_104527,30,Female,Delhi,Delhi,Salaried,862000.0,666,2024-09-30
C104528,Customer_104528,22,Female,Mumbai,Maharashtra,Salaried,665000.0,671,2018-05-31
C104529,Customer_104529,55,Male,Pune,Maharashtra,Salaried,1022000.0,701,2020-05-17
C104530,Customer_104530,46,Male,Kolkata,West Bengal,Professional,1397000.0,779,2021-05-13
C104531,Customer_104531,27,Male,Delhi,Delhi,Self-Employed,1100000.0,819,2019-10-03
C104532,Customer_104532,23,Male,Mumbai,Maharashtra,Salaried,902000.0,806,2021-03-12
C104533,Customer_104533,64,Female,Jaipur,Rajasthan,Salaried,1499000.0,619,2026-03-16
C104534,Customer_104534,35,Male,Gurugram,Haryana,Professional,250000.0,659,2025-07-16
C104535,Customer_104535,35,Female,Delhi,Delhi,Self-Employed,405000.0,763,2020-07-26
C104536,Customer_104536,49,Female,Kolkata,West Bengal,Salaried,664000.0,805,2021-04-22
C104537,Customer_104537,37,Male,Delhi,Delhi,Salaried,1418000.0,657,2025-08-10
C104538,Customer_104538,62,Other,Jaipur,Rajasthan,Salaried,1227000.0,732,2019-04-08
C104539,Customer_104539,51,Female,Noida,Uttar Pradesh,Salaried,250000.0,646,2022-04-23
C104540,Customer_104540,37,Female,Noida,Uttar Pradesh,Business Owner,675000.0,738,2019-02-03
C104541,Customer_104541,32,Female,Ahmedabad,Gujarat,Salaried,320000.0,678,2022-11-27
C104542,Customer_104542,59,Female,Ahmedabad,Gujarat,Salaried,834000.0,732,2017-04-28
C104543,Customer_104543,47,Female,Lucknow,Uttar Pradesh,Salaried,1211000.0,641,2018-12-27
C104544,Customer_104544,62,Female,Ahmedabad,Gujarat,Salaried,1240000.0,614,2023-11-26
C104545,Customer_104545,36,Male,Pune,Maharashtra,Self-Employed,957000.0,850,2023-06-18
C104546,Customer_104546,21,Female,Gurugram,Haryana,Self-Employed,680000.0,725,2019-06-30
C104547,Customer_104547,61,Male,Ahmedabad,Gujarat,Salaried,812000.0,850,2018-11-23
C104548,Customer_104548,31,Male,Noida,Uttar Pradesh,Salaried,1123000.0,818,2024-05-03
C104549,Customer_104549,59,Male,Kolkata,West Bengal,Business Owner,1789000.0,614,2026-02-15
C104550,Customer_104550,52,Male,Noida,Uttar Pradesh,Professional,376000.0,744,2022-02-15
C104551,Customer_104551,31,Male,Delhi,Delhi,Salaried,1486000.0,636,2023-09-19
C104552,Customer_104552,55,Male,Delhi,Delhi,Salaried,948000.0,701,2023-08-17
C104553,Customer_104553,24,Male,Mumbai,Maharashtra,Professional,1178000.0,597,2025-05-23
C104554,Customer_104554,38,Female,Kolkata,West Bengal,Salaried,924000.0,618,2018-11-22
C104555,Customer_104555,37,Female,Jaipur,Rajasthan,Professional,1412000.0,664,2022-04-17
C104556,Customer_104556,50,Female,Bengaluru,Karnataka,Business Owner,982000.0,685,2018-06-11
C104557,Customer_104557,45,Male,Mumbai,Maharashtra,Salaried,590000.0,723,2020-02-06
C104558,Customer_104558,48,Female,Noida,Uttar Pradesh,Salaried,1030000.0,653,2020-11-22
C104559,Customer_104559,42,Male,Gurugram,Haryana,Professional,1301000.0,730,2025-09-06
C104560,Customer_104560,54,Male,Ahmedabad,Gujarat,Salaried,850000.0,794,2020-04-28
C104561,Customer_104561,28,Female,Pune,Maharashtra,Salaried,250000.0,738,2017-03-30
C104562,Customer_104562,53,Female,Pune,Maharashtra,Salaried,804000.0,716,2021-09-17
C104563,Customer_104563,23,Other,Delhi,Delhi,Self-Employed,889000.0,742,2020-12-16
C104564,Customer_104564,24,Female,Bengaluru,Karnataka,Business Owner,832000.0,627,2023-12-20
C104565,Customer_104565,53,Female,Noida,Uttar Pradesh,Self-Employed,652000.0,782,2017-01-10
C104566,Customer_104566,28,Female,Chennai,Tamil Nadu,Salaried,1379000.0,642,2025-06-18
C104567,Customer_104567,55,Female,Jaipur,Rajasthan,Self-Employed,250000.0,821,2023-11-22
C104568,Customer_104568,26,Male,Jaipur,Rajasthan,Self-Employed,888000.0,770,2022-07-14
C104569,Customer_104569,27,Male,Hyderabad,Telangana,Salaried,893000.0,756,2025-01-02
C104570,Customer_104570,62,Other,Bengaluru,Karnataka,Business Owner,1688000.0,759,2019-02-07
C104571,Customer_104571,28,Female,Jaipur,Rajasthan,Self-Employed,844000.0,720,2020-09-22
C104572,Customer_104572,62,Male,Mumbai,Maharashtra,Salaried,1028000.0,669,2019-10-02
C104573,Customer_104573,36,Male,Pune,Maharashtra,Professional,900000.0,659,2019-07-25
C104574,Customer_104574,56,Male,Noida,Uttar Pradesh,Salaried,888000.0,834,2025-06-07
C104575,Customer_104575,63,Male,Jaipur,Rajasthan,Salaried,1555000.0,727,2025-06-01
C104576,Customer_104576,26,Male,Gurugram,Haryana,Salaried,405000.0,648,2018-12-14
C104577,Customer_104577,35,Female,Delhi,Delhi,Salaried,583000.0,754,2019-04-29
C104578,Customer_104578,46,Male,Bengaluru,Karnataka,Salaried,1152000.0,742,2017-11-19
C104579,Customer_104579,59,Male,Hyderabad,Telangana,Salaried,953000.0,699,2018-06-08
C104580,Customer_104580,29,Male,Hyderabad,Telangana,Business Owner,737000.0,662,2025-07-29
C104581,Customer_104581,29,Female,Bengaluru,Karnataka,Self-Employed,822000.0,768,2018-10-16
C104582,Customer_104582,37,Male,Lucknow,Uttar Pradesh,Salaried,1216000.0,781,2017-04-01
C104583,Customer_104583,30,Male,Mumbai,Maharashtra,Self-Employed,1044000.0,741,2025-02-21
C104584,Customer_104584,33,Female,Jaipur,Rajasthan,Self-Employed,565000.0,725,2023-12-22
C104585,Customer_104585,26,Female,Ahmedabad,Gujarat,Salaried,945000.0,669,2023-08-19
C104586,Customer_104586,58,Male,Ahmedabad,Gujarat,Professional,830000.0,751,2018-05-11
C104587,Customer_104587,56,Female,Bengaluru,Karnataka,Salaried,1038000.0,679,2017-03-06
C104588,Customer_104588,27,Male,Hyderabad,Telangana,Salaried,722000.0,637,2023-03-16
C104589,Customer_104589,45,Female,Ahmedabad,Gujarat,Salaried,367000.0,793,2022-03-05
C104590,Customer_104590,50,Male,Hyderabad,Telangana,Salaried,1119000.0,653,2018-09-26
C104591,Customer_104591,49,Female,Jaipur,Rajasthan,Salaried,1069000.0,597,2021-03-23
C104592,Customer_104592,65,Other,Delhi,Delhi,Salaried,1416000.0,805,2025-05-09
C104593,Customer_104593,49,Female,Delhi,Delhi,Self-Employed,324000.0,607,2025-06-03
C104594,Customer_104594,51,Female,Jaipur,Rajasthan,Professional,822000.0,695,2017-06-19
C104595,Customer_104595,22,Male,Ahmedabad,Gujarat,Business Owner,758000.0,649,2017-04-26
C104596,Customer_104596,24,Female,Delhi,Delhi,Self-Employed,692000.0,673,2019-11-02
C104597,Customer_104597,48,Male,Noida,Uttar Pradesh,Self-Employed,250000.0,850,2023-12-25
C104598,Customer_104598,61,Male,Delhi,Delhi,Business Owner,423000.0,713,2024-04-16
C104599,Customer_104599,38,Female,Lucknow,Uttar Pradesh,Salaried,958000.0,743,2021-11-15
C104600,Customer_104600,49,Female,Jaipur,Rajasthan,Salaried,650000.0,771,2022-04-13
C104601,Customer_104601,30,Female,Lucknow,Uttar Pradesh,Salaried,519000.0,678,2021-05-22
C104602,Customer_104602,41,Female,Lucknow,Uttar Pradesh,Salaried,1422000.0,790,2020-12-05
C104603,Customer_104603,54,Female,Hyderabad,Telangana,Self-Employed,1799000.0,744,2018-03-03
C104604,Customer_104604,50,Female,Gurugram,Haryana,Salaried,827000.0,769,2021-01-20
C104605,Customer_104605,26,Female,Bengaluru,Karnataka,Salaried,250000.0,673,2026-03-03
C104606,Customer_104606,60,Female,Pune,Maharashtra,Salaried,1009000.0,749,2021-09-04
C104607,Customer_104607,62,Male,Bengaluru,Karnataka,Business Owner,250000.0,719,2022-07-16
C104608,Customer_104608,42,Female,Pune,Maharashtra,Salaried,310000.0,793,2026-04-06
C104609,Customer_104609,36,Female,Noida,Uttar Pradesh,Salaried,1015000.0,685,2017-04-07
C104610,Customer_104610,44,Female,Pune,Maharashtra,Salaried,297000.0,850,2023-04-10
C104611,Customer_104611,57,Male,Mumbai,Maharashtra,Salaried,732000.0,742,2019-05-15
C104612,Customer_104612,41,Male,Hyderabad,Telangana,Business Owner,257000.0,712,2021-07-15
C104613,Customer_104613,22,Male,Gurugram,Haryana,Salaried,873000.0,704,2017-02-09
C104614,Customer_104614,24,Male,Kolkata,West Bengal,Salaried,1299000.0,720,2019-12-31
C104615,Customer_104615,57,Female,Kolkata,West Bengal,Professional,605000.0,679,2022-01-19
C104616,Customer_104616,56,Male,Pune,Maharashtra,Salaried,842000.0,763,2021-09-09
C104617,Customer_104617,55,Male,Hyderabad,Telangana,Self-Employed,524000.0,719,2020-09-03
C104618,Customer_104618,26,Female,Ahmedabad,Gujarat,Self-Employed,552000.0,846,2025-08-03
C104619,Customer_104619,28,Male,Ahmedabad,Gujarat,Salaried,517000.0,692,2019-01-10
C104620,Customer_104620,38,Male,Noida,Uttar Pradesh,Salaried,1164000.0,712,2019-01-15
C104621,Customer_104621,31,Female,Ahmedabad,Gujarat,Salaried,285000.0,692,2022-04-29
C104622,Customer_104622,38,Female,Lucknow,Uttar Pradesh,Salaried,717000.0,841,2020-03-20
C104623,Customer_104623,46,Other,Gurugram,Haryana,Salaried,1014000.0,626,2019-08-14
C104624,Customer_104624,33,Female,Delhi,Delhi,Self-Employed,1214000.0,726,2017-08-09
C104625,Customer_104625,26,Other,Chennai,Tamil Nadu,Salaried,1026000.0,740,2021-11-10
C104626,Customer_104626,39,Male,Chennai,Tamil Nadu,Salaried,821000.0,647,2022-11-10
C104627,Customer_104627,53,Female,Delhi,Delhi,Self-Employed,622000.0,850,2022-04-18
C104628,Customer_104628,48,Female,Bengaluru,Karnataka,Salaried,1220000.0,660,2024-02-21
C104629,Customer_104629,35,Female,Gurugram,Haryana,Self-Employed,503000.0,722,2023-03-05
C104630,Customer_104630,35,Male,Chennai,Tamil Nadu,Salaried,509000.0,829,2022-11-19
C104631,Customer_104631,47,Male,Mumbai,Maharashtra,Self-Employed,1391000.0,696,2019-12-05
C104632,Customer_104632,28,Male,Hyderabad,Telangana,Business Owner,994000.0,729,2024-07-23
C104633,Customer_104633,58,Female,Hyderabad,Telangana,Salaried,1008000.0,698,2025-04-15
C104634,Customer_104634,60,Female,Bengaluru,Karnataka,Business Owner,1089000.0,717,2024-03-05
C104635,Customer_104635,22,Male,Mumbai,Maharashtra,Salaried,812000.0,790,2017-12-23
C104636,Customer_104636,64,Female,Gurugram,Haryana,Salaried,275000.0,693,2026-01-20
C104637,Customer_104637,22,Female,Gurugram,Haryana,Salaried,950000.0,547,2022-02-23
C104638,Customer_104638,41,Female,Pune,Maharashtra,Salaried,843000.0,718,2021-03-19
C104639,Customer_104639,51,Male,Ahmedabad,Gujarat,Professional,506000.0,724,2019-02-11
C104640,Customer_104640,35,Female,Lucknow,Uttar Pradesh,Salaried,414000.0,733,2017-10-13
C104641,Customer_104641,30,Female,Noida,Uttar Pradesh,Salaried,831000.0,708,2024-10-18
C104642,Customer_104642,23,Female,Delhi,Delhi,Professional,307000.0,664,2021-12-26
C104643,Customer_104643,53,Female,Lucknow,Uttar Pradesh,Salaried,793000.0,704,2025-07-08
C104644,Customer_104644,22,Female,Delhi,Delhi,Self-Employed,744000.0,835,2024-03-06
C104645,Customer_104645,42,Male,Delhi,Delhi,Salaried,802000.0,717,2024-07-15
C104646,Customer_104646,38,Female,Chennai,Tamil Nadu,Professional,1011000.0,762,2020-10-15
C104647,Customer_104647,64,Male,Jaipur,Rajasthan,Salaried,1099000.0,653,2020-06-27
C104648,Customer_104648,62,Female,Delhi,Delhi,Self-Employed,565000.0,701,2021-03-08
C104649,Customer_104649,57,Female,Hyderabad,Telangana,Self-Employed,1198000.0,655,2017-01-19
C104650,Customer_104650,53,Female,Hyderabad,Telangana,Professional,762000.0,804,2023-11-13
C104651,Customer_104651,45,Female,Chennai,Tamil Nadu,Professional,1551000.0,619,2025-05-11
C104652,Customer_104652,36,Male,Lucknow,Uttar Pradesh,Business Owner,616000.0,744,2017-02-27
C104653,Customer_104653,28,Male,Hyderabad,Telangana,Salaried,250000.0,742,2025-04-22
C104654,Customer_104654,64,Female,Bengaluru,Karnataka,Salaried,1183000.0,738,2023-02-13
C104655,Customer_104655,38,Male,Mumbai,Maharashtra,Professional,1020000.0,568,2022-02-26
C104656,Customer_104656,40,Male,Bengaluru,Karnataka,Self-Employed,1331000.0,589,2023-08-02
C104657,Customer_104657,27,Other,Mumbai,Maharashtra,Professional,974000.0,728,2017-03-14
C104658,Customer_104658,33,Male,Kolkata,West Bengal,Business Owner,1786000.0,660,2026-01-14
C104659,Customer_104659,49,Male,Pune,Maharashtra,Salaried,774000.0,678,2025-02-06
C104660,Customer_104660,40,Male,Pune,Maharashtra,Salaried,1269000.0,692,2023-10-18
C104661,Customer_104661,47,Female,Gurugram,Haryana,Salaried,640000.0,652,2020-02-02
C104662,Customer_104662,30,Male,Kolkata,West Bengal,Self-Employed,1047000.0,640,2018-03-22
C104663,Customer_104663,24,Female,Mumbai,Maharashtra,Salaried,1121000.0,720,2019-10-30
C104664,Customer_104664,60,Female,Chennai,Tamil Nadu,Salaried,1183000.0,596,2021-08-22
C104665,Customer_104665,40,Male,Hyderabad,Telangana,Business Owner,1161000.0,687,2026-03-11
C104666,Customer_104666,37,Male,Gurugram,Haryana,Salaried,250000.0,677,2020-10-12
C104667,Customer_104667,33,Male,Hyderabad,Telangana,Salaried,823000.0,718,2023-10-16
C104668,Customer_104668,50,Female,Mumbai,Maharashtra,Salaried,620000.0,850,2020-09-25
C104669,Customer_104669,46,Male,Jaipur,Rajasthan,Salaried,699000.0,656,2017-08-02
C104670,Customer_104670,38,Male,Pune,Maharashtra,Salaried,737000.0,746,2024-04-23
C104671,Customer_104671,62,Male,Mumbai,Maharashtra,Business Owner,1241000.0,734,2020-02-24
C104672,Customer_104672,61,Male,Jaipur,Rajasthan,Business Owner,931000.0,756,2022-05-30
C104673,Customer_104673,29,Female,Bengaluru,Karnataka,Self-Employed,647000.0,706,2020-02-08
C104674,Customer_104674,49,Male,Noida,Uttar Pradesh,Professional,263000.0,814,2023-10-21
C104675,Customer_104675,64,Female,Gurugram,Haryana,Salaried,1463000.0,765,2024-08-04
C104676,Customer_104676,42,Male,Chennai,Tamil Nadu,Salaried,591000.0,766,2023-12-11
C104677,Customer_104677,22,Female,Kolkata,West Bengal,Salaried,798000.0,628,2025-05-12
C104678,Customer_104678,26,Female,Kolkata,West Bengal,Self-Employed,1706000.0,726,2023-05-30
C104679,Customer_104679,51,Male,Ahmedabad,Gujarat,Salaried,602000.0,687,2021-12-02
C104680,Customer_104680,61,Female,Delhi,Delhi,Professional,740000.0,664,2024-01-21
C104681,Customer_104681,26,Female,Hyderabad,Telangana,Self-Employed,943000.0,679,2023-05-14
C104682,Customer_104682,45,Female,Bengaluru,Karnataka,Business Owner,250000.0,716,2019-01-14
C104683,Customer_104683,43,Female,Jaipur,Rajasthan,Salaried,250000.0,750,2019-09-27
C104684,Customer_104684,33,Female,Delhi,Delhi,Business Owner,657000.0,784,2017-12-02
C104685,Customer_104685,49,Male,Kolkata,West Bengal,Salaried,671000.0,781,2024-02-11
C104686,Customer_104686,60,Female,Jaipur,Rajasthan,Salaried,904000.0,739,2018-07-03
C104687,Customer_104687,31,Male,Lucknow,Uttar Pradesh,Business Owner,459000.0,724,2017-10-20
C104688,Customer_104688,23,Female,Hyderabad,Telangana,Salaried,1024000.0,699,2024-07-12
C104689,Customer_104689,37,Female,Delhi,Delhi,Professional,250000.0,704,2017-06-20
C104690,Customer_104690,35,Female,Jaipur,Rajasthan,Self-Employed,822000.0,669,2025-11-25
C104691,Customer_104691,53,Female,Delhi,Delhi,Business Owner,994000.0,692,2019-01-22
C104692,Customer_104692,45,Male,Delhi,Delhi,Salaried,981000.0,743,2025-09-21
C104693,Customer_104693,21,Female,Lucknow,Uttar Pradesh,Salaried,785000.0,820,2023-02-12
C104694,Customer_104694,36,Male,Noida,Uttar Pradesh,Salaried,586000.0,710,2017-02-13
C104695,Customer_104695,54,Female,Jaipur,Rajasthan,Self-Employed,773000.0,668,2024-04-07
C104696,Customer_104696,42,Female,Noida,Uttar Pradesh,Salaried,1344000.0,783,2026-04-07
C104697,Customer_104697,46,Male,Delhi,Delhi,Professional,610000.0,590,2025-08-09
C104698,Customer_104698,32,Female,Mumbai,Maharashtra,Professional,1241000.0,788,2025-04-03
C104699,Customer_104699,35,Male,Hyderabad,Telangana,Salaried,1305000.0,627,2019-04-02
C104700,Customer_104700,26,Female,Delhi,Delhi,Self-Employed,250000.0,763,2018-11-08
C104701,Customer_104701,24,Female,Noida,Uttar Pradesh,Salaried,799000.0,689,2019-11-26
C104702,Customer_104702,22,Female,Delhi,Delhi,Salaried,459000.0,741,2022-03-11
C104703,Customer_104703,49,Female,Kolkata,West Bengal,Salaried,250000.0,850,2024-03-28
C104704,Customer_104704,28,Male,Noida,Uttar Pradesh,Business Owner,1167000.0,666,2026-03-02
C104705,Customer_104705,46,Male,Jaipur,Rajasthan,Professional,1039000.0,655,2021-06-26
C104706,Customer_104706,63,Male,Bengaluru,Karnataka,Salaried,955000.0,725,2021-05-21
C104707,Customer_104707,52,Male,Pune,Maharashtra,Salaried,416000.0,819,2024-11-29
C104708,Customer_104708,46,Male,Kolkata,West Bengal,Salaried,934000.0,732,2025-11-16
C104709,Customer_104709,26,Female,Gurugram,Haryana,Salaried,326000.0,723,2020-12-28
C104710,Customer_104710,43,Female,Pune,Maharashtra,Salaried,881000.0,731,2022-01-23
C104711,Customer_104711,61,Male,Hyderabad,Telangana,Business Owner,585000.0,655,2019-06-04
C104712,Customer_104712,38,Female,Gurugram,Haryana,Professional,1270000.0,732,2020-03-16
C104713,Customer_104713,58,Female,Noida,Uttar Pradesh,Salaried,705000.0,694,2024-02-02
C104714,Customer_104714,52,Male,Pune,Maharashtra,Professional,942000.0,806,2018-06-30
C104715,Customer_104715,33,Female,Delhi,Delhi,Self-Employed,943000.0,772,2019-09-04
C104716,Customer_104716,27,Male,Kolkata,West Bengal,Self-Employed,820000.0,634,2017-12-20
C104717,Customer_104717,21,Female,Noida,Uttar Pradesh,Business Owner,892000.0,702,2019-05-12
C104718,Customer_104718,33,Female,Lucknow,Uttar Pradesh,Salaried,972000.0,754,2023-07-31
C104719,Customer_104719,35,Male,Chennai,Tamil Nadu,Salaried,491000.0,656,2024-12-26
C104720,Customer_104720,50,Male,Mumbai,Maharashtra,Salaried,1011000.0,650,2020-01-19
C104721,Customer_104721,46,Female,Kolkata,West Bengal,Self-Employed,1196000.0,690,2025-05-11
C104722,Customer_104722,42,Male,Gurugram,Haryana,Salaried,1009000.0,742,2020-10-18
C104723,Customer_104723,53,Female,Lucknow,Uttar Pradesh,Salaried,708000.0,787,2019-06-23
C104724,Customer_104724,55,Female,Delhi,Delhi,Salaried,920000.0,735,2025-09-22
C104725,Customer_104725,53,Male,Hyderabad,Telangana,Salaried,704000.0,850,2021-10-14
C104726,Customer_104726,61,Female,Pune,Maharashtra,Salaried,803000.0,676,2018-11-11
C104727,Customer_104727,37,Female,Mumbai,Maharashtra,Salaried,375000.0,768,2019-01-24
C104728,Customer_104728,58,Male,Noida,Uttar Pradesh,Professional,1402000.0,648,2020-06-23
C104729,Customer_104729,39,Female,Mumbai,Maharashtra,Self-Employed,1624000.0,825,2018-01-05
C104730,Customer_104730,29,Male,Ahmedabad,Gujarat,Salaried,568000.0,808,2025-06-20
C104731,Customer_104731,27,Female,Lucknow,Uttar Pradesh,Business Owner,1164000.0,766,2022-10-05
C104732,Customer_104732,25,Male,Jaipur,Rajasthan,Business Owner,1433000.0,607,2025-10-04
C104733,Customer_104733,64,Male,Gurugram,Haryana,Salaried,467000.0,766,2019-03-26
C104734,Customer_104734,28,Female,Hyderabad,Telangana,Self-Employed,250000.0,667,2024-06-22
C104735,Customer_104735,58,Female,Gurugram,Haryana,Salaried,1457000.0,749,2023-04-18
C104736,Customer_104736,56,Male,Pune,Maharashtra,Salaried,846000.0,625,2020-07-26
C104737,Customer_104737,40,Female,Delhi,Delhi,Self-Employed,642000.0,738,2020-04-04
C104738,Customer_104738,62,Male,Chennai,Tamil Nadu,Salaried,869000.0,697,2018-03-03
C104739,Customer_104739,61,Male,Chennai,Tamil Nadu,Salaried,702000.0,669,2024-06-10
C104740,Customer_104740,62,Female,Kolkata,West Bengal,Salaried,2034000.0,759,2024-05-07
C104741,Customer_104741,43,Female,Hyderabad,Telangana,Salaried,638000.0,717,2022-03-21
C104742,Customer_104742,34,Male,Pune,Maharashtra,Salaried,981000.0,707,2024-10-23
C104743,Customer_104743,22,Female,Pune,Maharashtra,Business Owner,1367000.0,768,2022-10-10
C104744,Customer_104744,58,Female,Hyderabad,Telangana,Salaried,1365000.0,844,2023-08-28
C104745,Customer_104745,60,Female,Jaipur,Rajasthan,Salaried,1288000.0,738,2026-04-14
C104746,Customer_104746,45,Female,Hyderabad,Telangana,Business Owner,680000.0,603,2020-02-22
C104747,Customer_104747,24,Male,Gurugram,Haryana,Salaried,789000.0,619,2023-02-01
C104748,Customer_104748,58,Male,Hyderabad,Telangana,Self-Employed,250000.0,724,2023-01-28
C104749,Customer_104749,34,Female,Noida,Uttar Pradesh,Salaried,820000.0,787,2025-06-15
C104750,Customer_104750,45,Female,Chennai,Tamil Nadu,Salaried,863000.0,729,2023-07-16
C104751,Customer_104751,50,Male,Delhi,Delhi,Salaried,1147000.0,753,2019-06-25
C104752,Customer_104752,27,Male,Mumbai,Maharashtra,Salaried,1568000.0,716,2025-04-06
C104753,Customer_104753,23,Male,Gurugram,Haryana,Business Owner,1135000.0,783,2024-07-29
C104754,Customer_104754,24,Female,Noida,Uttar Pradesh,Self-Employed,1278000.0,760,2018-04-19
C104755,Customer_104755,64,Female,Bengaluru,Karnataka,Salaried,843000.0,654,2023-11-13
C104756,Customer_104756,64,Female,Ahmedabad,Gujarat,Salaried,1364000.0,749,2019-06-17
C104757,Customer_104757,40,Male,Kolkata,West Bengal,Professional,854000.0,620,2019-07-12
C104758,Customer_104758,40,Female,Mumbai,Maharashtra,Salaried,1306000.0,749,2020-10-04
C104759,Customer_104759,39,Male,Pune,Maharashtra,Salaried,1172000.0,702,2019-12-05
C104760,Customer_104760,36,Male,Jaipur,Rajasthan,Self-Employed,1007000.0,730,2024-07-22
C104761,Customer_104761,45,Male,Lucknow,Uttar Pradesh,Salaried,250000.0,741,2018-10-26
C104762,Customer_104762,37,Female,Noida,Uttar Pradesh,Professional,1287000.0,738,2025-04-27
C104763,Customer_104763,48,Female,Mumbai,Maharashtra,Salaried,1001000.0,812,2017-07-07
C104764,Customer_104764,38,Male,Bengaluru,Karnataka,Business Owner,1131000.0,722,2019-08-05
C104765,Customer_104765,49,Male,Pune,Maharashtra,Salaried,975000.0,732,2021-03-19
C104766,Customer_104766,63,Female,Mumbai,Maharashtra,Salaried,1044000.0,806,2021-09-11
C104767,Customer_104767,30,Male,Kolkata,West Bengal,Salaried,1370000.0,843,2025-03-28
C104768,Customer_104768,23,Male,Delhi,Delhi,Professional,660000.0,719,2022-08-29
C104769,Customer_104769,44,Male,Mumbai,Maharashtra,Salaried,1037000.0,687,2021-12-04
C104770,Customer_104770,26,Male,Delhi,Delhi,Salaried,539000.0,690,2018-07-17
C104771,Customer_104771,31,Male,Hyderabad,Telangana,Professional,1081000.0,749,2017-05-26
C104772,Customer_104772,56,Female,Gurugram,Haryana,Salaried,951000.0,707,2024-05-18
C104773,Customer_104773,39,Male,Bengaluru,Karnataka,Salaried,598000.0,606,2022-05-11
C104774,Customer_104774,45,Male,Lucknow,Uttar Pradesh,Salaried,887000.0,793,2021-05-21
C104775,Customer_104775,55,Female,Hyderabad,Telangana,Business Owner,623000.0,773,2021-09-09
C104776,Customer_104776,26,Male,Delhi,Delhi,Salaried,699000.0,795,2025-04-30
C104777,Customer_104777,42,Female,Chennai,Tamil Nadu,Salaried,992000.0,807,2021-04-04
C104778,Customer_104778,22,Male,Jaipur,Rajasthan,Professional,957000.0,732,2022-02-08
C104779,Customer_104779,43,Female,Mumbai,Maharashtra,Self-Employed,250000.0,737,2021-10-19
C104780,Customer_104780,31,Male,Delhi,Delhi,Salaried,998000.0,785,2024-10-03
C104781,Customer_104781,62,Female,Noida,Uttar Pradesh,Self-Employed,729000.0,641,2019-02-02
C104782,Customer_104782,32,Female,Ahmedabad,Gujarat,Salaried,684000.0,697,2017-06-16
C104783,Customer_104783,30,Female,Chennai,Tamil Nadu,Salaried,399000.0,716,2025-12-02
C104784,Customer_104784,21,Female,Gurugram,Haryana,Salaried,832000.0,780,2021-02-01
C104785,Customer_104785,26,Male,Noida,Uttar Pradesh,Self-Employed,641000.0,685,2022-05-16
C104786,Customer_104786,30,Male,Chennai,Tamil Nadu,Business Owner,1359000.0,674,2020-11-26
C104787,Customer_104787,31,Female,Kolkata,West Bengal,Salaried,250000.0,692,2019-09-29
C104788,Customer_104788,54,Female,Delhi,Delhi,Salaried,464000.0,751,2018-10-22
C104789,Customer_104789,60,Male,Hyderabad,Telangana,Salaried,437000.0,716,2023-04-24
C104790,Customer_104790,59,Female,Ahmedabad,Gujarat,Business Owner,953000.0,626,2022-03-25
C104791,Customer_104791,64,Female,Bengaluru,Karnataka,Business Owner,1319000.0,639,2022-10-27
C104792,Customer_104792,61,Female,Lucknow,Uttar Pradesh,Business Owner,1051000.0,729,2023-12-27
C104793,Customer_104793,41,Female,Lucknow,Uttar Pradesh,Professional,412000.0,731,2019-10-17
C104794,Customer_104794,38,Female,Hyderabad,Telangana,Business Owner,678000.0,722,2021-08-05
C104795,Customer_104795,50,Male,Chennai,Tamil Nadu,Professional,526000.0,689,2022-08-03
C104796,Customer_104796,35,Female,Bengaluru,Karnataka,Self-Employed,1053000.0,771,2024-09-29
C104797,Customer_104797,48,Male,Kolkata,West Bengal,Salaried,670000.0,744,2017-11-28
C104798,Customer_104798,65,Male,Mumbai,Maharashtra,Self-Employed,285000.0,742,2019-09-24
C104799,Customer_104799,29,Female,Chennai,Tamil Nadu,Salaried,1084000.0,744,2018-11-02
C104800,Customer_104800,55,Female,Kolkata,West Bengal,Salaried,1355000.0,824,2019-10-12
C104801,Customer_104801,63,Male,Ahmedabad,Gujarat,Salaried,779000.0,653,2025-09-14
C104802,Customer_104802,45,Female,Ahmedabad,Gujarat,Salaried,898000.0,693,2018-07-22
C104803,Customer_104803,37,Male,Bengaluru,Karnataka,Self-Employed,250000.0,698,2023-12-26
C104804,Customer_104804,32,Male,Gurugram,Haryana,Salaried,250000.0,802,2024-04-20
C104805,Customer_104805,28,Female,Jaipur,Rajasthan,Salaried,250000.0,696,2023-12-07
C104806,Customer_104806,35,Female,Gurugram,Haryana,Professional,832000.0,668,2018-05-19
C104807,Customer_104807,54,Female,Pune,Maharashtra,Self-Employed,727000.0,713,2017-10-10
C104808,Customer_104808,44,Male,Noida,Uttar Pradesh,Salaried,1068000.0,727,2018-05-25
C104809,Customer_104809,30,Female,Chennai,Tamil Nadu,Salaried,771000.0,798,2024-10-13
C104810,Customer_104810,45,Male,Gurugram,Haryana,Salaried,1245000.0,695,2017-01-24
C104811,Customer_104811,57,Female,Bengaluru,Karnataka,Professional,1199000.0,675,2023-09-17
C104812,Customer_104812,21,Male,Bengaluru,Karnataka,Salaried,721000.0,661,2020-08-13
C104813,Customer_104813,21,Female,Kolkata,West Bengal,Professional,449000.0,698,2025-10-29
C104814,Customer_104814,64,Male,Kolkata,West Bengal,Salaried,250000.0,850,2021-01-25
C104815,Customer_104815,54,Male,Jaipur,Rajasthan,Business Owner,1423000.0,745,2021-04-15
C104816,Customer_104816,46,Male,Hyderabad,Telangana,Salaried,473000.0,759,2021-03-14
C104817,Customer_104817,61,Female,Noida,Uttar Pradesh,Salaried,251000.0,720,2024-07-08
C104818,Customer_104818,47,Female,Hyderabad,Telangana,Salaried,902000.0,729,2024-02-18
C104819,Customer_104819,44,Female,Kolkata,West Bengal,Salaried,255000.0,771,2025-12-03
C104820,Customer_104820,30,Male,Lucknow,Uttar Pradesh,Professional,902000.0,757,2020-11-10
C104821,Customer_104821,57,Male,Kolkata,West Bengal,Self-Employed,715000.0,743,2024-10-29
C104822,Customer_104822,55,Female,Jaipur,Rajasthan,Salaried,1219000.0,721,2017-01-15
C104823,Customer_104823,34,Male,Noida,Uttar Pradesh,Business Owner,1185000.0,697,2022-10-07
C104824,Customer_104824,54,Female,Lucknow,Uttar Pradesh,Salaried,1291000.0,748,2022-09-04
C104825,Customer_104825,53,Male,Pune,Maharashtra,Professional,933000.0,725,2017-06-23
C104826,Customer_104826,25,Female,Pune,Maharashtra,Salaried,507000.0,850,2018-08-06
C104827,Customer_104827,28,Female,Bengaluru,Karnataka,Salaried,435000.0,788,2026-01-27
C104828,Customer_104828,47,Male,Kolkata,West Bengal,Salaried,638000.0,676,2017-03-27
C104829,Customer_104829,49,Male,Lucknow,Uttar Pradesh,Salaried,1648000.0,644,2021-09-17
C104830,Customer_104830,50,Female,Pune,Maharashtra,Professional,750000.0,694,2024-03-28
C104831,Customer_104831,37,Male,Chennai,Tamil Nadu,Salaried,914000.0,650,2026-02-24
C104832,Customer_104832,58,Female,Mumbai,Maharashtra,Salaried,1457000.0,690,2019-04-16
C104833,Customer_104833,41,Female,Chennai,Tamil Nadu,Business Owner,952000.0,657,2022-10-26
C104834,Customer_104834,30,Male,Bengaluru,Karnataka,Salaried,551000.0,699,2024-01-12
C104835,Customer_104835,26,Female,Lucknow,Uttar Pradesh,Salaried,1142000.0,700,2025-06-02
C104836,Customer_104836,60,Male,Kolkata,West Bengal,Self-Employed,679000.0,730,2022-12-22
C104837,Customer_104837,52,Female,Mumbai,Maharashtra,Salaried,966000.0,707,2019-03-04
C104838,Customer_104838,41,Male,Delhi,Delhi,Business Owner,1055000.0,661,2025-03-23
C104839,Customer_104839,30,Female,Noida,Uttar Pradesh,Self-Employed,652000.0,799,2025-10-16
C104840,Customer_104840,25,Male,Lucknow,Uttar Pradesh,Salaried,925000.0,746,2020-05-02
C104841,Customer_104841,27,Male,Gurugram,Haryana,Salaried,1490000.0,685,2021-08-13
C104842,Customer_104842,25,Male,Mumbai,Maharashtra,Salaried,599000.0,662,2023-01-20
C104843,Customer_104843,44,Male,Mumbai,Maharashtra,Salaried,1377000.0,625,2024-09-27
C104844,Customer_104844,29,Female,Bengaluru,Karnataka,Self-Employed,614000.0,620,2022-04-16
C104845,Customer_104845,26,Male,Gurugram,Haryana,Business Owner,1571000.0,788,2023-12-23
C104846,Customer_104846,33,Male,Gurugram,Haryana,Salaried,508000.0,781,2024-04-15
C104847,Customer_104847,52,Male,Noida,Uttar Pradesh,Business Owner,692000.0,682,2018-12-08
C104848,Customer_104848,43,Male,Mumbai,Maharashtra,Salaried,1453000.0,809,2020-01-25
C104849,Customer_104849,27,Male,Mumbai,Maharashtra,Professional,1471000.0,760,2024-11-10
C104850,Customer_104850,54,Male,Noida,Uttar Pradesh,Salaried,1177000.0,733,2022-08-01
C104851,Customer_104851,43,Female,Lucknow,Uttar Pradesh,Business Owner,417000.0,776,2018-11-12
C104852,Customer_104852,29,Female,Jaipur,Rajasthan,Salaried,883000.0,760,2022-01-13
C104853,Customer_104853,52,Female,Mumbai,Maharashtra,Salaried,850000.0,730,2018-12-21
C104854,Customer_104854,65,Male,Delhi,Delhi,Salaried,508000.0,704,2017-05-29
C104855,Customer_104855,45,Female,Delhi,Delhi,Professional,1129000.0,713,2021-04-12
C104856,Customer_104856,28,Female,Jaipur,Rajasthan,Business Owner,539000.0,615,2017-04-26
C104857,Customer_104857,34,Female,Noida,Uttar Pradesh,Self-Employed,334000.0,668,2025-11-18
C104858,Customer_104858,47,Male,Ahmedabad,Gujarat,Salaried,250000.0,837,2025-05-29
C104859,Customer_104859,65,Male,Hyderabad,Telangana,Self-Employed,1535000.0,666,2019-01-11
C104860,Customer_104860,62,Male,Gurugram,Haryana,Salaried,646000.0,600,2022-12-19
C104861,Customer_104861,62,Male,Delhi,Delhi,Self-Employed,654000.0,779,2020-08-07
C104862,Customer_104862,58,Female,Gurugram,Haryana,Salaried,438000.0,736,2022-09-16
C104863,Customer_104863,46,Male,Noida,Uttar Pradesh,Business Owner,1397000.0,740,2021-11-11
C104864,Customer_104864,50,Male,Jaipur,Rajasthan,Self-Employed,298000.0,710,2023-12-02
C104865,Customer_104865,54,Male,Noida,Uttar Pradesh,Salaried,368000.0,779,2024-01-20
C104866,Customer_104866,53,Male,Ahmedabad,Gujarat,Self-Employed,721000.0,819,2017-02-23
C104867,Customer_104867,49,Male,Pune,Maharashtra,Salaried,841000.0,686,2024-11-16
C104868,Customer_104868,27,Male,Hyderabad,Telangana,Salaried,1113000.0,761,2019-03-01
C104869,Customer_104869,60,Female,Lucknow,Uttar Pradesh,Salaried,580000.0,793,2022-12-01
C104870,Customer_104870,21,Male,Jaipur,Rajasthan,Salaried,1468000.0,682,2023-01-20
C104871,Customer_104871,40,Female,Bengaluru,Karnataka,Salaried,582000.0,818,2022-11-25
C104872,Customer_104872,40,Female,Lucknow,Uttar Pradesh,Self-Employed,447000.0,792,2023-09-09
C104873,Customer_104873,65,Female,Delhi,Delhi,Business Owner,408000.0,639,2018-03-20
C104874,Customer_104874,25,Female,Ahmedabad,Gujarat,Salaried,540000.0,824,2022-11-11
C104875,Customer_104875,42,Male,Bengaluru,Karnataka,Professional,383000.0,643,2020-06-30
C104876,Customer_104876,37,Female,Ahmedabad,Gujarat,Professional,1150000.0,675,2020-10-29
C104877,Customer_104877,25,Female,Chennai,Tamil Nadu,Salaried,450000.0,764,2018-05-16
C104878,Customer_104878,31,Male,Pune,Maharashtra,Salaried,797000.0,788,2022-06-26
C104879,Customer_104879,39,Male,Jaipur,Rajasthan,Professional,438000.0,726,2020-01-05
C104880,Customer_104880,62,Female,Gurugram,Haryana,Salaried,380000.0,679,2023-07-08
C104881,Customer_104881,38,Male,Chennai,Tamil Nadu,Salaried,1293000.0,703,2021-06-07
C104882,Customer_104882,60,Female,Lucknow,Uttar Pradesh,Professional,1491000.0,695,2020-10-13
C104883,Customer_104883,54,Male,Pune,Maharashtra,Business Owner,1358000.0,775,2021-09-29
C104884,Customer_104884,57,Male,Mumbai,Maharashtra,Business Owner,261000.0,694,2022-04-02
C104885,Customer_104885,59,Female,Delhi,Delhi,Professional,317000.0,678,2023-04-23
C104886,Customer_104886,53,Female,Bengaluru,Karnataka,Salaried,1641000.0,624,2017-09-26
C104887,Customer_104887,54,Female,Jaipur,Rajasthan,Self-Employed,748000.0,681,2024-06-17
C104888,Customer_104888,27,Female,Kolkata,West Bengal,Business Owner,300000.0,712,2018-07-31
C104889,Customer_104889,53,Female,Chennai,Tamil Nadu,Salaried,1283000.0,647,2019-02-28
C104890,Customer_104890,23,Male,Pune,Maharashtra,Salaried,877000.0,607,2024-03-11
C104891,Customer_104891,54,Other,Noida,Uttar Pradesh,Salaried,1078000.0,784,2017-01-13
C104892,Customer_104892,50,Male,Kolkata,West Bengal,Business Owner,250000.0,655,2020-07-16
C104893,Customer_104893,55,Male,Delhi,Delhi,Self-Employed,719000.0,635,2023-03-08
C104894,Customer_104894,49,Female,Delhi,Delhi,Professional,1230000.0,822,2024-03-30
C104895,Customer_104895,37,Male,Pune,Maharashtra,Salaried,594000.0,775,2025-04-25
C104896,Customer_104896,37,Female,Chennai,Tamil Nadu,Self-Employed,1344000.0,787,2023-04-12
C104897,Customer_104897,47,Male,Noida,Uttar Pradesh,Salaried,323000.0,753,2019-03-06
C104898,Customer_104898,42,Male,Kolkata,West Bengal,Professional,805000.0,805,2020-05-17
C104899,Customer_104899,36,Male,Gurugram,Haryana,Self-Employed,1508000.0,777,2017-03-20
C104900,Customer_104900,43,Female,Ahmedabad,Gujarat,Business Owner,390000.0,698,2024-03-05
C104901,Customer_104901,45,Female,Chennai,Tamil Nadu,Salaried,959000.0,651,2017-01-25
C104902,Customer_104902,31,Male,Ahmedabad,Gujarat,Salaried,1084000.0,637,2018-03-06
C104903,Customer_104903,49,Male,Ahmedabad,Gujarat,Salaried,887000.0,711,2026-01-21
C104904,Customer_104904,35,Male,Jaipur,Rajasthan,Business Owner,750000.0,649,2018-07-01
C104905,Customer_104905,33,Male,Bengaluru,Karnataka,Salaried,499000.0,668,2019-08-26
C104906,Customer_104906,39,Female,Ahmedabad,Gujarat,Business Owner,929000.0,710,2020-10-23
C104907,Customer_104907,25,Female,Hyderabad,Telangana,Salaried,809000.0,811,2018-04-14
C104908,Customer_104908,48,Male,Gurugram,Haryana,Salaried,275000.0,622,2023-02-08
C104909,Customer_104909,54,Male,Gurugram,Haryana,Salaried,1290000.0,722,2019-11-24
C104910,Customer_104910,64,Female,Ahmedabad,Gujarat,Salaried,486000.0,639,2019-10-10
C104911,Customer_104911,33,Male,Lucknow,Uttar Pradesh,Salaried,286000.0,684,2022-05-04
C104912,Customer_104912,45,Male,Kolkata,West Bengal,Salaried,612000.0,780,2020-01-04
C104913,Customer_104913,43,Female,Delhi,Delhi,Salaried,493000.0,665,2019-01-10
C104914,Customer_104914,53,Male,Ahmedabad,Gujarat,Self-Employed,747000.0,703,2025-01-08
C104915,Customer_104915,49,Male,Gurugram,Haryana,Salaried,353000.0,729,2022-05-27
C104916,Customer_104916,57,Male,Mumbai,Maharashtra,Self-Employed,1029000.0,766,2025-05-18
C104917,Customer_104917,59,Female,Mumbai,Maharashtra,Self-Employed,1402000.0,684,2020-05-02
C104918,Customer_104918,26,Male,Hyderabad,Telangana,Salaried,892000.0,802,2025-06-30
C104919,Customer_104919,36,Female,Noida,Uttar Pradesh,Salaried,272000.0,691,2025-04-10
C104920,Customer_104920,50,Male,Kolkata,West Bengal,Salaried,485000.0,751,2017-03-16
C104921,Customer_104921,45,Male,Lucknow,Uttar Pradesh,Salaried,939000.0,708,2018-03-05
C104922,Customer_104922,42,Female,Noida,Uttar Pradesh,Salaried,250000.0,768,2024-06-07
C104923,Customer_104923,28,Male,Kolkata,West Bengal,Self-Employed,357000.0,850,2019-10-04
C104924,Customer_104924,46,Male,Jaipur,Rajasthan,Salaried,250000.0,702,2024-02-04
C104925,Customer_104925,54,Male,Hyderabad,Telangana,Professional,896000.0,719,2021-01-14
C104926,Customer_104926,22,Female,Mumbai,Maharashtra,Business Owner,1715000.0,692,2019-05-28
C104927,Customer_104927,47,Male,Chennai,Tamil Nadu,Salaried,346000.0,682,2019-01-14
C104928,Customer_104928,61,Female,Ahmedabad,Gujarat,Self-Employed,1177000.0,675,2019-02-10
C104929,Customer_104929,46,Male,Bengaluru,Karnataka,Salaried,624000.0,719,2023-03-08
C104930,Customer_104930,63,Male,Bengaluru,Karnataka,Salaried,322000.0,669,2017-04-29
C104931,Customer_104931,36,Male,Delhi,Delhi,Professional,1476000.0,671,2018-10-04
C104932,Customer_104932,21,Male,Jaipur,Rajasthan,Salaried,1714000.0,514,2024-08-27
C104933,Customer_104933,51,Female,Noida,Uttar Pradesh,Salaried,1015000.0,810,2019-12-22
C104934,Customer_104934,30,Male,Gurugram,Haryana,Professional,995000.0,827,2022-08-28
C104935,Customer_104935,21,Female,Chennai,Tamil Nadu,Professional,875000.0,762,2019-10-16
C104936,Customer_104936,29,Male,Ahmedabad,Gujarat,Salaried,791000.0,663,2017-02-23
C104937,Customer_104937,63,Female,Lucknow,Uttar Pradesh,Self-Employed,986000.0,638,2021-03-04
C104938,Customer_104938,56,Male,Ahmedabad,Gujarat,Business Owner,1120000.0,618,2019-02-05
C104939,Customer_104939,33,Female,Hyderabad,Telangana,Business Owner,1515000.0,762,2023-11-09
C104940,Customer_104940,47,Male,Chennai,Tamil Nadu,Salaried,641000.0,802,2024-09-25
C104941,Customer_104941,36,Female,Jaipur,Rajasthan,Business Owner,901000.0,731,2025-03-18
C104942,Customer_104942,28,Female,Pune,Maharashtra,Salaried,815000.0,776,2022-08-10
C104943,Customer_104943,65,Female,Noida,Uttar Pradesh,Salaried,1260000.0,749,2017-10-02
C104944,Customer_104944,57,Male,Noida,Uttar Pradesh,Salaried,1810000.0,670,2024-12-19
C104945,Customer_104945,37,Female,Delhi,Delhi,Salaried,1273000.0,786,2024-11-11
C104946,Customer_104946,36,Male,Jaipur,Rajasthan,Salaried,1169000.0,781,2018-05-14
C104947,Customer_104947,57,Male,Chennai,Tamil Nadu,Salaried,1213000.0,656,2020-10-18
C104948,Customer_104948,41,Male,Kolkata,West Bengal,Salaried,1357000.0,772,2025-11-13
C104949,Customer_104949,37,Female,Hyderabad,Telangana,Professional,1816000.0,710,2024-07-08
C104950,Customer_104950,38,Male,Chennai,Tamil Nadu,Salaried,250000.0,703,2018-12-07
C104951,Customer_104951,41,Female,Hyderabad,Telangana,Salaried,1090000.0,745,2022-11-04
C104952,Customer_104952,44,Female,Delhi,Delhi,Business Owner,250000.0,743,2019-10-29
C104953,Customer_104953,22,Male,Gurugram,Haryana,Salaried,1231000.0,778,2025-01-30
C104954,Customer_104954,42,Male,Mumbai,Maharashtra,Business Owner,1070000.0,665,2025-08-15
C104955,Customer_104955,40,Female,Chennai,Tamil Nadu,Salaried,631000.0,757,2024-04-14
C104956,Customer_104956,33,Male,Bengaluru,Karnataka,Self-Employed,250000.0,645,2019-11-30
C104957,Customer_104957,36,Male,Mumbai,Maharashtra,Salaried,844000.0,708,2020-09-02
C104958,Customer_104958,40,Male,Chennai,Tamil Nadu,Salaried,939000.0,713,2022-07-17
C104959,Customer_104959,37,Female,Lucknow,Uttar Pradesh,Self-Employed,825000.0,783,2025-10-29
C104960,Customer_104960,61,Male,Lucknow,Uttar Pradesh,Salaried,601000.0,721,2020-03-15
C104961,Customer_104961,44,Male,Chennai,Tamil Nadu,Salaried,491000.0,703,2022-03-04
C104962,Customer_104962,43,Male,Kolkata,West Bengal,Salaried,829000.0,813,2023-11-20
C104963,Customer_104963,32,Male,Lucknow,Uttar Pradesh,Self-Employed,529000.0,692,2020-06-20
C104964,Customer_104964,62,Female,Bengaluru,Karnataka,Salaried,1174000.0,689,2019-11-25
C104965,Customer_104965,22,Female,Lucknow,Uttar Pradesh,Self-Employed,819000.0,598,2020-08-22
C104966,Customer_104966,45,Female,Mumbai,Maharashtra,Self-Employed,250000.0,706,2021-02-09
C104967,Customer_104967,28,Female,Bengaluru,Karnataka,Salaried,921000.0,659,2017-11-14
C104968,Customer_104968,55,Male,Chennai,Tamil Nadu,Professional,1016000.0,704,2017-10-12
C104969,Customer_104969,38,Female,Delhi,Delhi,Business Owner,1497000.0,736,2023-07-06
C104970,Customer_104970,34,Female,Gurugram,Haryana,Salaried,1221000.0,649,2025-07-29
C104971,Customer_104971,23,Female,Noida,Uttar Pradesh,Salaried,491000.0,667,2024-07-02
C104972,Customer_104972,56,Female,Chennai,Tamil Nadu,Salaried,1420000.0,616,2025-06-08
C104973,Customer_104973,38,Male,Noida,Uttar Pradesh,Professional,296000.0,687,2024-10-20
C104974,Customer_104974,32,Female,Gurugram,Haryana,Salaried,861000.0,659,2024-06-27
C104975,Customer_104975,58,Male,Gurugram,Haryana,Salaried,1152000.0,850,2017-07-18
C104976,Customer_104976,21,Female,Gurugram,Haryana,Professional,1433000.0,818,2025-02-16
C104977,Customer_104977,42,Male,Kolkata,West Bengal,Self-Employed,1606000.0,807,2021-03-01
C104978,Customer_104978,28,Female,Mumbai,Maharashtra,Salaried,1360000.0,636,2022-08-12
C104979,Customer_104979,26,Female,Lucknow,Uttar Pradesh,Self-Employed,795000.0,708,2025-04-13
C104980,Customer_104980,21,Female,Ahmedabad,Gujarat,Business Owner,1082000.0,642,2017-10-18
C104981,Customer_104981,29,Male,Noida,Uttar Pradesh,Salaried,940000.0,840,2019-05-13
C104982,Customer_104982,63,Female,Lucknow,Uttar Pradesh,Salaried,566000.0,774,2017-08-29
C104983,Customer_104983,41,Female,Bengaluru,Karnataka,Self-Employed,804000.0,652,2020-11-28
C104984,Customer_104984,65,Female,Chennai,Tamil Nadu,Salaried,1569000.0,744,2024-04-26
C104985,Customer_104985,33,Female,Bengaluru,Karnataka,Professional,1108000.0,624,2021-07-31
C104986,Customer_104986,55,Female,Delhi,Delhi,Salaried,1674000.0,711,2021-10-25
C104987,Customer_104987,25,Female,Lucknow,Uttar Pradesh,Self-Employed,417000.0,709,2019-03-08
C104988,Customer_104988,25,Male,Lucknow,Uttar Pradesh,Business Owner,697000.0,768,2019-07-31
C104989,Customer_104989,21,Male,Lucknow,Uttar Pradesh,Salaried,1016000.0,784,2022-03-11
C104990,Customer_104990,61,Female,Noida,Uttar Pradesh,Salaried,1147000.0,721,2017-05-08
C104991,Customer_104991,51,Female,Ahmedabad,Gujarat,Professional,803000.0,705,2021-02-17
C104992,Customer_104992,54,Male,Kolkata,West Bengal,Business Owner,1170000.0,510,2026-02-28
C104993,Customer_104993,62,Male,Lucknow,Uttar Pradesh,Salaried,1167000.0,822,2022-04-23
C104994,Customer_104994,35,Male,Kolkata,West Bengal,Salaried,295000.0,677,2017-11-25
C104995,Customer_104995,53,Female,Ahmedabad,Gujarat,Salaried,1151000.0,727,2020-11-25
C104996,Customer_104996,43,Female,Bengaluru,Karnataka,Salaried,1279000.0,850,2020-05-23
C104997,Customer_104997,45,Female,Jaipur,Rajasthan,Salaried,968000.0,642,2023-07-07
C104998,Customer_104998,50,Male,Gurugram,Haryana,Self-Employed,250000.0,721,2023-05-02
C104999,Customer_104999,42,Male,Jaipur,Rajasthan,Salaried,739000.0,752,2026-02-11
C105000,Customer_105000,22,Female,Pune,Maharashtra,Self-Employed,1025000.0,791,2022-10-20
C105001,Customer_105001,24,Male,Bengaluru,Karnataka,Professional,504000.0,720,2019-03-16
C105002,Customer_105002,43,Male,Delhi,Delhi,Professional,1217000.0,796,2018-03-06
C105003,Customer_105003,46,Male,Ahmedabad,Gujarat,Business Owner,1142000.0,693,2018-06-21
C105004,Customer_105004,53,Female,Jaipur,Rajasthan,Salaried,904000.0,755,2022-10-11
C105005,Customer_105005,46,Male,Gurugram,Haryana,Salaried,857000.0,747,2022-07-24
C105006,Customer_105006,29,Male,Lucknow,Uttar Pradesh,Salaried,927000.0,714,2020-02-18
C105007,Customer_105007,37,Male,Pune,Maharashtra,Salaried,848000.0,741,2023-11-11
C105008,Customer_105008,40,Female,Gurugram,Haryana,Professional,336000.0,663,2018-08-04
C105009,Customer_105009,65,Male,Jaipur,Rajasthan,Self-Employed,678000.0,701,2023-08-27
C105010,Customer_105010,44,Male,Hyderabad,Telangana,Self-Employed,879000.0,636,2022-09-30
C105011,Customer_105011,49,Male,Noida,Uttar Pradesh,Salaried,1417000.0,691,2018-08-20
C105012,Customer_105012,54,Male,Delhi,Delhi,Salaried,1127000.0,794,2025-05-20
C105013,Customer_105013,37,Female,Ahmedabad,Gujarat,Professional,1439000.0,747,2025-02-03
C105014,Customer_105014,64,Female,Lucknow,Uttar Pradesh,Salaried,288000.0,740,2023-12-31
C105015,Customer_105015,51,Male,Ahmedabad,Gujarat,Salaried,708000.0,616,2023-03-10
C105016,Customer_105016,59,Female,Lucknow,Uttar Pradesh,Self-Employed,1680000.0,741,2018-07-07
C105017,Customer_105017,54,Male,Delhi,Delhi,Self-Employed,553000.0,716,2026-01-02
C105018,Customer_105018,48,Female,Kolkata,West Bengal,Salaried,545000.0,755,2018-08-16
C105019,Customer_105019,22,Male,Gurugram,Haryana,Salaried,741000.0,810,2024-07-05
C105020,Customer_105020,47,Male,Ahmedabad,Gujarat,Business Owner,1657000.0,693,2021-05-15
C105021,Customer_105021,26,Female,Noida,Uttar Pradesh,Professional,581000.0,699,2023-03-25
C105022,Customer_105022,48,Female,Pune,Maharashtra,Salaried,1073000.0,780,2017-03-13
C105023,Customer_105023,52,Female,Jaipur,Rajasthan,Business Owner,1007000.0,681,2019-12-13
C105024,Customer_105024,45,Female,Pune,Maharashtra,Salaried,250000.0,726,2017-03-12
C105025,Customer_105025,34,Female,Noida,Uttar Pradesh,Self-Employed,844000.0,590,2023-10-12
C105026,Customer_105026,23,Female,Mumbai,Maharashtra,Self-Employed,629000.0,700,2019-05-07
C105027,Customer_105027,51,Male,Hyderabad,Telangana,Business Owner,1121000.0,805,2019-12-07
C105028,Customer_105028,52,Male,Mumbai,Maharashtra,Business Owner,1546000.0,742,2017-12-29
C105029,Customer_105029,42,Female,Jaipur,Rajasthan,Salaried,712000.0,778,2018-03-26
C105030,Customer_105030,53,Female,Bengaluru,Karnataka,Salaried,712000.0,782,2022-02-02
C105031,Customer_105031,56,Female,Hyderabad,Telangana,Business Owner,1857000.0,808,2020-03-10
C105032,Customer_105032,44,Male,Noida,Uttar Pradesh,Salaried,565000.0,697,2017-05-28
C105033,Customer_105033,23,Male,Chennai,Tamil Nadu,Self-Employed,313000.0,781,2024-10-23
C105034,Customer_105034,60,Male,Mumbai,Maharashtra,Salaried,1401000.0,850,2019-04-09
C105035,Customer_105035,42,Female,Delhi,Delhi,Salaried,830000.0,718,2017-05-26
C105036,Customer_105036,51,Male,Bengaluru,Karnataka,Self-Employed,963000.0,634,2017-07-17
C105037,Customer_105037,61,Female,Noida,Uttar Pradesh,Salaried,1743000.0,681,2020-10-13
C105038,Customer_105038,37,Male,Kolkata,West Bengal,Professional,289000.0,750,2021-12-09
C105039,Customer_105039,48,Male,Lucknow,Uttar Pradesh,Salaried,772000.0,612,2018-03-13
C105040,Customer_105040,21,Female,Bengaluru,Karnataka,Salaried,355000.0,670,2020-04-13
C105041,Customer_105041,60,Male,Chennai,Tamil Nadu,Salaried,984000.0,699,2020-03-27
C105042,Customer_105042,23,Female,Mumbai,Maharashtra,Salaried,629000.0,727,2017-10-10
C105043,Customer_105043,45,Male,Chennai,Tamil Nadu,Self-Employed,381000.0,837,2023-01-20
C105044,Customer_105044,36,Female,Kolkata,West Bengal,Salaried,1143000.0,765,2020-04-19
C105045,Customer_105045,22,Female,Gurugram,Haryana,Salaried,854000.0,648,2023-07-12
C105046,Customer_105046,41,Female,Chennai,Tamil Nadu,Professional,349000.0,850,2017-01-03
C105047,Customer_105047,63,Male,Gurugram,Haryana,Salaried,374000.0,719,2017-04-25
C105048,Customer_105048,28,Male,Ahmedabad,Gujarat,Salaried,933000.0,611,2024-09-07
C105049,Customer_105049,34,Female,Hyderabad,Telangana,Professional,250000.0,653,2020-01-13
C105050,Customer_105050,29,Female,Noida,Uttar Pradesh,Self-Employed,941000.0,653,2020-05-21
C105051,Customer_105051,26,Female,Pune,Maharashtra,Salaried,1386000.0,632,2020-11-22
C105052,Customer_105052,31,Female,Mumbai,Maharashtra,Professional,1117000.0,753,2023-03-15
C105053,Customer_105053,46,Female,Lucknow,Uttar Pradesh,Salaried,601000.0,547,2023-08-18
C105054,Customer_105054,56,Female,Noida,Uttar Pradesh,Salaried,960000.0,784,2023-08-07
C105055,Customer_105055,52,Female,Delhi,Delhi,Salaried,349000.0,773,2025-02-16
C105056,Customer_105056,55,Female,Noida,Uttar Pradesh,Professional,905000.0,690,2022-03-02
C105057,Customer_105057,53,Female,Lucknow,Uttar Pradesh,Salaried,719000.0,780,2019-05-05
C105058,Customer_105058,38,Female,Gurugram,Haryana,Business Owner,434000.0,649,2022-06-26
C105059,Customer_105059,61,Female,Hyderabad,Telangana,Salaried,1099000.0,665,2019-09-19
C105060,Customer_105060,28,Male,Ahmedabad,Gujarat,Salaried,250000.0,756,2020-12-28
C105061,Customer_105061,52,Male,Kolkata,West Bengal,Professional,376000.0,706,2017-04-05
C105062,Customer_105062,25,Female,Ahmedabad,Gujarat,Professional,424000.0,679,2020-10-17
C105063,Customer_105063,55,Female,Ahmedabad,Gujarat,Salaried,648000.0,713,2022-08-01
C105064,Customer_105064,24,Male,Ahmedabad,Gujarat,Salaried,1370000.0,806,2019-11-07
C105065,Customer_105065,30,Male,Kolkata,West Bengal,Self-Employed,1152000.0,803,2018-01-06
C105066,Customer_105066,38,Female,Jaipur,Rajasthan,Salaried,892000.0,748,2017-08-31
C105067,Customer_105067,52,Female,Kolkata,West Bengal,Salaried,873000.0,697,2018-02-07
C105068,Customer_105068,23,Female,Delhi,Delhi,Salaried,845000.0,754,2020-04-03
C105069,Customer_105069,32,Male,Delhi,Delhi,Professional,1399000.0,664,2026-04-07
C105070,Customer_105070,36,Male,Lucknow,Uttar Pradesh,Salaried,250000.0,796,2021-04-22
C105071,Customer_105071,53,Male,Noida,Uttar Pradesh,Salaried,1159000.0,782,2025-06-18
C105072,Customer_105072,64,Female,Ahmedabad,Gujarat,Salaried,647000.0,846,2018-03-31
C105073,Customer_105073,48,Male,Bengaluru,Karnataka,Salaried,1051000.0,668,2026-01-16
C105074,Customer_105074,43,Female,Gurugram,Haryana,Salaried,1053000.0,660,2025-06-15
C105075,Customer_105075,36,Female,Mumbai,Maharashtra,Salaried,1143000.0,756,2017-10-24
C105076,Customer_105076,58,Female,Chennai,Tamil Nadu,Self-Employed,1483000.0,702,2017-01-29
C105077,Customer_105077,25,Female,Hyderabad,Telangana,Salaried,302000.0,785,2022-12-28
C105078,Customer_105078,26,Female,Delhi,Delhi,Salaried,1252000.0,806,2019-01-31
C105079,Customer_105079,30,Female,Gurugram,Haryana,Professional,824000.0,831,2022-12-20
C105080,Customer_105080,33,Male,Kolkata,West Bengal,Salaried,666000.0,724,2023-05-01
C105081,Customer_105081,41,Male,Hyderabad,Telangana,Salaried,1664000.0,777,2017-08-05
C105082,Customer_105082,63,Female,Kolkata,West Bengal,Salaried,1131000.0,686,2024-08-31
C105083,Customer_105083,50,Male,Delhi,Delhi,Self-Employed,683000.0,734,2025-01-24
C105084,Customer_105084,38,Female,Pune,Maharashtra,Business Owner,1233000.0,717,2021-05-30
C105085,Customer_105085,30,Male,Kolkata,West Bengal,Self-Employed,832000.0,713,2025-08-30
C105086,Customer_105086,50,Female,Chennai,Tamil Nadu,Business Owner,677000.0,839,2022-06-25
C105087,Customer_105087,32,Male,Gurugram,Haryana,Salaried,608000.0,633,2023-10-20
C105088,Customer_105088,64,Female,Bengaluru,Karnataka,Professional,972000.0,720,2019-07-18
C105089,Customer_105089,42,Male,Mumbai,Maharashtra,Salaried,604000.0,723,2022-11-21
C105090,Customer_105090,45,Female,Kolkata,West Bengal,Salaried,912000.0,762,2025-11-19
C105091,Customer_105091,61,Male,Noida,Uttar Pradesh,Salaried,1205000.0,649,2024-03-23
C105092,Customer_105092,34,Female,Chennai,Tamil Nadu,Salaried,894000.0,701,2022-12-31
C105093,Customer_105093,42,Male,Delhi,Delhi,Salaried,1641000.0,681,2020-10-12
C105094,Customer_105094,44,Female,Lucknow,Uttar Pradesh,Salaried,855000.0,574,2018-03-23
C105095,Customer_105095,33,Female,Pune,Maharashtra,Business Owner,1390000.0,796,2020-03-10
C105096,Customer_105096,23,Female,Bengaluru,Karnataka,Business Owner,1241000.0,624,2023-11-09
C105097,Customer_105097,33,Female,Ahmedabad,Gujarat,Self-Employed,1460000.0,616,2021-11-26
C105098,Customer_105098,26,Female,Hyderabad,Telangana,Salaried,1639000.0,782,2018-03-11
C105099,Customer_105099,51,Female,Lucknow,Uttar Pradesh,Salaried,250000.0,698,2019-03-11
C105100,Customer_105100,21,Male,Hyderabad,Telangana,Business Owner,956000.0,700,2020-10-03
C105101,Customer_105101,35,Female,Kolkata,West Bengal,Salaried,805000.0,702,2017-06-06
C105102,Customer_105102,60,Male,Kolkata,West Bengal,Salaried,895000.0,790,2021-07-29
C105103,Customer_105103,46,Female,Bengaluru,Karnataka,Salaried,691000.0,684,2025-07-04
C105104,Customer_105104,51,Male,Pune,Maharashtra,Salaried,633000.0,759,2023-09-23
C105105,Customer_105105,51,Male,Mumbai,Maharashtra,Salaried,410000.0,646,2025-09-18
C105106,Customer_105106,34,Female,Ahmedabad,Gujarat,Self-Employed,889000.0,741,2026-04-11
C105107,Customer_105107,49,Male,Gurugram,Haryana,Business Owner,1224000.0,779,2017-07-04
C105108,Customer_105108,30,Male,Lucknow,Uttar Pradesh,Professional,653000.0,811,2020-06-17
C105109,Customer_105109,49,Male,Hyderabad,Telangana,Salaried,719000.0,619,2018-11-18
C105110,Customer_105110,51,Female,Hyderabad,Telangana,Salaried,571000.0,701,2023-04-17
C105111,Customer_105111,60,Male,Kolkata,West Bengal,Business Owner,452000.0,824,2017-04-30
C105112,Customer_105112,62,Male,Jaipur,Rajasthan,Salaried,756000.0,780,2023-04-06
C105113,Customer_105113,22,Other,Lucknow,Uttar Pradesh,Salaried,987000.0,707,2020-08-06
C105114,Customer_105114,34,Female,Delhi,Delhi,Self-Employed,1353000.0,720,2018-09-19
C105115,Customer_105115,45,Male,Bengaluru,Karnataka,Salaried,373000.0,739,2018-12-11
C105116,Customer_105116,35,Female,Hyderabad,Telangana,Salaried,838000.0,696,2022-12-26
C105117,Customer_105117,48,Male,Hyderabad,Telangana,Salaried,1321000.0,756,2021-06-01
C105118,Customer_105118,59,Female,Pune,Maharashtra,Self-Employed,378000.0,752,2025-03-10
C105119,Customer_105119,32,Male,Noida,Uttar Pradesh,Salaried,1357000.0,648,2026-02-09
C105120,Customer_105120,61,Male,Delhi,Delhi,Salaried,674000.0,688,2022-03-05
C105121,Customer_105121,60,Male,Gurugram,Haryana,Salaried,1135000.0,690,2023-05-31
C105122,Customer_105122,62,Female,Ahmedabad,Gujarat,Business Owner,763000.0,703,2021-06-20
C105123,Customer_105123,24,Male,Ahmedabad,Gujarat,Professional,1033000.0,738,2020-08-25
C105124,Customer_105124,34,Female,Jaipur,Rajasthan,Professional,1494000.0,732,2023-01-11
C105125,Customer_105125,26,Male,Mumbai,Maharashtra,Business Owner,801000.0,673,2017-02-14
C105126,Customer_105126,26,Female,Jaipur,Rajasthan,Salaried,1249000.0,807,2024-07-06
C105127,Customer_105127,23,Female,Bengaluru,Karnataka,Salaried,960000.0,720,2023-05-17
C105128,Customer_105128,40,Male,Kolkata,West Bengal,Salaried,536000.0,815,2019-02-05
C105129,Customer_105129,24,Male,Jaipur,Rajasthan,Salaried,792000.0,814,2017-01-13
C105130,Customer_105130,34,Male,Ahmedabad,Gujarat,Business Owner,767000.0,651,2018-07-09
C105131,Customer_105131,65,Female,Hyderabad,Telangana,Salaried,285000.0,688,2023-07-14
C105132,Customer_105132,60,Male,Chennai,Tamil Nadu,Professional,1034000.0,693,2023-01-24
C105133,Customer_105133,63,Female,Pune,Maharashtra,Salaried,1113000.0,740,2023-03-13
C105134,Customer_105134,22,Male,Delhi,Delhi,Self-Employed,1175000.0,767,2017-04-28
C105135,Customer_105135,50,Female,Jaipur,Rajasthan,Professional,1422000.0,730,2017-02-25
C105136,Customer_105136,49,Female,Mumbai,Maharashtra,Salaried,1232000.0,684,2024-09-06
C105137,Customer_105137,26,Male,Pune,Maharashtra,Business Owner,609000.0,827,2021-03-27
C105138,Customer_105138,61,Male,Ahmedabad,Gujarat,Business Owner,694000.0,692,2019-10-25
C105139,Customer_105139,39,Female,Delhi,Delhi,Business Owner,1186000.0,768,2017-09-27
C105140,Customer_105140,64,Male,Lucknow,Uttar Pradesh,Business Owner,1006000.0,718,2018-01-13
C105141,Customer_105141,26,Female,Chennai,Tamil Nadu,Salaried,843000.0,716,2023-11-22
C105142,Customer_105142,50,Female,Delhi,Delhi,Salaried,500000.0,764,2024-02-13
C105143,Customer_105143,26,Male,Ahmedabad,Gujarat,Business Owner,638000.0,820,2019-08-16
C105144,Customer_105144,63,Male,Kolkata,West Bengal,Self-Employed,1083000.0,740,2019-01-28
C105145,Customer_105145,48,Male,Ahmedabad,Gujarat,Self-Employed,250000.0,688,2019-10-20
C105146,Customer_105146,24,Male,Gurugram,Haryana,Salaried,250000.0,816,2020-09-26
C105147,Customer_105147,30,Female,Pune,Maharashtra,Salaried,1127000.0,752,2024-11-24
C105148,Customer_105148,37,Female,Gurugram,Haryana,Salaried,637000.0,731,2020-11-08
C105149,Customer_105149,21,Male,Chennai,Tamil Nadu,Professional,1037000.0,787,2024-03-09
C105150,Customer_105150,21,Female,Kolkata,West Bengal,Salaried,1481000.0,741,2024-08-20
C105151,Customer_105151,62,Male,Mumbai,Maharashtra,Salaried,445000.0,850,2022-07-23
C105152,Customer_105152,65,Other,Ahmedabad,Gujarat,Salaried,250000.0,720,2019-06-19
C105153,Customer_105153,45,Female,Hyderabad,Telangana,Salaried,739000.0,795,2026-03-09
C105154,Customer_105154,61,Male,Jaipur,Rajasthan,Salaried,576000.0,749,2022-11-23
C105155,Customer_105155,50,Female,Gurugram,Haryana,Self-Employed,840000.0,749,2023-06-18
C105156,Customer_105156,22,Female,Noida,Uttar Pradesh,Salaried,1065000.0,696,2026-04-19
C105157,Customer_105157,53,Male,Lucknow,Uttar Pradesh,Salaried,981000.0,697,2022-09-09
C105158,Customer_105158,21,Male,Mumbai,Maharashtra,Salaried,869000.0,752,2022-07-31
C105159,Customer_105159,57,Female,Mumbai,Maharashtra,Salaried,1273000.0,664,2024-09-19
C105160,Customer_105160,37,Male,Lucknow,Uttar Pradesh,Business Owner,1118000.0,683,2018-04-25
C105161,Customer_105161,27,Male,Chennai,Tamil Nadu,Professional,777000.0,721,2025-12-19
C105162,Customer_105162,32,Male,Delhi,Delhi,Business Owner,1104000.0,801,2019-08-22
C105163,Customer_105163,51,Female,Hyderabad,Telangana,Professional,250000.0,725,2026-01-10
C105164,Customer_105164,59,Male,Noida,Uttar Pradesh,Salaried,1275000.0,724,2021-12-25
C105165,Customer_105165,46,Male,Chennai,Tamil Nadu,Professional,859000.0,651,2025-03-12
C105166,Customer_105166,28,Male,Delhi,Delhi,Salaried,370000.0,830,2020-01-01
C105167,Customer_105167,61,Male,Jaipur,Rajasthan,Business Owner,683000.0,792,2024-01-25
C105168,Customer_105168,56,Female,Bengaluru,Karnataka,Self-Employed,1265000.0,799,2021-10-23
C105169,Customer_105169,39,Male,Chennai,Tamil Nadu,Salaried,543000.0,626,2023-01-08
C105170,Customer_105170,45,Female,Delhi,Delhi,Salaried,1014000.0,743,2022-01-21
C105171,Customer_105171,64,Male,Ahmedabad,Gujarat,Salaried,1202000.0,659,2026-03-09
C105172,Customer_105172,37,Female,Pune,Maharashtra,Salaried,860000.0,770,2023-11-06
C105173,Customer_105173,22,Male,Noida,Uttar Pradesh,Salaried,504000.0,741,2019-05-07
C105174,Customer_105174,27,Female,Chennai,Tamil Nadu,Professional,824000.0,754,2022-10-20
C105175,Customer_105175,48,Male,Bengaluru,Karnataka,Salaried,286000.0,673,2020-05-29
C105176,Customer_105176,65,Female,Mumbai,Maharashtra,Self-Employed,655000.0,652,2023-07-02
C105177,Customer_105177,54,Male,Bengaluru,Karnataka,Salaried,407000.0,678,2021-06-18
C105178,Customer_105178,48,Male,Pune,Maharashtra,Salaried,831000.0,740,2019-01-13
C105179,Customer_105179,35,Female,Mumbai,Maharashtra,Salaried,342000.0,704,2019-01-31
C105180,Customer_105180,40,Male,Chennai,Tamil Nadu,Salaried,883000.0,736,2020-12-09
C105181,Customer_105181,22,Male,Noida,Uttar Pradesh,Salaried,1303000.0,653,2021-06-29
C105182,Customer_105182,37,Female,Gurugram,Haryana,Salaried,1328000.0,720,2024-09-06
C105183,Customer_105183,49,Female,Ahmedabad,Gujarat,Salaried,352000.0,811,2022-12-11
C105184,Customer_105184,61,Female,Noida,Uttar Pradesh,Salaried,584000.0,742,2024-01-02
C105185,Customer_105185,62,Female,Gurugram,Haryana,Business Owner,1191000.0,746,2018-05-22
C105186,Customer_105186,57,Male,Ahmedabad,Gujarat,Business Owner,1132000.0,746,2018-09-11
C105187,Customer_105187,21,Male,Noida,Uttar Pradesh,Salaried,604000.0,687,2017-05-06
C105188,Customer_105188,57,Female,Mumbai,Maharashtra,Self-Employed,655000.0,826,2017-08-06
C105189,Customer_105189,30,Male,Gurugram,Haryana,Professional,883000.0,743,2018-05-12
C105190,Customer_105190,48,Male,Hyderabad,Telangana,Salaried,250000.0,732,2023-01-30
C105191,Customer_105191,63,Male,Jaipur,Rajasthan,Salaried,1060000.0,765,2021-04-03
C105192,Customer_105192,60,Male,Noida,Uttar Pradesh,Salaried,1283000.0,781,2021-02-18
C105193,Customer_105193,50,Male,Pune,Maharashtra,Salaried,694000.0,639,2023-11-20
C105194,Customer_105194,34,Male,Mumbai,Maharashtra,Business Owner,282000.0,724,2020-10-27
C105195,Customer_105195,44,Female,Chennai,Tamil Nadu,Business Owner,1415000.0,850,2017-01-23
C105196,Customer_105196,52,Female,Chennai,Tamil Nadu,Salaried,938000.0,828,2017-03-27
C105197,Customer_105197,44,Female,Lucknow,Uttar Pradesh,Salaried,1134000.0,713,2018-09-03
C105198,Customer_105198,39,Male,Lucknow,Uttar Pradesh,Business Owner,322000.0,767,2020-07-21
C105199,Customer_105199,39,Male,Kolkata,West Bengal,Salaried,323000.0,699,2025-03-21
C105200,Customer_105200,47,Female,Lucknow,Uttar Pradesh,Salaried,1016000.0,743,2018-08-31
C105201,Customer_105201,22,Male,Pune,Maharashtra,Salaried,1261000.0,690,2023-11-04
C105202,Customer_105202,65,Male,Chennai,Tamil Nadu,Professional,398000.0,689,2017-04-27
C105203,Customer_105203,25,Female,Noida,Uttar Pradesh,Self-Employed,809000.0,682,2018-01-05
C105204,Customer_105204,65,Female,Jaipur,Rajasthan,Self-Employed,250000.0,829,2020-09-18
C105205,Customer_105205,22,Male,Kolkata,West Bengal,Self-Employed,569000.0,689,2022-12-05
C105206,Customer_105206,44,Female,Pune,Maharashtra,Salaried,747000.0,794,2024-09-05
C105207,Customer_105207,39,Female,Jaipur,Rajasthan,Salaried,1046000.0,692,2023-11-23
C105208,Customer_105208,46,Female,Gurugram,Haryana,Business Owner,250000.0,685,2025-04-19
C105209,Customer_105209,40,Male,Pune,Maharashtra,Professional,1378000.0,745,2021-01-13
C105210,Customer_105210,61,Female,Delhi,Delhi,Salaried,782000.0,636,2019-03-21
C105211,Customer_105211,21,Female,Mumbai,Maharashtra,Salaried,1368000.0,763,2020-11-30
C105212,Customer_105212,65,Male,Mumbai,Maharashtra,Professional,1129000.0,711,2019-07-24
C105213,Customer_105213,52,Female,Pune,Maharashtra,Salaried,1191000.0,684,2020-04-23
C105214,Customer_105214,56,Female,Ahmedabad,Gujarat,Salaried,1658000.0,670,2017-12-02
C105215,Customer_105215,27,Male,Gurugram,Haryana,Salaried,537000.0,848,2024-02-23
C105216,Customer_105216,23,Male,Bengaluru,Karnataka,Salaried,904000.0,718,2025-06-19
C105217,Customer_105217,38,Male,Gurugram,Haryana,Self-Employed,454000.0,715,2017-11-22
C105218,Customer_105218,35,Female,Ahmedabad,Gujarat,Self-Employed,809000.0,777,2017-08-10
C105219,Customer_105219,56,Male,Delhi,Delhi,Salaried,1138000.0,665,2024-06-23
C105220,Customer_105220,61,Male,Chennai,Tamil Nadu,Salaried,1301000.0,794,2025-09-22
C105221,Customer_105221,40,Male,Hyderabad,Telangana,Salaried,697000.0,718,2017-02-24
C105222,Customer_105222,55,Female,Noida,Uttar Pradesh,Salaried,368000.0,630,2022-12-21
C105223,Customer_105223,23,Female,Lucknow,Uttar Pradesh,Salaried,879000.0,686,2020-11-11
C105224,Customer_105224,54,Male,Gurugram,Haryana,Salaried,509000.0,649,2024-04-28
C105225,Customer_105225,25,Female,Kolkata,West Bengal,Professional,619000.0,725,2021-10-20
C105226,Customer_105226,51,Male,Pune,Maharashtra,Professional,1119000.0,668,2019-01-18
C105227,Customer_105227,38,Male,Hyderabad,Telangana,Salaried,1044000.0,661,2019-09-15
C105228,Customer_105228,39,Female,Gurugram,Haryana,Self-Employed,1184000.0,739,2022-08-28
C105229,Customer_105229,33,Male,Mumbai,Maharashtra,Professional,715000.0,723,2019-05-30
C105230,Customer_105230,39,Female,Hyderabad,Telangana,Salaried,1254000.0,799,2018-01-05
C105231,Customer_105231,60,Female,Mumbai,Maharashtra,Professional,856000.0,796,2021-12-16
C105232,Customer_105232,57,Female,Pune,Maharashtra,Salaried,736000.0,724,2023-02-18
C105233,Customer_105233,36,Male,Hyderabad,Telangana,Self-Employed,410000.0,752,2024-06-08
C105234,Customer_105234,34,Male,Bengaluru,Karnataka,Salaried,250000.0,629,2022-08-04
C105235,Customer_105235,43,Male,Chennai,Tamil Nadu,Salaried,250000.0,765,2020-09-30
C105236,Customer_105236,51,Female,Noida,Uttar Pradesh,Business Owner,936000.0,747,2024-09-02
C105237,Customer_105237,29,Female,Kolkata,West Bengal,Business Owner,487000.0,782,2021-04-04
C105238,Customer_105238,53,Female,Gurugram,Haryana,Salaried,250000.0,700,2023-01-02
C105239,Customer_105239,63,Female,Noida,Uttar Pradesh,Self-Employed,682000.0,701,2025-05-25
C105240,Customer_105240,59,Male,Noida,Uttar Pradesh,Professional,962000.0,701,2026-01-17
C105241,Customer_105241,45,Female,Chennai,Tamil Nadu,Professional,1016000.0,813,2021-02-18
C105242,Customer_105242,35,Female,Noida,Uttar Pradesh,Self-Employed,838000.0,738,2021-07-26
C105243,Customer_105243,35,Male,Noida,Uttar Pradesh,Salaried,826000.0,623,2025-02-04
C105244,Customer_105244,54,Female,Lucknow,Uttar Pradesh,Salaried,635000.0,762,2022-02-20
C105245,Customer_105245,41,Female,Chennai,Tamil Nadu,Salaried,1104000.0,690,2024-01-08
C105246,Customer_105246,25,Female,Bengaluru,Karnataka,Business Owner,779000.0,790,2017-09-15
C105247,Customer_105247,51,Female,Ahmedabad,Gujarat,Business Owner,819000.0,755,2024-09-02
C105248,Customer_105248,27,Male,Lucknow,Uttar Pradesh,Professional,1265000.0,801,2018-01-04
C105249,Customer_105249,65,Female,Noida,Uttar Pradesh,Salaried,1167000.0,788,2020-08-15
C105250,Customer_105250,39,Male,Kolkata,West Bengal,Professional,776000.0,781,2018-08-13
C105251,Customer_105251,36,Female,Mumbai,Maharashtra,Professional,719000.0,794,2025-08-23
C105252,Customer_105252,23,Male,Pune,Maharashtra,Self-Employed,716000.0,773,2018-02-07
C105253,Customer_105253,28,Female,Jaipur,Rajasthan,Professional,250000.0,675,2022-01-30
C105254,Customer_105254,63,Male,Kolkata,West Bengal,Salaried,1289000.0,646,2018-04-12
C105255,Customer_105255,45,Male,Chennai,Tamil Nadu,Salaried,576000.0,666,2017-03-05
C105256,Customer_105256,61,Male,Chennai,Tamil Nadu,Salaried,1192000.0,767,2019-06-05
C105257,Customer_105257,64,Female,Delhi,Delhi,Salaried,867000.0,575,2017-09-22
C105258,Customer_105258,23,Male,Hyderabad,Telangana,Salaried,1407000.0,719,2019-08-05
C105259,Customer_105259,38,Male,Jaipur,Rajasthan,Self-Employed,1062000.0,703,2018-07-01
C105260,Customer_105260,58,Male,Bengaluru,Karnataka,Salaried,1215000.0,800,2023-06-23
C105261,Customer_105261,43,Male,Lucknow,Uttar Pradesh,Salaried,613000.0,712,2018-08-06
C105262,Customer_105262,43,Female,Delhi,Delhi,Salaried,336000.0,696,2021-07-12
C105263,Customer_105263,46,Male,Ahmedabad,Gujarat,Self-Employed,909000.0,806,2017-01-02
C105264,Customer_105264,52,Male,Pune,Maharashtra,Professional,250000.0,714,2025-08-18
C105265,Customer_105265,63,Male,Gurugram,Haryana,Salaried,663000.0,704,2021-02-11
C105266,Customer_105266,60,Male,Noida,Uttar Pradesh,Business Owner,374000.0,688,2020-03-11
C105267,Customer_105267,49,Male,Kolkata,West Bengal,Professional,514000.0,739,2020-01-09
C105268,Customer_105268,46,Male,Ahmedabad,Gujarat,Self-Employed,1088000.0,698,2017-08-04
C105269,Customer_105269,37,Male,Jaipur,Rajasthan,Self-Employed,1062000.0,699,2019-05-31
C105270,Customer_105270,26,Male,Kolkata,West Bengal,Self-Employed,785000.0,814,2024-11-10
C105271,Customer_105271,52,Male,Bengaluru,Karnataka,Professional,978000.0,723,2020-08-06
C105272,Customer_105272,21,Female,Pune,Maharashtra,Salaried,634000.0,691,2024-11-05
C105273,Customer_105273,52,Male,Bengaluru,Karnataka,Business Owner,1821000.0,655,2018-08-31
C105274,Customer_105274,43,Female,Pune,Maharashtra,Salaried,970000.0,733,2020-05-20
C105275,Customer_105275,56,Female,Ahmedabad,Gujarat,Salaried,614000.0,684,2022-11-19
C105276,Customer_105276,63,Female,Bengaluru,Karnataka,Business Owner,1200000.0,696,2017-08-28
C105277,Customer_105277,45,Male,Bengaluru,Karnataka,Business Owner,1346000.0,665,2020-04-16
C105278,Customer_105278,46,Female,Gurugram,Haryana,Professional,540000.0,733,2025-03-14
C105279,Customer_105279,42,Female,Chennai,Tamil Nadu,Professional,283000.0,635,2021-08-09
C105280,Customer_105280,37,Female,Bengaluru,Karnataka,Business Owner,362000.0,747,2025-09-10
C105281,Customer_105281,24,Female,Jaipur,Rajasthan,Salaried,582000.0,684,2018-04-29
C105282,Customer_105282,22,Male,Jaipur,Rajasthan,Professional,828000.0,767,2026-04-14
C105283,Customer_105283,53,Female,Gurugram,Haryana,Salaried,250000.0,752,2025-03-06
C105284,Customer_105284,62,Female,Gurugram,Haryana,Salaried,683000.0,727,2020-08-22
C105285,Customer_105285,23,Male,Lucknow,Uttar Pradesh,Salaried,767000.0,775,2022-03-28
C105286,Customer_105286,35,Male,Kolkata,West Bengal,Self-Employed,980000.0,821,2018-03-09
C105287,Customer_105287,48,Female,Hyderabad,Telangana,Self-Employed,1095000.0,802,2018-06-19
C105288,Customer_105288,52,Male,Noida,Uttar Pradesh,Business Owner,1011000.0,635,2020-07-08
C105289,Customer_105289,54,Female,Hyderabad,Telangana,Salaried,1567000.0,681,2020-01-19
C105290,Customer_105290,52,Male,Hyderabad,Telangana,Business Owner,1288000.0,689,2022-06-14
C105291,Customer_105291,24,Female,Gurugram,Haryana,Self-Employed,939000.0,762,2025-06-02
C105292,Customer_105292,32,Male,Noida,Uttar Pradesh,Professional,462000.0,686,2017-05-28
C105293,Customer_105293,42,Female,Chennai,Tamil Nadu,Salaried,580000.0,684,2024-10-19
C105294,Customer_105294,23,Female,Jaipur,Rajasthan,Self-Employed,279000.0,672,2019-07-22
C105295,Customer_105295,36,Female,Lucknow,Uttar Pradesh,Business Owner,911000.0,739,2023-01-24
C105296,Customer_105296,38,Male,Gurugram,Haryana,Salaried,983000.0,761,2025-10-08
C105297,Customer_105297,65,Male,Delhi,Delhi,Salaried,1207000.0,641,2023-10-31
C105298,Customer_105298,35,Male,Ahmedabad,Gujarat,Salaried,957000.0,687,2017-05-31
C105299,Customer_105299,64,Male,Bengaluru,Karnataka,Salaried,1272000.0,597,2022-07-10
C105300,Customer_105300,52,Other,Noida,Uttar Pradesh,Salaried,1280000.0,565,2018-05-29
C105301,Customer_105301,52,Male,Delhi,Delhi,Self-Employed,439000.0,752,2019-05-13
C105302,Customer_105302,57,Male,Lucknow,Uttar Pradesh,Self-Employed,643000.0,741,2022-05-30
C105303,Customer_105303,58,Female,Bengaluru,Karnataka,Self-Employed,846000.0,731,2022-06-04
C105304,Customer_105304,31,Male,Pune,Maharashtra,Salaried,568000.0,823,2025-12-01
C105305,Customer_105305,39,Male,Bengaluru,Karnataka,Salaried,753000.0,611,2019-08-24
C105306,Customer_105306,44,Female,Gurugram,Haryana,Business Owner,971000.0,585,2025-10-03
C105307,Customer_105307,64,Male,Chennai,Tamil Nadu,Business Owner,801000.0,647,2021-01-21
C105308,Customer_105308,22,Female,Jaipur,Rajasthan,Self-Employed,850000.0,582,2019-05-26
C105309,Customer_105309,42,Female,Delhi,Delhi,Business Owner,473000.0,680,2022-10-20
C105310,Customer_105310,30,Male,Pune,Maharashtra,Professional,1053000.0,758,2022-09-18
C105311,Customer_105311,30,Female,Noida,Uttar Pradesh,Professional,1023000.0,739,2025-05-13
C105312,Customer_105312,55,Female,Lucknow,Uttar Pradesh,Self-Employed,545000.0,787,2025-12-26
C105313,Customer_105313,30,Male,Bengaluru,Karnataka,Salaried,333000.0,744,2023-03-10
C105314,Customer_105314,56,Female,Chennai,Tamil Nadu,Salaried,1342000.0,694,2022-11-11
C105315,Customer_105315,65,Male,Chennai,Tamil Nadu,Self-Employed,1549000.0,686,2019-09-04
C105316,Customer_105316,55,Female,Kolkata,West Bengal,Salaried,944000.0,748,2019-01-24
C105317,Customer_105317,28,Female,Kolkata,West Bengal,Salaried,705000.0,621,2022-07-13
C105318,Customer_105318,27,Male,Mumbai,Maharashtra,Salaried,1269000.0,513,2023-06-17
C105319,Customer_105319,40,Male,Gurugram,Haryana,Professional,1038000.0,745,2020-06-04
C105320,Customer_105320,45,Male,Bengaluru,Karnataka,Salaried,766000.0,735,2021-10-05
C105321,Customer_105321,56,Female,Hyderabad,Telangana,Business Owner,1237000.0,822,2022-05-08
C105322,Customer_105322,40,Female,Noida,Uttar Pradesh,Professional,526000.0,765,2021-08-06
C105323,Customer_105323,28,Male,Jaipur,Rajasthan,Self-Employed,574000.0,740,2017-06-05
C105324,Customer_105324,65,Male,Chennai,Tamil Nadu,Salaried,995000.0,700,2021-07-19
C105325,Customer_105325,61,Female,Noida,Uttar Pradesh,Business Owner,896000.0,667,2018-12-28
C105326,Customer_105326,50,Male,Chennai,Tamil Nadu,Self-Employed,1105000.0,702,2018-01-18
C105327,Customer_105327,52,Male,Kolkata,West Bengal,Salaried,1327000.0,782,2021-05-13
C105328,Customer_105328,63,Male,Bengaluru,Karnataka,Self-Employed,250000.0,750,2024-05-08
C105329,Customer_105329,42,Female,Bengaluru,Karnataka,Salaried,866000.0,781,2024-06-02
C105330,Customer_105330,27,Male,Pune,Maharashtra,Self-Employed,1610000.0,727,2020-03-25
C105331,Customer_105331,48,Female,Kolkata,West Bengal,Professional,611000.0,662,2022-04-16
C105332,Customer_105332,41,Female,Gurugram,Haryana,Salaried,564000.0,795,2018-09-21
C105333,Customer_105333,56,Male,Chennai,Tamil Nadu,Professional,250000.0,790,2019-08-13
C105334,Customer_105334,55,Female,Noida,Uttar Pradesh,Salaried,891000.0,732,2021-02-07
C105335,Customer_105335,42,Male,Ahmedabad,Gujarat,Professional,1082000.0,756,2020-08-18
C105336,Customer_105336,37,Male,Delhi,Delhi,Business Owner,1081000.0,753,2022-12-27
C105337,Customer_105337,39,Female,Jaipur,Rajasthan,Salaried,435000.0,690,2023-12-10
C105338,Customer_105338,49,Male,Kolkata,West Bengal,Professional,847000.0,703,2022-02-25
C105339,Customer_105339,49,Female,Chennai,Tamil Nadu,Professional,939000.0,661,2017-04-09
C105340,Customer_105340,44,Female,Pune,Maharashtra,Salaried,871000.0,703,2024-08-16
C105341,Customer_105341,44,Male,Hyderabad,Telangana,Business Owner,412000.0,787,2021-03-28
C105342,Customer_105342,65,Female,Ahmedabad,Gujarat,Salaried,881000.0,775,2024-11-07
C105343,Customer_105343,32,Female,Kolkata,West Bengal,Salaried,524000.0,756,2019-07-20
C105344,Customer_105344,28,Male,Pune,Maharashtra,Salaried,250000.0,782,2022-10-11
C105345,Customer_105345,56,Female,Hyderabad,Telangana,Salaried,1123000.0,696,2019-04-13
C105346,Customer_105346,63,Female,Chennai,Tamil Nadu,Salaried,906000.0,644,2022-02-19
C105347,Customer_105347,48,Male,Pune,Maharashtra,Salaried,1087000.0,710,2024-10-15
C105348,Customer_105348,39,Male,Pune,Maharashtra,Professional,636000.0,715,2022-04-11
C105349,Customer_105349,36,Male,Hyderabad,Telangana,Salaried,1101000.0,764,2026-04-17
C105350,Customer_105350,42,Male,Kolkata,West Bengal,Business Owner,1259000.0,753,2020-08-29
C105351,Customer_105351,23,Male,Bengaluru,Karnataka,Salaried,1552000.0,786,2018-03-08
C105352,Customer_105352,44,Female,Kolkata,West Bengal,Salaried,1176000.0,589,2021-05-15
C105353,Customer_105353,33,Female,Mumbai,Maharashtra,Business Owner,1004000.0,668,2024-10-02
C105354,Customer_105354,32,Female,Pune,Maharashtra,Salaried,298000.0,714,2021-11-26
C105355,Customer_105355,46,Male,Gurugram,Haryana,Salaried,807000.0,751,2022-09-10
C105356,Customer_105356,64,Male,Gurugram,Haryana,Professional,281000.0,850,2024-06-15
C105357,Customer_105357,30,Male,Jaipur,Rajasthan,Salaried,522000.0,656,2019-06-13
C105358,Customer_105358,62,Male,Jaipur,Rajasthan,Salaried,1632000.0,674,2023-12-11
C105359,Customer_105359,44,Female,Delhi,Delhi,Self-Employed,441000.0,692,2025-11-18
C105360,Customer_105360,64,Male,Chennai,Tamil Nadu,Salaried,250000.0,672,2018-10-27
C105361,Customer_105361,38,Female,Ahmedabad,Gujarat,Self-Employed,1175000.0,662,2018-09-22
C105362,Customer_105362,65,Male,Gurugram,Haryana,Salaried,581000.0,723,2026-02-07
C105363,Customer_105363,50,Female,Kolkata,West Bengal,Salaried,1157000.0,784,2026-01-18
C105364,Customer_105364,51,Female,Noida,Uttar Pradesh,Salaried,382000.0,728,2025-12-27
C105365,Customer_105365,46,Female,Hyderabad,Telangana,Salaried,680000.0,664,2024-12-25
C105366,Customer_105366,41,Female,Mumbai,Maharashtra,Self-Employed,1328000.0,707,2019-08-08
C105367,Customer_105367,44,Female,Mumbai,Maharashtra,Professional,321000.0,652,2022-03-22
C105368,Customer_105368,59,Female,Kolkata,West Bengal,Business Owner,782000.0,784,2026-04-20
C105369,Customer_105369,56,Male,Ahmedabad,Gujarat,Salaried,967000.0,816,2023-07-17
C105370,Customer_105370,22,Male,Hyderabad,Telangana,Professional,562000.0,616,2021-11-21
C105371,Customer_105371,52,Female,Gurugram,Haryana,Business Owner,947000.0,735,2022-08-30
C105372,Customer_105372,58,Male,Jaipur,Rajasthan,Salaried,856000.0,669,2019-02-10
C105373,Customer_105373,54,Female,Chennai,Tamil Nadu,Salaried,1064000.0,724,2020-04-08
C105374,Customer_105374,43,Male,Bengaluru,Karnataka,Salaried,1587000.0,714,2023-09-16
C105375,Customer_105375,36,Female,Jaipur,Rajasthan,Salaried,1920000.0,633,2025-12-22
C105376,Customer_105376,51,Male,Jaipur,Rajasthan,Salaried,1035000.0,799,2017-06-13
C105377,Customer_105377,50,Female,Bengaluru,Karnataka,Salaried,806000.0,710,2020-11-10
C105378,Customer_105378,37,Male,Hyderabad,Telangana,Professional,1026000.0,689,2023-05-27
C105379,Customer_105379,39,Male,Pune,Maharashtra,Salaried,757000.0,728,2021-04-30
C105380,Customer_105380,37,Female,Kolkata,West Bengal,Salaried,250000.0,663,2024-10-10
C105381,Customer_105381,23,Male,Mumbai,Maharashtra,Professional,831000.0,708,2023-01-05
C105382,Customer_105382,22,Male,Lucknow,Uttar Pradesh,Salaried,1283000.0,601,2020-04-06
C105383,Customer_105383,24,Female,Chennai,Tamil Nadu,Salaried,264000.0,567,2024-02-14
C105384,Customer_105384,40,Female,Chennai,Tamil Nadu,Salaried,456000.0,657,2020-02-12
C105385,Customer_105385,43,Male,Delhi,Delhi,Self-Employed,617000.0,685,2020-11-04
C105386,Customer_105386,39,Female,Noida,Uttar Pradesh,Salaried,999000.0,606,2019-07-16
C105387,Customer_105387,63,Male,Bengaluru,Karnataka,Self-Employed,1801000.0,688,2026-04-19
C105388,Customer_105388,31,Male,Lucknow,Uttar Pradesh,Business Owner,526000.0,685,2020-10-17
C105389,Customer_105389,38,Female,Pune,Maharashtra,Self-Employed,886000.0,716,2025-11-17
C105390,Customer_105390,32,Male,Noida,Uttar Pradesh,Professional,852000.0,760,2022-05-04
C105391,Customer_105391,34,Male,Bengaluru,Karnataka,Business Owner,730000.0,831,2018-03-03
C105392,Customer_105392,47,Male,Mumbai,Maharashtra,Self-Employed,831000.0,748,2024-02-05
C105393,Customer_105393,34,Female,Gurugram,Haryana,Salaried,664000.0,656,2018-10-26
C105394,Customer_105394,35,Female,Gurugram,Haryana,Salaried,1947000.0,763,2025-04-03
C105395,Customer_105395,51,Male,Kolkata,West Bengal,Salaried,1150000.0,811,2025-12-25
C105396,Customer_105396,58,Female,Delhi,Delhi,Salaried,668000.0,647,2022-02-09
C105397,Customer_105397,30,Female,Lucknow,Uttar Pradesh,Salaried,1323000.0,651,2020-09-17
C105398,Customer_105398,26,Male,Chennai,Tamil Nadu,Self-Employed,953000.0,628,2021-06-03
C105399,Customer_105399,31,Female,Lucknow,Uttar Pradesh,Salaried,873000.0,683,2024-03-21
C105400,Customer_105400,46,Male,Noida,Uttar Pradesh,Self-Employed,777000.0,744,2020-06-27
C105401,Customer_105401,64,Male,Noida,Uttar Pradesh,Salaried,750000.0,816,2017-06-21
C105402,Customer_105402,28,Male,Jaipur,Rajasthan,Professional,362000.0,778,2022-07-18
C105403,Customer_105403,22,Male,Jaipur,Rajasthan,Salaried,250000.0,745,2023-11-20
C105404,Customer_105404,44,Female,Kolkata,West Bengal,Business Owner,998000.0,723,2018-05-08
C105405,Customer_105405,65,Female,Delhi,Delhi,Self-Employed,773000.0,745,2020-05-07
C105406,Customer_105406,45,Female,Chennai,Tamil Nadu,Salaried,1201000.0,749,2021-05-07
C105407,Customer_105407,62,Male,Jaipur,Rajasthan,Business Owner,494000.0,805,2022-09-16
C105408,Customer_105408,49,Male,Gurugram,Haryana,Professional,411000.0,719,2021-09-26
C105409,Customer_105409,22,Male,Kolkata,West Bengal,Business Owner,1160000.0,737,2024-01-11
C105410,Customer_105410,40,Male,Jaipur,Rajasthan,Professional,732000.0,693,2022-11-10
C105411,Customer_105411,55,Female,Delhi,Delhi,Salaried,1192000.0,727,2023-08-24
C105412,Customer_105412,43,Female,Pune,Maharashtra,Professional,863000.0,703,2017-08-21
C105413,Customer_105413,29,Female,Kolkata,West Bengal,Professional,1601000.0,643,2025-07-24
C105414,Customer_105414,29,Female,Noida,Uttar Pradesh,Business Owner,1152000.0,777,2020-12-31
C105415,Customer_105415,50,Male,Hyderabad,Telangana,Business Owner,1014000.0,817,2020-12-11
C105416,Customer_105416,41,Male,Bengaluru,Karnataka,Business Owner,1170000.0,718,2024-02-04
C105417,Customer_105417,46,Male,Chennai,Tamil Nadu,Salaried,741000.0,742,2020-11-13
C105418,Customer_105418,37,Female,Bengaluru,Karnataka,Self-Employed,250000.0,776,2024-04-19
C105419,Customer_105419,36,Male,Kolkata,West Bengal,Salaried,994000.0,711,2024-09-05
C105420,Customer_105420,50,Male,Ahmedabad,Gujarat,Self-Employed,1627000.0,732,2022-01-21
C105421,Customer_105421,21,Female,Gurugram,Haryana,Salaried,250000.0,706,2022-04-08
C105422,Customer_105422,40,Male,Lucknow,Uttar Pradesh,Business Owner,1038000.0,684,2025-02-12
C105423,Customer_105423,37,Female,Delhi,Delhi,Salaried,250000.0,754,2023-12-16
C105424,Customer_105424,56,Male,Bengaluru,Karnataka,Salaried,841000.0,753,2024-01-11
C105425,Customer_105425,53,Male,Hyderabad,Telangana,Salaried,882000.0,780,2023-07-06
C105426,Customer_105426,40,Male,Bengaluru,Karnataka,Salaried,1149000.0,720,2024-06-03
C105427,Customer_105427,32,Female,Gurugram,Haryana,Self-Employed,934000.0,642,2024-03-02
C105428,Customer_105428,31,Female,Mumbai,Maharashtra,Salaried,1399000.0,792,2024-05-20
C105429,Customer_105429,30,Male,Delhi,Delhi,Salaried,1317000.0,672,2020-10-11
C105430,Customer_105430,33,Female,Noida,Uttar Pradesh,Salaried,771000.0,671,2023-10-14
C105431,Customer_105431,55,Female,Lucknow,Uttar Pradesh,Salaried,1288000.0,685,2021-10-20
C105432,Customer_105432,23,Female,Bengaluru,Karnataka,Salaried,725000.0,607,2024-12-21
C105433,Customer_105433,22,Female,Hyderabad,Telangana,Salaried,656000.0,706,2021-08-05
C105434,Customer_105434,45,Female,Kolkata,West Bengal,Self-Employed,368000.0,760,2017-11-26
C105435,Customer_105435,31,Male,Kolkata,West Bengal,Business Owner,1375000.0,692,2024-08-02
C105436,Customer_105436,58,Male,Lucknow,Uttar Pradesh,Professional,730000.0,807,2021-09-09
C105437,Customer_105437,54,Male,Chennai,Tamil Nadu,Salaried,250000.0,803,2017-05-22
C105438,Customer_105438,55,Male,Delhi,Delhi,Salaried,1067000.0,778,2024-09-07
C105439,Customer_105439,41,Female,Pune,Maharashtra,Salaried,676000.0,594,2017-06-21
C105440,Customer_105440,40,Female,Kolkata,West Bengal,Self-Employed,731000.0,813,2018-01-07
C105441,Customer_105441,40,Male,Kolkata,West Bengal,Salaried,756000.0,705,2023-08-13
C105442,Customer_105442,29,Female,Kolkata,West Bengal,Salaried,715000.0,829,2018-06-12
C105443,Customer_105443,46,Female,Lucknow,Uttar Pradesh,Self-Employed,1941000.0,681,2019-07-05
C105444,Customer_105444,59,Male,Gurugram,Haryana,Salaried,1515000.0,711,2020-09-27
C105445,Customer_105445,32,Female,Hyderabad,Telangana,Salaried,1130000.0,726,2026-01-27
C105446,Customer_105446,23,Male,Chennai,Tamil Nadu,Self-Employed,947000.0,659,2022-04-02
C105447,Customer_105447,46,Female,Jaipur,Rajasthan,Business Owner,1302000.0,615,2026-01-15
C105448,Customer_105448,38,Male,Chennai,Tamil Nadu,Salaried,947000.0,564,2023-09-28
C105449,Customer_105449,56,Female,Pune,Maharashtra,Salaried,1176000.0,850,2019-09-08
C105450,Customer_105450,59,Male,Bengaluru,Karnataka,Salaried,1073000.0,612,2022-03-22
C105451,Customer_105451,63,Male,Hyderabad,Telangana,Salaried,901000.0,612,2020-02-14
C105452,Customer_105452,38,Female,Jaipur,Rajasthan,Salaried,1226000.0,757,2019-01-07
C105453,Customer_105453,61,Female,Noida,Uttar Pradesh,Salaried,682000.0,627,2021-12-20
C105454,Customer_105454,26,Male,Gurugram,Haryana,Salaried,873000.0,615,2024-11-22
C105455,Customer_105455,37,Male,Hyderabad,Telangana,Salaried,458000.0,533,2024-05-08
C105456,Customer_105456,32,Female,Mumbai,Maharashtra,Self-Employed,504000.0,739,2019-06-20
C105457,Customer_105457,62,Female,Mumbai,Maharashtra,Business Owner,250000.0,650,2019-05-30
C105458,Customer_105458,48,Male,Chennai,Tamil Nadu,Salaried,1033000.0,762,2024-12-27
C105459,Customer_105459,37,Male,Kolkata,West Bengal,Self-Employed,1143000.0,715,2022-11-20
C105460,Customer_105460,27,Male,Noida,Uttar Pradesh,Professional,1284000.0,726,2021-08-11
C105461,Customer_105461,56,Female,Noida,Uttar Pradesh,Salaried,409000.0,691,2024-08-30
C105462,Customer_105462,50,Female,Delhi,Delhi,Business Owner,1026000.0,702,2017-05-18
C105463,Customer_105463,59,Female,Jaipur,Rajasthan,Salaried,850000.0,662,2024-01-06
C105464,Customer_105464,40,Male,Hyderabad,Telangana,Professional,1145000.0,668,2021-06-19
C105465,Customer_105465,27,Female,Bengaluru,Karnataka,Salaried,589000.0,649,2021-07-10
C105466,Customer_105466,36,Male,Kolkata,West Bengal,Salaried,715000.0,818,2023-02-02
C105467,Customer_105467,48,Female,Delhi,Delhi,Professional,250000.0,694,2019-02-05
C105468,Customer_105468,31,Male,Chennai,Tamil Nadu,Self-Employed,563000.0,573,2025-03-11
C105469,Customer_105469,24,Male,Kolkata,West Bengal,Salaried,851000.0,737,2017-10-14
C105470,Customer_105470,58,Male,Hyderabad,Telangana,Business Owner,920000.0,668,2022-06-03
C105471,Customer_105471,44,Male,Ahmedabad,Gujarat,Professional,250000.0,717,2021-06-07
C105472,Customer_105472,38,Male,Pune,Maharashtra,Salaried,645000.0,702,2026-03-25
C105473,Customer_105473,45,Female,Gurugram,Haryana,Salaried,914000.0,817,2023-01-21
C105474,Customer_105474,54,Female,Bengaluru,Karnataka,Salaried,1413000.0,695,2020-07-18
C105475,Customer_105475,21,Female,Delhi,Delhi,Professional,512000.0,773,2020-12-02
C105476,Customer_105476,40,Female,Kolkata,West Bengal,Salaried,1046000.0,766,2019-04-16
C105477,Customer_105477,32,Male,Hyderabad,Telangana,Salaried,625000.0,631,2017-06-23
C105478,Customer_105478,25,Female,Jaipur,Rajasthan,Salaried,672000.0,732,2021-02-16
C105479,Customer_105479,22,Male,Mumbai,Maharashtra,Salaried,499000.0,671,2017-03-14
C105480,Customer_105480,40,Male,Kolkata,West Bengal,Salaried,432000.0,641,2023-02-17
C105481,Customer_105481,45,Male,Lucknow,Uttar Pradesh,Salaried,660000.0,642,2025-05-25
C105482,Customer_105482,43,Male,Mumbai,Maharashtra,Salaried,1269000.0,773,2017-11-19
C105483,Customer_105483,56,Female,Hyderabad,Telangana,Salaried,548000.0,850,2026-01-17
C105484,Customer_105484,41,Male,Noida,Uttar Pradesh,Salaried,486000.0,668,2017-11-03
C105485,Customer_105485,47,Male,Kolkata,West Bengal,Salaried,934000.0,734,2021-06-05
C105486,Customer_105486,57,Female,Bengaluru,Karnataka,Salaried,852000.0,740,2022-10-24
C105487,Customer_105487,50,Male,Bengaluru,Karnataka,Business Owner,823000.0,686,2022-12-19
C105488,Customer_105488,61,Female,Gurugram,Haryana,Salaried,952000.0,811,2020-07-29
C105489,Customer_105489,30,Male,Noida,Uttar Pradesh,Salaried,446000.0,850,2017-06-01
C105490,Customer_105490,56,Female,Chennai,Tamil Nadu,Self-Employed,490000.0,681,2024-04-16
C105491,Customer_105491,52,Female,Pune,Maharashtra,Business Owner,1245000.0,833,2021-04-23
C105492,Customer_105492,47,Male,Gurugram,Haryana,Self-Employed,792000.0,684,2019-06-16
C105493,Customer_105493,21,Female,Bengaluru,Karnataka,Professional,1089000.0,657,2021-03-13
C105494,Customer_105494,45,Male,Bengaluru,Karnataka,Salaried,1340000.0,711,2021-01-13
C105495,Customer_105495,59,Male,Gurugram,Haryana,Salaried,1188000.0,776,2022-07-21
C105496,Customer_105496,50,Female,Bengaluru,Karnataka,Salaried,302000.0,713,2021-10-18
C105497,Customer_105497,21,Female,Gurugram,Haryana,Salaried,803000.0,768,2022-08-01
C105498,Customer_105498,33,Male,Pune,Maharashtra,Professional,1266000.0,735,2025-10-09
C105499,Customer_105499,46,Male,Lucknow,Uttar Pradesh,Self-Employed,1059000.0,808,2025-08-02
C105500,Customer_105500,57,Male,Delhi,Delhi,Business Owner,924000.0,754,2017-01-25
C105501,Customer_105501,41,Female,Lucknow,Uttar Pradesh,Professional,250000.0,819,2022-12-30
C105502,Customer_105502,59,Female,Bengaluru,Karnataka,Business Owner,603000.0,664,2019-01-08
C105503,Customer_105503,56,Male,Delhi,Delhi,Salaried,878000.0,707,2017-08-20
C105504,Customer_105504,33,Other,Jaipur,Rajasthan,Professional,280000.0,720,2017-11-09
C105505,Customer_105505,29,Male,Kolkata,West Bengal,Salaried,1167000.0,664,2022-12-10
C105506,Customer_105506,61,Female,Noida,Uttar Pradesh,Salaried,803000.0,655,2026-03-25
C105507,Customer_105507,47,Female,Mumbai,Maharashtra,Salaried,250000.0,745,2024-04-08
C105508,Customer_105508,59,Female,Delhi,Delhi,Professional,623000.0,763,2018-03-26
C105509,Customer_105509,62,Male,Kolkata,West Bengal,Business Owner,735000.0,727,2018-12-16
C105510,Customer_105510,40,Male,Noida,Uttar Pradesh,Salaried,798000.0,789,2024-08-30
C105511,Customer_105511,23,Male,Chennai,Tamil Nadu,Professional,1418000.0,648,2022-08-26
C105512,Customer_105512,61,Female,Gurugram,Haryana,Salaried,1081000.0,695,2021-11-04
C105513,Customer_105513,47,Other,Noida,Uttar Pradesh,Self-Employed,304000.0,643,2018-09-16
C105514,Customer_105514,26,Male,Noida,Uttar Pradesh,Salaried,254000.0,729,2024-04-14
C105515,Customer_105515,44,Male,Kolkata,West Bengal,Salaried,743000.0,752,2024-10-06
C105516,Customer_105516,22,Male,Jaipur,Rajasthan,Salaried,900000.0,807,2019-10-23
C105517,Customer_105517,34,Female,Kolkata,West Bengal,Professional,1247000.0,643,2026-04-18
C105518,Customer_105518,36,Female,Jaipur,Rajasthan,Professional,1542000.0,744,2021-06-05
C105519,Customer_105519,41,Male,Kolkata,West Bengal,Salaried,1564000.0,813,2017-05-13
C105520,Customer_105520,46,Female,Kolkata,West Bengal,Salaried,673000.0,655,2026-02-07
C105521,Customer_105521,58,Male,Pune,Maharashtra,Salaried,1224000.0,640,2018-10-23
C105522,Customer_105522,36,Female,Ahmedabad,Gujarat,Business Owner,1020000.0,624,2017-11-20
C105523,Customer_105523,54,Male,Gurugram,Haryana,Salaried,414000.0,761,2021-03-21
C105524,Customer_105524,63,Male,Lucknow,Uttar Pradesh,Self-Employed,250000.0,673,2022-10-12
C105525,Customer_105525,54,Female,Ahmedabad,Gujarat,Salaried,908000.0,751,2022-11-09
C105526,Customer_105526,32,Female,Mumbai,Maharashtra,Salaried,252000.0,706,2025-12-03
C105527,Customer_105527,51,Male,Ahmedabad,Gujarat,Professional,509000.0,837,2021-04-22
C105528,Customer_105528,33,Female,Hyderabad,Telangana,Self-Employed,576000.0,771,2018-03-07
C105529,Customer_105529,42,Male,Delhi,Delhi,Salaried,938000.0,668,2021-03-24
C105530,Customer_105530,49,Male,Delhi,Delhi,Salaried,1362000.0,700,2024-10-27
C105531,Customer_105531,34,Female,Ahmedabad,Gujarat,Salaried,855000.0,771,2017-02-09
C105532,Customer_105532,21,Female,Lucknow,Uttar Pradesh,Salaried,634000.0,651,2019-07-28
C105533,Customer_105533,58,Male,Kolkata,West Bengal,Salaried,250000.0,797,2023-04-19
C105534,Customer_105534,53,Female,Pune,Maharashtra,Self-Employed,1033000.0,704,2018-11-14
C105535,Customer_105535,26,Female,Mumbai,Maharashtra,Salaried,861000.0,773,2021-07-14
C105536,Customer_105536,37,Male,Jaipur,Rajasthan,Salaried,630000.0,707,2018-07-21
C105537,Customer_105537,32,Female,Delhi,Delhi,Salaried,1316000.0,686,2018-03-07
C105538,Customer_105538,64,Male,Noida,Uttar Pradesh,Salaried,374000.0,675,2023-11-07
C105539,Customer_105539,63,Female,Gurugram,Haryana,Salaried,576000.0,833,2024-04-01
C105540,Customer_105540,52,Female,Lucknow,Uttar Pradesh,Professional,752000.0,701,2017-05-02
C105541,Customer_105541,40,Male,Hyderabad,Telangana,Salaried,625000.0,850,2021-12-28
C105542,Customer_105542,23,Male,Mumbai,Maharashtra,Business Owner,1070000.0,730,2020-11-30
C105543,Customer_105543,32,Male,Hyderabad,Telangana,Salaried,1036000.0,665,2020-06-04
C105544,Customer_105544,25,Female,Gurugram,Haryana,Salaried,1270000.0,617,2023-06-28
C105545,Customer_105545,56,Female,Bengaluru,Karnataka,Salaried,1051000.0,800,2022-12-08
C105546,Customer_105546,24,Male,Noida,Uttar Pradesh,Self-Employed,804000.0,707,2018-04-20
C105547,Customer_105547,51,Female,Mumbai,Maharashtra,Salaried,714000.0,773,2026-01-19
C105548,Customer_105548,63,Male,Delhi,Delhi,Business Owner,1032000.0,850,2019-02-01
C105549,Customer_105549,34,Female,Bengaluru,Karnataka,Salaried,774000.0,763,2022-02-05
C105550,Customer_105550,51,Female,Gurugram,Haryana,Self-Employed,869000.0,742,2018-06-03
C105551,Customer_105551,60,Female,Ahmedabad,Gujarat,Salaried,1054000.0,800,2022-08-06
C105552,Customer_105552,40,Male,Chennai,Tamil Nadu,Salaried,905000.0,772,2017-03-30
C105553,Customer_105553,41,Female,Ahmedabad,Gujarat,Self-Employed,973000.0,638,2019-07-05
C105554,Customer_105554,30,Female,Ahmedabad,Gujarat,Salaried,534000.0,807,2021-04-02
C105555,Customer_105555,40,Female,Kolkata,West Bengal,Salaried,1390000.0,717,2017-12-01
C105556,Customer_105556,60,Female,Kolkata,West Bengal,Self-Employed,407000.0,820,2021-08-16
C105557,Customer_105557,50,Female,Mumbai,Maharashtra,Self-Employed,1026000.0,753,2022-05-30
C105558,Customer_105558,30,Male,Hyderabad,Telangana,Self-Employed,656000.0,797,2025-10-21
C105559,Customer_105559,44,Male,Kolkata,West Bengal,Salaried,1283000.0,705,2020-06-28
C105560,Customer_105560,52,Female,Mumbai,Maharashtra,Salaried,1203000.0,621,2023-10-12
C105561,Customer_105561,24,Male,Pune,Maharashtra,Salaried,849000.0,757,2019-06-19
C105562,Customer_105562,55,Female,Mumbai,Maharashtra,Salaried,1472000.0,783,2026-01-12
C105563,Customer_105563,30,Female,Gurugram,Haryana,Salaried,775000.0,684,2025-12-24
C105564,Customer_105564,34,Female,Mumbai,Maharashtra,Salaried,1203000.0,707,2024-01-18
C105565,Customer_105565,39,Female,Mumbai,Maharashtra,Salaried,560000.0,576,2018-12-27
C105566,Customer_105566,43,Female,Ahmedabad,Gujarat,Salaried,1012000.0,710,2026-02-10
C105567,Customer_105567,62,Female,Bengaluru,Karnataka,Salaried,477000.0,639,2020-09-19
C105568,Customer_105568,31,Female,Chennai,Tamil Nadu,Salaried,858000.0,754,2019-04-24
C105569,Customer_105569,32,Male,Hyderabad,Telangana,Salaried,829000.0,742,2020-09-28
C105570,Customer_105570,38,Male,Bengaluru,Karnataka,Salaried,1201000.0,721,2018-07-24
C105571,Customer_105571,59,Male,Gurugram,Haryana,Business Owner,582000.0,806,2020-05-04
C105572,Customer_105572,64,Female,Jaipur,Rajasthan,Salaried,2079000.0,736,2020-08-23
C105573,Customer_105573,41,Male,Bengaluru,Karnataka,Salaried,297000.0,733,2026-04-13
C105574,Customer_105574,52,Female,Jaipur,Rajasthan,Professional,943000.0,741,2021-07-31
C105575,Customer_105575,62,Male,Jaipur,Rajasthan,Salaried,965000.0,682,2023-11-26
C105576,Customer_105576,59,Male,Kolkata,West Bengal,Salaried,1065000.0,784,2024-09-04
C105577,Customer_105577,51,Other,Kolkata,West Bengal,Business Owner,644000.0,660,2025-10-17
C105578,Customer_105578,45,Male,Lucknow,Uttar Pradesh,Self-Employed,947000.0,747,2022-01-15
C105579,Customer_105579,65,Female,Pune,Maharashtra,Professional,624000.0,799,2022-06-12
C105580,Customer_105580,31,Male,Chennai,Tamil Nadu,Professional,1599000.0,653,2025-11-13
C105581,Customer_105581,37,Male,Kolkata,West Bengal,Self-Employed,596000.0,633,2023-05-05
C105582,Customer_105582,53,Male,Noida,Uttar Pradesh,Salaried,791000.0,652,2019-09-08
C105583,Customer_105583,21,Female,Jaipur,Rajasthan,Salaried,585000.0,838,2022-07-15
C105584,Customer_105584,43,Male,Delhi,Delhi,Salaried,530000.0,680,2022-05-23
C105585,Customer_105585,59,Female,Pune,Maharashtra,Salaried,290000.0,642,2022-06-16
C105586,Customer_105586,28,Female,Jaipur,Rajasthan,Professional,1119000.0,744,2023-01-25
C105587,Customer_105587,57,Male,Bengaluru,Karnataka,Salaried,581000.0,543,2021-01-06
C105588,Customer_105588,39,Male,Lucknow,Uttar Pradesh,Professional,531000.0,658,2018-06-14
C105589,Customer_105589,59,Male,Gurugram,Haryana,Salaried,465000.0,812,2020-05-25
C105590,Customer_105590,49,Female,Noida,Uttar Pradesh,Salaried,972000.0,658,2024-04-24
C105591,Customer_105591,28,Female,Delhi,Delhi,Professional,859000.0,703,2026-04-23
C105592,Customer_105592,54,Male,Kolkata,West Bengal,Salaried,861000.0,739,2022-12-14
C105593,Customer_105593,23,Female,Kolkata,West Bengal,Salaried,545000.0,739,2024-03-29
C105594,Customer_105594,31,Male,Ahmedabad,Gujarat,Salaried,1024000.0,685,2018-10-15
C105595,Customer_105595,60,Female,Noida,Uttar Pradesh,Salaried,585000.0,756,2024-04-21
C105596,Customer_105596,60,Male,Chennai,Tamil Nadu,Salaried,878000.0,814,2020-11-06
C105597,Customer_105597,23,Male,Kolkata,West Bengal,Self-Employed,794000.0,651,2023-07-18
C105598,Customer_105598,38,Male,Jaipur,Rajasthan,Professional,250000.0,689,2022-12-19
C105599,Customer_105599,25,Female,Gurugram,Haryana,Self-Employed,1662000.0,713,2024-01-31
C105600,Customer_105600,33,Female,Gurugram,Haryana,Business Owner,1080000.0,765,2023-10-30
C105601,Customer_105601,64,Male,Chennai,Tamil Nadu,Business Owner,922000.0,722,2023-01-06
C105602,Customer_105602,29,Male,Lucknow,Uttar Pradesh,Salaried,985000.0,712,2020-11-20
C105603,Customer_105603,49,Female,Delhi,Delhi,Business Owner,1671000.0,619,2024-07-29
C105604,Customer_105604,57,Male,Pune,Maharashtra,Business Owner,1305000.0,646,2023-09-23
C105605,Customer_105605,60,Female,Ahmedabad,Gujarat,Salaried,990000.0,733,2018-04-15
C105606,Customer_105606,36,Male,Delhi,Delhi,Salaried,567000.0,687,2019-06-06
C105607,Customer_105607,52,Male,Pune,Maharashtra,Business Owner,630000.0,698,2019-07-04
C105608,Customer_105608,42,Female,Ahmedabad,Gujarat,Professional,250000.0,716,2019-11-04
C105609,Customer_105609,25,Male,Ahmedabad,Gujarat,Professional,703000.0,850,2023-07-18
C105610,Customer_105610,31,Female,Mumbai,Maharashtra,Salaried,1115000.0,688,2017-02-10
C105611,Customer_105611,54,Male,Hyderabad,Telangana,Business Owner,1103000.0,810,2019-06-06
C105612,Customer_105612,51,Male,Bengaluru,Karnataka,Salaried,1096000.0,805,2021-07-16
C105613,Customer_105613,44,Female,Ahmedabad,Gujarat,Professional,644000.0,772,2018-08-29
C105614,Customer_105614,56,Male,Hyderabad,Telangana,Self-Employed,1070000.0,665,2018-10-03
C105615,Customer_105615,52,Female,Kolkata,West Bengal,Professional,1180000.0,729,2021-01-04
C105616,Customer_105616,36,Female,Jaipur,Rajasthan,Professional,250000.0,695,2022-08-09
C105617,Customer_105617,34,Female,Gurugram,Haryana,Salaried,972000.0,850,2020-02-12
C105618,Customer_105618,63,Male,Bengaluru,Karnataka,Professional,1682000.0,747,2025-12-28
C105619,Customer_105619,64,Male,Noida,Uttar Pradesh,Self-Employed,733000.0,706,2020-11-25
C105620,Customer_105620,22,Male,Mumbai,Maharashtra,Salaried,250000.0,836,2026-04-22
C105621,Customer_105621,56,Female,Delhi,Delhi,Salaried,525000.0,697,2022-03-30
C105622,Customer_105622,26,Male,Delhi,Delhi,Self-Employed,250000.0,756,2020-06-26
C105623,Customer_105623,59,Male,Bengaluru,Karnataka,Salaried,596000.0,766,2018-01-23
C105624,Customer_105624,47,Female,Noida,Uttar Pradesh,Salaried,360000.0,743,2023-10-31
C105625,Customer_105625,51,Male,Bengaluru,Karnataka,Self-Employed,1222000.0,713,2022-01-05
C105626,Customer_105626,52,Female,Jaipur,Rajasthan,Salaried,1161000.0,774,2025-12-11
C105627,Customer_105627,48,Male,Pune,Maharashtra,Salaried,987000.0,679,2026-01-02
C105628,Customer_105628,32,Female,Delhi,Delhi,Business Owner,1340000.0,792,2021-11-15
C105629,Customer_105629,57,Female,Pune,Maharashtra,Salaried,624000.0,702,2019-04-17
C105630,Customer_105630,45,Male,Delhi,Delhi,Self-Employed,879000.0,807,2020-02-10
C105631,Customer_105631,45,Female,Pune,Maharashtra,Salaried,1728000.0,788,2017-08-31
C105632,Customer_105632,35,Female,Kolkata,West Bengal,Professional,1084000.0,756,2018-06-14
C105633,Customer_105633,21,Male,Kolkata,West Bengal,Salaried,1083000.0,714,2020-11-05
C105634,Customer_105634,45,Female,Hyderabad,Telangana,Business Owner,543000.0,792,2018-08-22
C105635,Customer_105635,36,Female,Gurugram,Haryana,Self-Employed,683000.0,757,2024-12-22
C105636,Customer_105636,50,Female,Ahmedabad,Gujarat,Professional,449000.0,511,2024-12-13
C105637,Customer_105637,37,Female,Hyderabad,Telangana,Salaried,1522000.0,667,2018-08-20
C105638,Customer_105638,64,Male,Pune,Maharashtra,Salaried,250000.0,731,2019-05-31
C105639,Customer_105639,51,Male,Mumbai,Maharashtra,Salaried,1216000.0,738,2024-09-14
C105640,Customer_105640,41,Male,Lucknow,Uttar Pradesh,Salaried,1082000.0,766,2019-07-10
C105641,Customer_105641,52,Male,Gurugram,Haryana,Salaried,250000.0,821,2019-06-05
C105642,Customer_105642,50,Male,Hyderabad,Telangana,Self-Employed,1307000.0,758,2023-12-14
C105643,Customer_105643,48,Male,Jaipur,Rajasthan,Salaried,747000.0,585,2020-09-27
C105644,Customer_105644,47,Male,Jaipur,Rajasthan,Salaried,322000.0,733,2024-10-16
C105645,Customer_105645,62,Female,Ahmedabad,Gujarat,Salaried,996000.0,799,2021-12-05
C105646,Customer_105646,35,Male,Delhi,Delhi,Self-Employed,521000.0,727,2018-12-10
C105647,Customer_105647,40,Male,Noida,Uttar Pradesh,Self-Employed,768000.0,733,2018-06-05
C105648,Customer_105648,32,Female,Lucknow,Uttar Pradesh,Salaried,648000.0,688,2023-05-31
C105649,Customer_105649,46,Female,Lucknow,Uttar Pradesh,Salaried,498000.0,782,2021-03-03
C105650,Customer_105650,65,Male,Lucknow,Uttar Pradesh,Salaried,375000.0,697,2021-02-27
C105651,Customer_105651,48,Female,Lucknow,Uttar Pradesh,Business Owner,1169000.0,759,2023-05-02
C105652,Customer_105652,30,Female,Jaipur,Rajasthan,Business Owner,980000.0,748,2019-07-30
C105653,Customer_105653,62,Female,Delhi,Delhi,Salaried,954000.0,724,2026-04-20
C105654,Customer_105654,56,Male,Pune,Maharashtra,Salaried,704000.0,751,2021-11-04
C105655,Customer_105655,40,Male,Bengaluru,Karnataka,Self-Employed,871000.0,733,2025-01-03
C105656,Customer_105656,27,Female,Bengaluru,Karnataka,Business Owner,556000.0,803,2024-03-28
C105657,Customer_105657,39,Male,Gurugram,Haryana,Salaried,549000.0,764,2022-08-29
C105658,Customer_105658,57,Female,Gurugram,Haryana,Salaried,1534000.0,788,2017-12-05
C105659,Customer_105659,46,Female,Kolkata,West Bengal,Salaried,1204000.0,670,2023-11-10
C105660,Customer_105660,29,Female,Jaipur,Rajasthan,Business Owner,625000.0,666,2017-08-30
C105661,Customer_105661,28,Female,Mumbai,Maharashtra,Salaried,252000.0,724,2023-11-13
C105662,Customer_105662,64,Female,Bengaluru,Karnataka,Business Owner,250000.0,769,2025-06-27
C105663,Customer_105663,41,Female,Noida,Uttar Pradesh,Self-Employed,596000.0,755,2021-12-16
C105664,Customer_105664,51,Female,Pune,Maharashtra,Business Owner,893000.0,671,2025-12-20
C105665,Customer_105665,37,Male,Kolkata,West Bengal,Professional,897000.0,771,2022-11-04
C105666,Customer_105666,25,Female,Pune,Maharashtra,Salaried,909000.0,679,2021-12-03
C105667,Customer_105667,39,Female,Bengaluru,Karnataka,Self-Employed,984000.0,764,2021-12-15
C105668,Customer_105668,52,Female,Gurugram,Haryana,Self-Employed,435000.0,739,2018-05-04
C105669,Customer_105669,36,Male,Gurugram,Haryana,Business Owner,1453000.0,705,2017-08-14
C105670,Customer_105670,48,Male,Jaipur,Rajasthan,Salaried,771000.0,685,2017-09-25
C105671,Customer_105671,40,Female,Chennai,Tamil Nadu,Salaried,968000.0,729,2025-05-02
C105672,Customer_105672,36,Male,Ahmedabad,Gujarat,Professional,588000.0,725,2018-06-15
C105673,Customer_105673,32,Female,Lucknow,Uttar Pradesh,Salaried,975000.0,652,2022-12-06
C105674,Customer_105674,32,Female,Ahmedabad,Gujarat,Professional,1681000.0,759,2019-08-19
C105675,Customer_105675,32,Male,Pune,Maharashtra,Salaried,454000.0,795,2020-07-26
C105676,Customer_105676,53,Male,Hyderabad,Telangana,Salaried,404000.0,776,2023-05-15
C105677,Customer_105677,36,Female,Kolkata,West Bengal,Professional,504000.0,740,2025-02-12
C105678,Customer_105678,54,Male,Chennai,Tamil Nadu,Self-Employed,717000.0,691,2018-01-10
C105679,Customer_105679,34,Female,Ahmedabad,Gujarat,Self-Employed,641000.0,728,2021-11-19
C105680,Customer_105680,35,Female,Delhi,Delhi,Salaried,434000.0,711,2018-04-11
C105681,Customer_105681,62,Female,Bengaluru,Karnataka,Salaried,830000.0,728,2018-11-17
C105682,Customer_105682,60,Male,Gurugram,Haryana,Salaried,1474000.0,781,2023-08-22
C105683,Customer_105683,39,Male,Chennai,Tamil Nadu,Self-Employed,790000.0,713,2017-04-12
C105684,Customer_105684,33,Female,Pune,Maharashtra,Salaried,811000.0,601,2019-05-26
C105685,Customer_105685,53,Male,Kolkata,West Bengal,Salaried,987000.0,772,2022-03-11
C105686,Customer_105686,24,Male,Pune,Maharashtra,Salaried,1109000.0,746,2019-01-05
C105687,Customer_105687,41,Female,Gurugram,Haryana,Professional,1399000.0,730,2020-08-02
C105688,Customer_105688,47,Male,Bengaluru,Karnataka,Business Owner,946000.0,644,2022-06-04
C105689,Customer_105689,51,Male,Gurugram,Haryana,Salaried,849000.0,666,2025-05-24
C105690,Customer_105690,25,Female,Bengaluru,Karnataka,Professional,453000.0,673,2017-09-25
C105691,Customer_105691,21,Male,Chennai,Tamil Nadu,Salaried,1146000.0,682,2021-09-22
C105692,Customer_105692,33,Male,Ahmedabad,Gujarat,Salaried,512000.0,688,2022-11-09
C105693,Customer_105693,26,Male,Noida,Uttar Pradesh,Salaried,500000.0,643,2021-06-16
C105694,Customer_105694,43,Female,Bengaluru,Karnataka,Professional,927000.0,850,2017-03-07
C105695,Customer_105695,62,Female,Ahmedabad,Gujarat,Salaried,1467000.0,818,2024-02-01
C105696,Customer_105696,33,Female,Delhi,Delhi,Salaried,1141000.0,738,2019-03-04
C105697,Customer_105697,41,Female,Delhi,Delhi,Professional,835000.0,718,2017-12-02
C105698,Customer_105698,30,Male,Gurugram,Haryana,Business Owner,457000.0,839,2021-03-12
C105699,Customer_105699,22,Female,Jaipur,Rajasthan,Business Owner,1459000.0,826,2018-10-12
C105700,Customer_105700,52,Male,Chennai,Tamil Nadu,Business Owner,827000.0,672,2022-11-16
C105701,Customer_105701,32,Female,Ahmedabad,Gujarat,Self-Employed,734000.0,736,2022-01-09
C105702,Customer_105702,45,Female,Chennai,Tamil Nadu,Salaried,1072000.0,708,2018-11-25
C105703,Customer_105703,51,Male,Hyderabad,Telangana,Business Owner,671000.0,702,2025-07-21
C105704,Customer_105704,58,Female,Pune,Maharashtra,Salaried,549000.0,709,2025-03-09
C105705,Customer_105705,29,Female,Hyderabad,Telangana,Salaried,587000.0,714,2019-12-06
C105706,Customer_105706,47,Male,Gurugram,Haryana,Professional,586000.0,734,2025-07-22
C105707,Customer_105707,61,Female,Chennai,Tamil Nadu,Salaried,399000.0,734,2020-01-14
C105708,Customer_105708,42,Female,Hyderabad,Telangana,Salaried,354000.0,813,2021-06-23
C105709,Customer_105709,22,Male,Kolkata,West Bengal,Salaried,1239000.0,668,2022-04-08
C105710,Customer_105710,32,Male,Gurugram,Haryana,Business Owner,1118000.0,783,2019-07-16
C105711,Customer_105711,56,Female,Hyderabad,Telangana,Professional,521000.0,650,2022-08-05
C105712,Customer_105712,56,Male,Lucknow,Uttar Pradesh,Salaried,1205000.0,735,2018-01-11
C105713,Customer_105713,35,Male,Pune,Maharashtra,Salaried,974000.0,788,2022-08-20
C105714,Customer_105714,29,Female,Ahmedabad,Gujarat,Business Owner,720000.0,757,2025-09-27
C105715,Customer_105715,34,Female,Lucknow,Uttar Pradesh,Self-Employed,360000.0,699,2020-01-06
C105716,Customer_105716,31,Male,Pune,Maharashtra,Salaried,987000.0,739,2018-03-31
C105717,Customer_105717,54,Male,Bengaluru,Karnataka,Salaried,1596000.0,827,2022-05-23
C105718,Customer_105718,58,Female,Jaipur,Rajasthan,Self-Employed,856000.0,682,2019-10-13
C105719,Customer_105719,23,Male,Delhi,Delhi,Salaried,1249000.0,757,2023-12-02
C105720,Customer_105720,54,Female,Pune,Maharashtra,Business Owner,765000.0,783,2020-01-24
C105721,Customer_105721,54,Female,Lucknow,Uttar Pradesh,Salaried,1219000.0,695,2017-08-01
C105722,Customer_105722,48,Male,Chennai,Tamil Nadu,Business Owner,790000.0,833,2019-07-02
C105723,Customer_105723,60,Female,Jaipur,Rajasthan,Self-Employed,250000.0,850,2024-09-13
C105724,Customer_105724,22,Female,Kolkata,West Bengal,Self-Employed,561000.0,791,2017-01-07
C105725,Customer_105725,52,Female,Bengaluru,Karnataka,Business Owner,903000.0,791,2025-04-01
C105726,Customer_105726,26,Male,Hyderabad,Telangana,Salaried,1283000.0,608,2018-12-06
C105727,Customer_105727,61,Male,Kolkata,West Bengal,Salaried,789000.0,634,2019-07-18
C105728,Customer_105728,43,Female,Mumbai,Maharashtra,Salaried,862000.0,715,2023-12-20
C105729,Customer_105729,25,Female,Chennai,Tamil Nadu,Business Owner,615000.0,677,2025-09-09
C105730,Customer_105730,54,Other,Chennai,Tamil Nadu,Business Owner,1474000.0,761,2018-11-30
C105731,Customer_105731,54,Male,Noida,Uttar Pradesh,Salaried,1450000.0,535,2025-06-30
C105732,Customer_105732,41,Female,Mumbai,Maharashtra,Business Owner,580000.0,760,2024-02-11
C105733,Customer_105733,34,Male,Noida,Uttar Pradesh,Salaried,250000.0,709,2017-04-02
C105734,Customer_105734,21,Female,Chennai,Tamil Nadu,Salaried,250000.0,685,2020-11-15
C105735,Customer_105735,61,Female,Ahmedabad,Gujarat,Salaried,1091000.0,844,2019-05-12
C105736,Customer_105736,29,Female,Kolkata,West Bengal,Professional,904000.0,700,2017-10-03
C105737,Customer_105737,58,Male,Hyderabad,Telangana,Salaried,537000.0,615,2025-08-07
C105738,Customer_105738,47,Female,Lucknow,Uttar Pradesh,Salaried,959000.0,750,2024-09-12
C105739,Customer_105739,51,Male,Bengaluru,Karnataka,Business Owner,358000.0,745,2025-02-19
C105740,Customer_105740,52,Male,Delhi,Delhi,Salaried,1168000.0,709,2022-11-30
C105741,Customer_105741,59,Female,Gurugram,Haryana,Salaried,697000.0,850,2023-10-15
C105742,Customer_105742,22,Female,Ahmedabad,Gujarat,Salaried,417000.0,734,2022-09-13
C105743,Customer_105743,65,Female,Noida,Uttar Pradesh,Salaried,703000.0,786,2017-06-08
C105744,Customer_105744,22,Female,Pune,Maharashtra,Salaried,689000.0,741,2018-05-26
C105745,Customer_105745,65,Male,Delhi,Delhi,Salaried,996000.0,803,2025-04-09
C105746,Customer_105746,32,Male,Delhi,Delhi,Business Owner,1316000.0,698,2022-10-21
C105747,Customer_105747,59,Female,Pune,Maharashtra,Business Owner,1296000.0,651,2020-01-07
C105748,Customer_105748,24,Female,Bengaluru,Karnataka,Professional,914000.0,770,2024-06-01
C105749,Customer_105749,41,Female,Lucknow,Uttar Pradesh,Salaried,775000.0,739,2021-12-02
C105750,Customer_105750,45,Male,Mumbai,Maharashtra,Salaried,623000.0,772,2026-04-11
C105751,Customer_105751,63,Male,Noida,Uttar Pradesh,Salaried,250000.0,680,2021-08-20
C105752,Customer_105752,26,Female,Bengaluru,Karnataka,Salaried,842000.0,751,2023-03-31
C105753,Customer_105753,22,Male,Mumbai,Maharashtra,Self-Employed,510000.0,616,2026-02-24
C105754,Customer_105754,50,Female,Hyderabad,Telangana,Salaried,1337000.0,689,2021-01-09
C105755,Customer_105755,23,Male,Mumbai,Maharashtra,Self-Employed,770000.0,674,2025-08-22
C105756,Customer_105756,55,Male,Chennai,Tamil Nadu,Business Owner,1149000.0,752,2024-08-16
C105757,Customer_105757,22,Male,Hyderabad,Telangana,Salaried,657000.0,689,2017-05-02
C105758,Customer_105758,64,Male,Kolkata,West Bengal,Professional,580000.0,631,2017-06-21
C105759,Customer_105759,44,Female,Kolkata,West Bengal,Salaried,1092000.0,683,2017-11-10
C105760,Customer_105760,63,Male,Delhi,Delhi,Professional,961000.0,759,2020-11-26
C105761,Customer_105761,26,Male,Mumbai,Maharashtra,Self-Employed,979000.0,729,2024-07-20
C105762,Customer_105762,33,Other,Mumbai,Maharashtra,Salaried,812000.0,672,2023-10-26
C105763,Customer_105763,41,Male,Bengaluru,Karnataka,Salaried,1166000.0,775,2023-11-15
C105764,Customer_105764,22,Female,Mumbai,Maharashtra,Salaried,1108000.0,822,2020-05-07
C105765,Customer_105765,25,Male,Hyderabad,Telangana,Business Owner,250000.0,779,2017-06-01
C105766,Customer_105766,35,Male,Kolkata,West Bengal,Salaried,747000.0,570,2017-07-20
C105767,Customer_105767,54,Male,Hyderabad,Telangana,Business Owner,1256000.0,735,2018-04-14
C105768,Customer_105768,52,Female,Hyderabad,Telangana,Salaried,442000.0,711,2018-01-13
C105769,Customer_105769,24,Male,Pune,Maharashtra,Professional,250000.0,588,2025-10-23
C105770,Customer_105770,23,Female,Kolkata,West Bengal,Salaried,794000.0,636,2018-07-23
C105771,Customer_105771,50,Female,Hyderabad,Telangana,Self-Employed,1058000.0,772,2019-12-24
C105772,Customer_105772,37,Male,Bengaluru,Karnataka,Business Owner,666000.0,732,2024-09-27
C105773,Customer_105773,56,Female,Chennai,Tamil Nadu,Salaried,1367000.0,725,2018-12-08
C105774,Customer_105774,34,Male,Delhi,Delhi,Salaried,1587000.0,678,2023-09-17
C105775,Customer_105775,37,Male,Pune,Maharashtra,Self-Employed,250000.0,790,2021-05-02
C105776,Customer_105776,30,Female,Lucknow,Uttar Pradesh,Self-Employed,696000.0,640,2024-02-11
C105777,Customer_105777,32,Male,Chennai,Tamil Nadu,Business Owner,250000.0,662,2019-10-21
C105778,Customer_105778,52,Other,Mumbai,Maharashtra,Salaried,1114000.0,699,2025-06-19
C105779,Customer_105779,42,Female,Jaipur,Rajasthan,Professional,578000.0,621,2023-10-23
C105780,Customer_105780,50,Male,Mumbai,Maharashtra,Professional,660000.0,663,2019-10-26
C105781,Customer_105781,24,Male,Bengaluru,Karnataka,Business Owner,1309000.0,789,2023-03-14
C105782,Customer_105782,45,Female,Mumbai,Maharashtra,Salaried,319000.0,665,2023-12-02
C105783,Customer_105783,41,Male,Noida,Uttar Pradesh,Salaried,250000.0,771,2026-03-08
C105784,Customer_105784,61,Male,Lucknow,Uttar Pradesh,Professional,250000.0,761,2020-05-24
C105785,Customer_105785,40,Male,Kolkata,West Bengal,Business Owner,1358000.0,709,2026-02-05
C105786,Customer_105786,25,Male,Ahmedabad,Gujarat,Self-Employed,1265000.0,628,2024-04-25
C105787,Customer_105787,52,Other,Ahmedabad,Gujarat,Professional,732000.0,724,2021-01-27
C105788,Customer_105788,27,Male,Ahmedabad,Gujarat,Salaried,340000.0,583,2023-06-25
C105789,Customer_105789,61,Male,Kolkata,West Bengal,Business Owner,1184000.0,686,2022-04-06
C105790,Customer_105790,38,Female,Lucknow,Uttar Pradesh,Self-Employed,1952000.0,736,2026-03-20
C105791,Customer_105791,56,Female,Jaipur,Rajasthan,Business Owner,756000.0,777,2017-07-28
C105792,Customer_105792,50,Female,Mumbai,Maharashtra,Business Owner,369000.0,710,2024-01-19
C105793,Customer_105793,41,Female,Chennai,Tamil Nadu,Salaried,1347000.0,680,2024-10-03
C105794,Customer_105794,47,Male,Lucknow,Uttar Pradesh,Salaried,397000.0,675,2017-01-21
C105795,Customer_105795,29,Male,Chennai,Tamil Nadu,Professional,703000.0,690,2021-09-29
C105796,Customer_105796,24,Female,Bengaluru,Karnataka,Business Owner,250000.0,761,2023-07-08
C105797,Customer_105797,55,Male,Noida,Uttar Pradesh,Salaried,729000.0,743,2024-11-29
C105798,Customer_105798,64,Female,Ahmedabad,Gujarat,Professional,339000.0,719,2017-12-12
C105799,Customer_105799,59,Male,Kolkata,West Bengal,Salaried,1354000.0,761,2019-08-03
C105800,Customer_105800,34,Female,Pune,Maharashtra,Salaried,460000.0,720,2022-01-31
C105801,Customer_105801,37,Female,Mumbai,Maharashtra,Professional,1162000.0,633,2022-12-26
C105802,Customer_105802,37,Female,Chennai,Tamil Nadu,Self-Employed,808000.0,648,2018-06-19
C105803,Customer_105803,52,Male,Pune,Maharashtra,Professional,900000.0,759,2024-09-03
C105804,Customer_105804,49,Other,Lucknow,Uttar Pradesh,Professional,1059000.0,631,2021-08-10
C105805,Customer_105805,56,Female,Hyderabad,Telangana,Salaried,829000.0,695,2020-09-26
C105806,Customer_105806,63,Female,Mumbai,Maharashtra,Salaried,591000.0,713,2024-05-18
C105807,Customer_105807,38,Female,Pune,Maharashtra,Business Owner,525000.0,653,2021-10-10
C105808,Customer_105808,50,Male,Lucknow,Uttar Pradesh,Salaried,1054000.0,612,2019-09-10
C105809,Customer_105809,43,Male,Pune,Maharashtra,Self-Employed,250000.0,644,2021-01-22
C105810,Customer_105810,63,Male,Chennai,Tamil Nadu,Salaried,1521000.0,602,2018-06-04
C105811,Customer_105811,36,Female,Jaipur,Rajasthan,Salaried,903000.0,760,2024-11-06
C105812,Customer_105812,29,Female,Ahmedabad,Gujarat,Salaried,715000.0,746,2019-12-06
C105813,Customer_105813,38,Male,Hyderabad,Telangana,Self-Employed,956000.0,671,2020-04-04
C105814,Customer_105814,48,Female,Lucknow,Uttar Pradesh,Business Owner,612000.0,631,2018-08-14
C105815,Customer_105815,63,Male,Ahmedabad,Gujarat,Salaried,779000.0,796,2020-06-23
C105816,Customer_105816,58,Female,Delhi,Delhi,Salaried,397000.0,749,2018-09-17
C105817,Customer_105817,21,Male,Chennai,Tamil Nadu,Salaried,1000000.0,680,2017-06-07
C105818,Customer_105818,43,Male,Lucknow,Uttar Pradesh,Business Owner,819000.0,797,2023-06-29
C105819,Customer_105819,28,Male,Chennai,Tamil Nadu,Salaried,925000.0,729,2020-07-05
C105820,Customer_105820,37,Female,Kolkata,West Bengal,Self-Employed,1443000.0,741,2023-07-23
C105821,Customer_105821,63,Female,Ahmedabad,Gujarat,Self-Employed,528000.0,652,2019-01-29
C105822,Customer_105822,65,Male,Jaipur,Rajasthan,Salaried,798000.0,621,2021-12-05
C105823,Customer_105823,27,Female,Noida,Uttar Pradesh,Self-Employed,250000.0,618,2018-12-15
C105824,Customer_105824,27,Female,Mumbai,Maharashtra,Professional,1070000.0,850,2019-05-08
C105825,Customer_105825,52,Male,Kolkata,West Bengal,Salaried,843000.0,666,2026-01-09
C105826,Customer_105826,39,Female,Kolkata,West Bengal,Salaried,857000.0,724,2021-12-06
C105827,Customer_105827,40,Male,Mumbai,Maharashtra,Salaried,787000.0,750,2017-01-21
C105828,Customer_105828,60,Female,Jaipur,Rajasthan,Self-Employed,619000.0,719,2025-10-31
C105829,Customer_105829,62,Female,Mumbai,Maharashtra,Professional,1848000.0,710,2024-08-28
C105830,Customer_105830,61,Male,Pune,Maharashtra,Self-Employed,865000.0,709,2020-07-28
C105831,Customer_105831,56,Female,Hyderabad,Telangana,Professional,969000.0,751,2019-03-30
C105832,Customer_105832,65,Male,Mumbai,Maharashtra,Self-Employed,394000.0,652,2020-12-11
C105833,Customer_105833,53,Female,Gurugram,Haryana,Salaried,1204000.0,691,2024-03-14
C105834,Customer_105834,60,Female,Bengaluru,Karnataka,Salaried,801000.0,570,2021-08-08
C105835,Customer_105835,45,Male,Hyderabad,Telangana,Self-Employed,1028000.0,599,2018-08-15
C105836,Customer_105836,23,Female,Noida,Uttar Pradesh,Self-Employed,1211000.0,636,2018-08-30
C105837,Customer_105837,57,Male,Noida,Uttar Pradesh,Salaried,808000.0,775,2026-03-30
C105838,Customer_105838,62,Female,Delhi,Delhi,Salaried,579000.0,702,2019-04-13
C105839,Customer_105839,35,Female,Hyderabad,Telangana,Salaried,250000.0,765,2022-05-23
C105840,Customer_105840,40,Female,Jaipur,Rajasthan,Salaried,695000.0,745,2023-06-08
C105841,Customer_105841,46,Female,Gurugram,Haryana,Self-Employed,577000.0,737,2018-06-10
C105842,Customer_105842,50,Female,Lucknow,Uttar Pradesh,Business Owner,393000.0,659,2018-07-04
C105843,Customer_105843,51,Male,Kolkata,West Bengal,Business Owner,1431000.0,725,2019-11-28
C105844,Customer_105844,38,Male,Delhi,Delhi,Salaried,1243000.0,737,2022-08-18
C105845,Customer_105845,59,Female,Noida,Uttar Pradesh,Professional,250000.0,850,2024-11-15
C105846,Customer_105846,57,Male,Mumbai,Maharashtra,Salaried,911000.0,698,2020-08-05
C105847,Customer_105847,63,Male,Mumbai,Maharashtra,Salaried,523000.0,768,2019-08-28
C105848,Customer_105848,46,Male,Jaipur,Rajasthan,Business Owner,997000.0,712,2019-11-08
C105849,Customer_105849,24,Other,Ahmedabad,Gujarat,Professional,530000.0,674,2024-03-15
C105850,Customer_105850,59,Female,Delhi,Delhi,Professional,634000.0,777,2022-02-13
C105851,Customer_105851,24,Male,Bengaluru,Karnataka,Salaried,1235000.0,843,2022-10-08
C105852,Customer_105852,29,Male,Ahmedabad,Gujarat,Salaried,1178000.0,737,2019-02-07
C105853,Customer_105853,33,Female,Hyderabad,Telangana,Business Owner,1454000.0,676,2022-12-23
C105854,Customer_105854,29,Male,Jaipur,Rajasthan,Business Owner,763000.0,750,2019-11-19
C105855,Customer_105855,53,Female,Chennai,Tamil Nadu,Salaried,268000.0,738,2025-04-01
C105856,Customer_105856,40,Female,Ahmedabad,Gujarat,Salaried,1219000.0,850,2021-11-19
C105857,Customer_105857,30,Female,Pune,Maharashtra,Salaried,1221000.0,768,2018-06-14
C105858,Customer_105858,21,Male,Chennai,Tamil Nadu,Salaried,1101000.0,659,2023-02-13
C105859,Customer_105859,30,Female,Chennai,Tamil Nadu,Salaried,552000.0,803,2017-04-04
C105860,Customer_105860,52,Other,Jaipur,Rajasthan,Self-Employed,422000.0,770,2024-10-14
C105861,Customer_105861,56,Male,Kolkata,West Bengal,Salaried,1064000.0,781,2020-10-14
C105862,Customer_105862,34,Female,Ahmedabad,Gujarat,Self-Employed,496000.0,749,2024-09-04
C105863,Customer_105863,24,Male,Kolkata,West Bengal,Self-Employed,727000.0,786,2025-10-01
C105864,Customer_105864,46,Female,Bengaluru,Karnataka,Salaried,2013000.0,749,2021-08-20
C105865,Customer_105865,56,Female,Noida,Uttar Pradesh,Salaried,1702000.0,703,2018-01-13
C105866,Customer_105866,24,Male,Kolkata,West Bengal,Professional,1167000.0,729,2017-09-10
C105867,Customer_105867,56,Male,Jaipur,Rajasthan,Self-Employed,585000.0,712,2019-12-20
C105868,Customer_105868,28,Male,Noida,Uttar Pradesh,Professional,561000.0,742,2018-10-02
C105869,Customer_105869,32,Male,Lucknow,Uttar Pradesh,Salaried,1136000.0,725,2023-08-24
C105870,Customer_105870,49,Female,Jaipur,Rajasthan,Self-Employed,1449000.0,700,2017-01-02
C105871,Customer_105871,23,Male,Gurugram,Haryana,Professional,645000.0,708,2023-08-24
C105872,Customer_105872,34,Female,Pune,Maharashtra,Salaried,667000.0,720,2018-09-24
C105873,Customer_105873,27,Male,Jaipur,Rajasthan,Salaried,885000.0,604,2018-03-03
C105874,Customer_105874,30,Female,Hyderabad,Telangana,Professional,294000.0,787,2017-04-15
C105875,Customer_105875,55,Female,Jaipur,Rajasthan,Salaried,307000.0,743,2024-07-07
C105876,Customer_105876,31,Female,Mumbai,Maharashtra,Salaried,380000.0,680,2023-08-28
C105877,Customer_105877,22,Female,Noida,Uttar Pradesh,Professional,1068000.0,758,2025-05-06
C105878,Customer_105878,30,Other,Bengaluru,Karnataka,Salaried,959000.0,687,2022-01-31
C105879,Customer_105879,24,Female,Ahmedabad,Gujarat,Self-Employed,1305000.0,687,2022-07-19
C105880,Customer_105880,49,Female,Delhi,Delhi,Business Owner,250000.0,744,2017-05-02
C105881,Customer_105881,64,Male,Mumbai,Maharashtra,Business Owner,250000.0,813,2017-03-14
C105882,Customer_105882,28,Male,Lucknow,Uttar Pradesh,Salaried,1032000.0,738,2022-10-01
C105883,Customer_105883,53,Male,Noida,Uttar Pradesh,Salaried,501000.0,670,2021-10-06
C105884,Customer_105884,37,Female,Bengaluru,Karnataka,Business Owner,530000.0,697,2024-07-31
C105885,Customer_105885,24,Female,Mumbai,Maharashtra,Business Owner,1255000.0,775,2022-02-18
C105886,Customer_105886,51,Female,Gurugram,Haryana,Salaried,629000.0,746,2017-04-08
C105887,Customer_105887,30,Female,Lucknow,Uttar Pradesh,Salaried,676000.0,782,2023-01-03
C105888,Customer_105888,44,Male,Bengaluru,Karnataka,Salaried,750000.0,746,2018-03-08
C105889,Customer_105889,43,Female,Ahmedabad,Gujarat,Salaried,774000.0,770,2025-04-02
C105890,Customer_105890,47,Male,Hyderabad,Telangana,Business Owner,1124000.0,850,2021-05-22
C105891,Customer_105891,27,Male,Jaipur,Rajasthan,Professional,366000.0,632,2021-02-13
C105892,Customer_105892,32,Female,Pune,Maharashtra,Salaried,775000.0,850,2017-05-24
C105893,Customer_105893,54,Male,Mumbai,Maharashtra,Professional,1315000.0,781,2019-11-05
C105894,Customer_105894,62,Female,Hyderabad,Telangana,Business Owner,1703000.0,850,2017-03-14
C105895,Customer_105895,21,Female,Kolkata,West Bengal,Self-Employed,307000.0,656,2018-01-05
C105896,Customer_105896,39,Female,Gurugram,Haryana,Professional,982000.0,745,2022-06-04
C105897,Customer_105897,60,Male,Delhi,Delhi,Salaried,774000.0,730,2021-07-08
C105898,Customer_105898,33,Male,Lucknow,Uttar Pradesh,Professional,810000.0,777,2022-03-28
C105899,Customer_105899,41,Male,Ahmedabad,Gujarat,Salaried,534000.0,751,2024-07-06
C105900,Customer_105900,61,Male,Noida,Uttar Pradesh,Salaried,1152000.0,743,2024-07-05
C105901,Customer_105901,64,Male,Lucknow,Uttar Pradesh,Self-Employed,1132000.0,771,2025-03-17
C105902,Customer_105902,50,Male,Mumbai,Maharashtra,Salaried,1859000.0,713,2017-09-22
C105903,Customer_105903,52,Female,Mumbai,Maharashtra,Business Owner,322000.0,686,2017-09-12
C105904,Customer_105904,48,Female,Gurugram,Haryana,Salaried,250000.0,749,2025-05-09
C105905,Customer_105905,33,Female,Bengaluru,Karnataka,Salaried,1672000.0,686,2025-02-07
C105906,Customer_105906,60,Male,Mumbai,Maharashtra,Self-Employed,829000.0,712,2017-03-05
C105907,Customer_105907,22,Female,Pune,Maharashtra,Salaried,667000.0,626,2017-04-12
C105908,Customer_105908,23,Male,Noida,Uttar Pradesh,Salaried,925000.0,724,2019-10-22
C105909,Customer_105909,48,Male,Gurugram,Haryana,Salaried,292000.0,660,2022-02-10
C105910,Customer_105910,58,Male,Kolkata,West Bengal,Professional,1000000.0,718,2017-06-15
C105911,Customer_105911,57,Female,Bengaluru,Karnataka,Business Owner,818000.0,649,2021-03-05
C105912,Customer_105912,51,Female,Chennai,Tamil Nadu,Salaried,1280000.0,719,2019-04-11
C105913,Customer_105913,37,Male,Jaipur,Rajasthan,Self-Employed,1193000.0,778,2025-07-28
C105914,Customer_105914,37,Female,Mumbai,Maharashtra,Self-Employed,1226000.0,681,2024-08-03
C105915,Customer_105915,40,Female,Kolkata,West Bengal,Salaried,926000.0,659,2021-11-16
C105916,Customer_105916,32,Male,Delhi,Delhi,Salaried,1492000.0,771,2018-03-02
C105917,Customer_105917,39,Female,Hyderabad,Telangana,Self-Employed,1081000.0,779,2019-06-18
C105918,Customer_105918,25,Male,Bengaluru,Karnataka,Salaried,637000.0,748,2018-11-18
C105919,Customer_105919,35,Male,Jaipur,Rajasthan,Professional,526000.0,690,2024-12-30
C105920,Customer_105920,63,Female,Noida,Uttar Pradesh,Salaried,571000.0,679,2022-09-10
C105921,Customer_105921,52,Male,Mumbai,Maharashtra,Self-Employed,1086000.0,698,2020-03-16
C105922,Customer_105922,27,Female,Gurugram,Haryana,Salaried,317000.0,716,2017-03-15
C105923,Customer_105923,33,Male,Ahmedabad,Gujarat,Business Owner,912000.0,608,2024-09-25
C105924,Customer_105924,32,Female,Lucknow,Uttar Pradesh,Professional,517000.0,656,2022-08-11
C105925,Customer_105925,33,Female,Noida,Uttar Pradesh,Salaried,349000.0,801,2019-03-30
C105926,Customer_105926,52,Female,Mumbai,Maharashtra,Salaried,413000.0,733,2025-04-29
C105927,Customer_105927,61,Female,Jaipur,Rajasthan,Self-Employed,840000.0,800,2024-01-15
C105928,Customer_105928,52,Female,Ahmedabad,Gujarat,Salaried,1156000.0,786,2017-08-25
C105929,Customer_105929,42,Male,Mumbai,Maharashtra,Salaried,580000.0,700,2017-01-26
C105930,Customer_105930,28,Male,Hyderabad,Telangana,Self-Employed,250000.0,701,2017-01-21
C105931,Customer_105931,27,Female,Lucknow,Uttar Pradesh,Salaried,2112000.0,783,2019-07-09
C105932,Customer_105932,57,Male,Kolkata,West Bengal,Salaried,1297000.0,769,2020-10-12
C105933,Customer_105933,51,Male,Chennai,Tamil Nadu,Salaried,1223000.0,784,2025-08-26
C105934,Customer_105934,43,Female,Hyderabad,Telangana,Salaried,1501000.0,719,2024-11-26
C105935,Customer_105935,46,Male,Noida,Uttar Pradesh,Professional,887000.0,729,2026-04-16
C105936,Customer_105936,59,Male,Hyderabad,Telangana,Salaried,796000.0,703,2025-09-15
C105937,Customer_105937,57,Female,Mumbai,Maharashtra,Salaried,1392000.0,717,2017-01-15
C105938,Customer_105938,24,Female,Kolkata,West Bengal,Self-Employed,1390000.0,675,2024-06-16
C105939,Customer_105939,38,Female,Lucknow,Uttar Pradesh,Business Owner,1096000.0,715,2025-08-06
C105940,Customer_105940,22,Male,Bengaluru,Karnataka,Salaried,1203000.0,710,2023-01-17
C105941,Customer_105941,38,Male,Hyderabad,Telangana,Self-Employed,354000.0,690,2025-12-18
C105942,Customer_105942,49,Female,Pune,Maharashtra,Self-Employed,747000.0,771,2020-12-21
C105943,Customer_105943,30,Male,Bengaluru,Karnataka,Salaried,1532000.0,628,2024-05-04
C105944,Customer_105944,27,Female,Ahmedabad,Gujarat,Salaried,1172000.0,742,2024-05-06
C105945,Customer_105945,43,Male,Hyderabad,Telangana,Self-Employed,265000.0,660,2019-02-11
C105946,Customer_105946,44,Male,Mumbai,Maharashtra,Salaried,638000.0,665,2024-01-17
C105947,Customer_105947,53,Male,Hyderabad,Telangana,Salaried,1466000.0,670,2021-06-04
C105948,Customer_105948,21,Male,Lucknow,Uttar Pradesh,Self-Employed,1032000.0,751,2018-09-17
C105949,Customer_105949,32,Male,Lucknow,Uttar Pradesh,Salaried,923000.0,573,2018-01-01
C105950,Customer_105950,56,Female,Kolkata,West Bengal,Salaried,935000.0,731,2023-08-31
C105951,Customer_105951,51,Female,Chennai,Tamil Nadu,Salaried,817000.0,723,2024-07-26
C105952,Customer_105952,61,Male,Gurugram,Haryana,Professional,640000.0,657,2024-05-18
C105953,Customer_105953,57,Female,Bengaluru,Karnataka,Business Owner,517000.0,732,2026-01-12
C105954,Customer_105954,58,Male,Ahmedabad,Gujarat,Salaried,1254000.0,641,2025-05-21
C105955,Customer_105955,43,Male,Jaipur,Rajasthan,Salaried,945000.0,717,2018-09-22
C105956,Customer_105956,64,Female,Jaipur,Rajasthan,Professional,1133000.0,639,2023-10-17
C105957,Customer_105957,39,Female,Bengaluru,Karnataka,Self-Employed,1069000.0,850,2019-01-23
C105958,Customer_105958,61,Female,Jaipur,Rajasthan,Self-Employed,1413000.0,776,2023-10-27
C105959,Customer_105959,38,Male,Ahmedabad,Gujarat,Salaried,1032000.0,736,2021-01-06
C105960,Customer_105960,40,Male,Noida,Uttar Pradesh,Salaried,1179000.0,658,2025-05-24
C105961,Customer_105961,51,Female,Bengaluru,Karnataka,Salaried,917000.0,702,2018-02-27
C105962,Customer_105962,38,Female,Ahmedabad,Gujarat,Business Owner,471000.0,705,2018-10-23
C105963,Customer_105963,27,Female,Gurugram,Haryana,Professional,760000.0,736,2022-10-11
C105964,Customer_105964,61,Female,Hyderabad,Telangana,Salaried,1086000.0,746,2022-02-14
C105965,Customer_105965,41,Male,Jaipur,Rajasthan,Self-Employed,1121000.0,735,2025-01-02
C105966,Customer_105966,62,Female,Mumbai,Maharashtra,Professional,1430000.0,742,2025-04-26
C105967,Customer_105967,38,Female,Jaipur,Rajasthan,Professional,666000.0,709,2019-06-10
C105968,Customer_105968,64,Male,Ahmedabad,Gujarat,Salaried,940000.0,742,2022-11-18
C105969,Customer_105969,48,Male,Bengaluru,Karnataka,Salaried,798000.0,679,2024-01-21
C105970,Customer_105970,55,Female,Delhi,Delhi,Professional,1500000.0,651,2025-09-02
C105971,Customer_105971,54,Male,Jaipur,Rajasthan,Salaried,1001000.0,840,2020-04-20
C105972,Customer_105972,30,Female,Bengaluru,Karnataka,Salaried,1008000.0,747,2017-06-21
C105973,Customer_105973,57,Female,Pune,Maharashtra,Salaried,836000.0,837,2020-04-09
C105974,Customer_105974,63,Male,Delhi,Delhi,Salaried,760000.0,702,2018-12-29
C105975,Customer_105975,50,Female,Lucknow,Uttar Pradesh,Salaried,271000.0,850,2017-06-12
C105976,Customer_105976,63,Female,Kolkata,West Bengal,Self-Employed,346000.0,725,2019-01-23
C105977,Customer_105977,59,Male,Lucknow,Uttar Pradesh,Professional,922000.0,794,2018-10-21
C105978,Customer_105978,50,Female,Mumbai,Maharashtra,Salaried,872000.0,722,2017-09-25
C105979,Customer_105979,42,Male,Bengaluru,Karnataka,Professional,924000.0,731,2024-02-27
C105980,Customer_105980,59,Female,Ahmedabad,Gujarat,Professional,1227000.0,713,2022-10-19
C105981,Customer_105981,29,Male,Ahmedabad,Gujarat,Business Owner,887000.0,688,2018-06-08
C105982,Customer_105982,46,Male,Gurugram,Haryana,Self-Employed,711000.0,784,2020-09-26
C105983,Customer_105983,57,Female,Lucknow,Uttar Pradesh,Professional,766000.0,719,2024-10-19
C105984,Customer_105984,63,Male,Gurugram,Haryana,Self-Employed,948000.0,774,2019-04-05
C105985,Customer_105985,33,Male,Mumbai,Maharashtra,Salaried,698000.0,779,2019-03-15
C105986,Customer_105986,25,Male,Hyderabad,Telangana,Professional,1276000.0,812,2023-10-11
C105987,Customer_105987,36,Female,Noida,Uttar Pradesh,Salaried,845000.0,747,2020-09-15
C105988,Customer_105988,59,Female,Kolkata,West Bengal,Professional,951000.0,622,2023-04-18
C105989,Customer_105989,44,Male,Noida,Uttar Pradesh,Salaried,523000.0,699,2018-10-19
C105990,Customer_105990,23,Male,Kolkata,West Bengal,Salaried,1276000.0,718,2017-05-14
C105991,Customer_105991,26,Male,Delhi,Delhi,Business Owner,1426000.0,721,2022-01-01
C105992,Customer_105992,36,Female,Pune,Maharashtra,Self-Employed,305000.0,806,2021-02-03
C105993,Customer_105993,36,Male,Gurugram,Haryana,Salaried,1010000.0,794,2024-11-15
C105994,Customer_105994,27,Female,Ahmedabad,Gujarat,Professional,807000.0,711,2023-09-15
C105995,Customer_105995,43,Male,Mumbai,Maharashtra,Salaried,964000.0,850,2020-02-22
C105996,Customer_105996,42,Female,Bengaluru,Karnataka,Salaried,1031000.0,697,2017-12-18
C105997,Customer_105997,29,Female,Noida,Uttar Pradesh,Self-Employed,250000.0,703,2022-01-18
C105998,Customer_105998,31,Male,Lucknow,Uttar Pradesh,Salaried,1154000.0,649,2024-05-26
C105999,Customer_105999,50,Female,Gurugram,Haryana,Salaried,1295000.0,619,2019-10-24
C106000,Customer_106000,63,Male,Mumbai,Maharashtra,Salaried,1340000.0,643,2022-09-26
C106001,Customer_106001,65,Female,Ahmedabad,Gujarat,Salaried,472000.0,786,2017-04-22
C106002,Customer_106002,46,Male,Gurugram,Haryana,Professional,838000.0,768,2023-09-08
C106003,Customer_106003,22,Male,Ahmedabad,Gujarat,Salaried,634000.0,663,2024-10-15
C106004,Customer_106004,61,Male,Ahmedabad,Gujarat,Business Owner,250000.0,726,2019-05-02
C106005,Customer_106005,63,Male,Pune,Maharashtra,Self-Employed,602000.0,772,2023-03-27
C106006,Customer_106006,33,Female,Bengaluru,Karnataka,Salaried,416000.0,588,2023-12-18
C106007,Customer_106007,39,Female,Hyderabad,Telangana,Professional,984000.0,835,2019-03-23
C106008,Customer_106008,22,Male,Jaipur,Rajasthan,Salaried,250000.0,788,2018-08-14
C106009,Customer_106009,57,Female,Delhi,Delhi,Salaried,458000.0,773,2020-07-29
C106010,Customer_106010,55,Female,Mumbai,Maharashtra,Business Owner,642000.0,798,2025-01-04
C106011,Customer_106011,21,Male,Chennai,Tamil Nadu,Business Owner,1158000.0,587,2020-06-05
C106012,Customer_106012,52,Male,Gurugram,Haryana,Salaried,1961000.0,706,2018-12-02
C106013,Customer_106013,39,Female,Ahmedabad,Gujarat,Business Owner,971000.0,802,2019-08-31
C106014,Customer_106014,45,Male,Ahmedabad,Gujarat,Professional,437000.0,720,2019-07-01
C106015,Customer_106015,30,Female,Kolkata,West Bengal,Salaried,578000.0,768,2021-12-16
C106016,Customer_106016,57,Male,Mumbai,Maharashtra,Self-Employed,1113000.0,814,2023-03-31
C106017,Customer_106017,39,Male,Hyderabad,Telangana,Salaried,312000.0,766,2019-07-24
C106018,Customer_106018,58,Female,Delhi,Delhi,Salaried,1289000.0,703,2020-02-09
C106019,Customer_106019,27,Female,Gurugram,Haryana,Salaried,959000.0,757,2021-07-19
C106020,Customer_106020,47,Other,Gurugram,Haryana,Salaried,800000.0,611,2019-11-17
C106021,Customer_106021,34,Male,Hyderabad,Telangana,Self-Employed,250000.0,752,2021-03-21
C106022,Customer_106022,64,Female,Hyderabad,Telangana,Salaried,1218000.0,769,2017-08-01
C106023,Customer_106023,46,Female,Hyderabad,Telangana,Salaried,545000.0,730,2020-07-17
C106024,Customer_106024,53,Female,Noida,Uttar Pradesh,Salaried,911000.0,795,2024-08-20
C106025,Customer_106025,24,Female,Pune,Maharashtra,Salaried,787000.0,738,2021-01-29
C106026,Customer_106026,51,Other,Gurugram,Haryana,Self-Employed,250000.0,730,2021-04-11
C106027,Customer_106027,25,Female,Pune,Maharashtra,Salaried,758000.0,839,2022-08-11
C106028,Customer_106028,37,Other,Jaipur,Rajasthan,Salaried,366000.0,658,2020-08-29
C106029,Customer_106029,31,Female,Kolkata,West Bengal,Salaried,589000.0,810,2020-12-04
C106030,Customer_106030,21,Male,Hyderabad,Telangana,Salaried,1023000.0,805,2019-04-15
C106031,Customer_106031,47,Female,Noida,Uttar Pradesh,Self-Employed,1131000.0,775,2024-01-21
C106032,Customer_106032,31,Female,Jaipur,Rajasthan,Salaried,843000.0,694,2022-03-03
C106033,Customer_106033,44,Male,Gurugram,Haryana,Self-Employed,496000.0,742,2017-02-26
C106034,Customer_106034,55,Male,Lucknow,Uttar Pradesh,Self-Employed,591000.0,668,2022-03-18
C106035,Customer_106035,29,Male,Bengaluru,Karnataka,Salaried,584000.0,683,2020-05-09
C106036,Customer_106036,52,Female,Mumbai,Maharashtra,Salaried,250000.0,729,2017-01-08
C106037,Customer_106037,34,Male,Kolkata,West Bengal,Salaried,879000.0,663,2021-09-23
C106038,Customer_106038,35,Male,Hyderabad,Telangana,Salaried,250000.0,705,2017-10-19
C106039,Customer_106039,46,Female,Pune,Maharashtra,Salaried,880000.0,648,2018-10-18
C106040,Customer_106040,49,Male,Bengaluru,Karnataka,Professional,266000.0,762,2022-09-15
C106041,Customer_106041,50,Female,Chennai,Tamil Nadu,Salaried,367000.0,826,2021-10-15
C106042,Customer_106042,29,Male,Chennai,Tamil Nadu,Salaried,1117000.0,850,2019-08-24
C106043,Customer_106043,47,Male,Chennai,Tamil Nadu,Business Owner,860000.0,653,2025-01-28
C106044,Customer_106044,32,Male,Jaipur,Rajasthan,Professional,250000.0,664,2026-02-27
C106045,Customer_106045,33,Female,Ahmedabad,Gujarat,Salaried,626000.0,717,2017-11-15
C106046,Customer_106046,63,Female,Pune,Maharashtra,Salaried,955000.0,773,2019-04-26
C106047,Customer_106047,25,Male,Mumbai,Maharashtra,Salaried,602000.0,714,2017-01-16
C106048,Customer_106048,39,Male,Kolkata,West Bengal,Business Owner,713000.0,790,2018-06-01
C106049,Customer_106049,40,Female,Bengaluru,Karnataka,Self-Employed,948000.0,762,2020-05-23
C106050,Customer_106050,32,Female,Hyderabad,Telangana,Salaried,868000.0,613,2017-06-01
C106051,Customer_106051,56,Female,Chennai,Tamil Nadu,Salaried,453000.0,731,2025-07-18
C106052,Customer_106052,42,Male,Mumbai,Maharashtra,Salaried,859000.0,647,2023-05-24
C106053,Customer_106053,53,Other,Chennai,Tamil Nadu,Business Owner,735000.0,691,2017-10-09
C106054,Customer_106054,38,Female,Hyderabad,Telangana,Salaried,1540000.0,701,2019-09-16
C106055,Customer_106055,61,Male,Noida,Uttar Pradesh,Salaried,809000.0,776,2023-08-27
C106056,Customer_106056,53,Female,Noida,Uttar Pradesh,Salaried,904000.0,725,2019-07-21
C106057,Customer_106057,35,Female,Delhi,Delhi,Business Owner,954000.0,697,2021-06-06
C106058,Customer_106058,64,Female,Ahmedabad,Gujarat,Salaried,721000.0,850,2018-01-11
C106059,Customer_106059,59,Female,Ahmedabad,Gujarat,Professional,562000.0,669,2025-01-15
C106060,Customer_106060,47,Male,Chennai,Tamil Nadu,Salaried,1034000.0,746,2017-06-28
C106061,Customer_106061,21,Male,Pune,Maharashtra,Salaried,1037000.0,771,2017-11-24
C106062,Customer_106062,47,Male,Gurugram,Haryana,Salaried,1683000.0,738,2019-02-23
C106063,Customer_106063,52,Female,Chennai,Tamil Nadu,Salaried,1147000.0,669,2020-05-27
C106064,Customer_106064,37,Male,Delhi,Delhi,Salaried,1154000.0,666,2020-09-10
C106065,Customer_106065,27,Male,Chennai,Tamil Nadu,Salaried,1137000.0,768,2023-06-10
C106066,Customer_106066,46,Female,Hyderabad,Telangana,Salaried,574000.0,795,2023-03-02
C106067,Customer_106067,57,Male,Chennai,Tamil Nadu,Salaried,347000.0,724,2017-01-14
C106068,Customer_106068,35,Female,Bengaluru,Karnataka,Business Owner,449000.0,642,2017-12-11
C106069,Customer_106069,41,Male,Mumbai,Maharashtra,Salaried,1125000.0,728,2019-12-17
C106070,Customer_106070,21,Male,Lucknow,Uttar Pradesh,Business Owner,1419000.0,826,2020-05-29
C106071,Customer_106071,52,Male,Mumbai,Maharashtra,Professional,1144000.0,662,2024-03-11
C106072,Customer_106072,59,Male,Jaipur,Rajasthan,Self-Employed,783000.0,707,2026-03-29
C106073,Customer_106073,55,Male,Jaipur,Rajasthan,Salaried,1521000.0,731,2019-05-05
C106074,Customer_106074,40,Male,Ahmedabad,Gujarat,Self-Employed,673000.0,798,2023-05-05
C106075,Customer_106075,23,Female,Noida,Uttar Pradesh,Business Owner,391000.0,693,2019-07-23
C106076,Customer_106076,43,Male,Delhi,Delhi,Salaried,951000.0,759,2026-04-21
C106077,Customer_106077,63,Male,Hyderabad,Telangana,Salaried,1367000.0,818,2022-10-19
C106078,Customer_106078,24,Male,Bengaluru,Karnataka,Salaried,512000.0,631,2017-09-27
C106079,Customer_106079,30,Male,Kolkata,West Bengal,Salaried,250000.0,642,2017-11-14
C106080,Customer_106080,58,Male,Ahmedabad,Gujarat,Salaried,865000.0,721,2020-10-08
C106081,Customer_106081,46,Male,Noida,Uttar Pradesh,Salaried,1159000.0,791,2021-02-18
C106082,Customer_106082,28,Female,Chennai,Tamil Nadu,Self-Employed,250000.0,749,2019-02-22
C106083,Customer_106083,22,Female,Bengaluru,Karnataka,Salaried,1241000.0,797,2017-10-01
C106084,Customer_106084,39,Female,Lucknow,Uttar Pradesh,Salaried,303000.0,617,2025-10-07
C106085,Customer_106085,47,Female,Jaipur,Rajasthan,Professional,1140000.0,750,2023-05-25
C106086,Customer_106086,58,Female,Gurugram,Haryana,Salaried,250000.0,542,2025-06-05
C106087,Customer_106087,60,Male,Pune,Maharashtra,Salaried,260000.0,813,2019-09-03
C106088,Customer_106088,41,Male,Pune,Maharashtra,Salaried,1097000.0,804,2022-04-19
C106089,Customer_106089,40,Female,Chennai,Tamil Nadu,Salaried,1336000.0,706,2022-12-03
C106090,Customer_106090,62,Male,Jaipur,Rajasthan,Salaried,846000.0,577,2019-11-11
C106091,Customer_106091,55,Male,Bengaluru,Karnataka,Salaried,1808000.0,714,2022-12-31
C106092,Customer_106092,30,Female,Lucknow,Uttar Pradesh,Professional,441000.0,800,2022-01-27
C106093,Customer_106093,51,Male,Bengaluru,Karnataka,Professional,436000.0,754,2024-12-23
C106094,Customer_106094,53,Male,Pune,Maharashtra,Salaried,729000.0,847,2025-02-09
C106095,Customer_106095,31,Female,Hyderabad,Telangana,Business Owner,710000.0,708,2025-08-23
C106096,Customer_106096,65,Male,Ahmedabad,Gujarat,Self-Employed,963000.0,850,2022-05-06
C106097,Customer_106097,34,Male,Jaipur,Rajasthan,Business Owner,553000.0,596,2017-07-09
C106098,Customer_106098,45,Male,Lucknow,Uttar Pradesh,Salaried,1077000.0,678,2024-02-15
C106099,Customer_106099,43,Male,Gurugram,Haryana,Self-Employed,1067000.0,643,2020-11-04
C106100,Customer_106100,52,Female,Bengaluru,Karnataka,Salaried,1495000.0,775,2023-05-28
C106101,Customer_106101,61,Female,Bengaluru,Karnataka,Salaried,654000.0,648,2023-03-19
C106102,Customer_106102,38,Male,Noida,Uttar Pradesh,Professional,985000.0,793,2017-11-28
C106103,Customer_106103,38,Male,Pune,Maharashtra,Salaried,1092000.0,772,2018-10-14
C106104,Customer_106104,54,Male,Mumbai,Maharashtra,Salaried,847000.0,739,2024-01-21
C106105,Customer_106105,63,Female,Gurugram,Haryana,Salaried,765000.0,720,2022-03-05
C106106,Customer_106106,61,Male,Ahmedabad,Gujarat,Professional,250000.0,659,2018-12-11
C106107,Customer_106107,54,Male,Delhi,Delhi,Salaried,883000.0,766,2024-12-07
C106108,Customer_106108,52,Female,Gurugram,Haryana,Salaried,1088000.0,694,2025-02-07
C106109,Customer_106109,55,Female,Ahmedabad,Gujarat,Self-Employed,827000.0,777,2019-01-28
C106110,Customer_106110,63,Female,Ahmedabad,Gujarat,Salaried,537000.0,824,2019-11-19
C106111,Customer_106111,21,Female,Noida,Uttar Pradesh,Salaried,250000.0,707,2018-10-21
C106112,Customer_106112,47,Female,Pune,Maharashtra,Self-Employed,1031000.0,812,2022-04-03
C106113,Customer_106113,22,Female,Pune,Maharashtra,Professional,863000.0,739,2024-02-25
C106114,Customer_106114,46,Female,Ahmedabad,Gujarat,Business Owner,1406000.0,765,2019-08-30
C106115,Customer_106115,38,Male,Bengaluru,Karnataka,Salaried,270000.0,641,2017-03-03
C106116,Customer_106116,34,Male,Mumbai,Maharashtra,Salaried,662000.0,682,2017-01-29
C106117,Customer_106117,61,Male,Noida,Uttar Pradesh,Business Owner,321000.0,681,2019-06-15
C106118,Customer_106118,52,Other,Bengaluru,Karnataka,Salaried,1260000.0,814,2024-04-06
C106119,Customer_106119,46,Female,Kolkata,West Bengal,Business Owner,1346000.0,704,2020-05-17
C106120,Customer_106120,60,Female,Hyderabad,Telangana,Salaried,1619000.0,767,2023-08-28
C106121,Customer_106121,25,Male,Bengaluru,Karnataka,Professional,1059000.0,722,2025-06-11
C106122,Customer_106122,50,Female,Ahmedabad,Gujarat,Salaried,1166000.0,703,2025-08-07
C106123,Customer_106123,28,Male,Gurugram,Haryana,Professional,1024000.0,631,2019-11-22
C106124,Customer_106124,31,Male,Pune,Maharashtra,Salaried,1079000.0,603,2022-05-01
C106125,Customer_106125,29,Female,Mumbai,Maharashtra,Self-Employed,870000.0,705,2023-10-13
C106126,Customer_106126,45,Female,Bengaluru,Karnataka,Salaried,1098000.0,708,2018-10-02
C106127,Customer_106127,49,Female,Mumbai,Maharashtra,Salaried,1706000.0,669,2023-06-24
C106128,Customer_106128,55,Male,Noida,Uttar Pradesh,Salaried,937000.0,736,2018-08-04
C106129,Customer_106129,40,Male,Hyderabad,Telangana,Salaried,860000.0,850,2022-04-06
C106130,Customer_106130,63,Male,Chennai,Tamil Nadu,Salaried,929000.0,824,2020-08-16
C106131,Customer_106131,37,Male,Delhi,Delhi,Salaried,790000.0,726,2020-07-25
C106132,Customer_106132,28,Female,Pune,Maharashtra,Professional,949000.0,728,2020-01-30
C106133,Customer_106133,22,Male,Noida,Uttar Pradesh,Business Owner,777000.0,766,2021-07-22
C106134,Customer_106134,26,Male,Chennai,Tamil Nadu,Business Owner,1308000.0,740,2020-10-19
C106135,Customer_106135,41,Male,Ahmedabad,Gujarat,Salaried,1268000.0,766,2019-06-06
C106136,Customer_106136,39,Female,Bengaluru,Karnataka,Salaried,1716000.0,742,2019-02-04
C106137,Customer_106137,59,Female,Mumbai,Maharashtra,Salaried,841000.0,730,2021-07-15
C106138,Customer_106138,26,Male,Jaipur,Rajasthan,Salaried,965000.0,682,2026-03-16
C106139,Customer_106139,32,Male,Delhi,Delhi,Self-Employed,949000.0,747,2023-01-22
C106140,Customer_106140,65,Female,Pune,Maharashtra,Business Owner,930000.0,576,2017-10-19
C106141,Customer_106141,22,Female,Hyderabad,Telangana,Salaried,1302000.0,740,2017-09-03
C106142,Customer_106142,40,Male,Delhi,Delhi,Salaried,250000.0,589,2023-11-19
C106143,Customer_106143,29,Male,Kolkata,West Bengal,Salaried,1034000.0,740,2022-01-31
C106144,Customer_106144,45,Other,Lucknow,Uttar Pradesh,Salaried,1648000.0,659,2022-04-14
C106145,Customer_106145,64,Female,Delhi,Delhi,Salaried,1395000.0,806,2020-06-18
C106146,Customer_106146,31,Male,Gurugram,Haryana,Salaried,1349000.0,729,2022-03-05
C106147,Customer_106147,37,Male,Kolkata,West Bengal,Salaried,1187000.0,723,2022-06-15
C106148,Customer_106148,41,Male,Jaipur,Rajasthan,Salaried,612000.0,749,2022-09-17
C106149,Customer_106149,56,Male,Mumbai,Maharashtra,Self-Employed,550000.0,667,2025-10-13
C106150,Customer_106150,65,Male,Noida,Uttar Pradesh,Professional,553000.0,796,2025-06-01
C106151,Customer_106151,25,Male,Delhi,Delhi,Salaried,395000.0,768,2024-10-11
C106152,Customer_106152,42,Male,Noida,Uttar Pradesh,Salaried,1229000.0,687,2023-04-15
C106153,Customer_106153,54,Male,Ahmedabad,Gujarat,Salaried,1437000.0,654,2023-05-22
C106154,Customer_106154,21,Male,Chennai,Tamil Nadu,Business Owner,1024000.0,696,2019-07-10
C106155,Customer_106155,57,Male,Delhi,Delhi,Salaried,1172000.0,713,2025-01-15
C106156,Customer_106156,31,Female,Ahmedabad,Gujarat,Self-Employed,967000.0,649,2019-07-05
C106157,Customer_106157,44,Male,Mumbai,Maharashtra,Salaried,1078000.0,690,2018-02-25
C106158,Customer_106158,65,Female,Ahmedabad,Gujarat,Professional,250000.0,682,2024-09-16
C106159,Customer_106159,49,Female,Gurugram,Haryana,Salaried,976000.0,707,2020-11-05
C106160,Customer_106160,65,Female,Hyderabad,Telangana,Salaried,680000.0,707,2021-06-14
C106161,Customer_106161,48,Male,Bengaluru,Karnataka,Salaried,834000.0,752,2022-11-13
C106162,Customer_106162,30,Male,Bengaluru,Karnataka,Salaried,940000.0,722,2023-07-25
C106163,Customer_106163,52,Female,Bengaluru,Karnataka,Salaried,564000.0,746,2017-09-29
C106164,Customer_106164,48,Male,Mumbai,Maharashtra,Professional,420000.0,736,2020-07-02
C106165,Customer_106165,34,Male,Bengaluru,Karnataka,Self-Employed,552000.0,707,2024-04-25
C106166,Customer_106166,24,Male,Ahmedabad,Gujarat,Professional,271000.0,764,2023-11-15
C106167,Customer_106167,50,Female,Hyderabad,Telangana,Professional,388000.0,542,2022-11-10
C106168,Customer_106168,46,Female,Gurugram,Haryana,Salaried,443000.0,697,2020-12-12
C106169,Customer_106169,55,Male,Gurugram,Haryana,Professional,276000.0,683,2020-04-21
C106170,Customer_106170,26,Female,Gurugram,Haryana,Business Owner,1062000.0,728,2021-08-04
C106171,Customer_106171,45,Female,Kolkata,West Bengal,Salaried,490000.0,679,2018-09-10
C106172,Customer_106172,57,Male,Hyderabad,Telangana,Self-Employed,250000.0,756,2025-08-23
C106173,Customer_106173,61,Male,Lucknow,Uttar Pradesh,Professional,689000.0,767,2018-10-05
C106174,Customer_106174,63,Male,Bengaluru,Karnataka,Business Owner,405000.0,630,2021-08-10
C106175,Customer_106175,30,Female,Pune,Maharashtra,Self-Employed,1434000.0,735,2024-01-18
C106176,Customer_106176,28,Female,Pune,Maharashtra,Salaried,903000.0,637,2019-02-04
C106177,Customer_106177,46,Female,Jaipur,Rajasthan,Business Owner,262000.0,751,2026-03-14
C106178,Customer_106178,41,Female,Kolkata,West Bengal,Salaried,1077000.0,690,2021-12-12
C106179,Customer_106179,31,Male,Gurugram,Haryana,Self-Employed,884000.0,668,2018-06-21
C106180,Customer_106180,25,Female,Lucknow,Uttar Pradesh,Self-Employed,755000.0,609,2017-01-30
C106181,Customer_106181,27,Female,Chennai,Tamil Nadu,Salaried,1480000.0,714,2019-11-26
C106182,Customer_106182,36,Female,Noida,Uttar Pradesh,Salaried,460000.0,645,2019-08-07
C106183,Customer_106183,54,Male,Bengaluru,Karnataka,Self-Employed,1264000.0,624,2017-06-19
C106184,Customer_106184,23,Male,Noida,Uttar Pradesh,Salaried,686000.0,732,2022-08-17
C106185,Customer_106185,25,Male,Bengaluru,Karnataka,Salaried,843000.0,783,2021-10-25
C106186,Customer_106186,32,Male,Noida,Uttar Pradesh,Salaried,550000.0,746,2017-08-30
C106187,Customer_106187,60,Female,Chennai,Tamil Nadu,Self-Employed,576000.0,627,2024-09-22
C106188,Customer_106188,65,Female,Lucknow,Uttar Pradesh,Salaried,676000.0,711,2021-03-29
C106189,Customer_106189,40,Female,Mumbai,Maharashtra,Salaried,250000.0,764,2022-06-26
C106190,Customer_106190,23,Male,Pune,Maharashtra,Professional,989000.0,711,2022-07-30
C106191,Customer_106191,21,Male,Noida,Uttar Pradesh,Salaried,896000.0,741,2024-10-19
C106192,Customer_106192,59,Male,Delhi,Delhi,Professional,251000.0,692,2019-02-10
C106193,Customer_106193,41,Other,Hyderabad,Telangana,Salaried,1114000.0,695,2017-05-23
C106194,Customer_106194,24,Female,Mumbai,Maharashtra,Salaried,1433000.0,677,2019-01-11
C106195,Customer_106195,58,Male,Hyderabad,Telangana,Business Owner,584000.0,760,2023-05-05
C106196,Customer_106196,44,Female,Chennai,Tamil Nadu,Salaried,536000.0,764,2023-03-24
C106197,Customer_106197,36,Female,Ahmedabad,Gujarat,Professional,1295000.0,684,2019-11-23
C106198,Customer_106198,41,Male,Hyderabad,Telangana,Salaried,1011000.0,769,2026-01-26
C106199,Customer_106199,31,Male,Mumbai,Maharashtra,Business Owner,796000.0,627,2023-06-07
C106200,Customer_106200,62,Male,Bengaluru,Karnataka,Salaried,1176000.0,709,2019-11-11
C106201,Customer_106201,56,Male,Lucknow,Uttar Pradesh,Business Owner,960000.0,632,2026-03-02
C106202,Customer_106202,29,Female,Lucknow,Uttar Pradesh,Salaried,1421000.0,646,2018-12-08
C106203,Customer_106203,54,Male,Bengaluru,Karnataka,Self-Employed,843000.0,631,2017-04-13
C106204,Customer_106204,29,Female,Bengaluru,Karnataka,Salaried,1021000.0,677,2026-02-28
C106205,Customer_106205,41,Female,Delhi,Delhi,Business Owner,1289000.0,760,2021-01-27
C106206,Customer_106206,54,Female,Lucknow,Uttar Pradesh,Salaried,250000.0,715,2024-10-08
C106207,Customer_106207,22,Female,Jaipur,Rajasthan,Salaried,1304000.0,682,2024-12-29
C106208,Customer_106208,53,Male,Gurugram,Haryana,Self-Employed,648000.0,709,2025-09-18
C106209,Customer_106209,31,Female,Hyderabad,Telangana,Salaried,1050000.0,586,2024-01-28
C106210,Customer_106210,52,Male,Ahmedabad,Gujarat,Business Owner,1516000.0,757,2017-06-06
C106211,Customer_106211,43,Female,Delhi,Delhi,Self-Employed,728000.0,574,2022-01-27
C106212,Customer_106212,22,Male,Jaipur,Rajasthan,Salaried,668000.0,674,2025-09-10
C106213,Customer_106213,55,Male,Kolkata,West Bengal,Business Owner,828000.0,715,2024-02-15
C106214,Customer_106214,32,Male,Hyderabad,Telangana,Salaried,269000.0,749,2024-10-21
C106215,Customer_106215,63,Female,Jaipur,Rajasthan,Self-Employed,1730000.0,736,2024-04-29
C106216,Customer_106216,58,Female,Ahmedabad,Gujarat,Salaried,833000.0,717,2019-10-16
C106217,Customer_106217,29,Female,Pune,Maharashtra,Salaried,1508000.0,815,2024-03-22
C106218,Customer_106218,48,Male,Bengaluru,Karnataka,Business Owner,717000.0,850,2022-10-24
C106219,Customer_106219,37,Female,Delhi,Delhi,Professional,864000.0,720,2022-05-27
C106220,Customer_106220,48,Female,Lucknow,Uttar Pradesh,Professional,1228000.0,713,2018-08-09
C106221,Customer_106221,46,Male,Hyderabad,Telangana,Self-Employed,409000.0,710,2018-01-04
C106222,Customer_106222,34,Female,Hyderabad,Telangana,Salaried,809000.0,680,2020-11-21
C106223,Customer_106223,50,Female,Jaipur,Rajasthan,Salaried,1213000.0,744,2019-04-21
C106224,Customer_106224,32,Female,Hyderabad,Telangana,Salaried,765000.0,803,2022-08-11
C106225,Customer_106225,61,Male,Chennai,Tamil Nadu,Self-Employed,657000.0,558,2019-12-08
C106226,Customer_106226,63,Male,Jaipur,Rajasthan,Salaried,1296000.0,709,2018-01-11
C106227,Customer_106227,28,Other,Ahmedabad,Gujarat,Professional,1410000.0,817,2017-04-26
C106228,Customer_106228,53,Female,Ahmedabad,Gujarat,Salaried,1474000.0,746,2025-12-31
C106229,Customer_106229,62,Male,Delhi,Delhi,Salaried,580000.0,747,2018-01-02
C106230,Customer_106230,26,Female,Pune,Maharashtra,Business Owner,618000.0,616,2025-08-26
C106231,Customer_106231,54,Male,Pune,Maharashtra,Salaried,661000.0,766,2022-03-21
C106232,Customer_106232,63,Female,Ahmedabad,Gujarat,Salaried,1137000.0,786,2025-01-28
C106233,Customer_106233,31,Male,Mumbai,Maharashtra,Salaried,371000.0,733,2025-06-25
C106234,Customer_106234,47,Male,Mumbai,Maharashtra,Professional,394000.0,677,2018-03-14
C106235,Customer_106235,56,Other,Gurugram,Haryana,Salaried,564000.0,749,2022-01-16
C106236,Customer_106236,36,Male,Jaipur,Rajasthan,Salaried,475000.0,653,2023-03-26
C106237,Customer_106237,31,Female,Gurugram,Haryana,Salaried,1204000.0,644,2022-11-16
C106238,Customer_106238,38,Male,Hyderabad,Telangana,Self-Employed,1177000.0,772,2025-04-16
C106239,Customer_106239,36,Male,Lucknow,Uttar Pradesh,Salaried,657000.0,791,2018-07-27
C106240,Customer_106240,53,Female,Hyderabad,Telangana,Self-Employed,772000.0,672,2018-04-13
C106241,Customer_106241,37,Female,Ahmedabad,Gujarat,Salaried,250000.0,644,2024-10-07
C106242,Customer_106242,37,Female,Mumbai,Maharashtra,Professional,667000.0,663,2023-01-10
C106243,Customer_106243,63,Female,Lucknow,Uttar Pradesh,Self-Employed,1348000.0,733,2025-07-20
C106244,Customer_106244,47,Male,Hyderabad,Telangana,Self-Employed,645000.0,644,2018-11-26
C106245,Customer_106245,62,Male,Gurugram,Haryana,Salaried,413000.0,803,2017-07-12
C106246,Customer_106246,52,Male,Hyderabad,Telangana,Salaried,1400000.0,690,2023-06-04
C106247,Customer_106247,60,Female,Gurugram,Haryana,Salaried,404000.0,744,2024-01-21
C106248,Customer_106248,29,Male,Pune,Maharashtra,Salaried,1468000.0,672,2023-01-11
C106249,Customer_106249,63,Male,Delhi,Delhi,Salaried,2005000.0,758,2017-06-14
C106250,Customer_106250,63,Female,Bengaluru,Karnataka,Salaried,806000.0,763,2025-02-11
C106251,Customer_106251,22,Male,Jaipur,Rajasthan,Salaried,1348000.0,611,2019-05-11
C106252,Customer_106252,37,Female,Bengaluru,Karnataka,Salaried,250000.0,676,2021-07-10
C106253,Customer_106253,39,Male,Hyderabad,Telangana,Salaried,250000.0,710,2017-03-20
C106254,Customer_106254,39,Male,Kolkata,West Bengal,Salaried,531000.0,686,2024-01-25
C106255,Customer_106255,56,Male,Hyderabad,Telangana,Business Owner,1179000.0,777,2024-08-09
C106256,Customer_106256,52,Male,Mumbai,Maharashtra,Salaried,851000.0,681,2018-10-15
C106257,Customer_106257,30,Female,Ahmedabad,Gujarat,Business Owner,775000.0,766,2017-09-23
C106258,Customer_106258,48,Male,Jaipur,Rajasthan,Salaried,334000.0,752,2022-12-25
C106259,Customer_106259,64,Female,Jaipur,Rajasthan,Professional,799000.0,713,2022-02-28
C106260,Customer_106260,40,Female,Lucknow,Uttar Pradesh,Salaried,593000.0,769,2025-03-01
C106261,Customer_106261,62,Male,Mumbai,Maharashtra,Salaried,481000.0,620,2019-09-25
C106262,Customer_106262,50,Female,Pune,Maharashtra,Self-Employed,447000.0,716,2023-09-25
C106263,Customer_106263,62,Female,Bengaluru,Karnataka,Salaried,927000.0,670,2024-11-22
C106264,Customer_106264,61,Male,Noida,Uttar Pradesh,Salaried,562000.0,713,2025-03-07
C106265,Customer_106265,21,Female,Kolkata,West Bengal,Salaried,847000.0,689,2017-10-15
C106266,Customer_106266,57,Male,Mumbai,Maharashtra,Professional,250000.0,724,2022-11-12
C106267,Customer_106267,29,Female,Jaipur,Rajasthan,Professional,1051000.0,721,2020-03-18
C106268,Customer_106268,58,Male,Delhi,Delhi,Salaried,946000.0,729,2022-02-18
C106269,Customer_106269,57,Female,Hyderabad,Telangana,Business Owner,757000.0,732,2023-03-31
C106270,Customer_106270,32,Female,Jaipur,Rajasthan,Salaried,915000.0,757,2025-07-09
C106271,Customer_106271,23,Female,Kolkata,West Bengal,Salaried,1224000.0,638,2021-05-16
C106272,Customer_106272,39,Other,Gurugram,Haryana,Salaried,270000.0,753,2020-01-05
C106273,Customer_106273,34,Male,Kolkata,West Bengal,Salaried,877000.0,622,2018-10-14
C106274,Customer_106274,45,Female,Noida,Uttar Pradesh,Professional,328000.0,538,2023-12-20
C106275,Customer_106275,24,Male,Kolkata,West Bengal,Business Owner,885000.0,848,2020-03-02
C106276,Customer_106276,22,Male,Delhi,Delhi,Professional,746000.0,659,2023-06-15
C106277,Customer_106277,40,Male,Delhi,Delhi,Self-Employed,840000.0,691,2019-06-29
C106278,Customer_106278,55,Female,Gurugram,Haryana,Salaried,1189000.0,599,2024-07-31
C106279,Customer_106279,35,Female,Delhi,Delhi,Business Owner,1177000.0,690,2023-03-21
C106280,Customer_106280,35,Male,Chennai,Tamil Nadu,Salaried,1285000.0,733,2021-08-19
C106281,Customer_106281,28,Other,Delhi,Delhi,Professional,691000.0,736,2026-03-17
C106282,Customer_106282,33,Female,Hyderabad,Telangana,Salaried,1131000.0,642,2021-08-06
C106283,Customer_106283,34,Male,Ahmedabad,Gujarat,Business Owner,1053000.0,691,2022-01-12
C106284,Customer_106284,32,Male,Bengaluru,Karnataka,Self-Employed,702000.0,744,2017-04-27
C106285,Customer_106285,36,Female,Pune,Maharashtra,Salaried,897000.0,736,2023-01-13
C106286,Customer_106286,33,Female,Lucknow,Uttar Pradesh,Salaried,797000.0,728,2025-09-02
C106287,Customer_106287,51,Male,Delhi,Delhi,Salaried,1408000.0,769,2022-06-02
C106288,Customer_106288,36,Female,Delhi,Delhi,Salaried,1174000.0,713,2020-08-09
C106289,Customer_106289,54,Male,Hyderabad,Telangana,Professional,716000.0,810,2023-01-09
C106290,Customer_106290,48,Male,Gurugram,Haryana,Salaried,688000.0,701,2022-02-20
C106291,Customer_106291,49,Male,Chennai,Tamil Nadu,Salaried,1233000.0,765,2018-12-23
C106292,Customer_106292,47,Male,Ahmedabad,Gujarat,Salaried,1386000.0,767,2018-11-05
C106293,Customer_106293,62,Male,Delhi,Delhi,Salaried,976000.0,613,2025-05-09
C106294,Customer_106294,32,Female,Jaipur,Rajasthan,Salaried,1113000.0,749,2022-09-27
C106295,Customer_106295,65,Male,Delhi,Delhi,Professional,1371000.0,678,2025-04-04
C106296,Customer_106296,30,Male,Jaipur,Rajasthan,Self-Employed,780000.0,654,2020-03-22
C106297,Customer_106297,27,Male,Mumbai,Maharashtra,Professional,883000.0,692,2025-11-23
C106298,Customer_106298,58,Female,Noida,Uttar Pradesh,Salaried,1045000.0,731,2022-06-13
C106299,Customer_106299,61,Male,Hyderabad,Telangana,Salaried,678000.0,618,2025-01-24
C106300,Customer_106300,25,Male,Bengaluru,Karnataka,Salaried,1530000.0,722,2023-11-06
C106301,Customer_106301,47,Male,Chennai,Tamil Nadu,Salaried,675000.0,706,2025-08-21
C106302,Customer_106302,44,Female,Delhi,Delhi,Salaried,875000.0,787,2022-09-05
C106303,Customer_106303,30,Male,Mumbai,Maharashtra,Salaried,1617000.0,679,2024-03-04
C106304,Customer_106304,44,Male,Ahmedabad,Gujarat,Self-Employed,250000.0,797,2017-04-15
C106305,Customer_106305,51,Female,Hyderabad,Telangana,Salaried,936000.0,745,2021-12-28
C106306,Customer_106306,46,Female,Chennai,Tamil Nadu,Self-Employed,586000.0,718,2024-07-03
C106307,Customer_106307,44,Female,Gurugram,Haryana,Self-Employed,850000.0,803,2024-08-13
C106308,Customer_106308,60,Male,Mumbai,Maharashtra,Self-Employed,368000.0,845,2022-03-22
C106309,Customer_106309,31,Female,Chennai,Tamil Nadu,Salaried,702000.0,706,2025-10-19
C106310,Customer_106310,49,Female,Bengaluru,Karnataka,Self-Employed,860000.0,672,2019-03-22
C106311,Customer_106311,35,Female,Pune,Maharashtra,Salaried,945000.0,748,2024-05-24
C106312,Customer_106312,64,Female,Hyderabad,Telangana,Salaried,1208000.0,628,2020-01-06
C106313,Customer_106313,32,Female,Delhi,Delhi,Salaried,250000.0,635,2019-05-30
C106314,Customer_106314,60,Female,Delhi,Delhi,Salaried,800000.0,805,2024-07-20
C106315,Customer_106315,49,Male,Noida,Uttar Pradesh,Salaried,780000.0,757,2024-07-05
C106316,Customer_106316,30,Other,Delhi,Delhi,Business Owner,824000.0,664,2025-09-19
C106317,Customer_106317,55,Female,Gurugram,Haryana,Business Owner,863000.0,850,2020-12-26
C106318,Customer_106318,31,Female,Noida,Uttar Pradesh,Salaried,518000.0,630,2024-07-28
C106319,Customer_106319,32,Male,Pune,Maharashtra,Salaried,250000.0,760,2024-02-27
C106320,Customer_106320,36,Male,Hyderabad,Telangana,Salaried,937000.0,668,2025-04-02
C106321,Customer_106321,51,Female,Gurugram,Haryana,Professional,452000.0,836,2019-11-30
C106322,Customer_106322,38,Female,Lucknow,Uttar Pradesh,Salaried,1011000.0,685,2021-07-24
C106323,Customer_106323,46,Male,Mumbai,Maharashtra,Salaried,475000.0,702,2023-08-03
C106324,Customer_106324,45,Female,Lucknow,Uttar Pradesh,Salaried,1127000.0,602,2020-11-17
C106325,Customer_106325,29,Male,Lucknow,Uttar Pradesh,Business Owner,828000.0,850,2026-04-20
C106326,Customer_106326,31,Male,Mumbai,Maharashtra,Salaried,856000.0,680,2024-08-16
C106327,Customer_106327,34,Female,Delhi,Delhi,Salaried,751000.0,751,2017-03-14
C106328,Customer_106328,31,Female,Jaipur,Rajasthan,Salaried,687000.0,720,2020-09-03
C106329,Customer_106329,62,Male,Delhi,Delhi,Self-Employed,757000.0,684,2021-12-31
C106330,Customer_106330,38,Male,Ahmedabad,Gujarat,Salaried,1323000.0,575,2023-07-28
C106331,Customer_106331,39,Male,Delhi,Delhi,Professional,250000.0,705,2022-01-09
C106332,Customer_106332,51,Female,Jaipur,Rajasthan,Professional,591000.0,702,2022-09-16
C106333,Customer_106333,56,Female,Bengaluru,Karnataka,Salaried,1273000.0,741,2022-06-10
C106334,Customer_106334,51,Female,Mumbai,Maharashtra,Professional,1178000.0,850,2018-06-04
C106335,Customer_106335,45,Female,Delhi,Delhi,Business Owner,1387000.0,762,2020-04-23
C106336,Customer_106336,64,Male,Bengaluru,Karnataka,Salaried,826000.0,776,2019-11-16
C106337,Customer_106337,61,Male,Kolkata,West Bengal,Business Owner,323000.0,700,2020-06-14
C106338,Customer_106338,30,Female,Delhi,Delhi,Salaried,407000.0,635,2018-12-24
C106339,Customer_106339,28,Male,Gurugram,Haryana,Salaried,731000.0,702,2025-11-24
C106340,Customer_106340,38,Male,Ahmedabad,Gujarat,Salaried,1154000.0,672,2018-03-03
C106341,Customer_106341,58,Female,Hyderabad,Telangana,Business Owner,748000.0,717,2020-02-05
C106342,Customer_106342,64,Female,Lucknow,Uttar Pradesh,Professional,717000.0,688,2020-11-29
C106343,Customer_106343,52,Male,Ahmedabad,Gujarat,Salaried,1009000.0,611,2022-10-18
C106344,Customer_106344,52,Male,Jaipur,Rajasthan,Self-Employed,861000.0,802,2018-11-06
C106345,Customer_106345,31,Female,Bengaluru,Karnataka,Self-Employed,674000.0,711,2023-08-05
C106346,Customer_106346,47,Male,Jaipur,Rajasthan,Professional,449000.0,699,2017-08-31
C106347,Customer_106347,29,Male,Kolkata,West Bengal,Salaried,1229000.0,648,2017-07-18
C106348,Customer_106348,45,Female,Lucknow,Uttar Pradesh,Salaried,1269000.0,689,2018-12-05
C106349,Customer_106349,29,Other,Pune,Maharashtra,Salaried,427000.0,664,2019-01-20
C106350,Customer_106350,24,Male,Jaipur,Rajasthan,Salaried,689000.0,642,2022-10-06
C106351,Customer_106351,64,Male,Chennai,Tamil Nadu,Salaried,1117000.0,731,2024-07-04
C106352,Customer_106352,61,Male,Delhi,Delhi,Salaried,395000.0,690,2024-07-11
C106353,Customer_106353,51,Male,Mumbai,Maharashtra,Salaried,996000.0,769,2018-09-06
C106354,Customer_106354,49,Female,Noida,Uttar Pradesh,Professional,719000.0,697,2021-04-23
C106355,Customer_106355,31,Female,Jaipur,Rajasthan,Salaried,363000.0,727,2018-08-13
C106356,Customer_106356,46,Male,Chennai,Tamil Nadu,Salaried,1561000.0,726,2022-09-03
C106357,Customer_106357,54,Female,Jaipur,Rajasthan,Business Owner,713000.0,745,2019-05-06
C106358,Customer_106358,45,Male,Delhi,Delhi,Salaried,1060000.0,665,2023-01-21
C106359,Customer_106359,33,Female,Delhi,Delhi,Self-Employed,402000.0,778,2024-03-16
C106360,Customer_106360,38,Female,Kolkata,West Bengal,Business Owner,1471000.0,643,2023-01-24
C106361,Customer_106361,58,Male,Ahmedabad,Gujarat,Salaried,1629000.0,723,2017-01-28
C106362,Customer_106362,32,Male,Lucknow,Uttar Pradesh,Salaried,250000.0,642,2026-03-10
C106363,Customer_106363,64,Female,Gurugram,Haryana,Salaried,784000.0,712,2021-03-22
C106364,Customer_106364,54,Male,Hyderabad,Telangana,Salaried,1381000.0,778,2022-09-02
C106365,Customer_106365,61,Male,Gurugram,Haryana,Self-Employed,663000.0,756,2023-05-23
C106366,Customer_106366,43,Male,Pune,Maharashtra,Salaried,1014000.0,789,2022-02-01
C106367,Customer_106367,31,Male,Gurugram,Haryana,Salaried,250000.0,700,2025-11-28
C106368,Customer_106368,22,Male,Bengaluru,Karnataka,Salaried,535000.0,779,2025-01-25
C106369,Customer_106369,45,Male,Delhi,Delhi,Salaried,972000.0,675,2023-02-12
C106370,Customer_106370,38,Male,Delhi,Delhi,Salaried,614000.0,690,2022-10-13
C106371,Customer_106371,26,Male,Lucknow,Uttar Pradesh,Salaried,706000.0,728,2020-04-03
C106372,Customer_106372,62,Female,Delhi,Delhi,Salaried,250000.0,775,2021-04-07
C106373,Customer_106373,64,Female,Lucknow,Uttar Pradesh,Self-Employed,1112000.0,684,2017-01-20
C106374,Customer_106374,37,Female,Jaipur,Rajasthan,Professional,314000.0,765,2023-11-30
C106375,Customer_106375,51,Female,Mumbai,Maharashtra,Business Owner,1466000.0,735,2018-03-23
C106376,Customer_106376,39,Female,Noida,Uttar Pradesh,Salaried,577000.0,742,2019-02-02
C106377,Customer_106377,43,Male,Mumbai,Maharashtra,Salaried,1170000.0,664,2022-05-14
C106378,Customer_106378,49,Male,Mumbai,Maharashtra,Self-Employed,1131000.0,695,2023-04-06
C106379,Customer_106379,39,Male,Kolkata,West Bengal,Self-Employed,456000.0,714,2017-04-24
C106380,Customer_106380,57,Male,Hyderabad,Telangana,Professional,620000.0,742,2024-02-22
C106381,Customer_106381,29,Other,Hyderabad,Telangana,Salaried,667000.0,668,2018-04-17
C106382,Customer_106382,51,Male,Bengaluru,Karnataka,Salaried,694000.0,636,2022-12-12
C106383,Customer_106383,65,Female,Ahmedabad,Gujarat,Salaried,331000.0,581,2024-04-02
C106384,Customer_106384,59,Male,Delhi,Delhi,Professional,1064000.0,768,2018-10-01
C106385,Customer_106385,23,Male,Bengaluru,Karnataka,Self-Employed,575000.0,781,2020-09-20
C106386,Customer_106386,26,Male,Kolkata,West Bengal,Professional,804000.0,589,2021-10-18
C106387,Customer_106387,49,Male,Pune,Maharashtra,Self-Employed,1253000.0,725,2022-02-16
C106388,Customer_106388,62,Male,Jaipur,Rajasthan,Professional,1079000.0,695,2024-07-16
C106389,Customer_106389,58,Female,Bengaluru,Karnataka,Salaried,601000.0,799,2025-11-20
C106390,Customer_106390,61,Male,Ahmedabad,Gujarat,Professional,1266000.0,706,2020-10-01
C106391,Customer_106391,27,Female,Gurugram,Haryana,Professional,1116000.0,755,2022-07-17
C106392,Customer_106392,44,Female,Chennai,Tamil Nadu,Business Owner,568000.0,692,2025-08-21
C106393,Customer_106393,53,Male,Hyderabad,Telangana,Professional,644000.0,675,2022-08-21
C106394,Customer_106394,49,Other,Kolkata,West Bengal,Salaried,1250000.0,770,2017-06-13
C106395,Customer_106395,55,Male,Kolkata,West Bengal,Business Owner,1161000.0,790,2019-11-19
C106396,Customer_106396,30,Male,Mumbai,Maharashtra,Self-Employed,250000.0,638,2023-03-12
C106397,Customer_106397,41,Male,Kolkata,West Bengal,Business Owner,448000.0,794,2026-03-05
C106398,Customer_106398,41,Female,Mumbai,Maharashtra,Business Owner,1128000.0,657,2019-03-03
C106399,Customer_106399,63,Female,Kolkata,West Bengal,Business Owner,380000.0,568,2019-01-03
C106400,Customer_106400,30,Female,Lucknow,Uttar Pradesh,Salaried,1172000.0,721,2023-01-15
C106401,Customer_106401,35,Female,Kolkata,West Bengal,Business Owner,1624000.0,753,2018-01-29
C106402,Customer_106402,21,Male,Gurugram,Haryana,Professional,999000.0,621,2025-11-02
C106403,Customer_106403,27,Female,Hyderabad,Telangana,Self-Employed,481000.0,591,2025-06-24
C106404,Customer_106404,65,Female,Lucknow,Uttar Pradesh,Salaried,921000.0,688,2022-05-09
C106405,Customer_106405,59,Male,Gurugram,Haryana,Professional,1264000.0,679,2020-02-28
C106406,Customer_106406,32,Male,Lucknow,Uttar Pradesh,Business Owner,890000.0,809,2021-01-25
C106407,Customer_106407,52,Male,Jaipur,Rajasthan,Salaried,1044000.0,721,2022-02-23
C106408,Customer_106408,47,Male,Ahmedabad,Gujarat,Self-Employed,530000.0,768,2024-12-29
C106409,Customer_106409,61,Female,Kolkata,West Bengal,Self-Employed,561000.0,734,2023-09-22
C106410,Customer_106410,34,Male,Lucknow,Uttar Pradesh,Self-Employed,1212000.0,822,2021-04-26
C106411,Customer_106411,65,Male,Noida,Uttar Pradesh,Salaried,565000.0,662,2022-12-08
C106412,Customer_106412,37,Female,Pune,Maharashtra,Salaried,250000.0,714,2022-04-03
C106413,Customer_106413,53,Female,Mumbai,Maharashtra,Professional,727000.0,618,2018-02-06
C106414,Customer_106414,38,Female,Delhi,Delhi,Professional,976000.0,773,2019-11-11
C106415,Customer_106415,51,Female,Bengaluru,Karnataka,Salaried,1273000.0,792,2018-11-25
C106416,Customer_106416,36,Female,Delhi,Delhi,Professional,1508000.0,777,2022-02-11
C106417,Customer_106417,58,Male,Bengaluru,Karnataka,Salaried,884000.0,712,2026-01-12
C106418,Customer_106418,49,Female,Mumbai,Maharashtra,Salaried,1113000.0,623,2023-08-31
C106419,Customer_106419,33,Male,Lucknow,Uttar Pradesh,Business Owner,898000.0,714,2023-03-01
C106420,Customer_106420,64,Male,Mumbai,Maharashtra,Salaried,992000.0,676,2021-09-28
C106421,Customer_106421,52,Other,Ahmedabad,Gujarat,Salaried,775000.0,780,2020-04-18
C106422,Customer_106422,40,Female,Chennai,Tamil Nadu,Professional,1005000.0,692,2018-12-18
C106423,Customer_106423,27,Female,Bengaluru,Karnataka,Salaried,558000.0,691,2025-06-14
C106424,Customer_106424,64,Male,Jaipur,Rajasthan,Salaried,1642000.0,850,2017-03-08
C106425,Customer_106425,54,Female,Lucknow,Uttar Pradesh,Salaried,250000.0,772,2025-06-22
C106426,Customer_106426,51,Male,Gurugram,Haryana,Self-Employed,1078000.0,790,2019-01-12
C106427,Customer_106427,58,Male,Lucknow,Uttar Pradesh,Self-Employed,978000.0,687,2024-06-22
C106428,Customer_106428,48,Male,Ahmedabad,Gujarat,Salaried,999000.0,648,2024-11-30
C106429,Customer_106429,31,Male,Jaipur,Rajasthan,Salaried,377000.0,789,2025-07-16
C106430,Customer_106430,31,Male,Mumbai,Maharashtra,Salaried,250000.0,817,2025-12-06
C106431,Customer_106431,24,Female,Noida,Uttar Pradesh,Self-Employed,1092000.0,636,2021-09-05
C106432,Customer_106432,23,Male,Jaipur,Rajasthan,Professional,1386000.0,686,2022-03-28
C106433,Customer_106433,53,Female,Hyderabad,Telangana,Salaried,938000.0,661,2017-04-18
C106434,Customer_106434,59,Female,Chennai,Tamil Nadu,Professional,1172000.0,751,2024-09-19
C106435,Customer_106435,28,Male,Ahmedabad,Gujarat,Professional,667000.0,791,2022-05-30
C106436,Customer_106436,46,Female,Delhi,Delhi,Salaried,983000.0,696,2017-06-09
C106437,Customer_106437,26,Male,Gurugram,Haryana,Salaried,1340000.0,696,2020-03-24
C106438,Customer_106438,39,Female,Hyderabad,Telangana,Self-Employed,725000.0,593,2024-12-12
C106439,Customer_106439,56,Male,Delhi,Delhi,Professional,1324000.0,658,2020-07-29
C106440,Customer_106440,57,Male,Hyderabad,Telangana,Salaried,250000.0,818,2019-09-04
C106441,Customer_106441,63,Male,Noida,Uttar Pradesh,Salaried,605000.0,752,2019-07-13
C106442,Customer_106442,34,Female,Hyderabad,Telangana,Self-Employed,1068000.0,780,2018-08-20
C106443,Customer_106443,63,Male,Kolkata,West Bengal,Business Owner,1611000.0,696,2022-01-12
C106444,Customer_106444,56,Female,Gurugram,Haryana,Salaried,856000.0,702,2019-08-01
C106445,Customer_106445,36,Male,Delhi,Delhi,Salaried,436000.0,721,2022-06-07
C106446,Customer_106446,35,Female,Gurugram,Haryana,Salaried,1602000.0,741,2021-08-21
C106447,Customer_106447,25,Male,Hyderabad,Telangana,Professional,800000.0,809,2023-01-25
C106448,Customer_106448,62,Male,Jaipur,Rajasthan,Self-Employed,1116000.0,676,2022-06-21
C106449,Customer_106449,30,Male,Bengaluru,Karnataka,Salaried,716000.0,711,2017-07-21
C106450,Customer_106450,33,Male,Mumbai,Maharashtra,Professional,907000.0,668,2017-01-24
C106451,Customer_106451,39,Female,Gurugram,Haryana,Salaried,625000.0,592,2019-10-31
C106452,Customer_106452,27,Female,Gurugram,Haryana,Professional,1753000.0,780,2020-03-12
C106453,Customer_106453,57,Male,Lucknow,Uttar Pradesh,Salaried,1326000.0,834,2021-03-15
C106454,Customer_106454,52,Male,Jaipur,Rajasthan,Salaried,1557000.0,770,2023-07-24
C106455,Customer_106455,28,Male,Pune,Maharashtra,Salaried,535000.0,735,2026-01-18
C106456,Customer_106456,28,Female,Bengaluru,Karnataka,Salaried,250000.0,840,2023-12-27
C106457,Customer_106457,21,Female,Hyderabad,Telangana,Business Owner,733000.0,750,2020-05-29
C106458,Customer_106458,63,Female,Ahmedabad,Gujarat,Salaried,1857000.0,772,2019-03-08
C106459,Customer_106459,40,Female,Chennai,Tamil Nadu,Salaried,721000.0,729,2020-04-25
C106460,Customer_106460,50,Male,Pune,Maharashtra,Business Owner,1271000.0,739,2019-04-19
C106461,Customer_106461,27,Male,Bengaluru,Karnataka,Salaried,440000.0,711,2022-03-20
C106462,Customer_106462,31,Female,Pune,Maharashtra,Salaried,518000.0,774,2023-04-30
C106463,Customer_106463,45,Male,Bengaluru,Karnataka,Salaried,818000.0,649,2019-06-11
C106464,Customer_106464,30,Male,Mumbai,Maharashtra,Professional,1694000.0,747,2022-09-04
C106465,Customer_106465,48,Male,Mumbai,Maharashtra,Self-Employed,1290000.0,665,2020-06-11
C106466,Customer_106466,62,Female,Kolkata,West Bengal,Professional,250000.0,753,2021-08-18
C106467,Customer_106467,34,Female,Chennai,Tamil Nadu,Business Owner,1117000.0,850,2019-03-22
C106468,Customer_106468,48,Other,Mumbai,Maharashtra,Salaried,391000.0,765,2022-02-02
C106469,Customer_106469,62,Male,Kolkata,West Bengal,Salaried,577000.0,796,2017-11-06
C106470,Customer_106470,61,Male,Mumbai,Maharashtra,Self-Employed,1054000.0,779,2021-08-26
C106471,Customer_106471,21,Male,Delhi,Delhi,Salaried,1409000.0,569,2021-02-26
C106472,Customer_106472,25,Female,Mumbai,Maharashtra,Professional,1390000.0,711,2020-10-16
C106473,Customer_106473,65,Male,Pune,Maharashtra,Salaried,983000.0,749,2025-05-26
C106474,Customer_106474,62,Female,Lucknow,Uttar Pradesh,Salaried,988000.0,584,2024-05-02
C106475,Customer_106475,35,Female,Bengaluru,Karnataka,Self-Employed,1388000.0,702,2022-05-03
C106476,Customer_106476,44,Female,Hyderabad,Telangana,Salaried,250000.0,715,2025-04-10
C106477,Customer_106477,46,Female,Bengaluru,Karnataka,Self-Employed,1581000.0,640,2023-02-18
C106478,Customer_106478,51,Male,Chennai,Tamil Nadu,Business Owner,556000.0,657,2022-12-16
C106479,Customer_106479,54,Female,Jaipur,Rajasthan,Business Owner,954000.0,807,2021-06-24
C106480,Customer_106480,37,Male,Hyderabad,Telangana,Professional,651000.0,500,2019-07-07
C106481,Customer_106481,61,Female,Ahmedabad,Gujarat,Salaried,388000.0,738,2019-10-15
C106482,Customer_106482,23,Female,Noida,Uttar Pradesh,Salaried,1035000.0,796,2026-01-27
C106483,Customer_106483,22,Female,Lucknow,Uttar Pradesh,Professional,945000.0,718,2023-04-26
C106484,Customer_106484,64,Male,Kolkata,West Bengal,Salaried,808000.0,812,2017-10-27
C106485,Customer_106485,28,Female,Jaipur,Rajasthan,Salaried,789000.0,692,2019-03-11
C106486,Customer_106486,65,Female,Lucknow,Uttar Pradesh,Salaried,1460000.0,661,2025-11-12
C106487,Customer_106487,33,Female,Gurugram,Haryana,Business Owner,1727000.0,719,2018-12-10
C106488,Customer_106488,37,Other,Hyderabad,Telangana,Self-Employed,1351000.0,695,2022-03-06
C106489,Customer_106489,22,Male,Mumbai,Maharashtra,Salaried,961000.0,683,2020-04-16
C106490,Customer_106490,63,Male,Mumbai,Maharashtra,Salaried,250000.0,708,2023-08-12
C106491,Customer_106491,37,Male,Noida,Uttar Pradesh,Salaried,1101000.0,669,2025-01-06
C106492,Customer_106492,28,Male,Kolkata,West Bengal,Salaried,1119000.0,666,2020-12-11
C106493,Customer_106493,42,Female,Hyderabad,Telangana,Salaried,1159000.0,647,2017-02-04
C106494,Customer_106494,27,Female,Chennai,Tamil Nadu,Business Owner,394000.0,747,2020-04-29
C106495,Customer_106495,56,Male,Hyderabad,Telangana,Professional,1190000.0,655,2017-03-16
C106496,Customer_106496,24,Male,Gurugram,Haryana,Business Owner,1475000.0,639,2019-01-30
C106497,Customer_106497,43,Female,Ahmedabad,Gujarat,Professional,457000.0,650,2020-08-03
C106498,Customer_106498,38,Female,Noida,Uttar Pradesh,Professional,1124000.0,733,2018-01-17
C106499,Customer_106499,22,Other,Hyderabad,Telangana,Business Owner,525000.0,764,2017-05-01
C106500,Customer_106500,23,Male,Pune,Maharashtra,Self-Employed,808000.0,769,2019-11-30
C106501,Customer_106501,44,Female,Mumbai,Maharashtra,Business Owner,471000.0,734,2017-03-30
C106502,Customer_106502,38,Male,Lucknow,Uttar Pradesh,Self-Employed,710000.0,755,2019-05-16
C106503,Customer_106503,26,Male,Kolkata,West Bengal,Salaried,713000.0,716,2018-02-03
C106504,Customer_106504,27,Female,Kolkata,West Bengal,Salaried,1015000.0,750,2021-12-20
C106505,Customer_106505,57,Male,Chennai,Tamil Nadu,Self-Employed,1206000.0,749,2024-06-10
C106506,Customer_106506,53,Female,Hyderabad,Telangana,Professional,1336000.0,673,2024-12-24
C106507,Customer_106507,48,Male,Lucknow,Uttar Pradesh,Self-Employed,589000.0,650,2022-10-14
C106508,Customer_106508,58,Male,Pune,Maharashtra,Salaried,994000.0,808,2017-10-12
C106509,Customer_106509,24,Female,Jaipur,Rajasthan,Self-Employed,411000.0,728,2017-09-06
C106510,Customer_106510,51,Male,Delhi,Delhi,Business Owner,806000.0,788,2023-12-15
C106511,Customer_106511,54,Male,Hyderabad,Telangana,Business Owner,867000.0,649,2023-12-18
C106512,Customer_106512,30,Male,Gurugram,Haryana,Salaried,481000.0,694,2019-06-29
C106513,Customer_106513,45,Male,Mumbai,Maharashtra,Salaried,1074000.0,631,2026-03-28
C106514,Customer_106514,55,Female,Mumbai,Maharashtra,Salaried,788000.0,762,2022-12-20
C106515,Customer_106515,48,Male,Gurugram,Haryana,Professional,912000.0,680,2021-01-28
C106516,Customer_106516,32,Female,Hyderabad,Telangana,Salaried,1340000.0,684,2022-11-03
C106517,Customer_106517,50,Female,Hyderabad,Telangana,Professional,679000.0,847,2017-03-05
C106518,Customer_106518,55,Female,Kolkata,West Bengal,Salaried,1190000.0,763,2023-11-13
C106519,Customer_106519,21,Male,Bengaluru,Karnataka,Professional,1427000.0,763,2019-01-21
C106520,Customer_106520,46,Female,Delhi,Delhi,Salaried,1403000.0,642,2017-02-21
C106521,Customer_106521,43,Female,Delhi,Delhi,Business Owner,775000.0,599,2022-10-28
C106522,Customer_106522,37,Male,Delhi,Delhi,Self-Employed,461000.0,783,2017-01-05
C106523,Customer_106523,22,Female,Mumbai,Maharashtra,Business Owner,566000.0,574,2017-03-30
C106524,Customer_106524,24,Male,Jaipur,Rajasthan,Business Owner,250000.0,687,2018-07-28
C106525,Customer_106525,54,Male,Hyderabad,Telangana,Salaried,1124000.0,667,2025-11-20
C106526,Customer_106526,58,Female,Delhi,Delhi,Salaried,1149000.0,660,2026-02-16
C106527,Customer_106527,39,Male,Delhi,Delhi,Salaried,897000.0,691,2020-11-30
C106528,Customer_106528,63,Male,Pune,Maharashtra,Self-Employed,300000.0,651,2020-03-07
C106529,Customer_106529,62,Male,Noida,Uttar Pradesh,Self-Employed,704000.0,641,2020-12-21
C106530,Customer_106530,50,Male,Chennai,Tamil Nadu,Salaried,1402000.0,737,2022-10-27
C106531,Customer_106531,47,Female,Delhi,Delhi,Business Owner,1094000.0,789,2022-05-11
C106532,Customer_106532,64,Male,Bengaluru,Karnataka,Salaried,1163000.0,607,2019-11-14
C106533,Customer_106533,48,Female,Pune,Maharashtra,Salaried,2173000.0,733,2019-05-09
C106534,Customer_106534,63,Female,Bengaluru,Karnataka,Salaried,981000.0,755,2021-07-17
C106535,Customer_106535,65,Male,Lucknow,Uttar Pradesh,Business Owner,250000.0,749,2019-09-05
C106536,Customer_106536,29,Male,Gurugram,Haryana,Salaried,410000.0,706,2021-01-28
C106537,Customer_106537,50,Male,Chennai,Tamil Nadu,Professional,972000.0,681,2017-04-07
C106538,Customer_106538,53,Female,Lucknow,Uttar Pradesh,Self-Employed,857000.0,769,2018-10-02
C106539,Customer_106539,57,Male,Hyderabad,Telangana,Self-Employed,781000.0,742,2026-01-10
C106540,Customer_106540,36,Male,Mumbai,Maharashtra,Salaried,788000.0,597,2020-05-02
C106541,Customer_106541,59,Other,Lucknow,Uttar Pradesh,Business Owner,536000.0,706,2021-01-13
C106542,Customer_106542,42,Male,Lucknow,Uttar Pradesh,Professional,1000000.0,724,2018-10-11
C106543,Customer_106543,38,Male,Hyderabad,Telangana,Salaried,1408000.0,649,2025-02-18
C106544,Customer_106544,28,Female,Ahmedabad,Gujarat,Salaried,1543000.0,704,2019-08-09
C106545,Customer_106545,35,Female,Bengaluru,Karnataka,Salaried,1532000.0,752,2019-09-25
C106546,Customer_106546,64,Male,Ahmedabad,Gujarat,Salaried,468000.0,666,2020-11-19
C106547,Customer_106547,53,Male,Jaipur,Rajasthan,Salaried,842000.0,735,2024-07-10
C106548,Customer_106548,53,Male,Jaipur,Rajasthan,Self-Employed,724000.0,656,2024-05-28
C106549,Customer_106549,61,Male,Kolkata,West Bengal,Salaried,1087000.0,640,2018-09-15
C106550,Customer_106550,33,Male,Jaipur,Rajasthan,Business Owner,817000.0,760,2018-10-30
C106551,Customer_106551,50,Male,Kolkata,West Bengal,Salaried,760000.0,796,2019-05-18
C106552,Customer_106552,37,Female,Gurugram,Haryana,Self-Employed,1432000.0,643,2018-10-28
C106553,Customer_106553,59,Female,Bengaluru,Karnataka,Professional,889000.0,782,2021-08-30
C106554,Customer_106554,40,Female,Pune,Maharashtra,Salaried,900000.0,719,2019-04-22
C106555,Customer_106555,59,Female,Chennai,Tamil Nadu,Salaried,1015000.0,576,2017-09-04
C106556,Customer_106556,54,Male,Kolkata,West Bengal,Salaried,1120000.0,627,2024-05-07
C106557,Customer_106557,55,Male,Mumbai,Maharashtra,Salaried,1123000.0,760,2020-03-10
C106558,Customer_106558,62,Female,Hyderabad,Telangana,Business Owner,1471000.0,614,2019-04-21
C106559,Customer_106559,56,Male,Lucknow,Uttar Pradesh,Professional,336000.0,680,2018-05-03
C106560,Customer_106560,35,Male,Mumbai,Maharashtra,Self-Employed,980000.0,715,2024-08-18
C106561,Customer_106561,44,Female,Ahmedabad,Gujarat,Professional,809000.0,749,2022-08-09
C106562,Customer_106562,42,Male,Ahmedabad,Gujarat,Salaried,730000.0,732,2020-01-03
C106563,Customer_106563,23,Male,Pune,Maharashtra,Salaried,1153000.0,822,2024-09-16
C106564,Customer_106564,47,Male,Delhi,Delhi,Salaried,1369000.0,667,2019-10-27
C106565,Customer_106565,40,Female,Delhi,Delhi,Self-Employed,613000.0,726,2019-04-30
C106566,Customer_106566,38,Female,Hyderabad,Telangana,Salaried,1525000.0,749,2020-07-10
C106567,Customer_106567,25,Male,Mumbai,Maharashtra,Salaried,277000.0,766,2017-05-14
C106568,Customer_106568,43,Female,Mumbai,Maharashtra,Professional,1086000.0,788,2021-03-04
C106569,Customer_106569,47,Female,Mumbai,Maharashtra,Salaried,494000.0,692,2023-12-29
C106570,Customer_106570,25,Male,Bengaluru,Karnataka,Salaried,593000.0,762,2020-11-28
C106571,Customer_106571,49,Female,Noida,Uttar Pradesh,Salaried,874000.0,660,2022-05-29
C106572,Customer_106572,28,Female,Ahmedabad,Gujarat,Salaried,690000.0,715,2020-09-02
C106573,Customer_106573,27,Female,Delhi,Delhi,Salaried,250000.0,753,2024-08-29
C106574,Customer_106574,39,Male,Ahmedabad,Gujarat,Salaried,1095000.0,783,2026-04-16
C106575,Customer_106575,38,Female,Mumbai,Maharashtra,Salaried,1162000.0,757,2022-01-19
C106576,Customer_106576,62,Male,Pune,Maharashtra,Business Owner,786000.0,726,2023-06-15
C106577,Customer_106577,24,Male,Delhi,Delhi,Salaried,754000.0,715,2022-09-03
C106578,Customer_106578,36,Male,Mumbai,Maharashtra,Business Owner,701000.0,756,2025-03-17
C106579,Customer_106579,54,Male,Mumbai,Maharashtra,Business Owner,250000.0,850,2025-06-07
C106580,Customer_106580,32,Male,Pune,Maharashtra,Business Owner,250000.0,776,2025-04-27
C106581,Customer_106581,65,Female,Pune,Maharashtra,Professional,1171000.0,745,2017-08-26
C106582,Customer_106582,54,Female,Chennai,Tamil Nadu,Salaried,1276000.0,631,2020-12-22
C106583,Customer_106583,63,Male,Ahmedabad,Gujarat,Salaried,1089000.0,665,2021-08-31
C106584,Customer_106584,63,Female,Jaipur,Rajasthan,Salaried,1002000.0,699,2024-03-20
C106585,Customer_106585,25,Other,Jaipur,Rajasthan,Salaried,1163000.0,779,2022-04-04
C106586,Customer_106586,41,Male,Kolkata,West Bengal,Business Owner,1136000.0,659,2021-05-20
C106587,Customer_106587,54,Female,Kolkata,West Bengal,Self-Employed,536000.0,762,2021-12-19
C106588,Customer_106588,21,Other,Pune,Maharashtra,Salaried,939000.0,728,2022-07-15
C106589,Customer_106589,41,Female,Bengaluru,Karnataka,Salaried,732000.0,743,2022-08-14
C106590,Customer_106590,51,Male,Pune,Maharashtra,Professional,737000.0,706,2023-11-03
C106591,Customer_106591,56,Female,Delhi,Delhi,Salaried,1306000.0,681,2020-09-22
C106592,Customer_106592,39,Female,Lucknow,Uttar Pradesh,Salaried,1480000.0,657,2022-06-02
C106593,Customer_106593,59,Male,Chennai,Tamil Nadu,Professional,250000.0,760,2018-02-15
C106594,Customer_106594,51,Male,Gurugram,Haryana,Self-Employed,748000.0,715,2021-09-21
C106595,Customer_106595,23,Female,Lucknow,Uttar Pradesh,Salaried,727000.0,650,2020-06-26
C106596,Customer_106596,33,Male,Pune,Maharashtra,Salaried,1315000.0,735,2017-02-10
C106597,Customer_106597,63,Male,Noida,Uttar Pradesh,Self-Employed,270000.0,850,2018-12-04
C106598,Customer_106598,21,Male,Pune,Maharashtra,Salaried,250000.0,707,2026-01-11
C106599,Customer_106599,25,Female,Mumbai,Maharashtra,Professional,1178000.0,828,2022-02-11
C106600,Customer_106600,36,Female,Delhi,Delhi,Business Owner,1235000.0,552,2017-05-10
C106601,Customer_106601,65,Male,Mumbai,Maharashtra,Self-Employed,250000.0,702,2025-03-30
C106602,Customer_106602,52,Male,Lucknow,Uttar Pradesh,Self-Employed,800000.0,782,2018-02-14
C106603,Customer_106603,27,Male,Pune,Maharashtra,Professional,1462000.0,721,2022-10-24
C106604,Customer_106604,38,Male,Hyderabad,Telangana,Salaried,419000.0,678,2017-05-25
C106605,Customer_106605,63,Female,Pune,Maharashtra,Salaried,890000.0,718,2024-10-14
C106606,Customer_106606,30,Male,Hyderabad,Telangana,Business Owner,1053000.0,784,2022-10-31
C106607,Customer_106607,46,Female,Noida,Uttar Pradesh,Salaried,279000.0,850,2024-12-20
C106608,Customer_106608,41,Male,Lucknow,Uttar Pradesh,Self-Employed,624000.0,789,2019-10-26
C106609,Customer_106609,55,Male,Mumbai,Maharashtra,Salaried,250000.0,687,2025-04-25
C106610,Customer_106610,54,Female,Jaipur,Rajasthan,Salaried,784000.0,705,2025-04-27
C106611,Customer_106611,58,Male,Chennai,Tamil Nadu,Salaried,534000.0,705,2021-06-13
C106612,Customer_106612,26,Male,Delhi,Delhi,Business Owner,933000.0,664,2022-07-09
C106613,Customer_106613,41,Male,Lucknow,Uttar Pradesh,Salaried,1104000.0,710,2020-07-04
C106614,Customer_106614,52,Female,Delhi,Delhi,Salaried,1405000.0,702,2024-04-11
C106615,Customer_106615,39,Male,Bengaluru,Karnataka,Salaried,1783000.0,642,2022-12-21
C106616,Customer_106616,51,Female,Delhi,Delhi,Salaried,933000.0,774,2018-05-09
C106617,Customer_106617,49,Female,Pune,Maharashtra,Self-Employed,723000.0,747,2020-10-26
C106618,Customer_106618,37,Female,Ahmedabad,Gujarat,Professional,700000.0,678,2020-10-28
C106619,Customer_106619,25,Female,Hyderabad,Telangana,Business Owner,464000.0,730,2021-01-19
C106620,Customer_106620,64,Female,Delhi,Delhi,Self-Employed,1029000.0,657,2022-10-25
C106621,Customer_106621,58,Female,Mumbai,Maharashtra,Salaried,652000.0,684,2019-08-10
C106622,Customer_106622,61,Male,Lucknow,Uttar Pradesh,Professional,1057000.0,765,2018-10-01
C106623,Customer_106623,34,Female,Gurugram,Haryana,Professional,477000.0,751,2021-04-05
C106624,Customer_106624,35,Female,Lucknow,Uttar Pradesh,Business Owner,664000.0,687,2020-07-22
C106625,Customer_106625,35,Male,Kolkata,West Bengal,Salaried,1023000.0,740,2025-06-13
C106626,Customer_106626,22,Female,Kolkata,West Bengal,Salaried,800000.0,715,2024-01-10
C106627,Customer_106627,28,Male,Gurugram,Haryana,Salaried,250000.0,655,2019-04-15
C106628,Customer_106628,34,Female,Ahmedabad,Gujarat,Salaried,844000.0,709,2023-05-09
C106629,Customer_106629,65,Male,Pune,Maharashtra,Salaried,529000.0,748,2022-08-20
C106630,Customer_106630,30,Male,Hyderabad,Telangana,Professional,1323000.0,740,2025-05-25
C106631,Customer_106631,43,Male,Pune,Maharashtra,Salaried,1238000.0,610,2023-12-10
C106632,Customer_106632,45,Male,Delhi,Delhi,Salaried,250000.0,731,2022-03-13
C106633,Customer_106633,37,Male,Bengaluru,Karnataka,Professional,1171000.0,722,2019-05-01
C106634,Customer_106634,62,Male,Jaipur,Rajasthan,Professional,1006000.0,597,2018-12-05
C106635,Customer_106635,25,Female,Noida,Uttar Pradesh,Salaried,256000.0,667,2020-06-26
C106636,Customer_106636,60,Male,Mumbai,Maharashtra,Salaried,1201000.0,752,2025-03-07
C106637,Customer_106637,54,Other,Mumbai,Maharashtra,Business Owner,338000.0,810,2025-05-15
C106638,Customer_106638,34,Female,Mumbai,Maharashtra,Professional,1308000.0,613,2025-12-15
C106639,Customer_106639,55,Male,Gurugram,Haryana,Self-Employed,592000.0,784,2026-02-18
C106640,Customer_106640,40,Male,Hyderabad,Telangana,Salaried,250000.0,598,2021-07-10
C106641,Customer_106641,64,Male,Hyderabad,Telangana,Self-Employed,1698000.0,811,2022-08-07
C106642,Customer_106642,22,Male,Delhi,Delhi,Business Owner,250000.0,704,2017-10-15
C106643,Customer_106643,22,Male,Lucknow,Uttar Pradesh,Salaried,528000.0,674,2018-06-27
C106644,Customer_106644,45,Female,Pune,Maharashtra,Salaried,606000.0,743,2019-05-10
C106645,Customer_106645,62,Female,Gurugram,Haryana,Professional,668000.0,657,2018-07-31
C106646,Customer_106646,23,Male,Jaipur,Rajasthan,Self-Employed,1130000.0,754,2024-01-02
C106647,Customer_106647,56,Female,Mumbai,Maharashtra,Salaried,873000.0,712,2024-11-08
C106648,Customer_106648,63,Male,Gurugram,Haryana,Business Owner,1252000.0,500,2017-01-01
C106649,Customer_106649,42,Female,Kolkata,West Bengal,Self-Employed,999000.0,667,2023-05-14
C106650,Customer_106650,60,Female,Ahmedabad,Gujarat,Salaried,250000.0,732,2019-09-30
C106651,Customer_106651,55,Male,Bengaluru,Karnataka,Salaried,1070000.0,789,2021-08-09
C106652,Customer_106652,30,Female,Noida,Uttar Pradesh,Salaried,944000.0,742,2020-06-08
C106653,Customer_106653,59,Female,Lucknow,Uttar Pradesh,Professional,600000.0,788,2018-05-31
C106654,Customer_106654,52,Male,Chennai,Tamil Nadu,Salaried,1679000.0,662,2024-05-04
C106655,Customer_106655,21,Male,Mumbai,Maharashtra,Business Owner,1093000.0,767,2019-11-13
C106656,Customer_106656,46,Female,Noida,Uttar Pradesh,Salaried,1227000.0,768,2021-01-25
C106657,Customer_106657,50,Male,Noida,Uttar Pradesh,Professional,1241000.0,614,2022-07-01
C106658,Customer_106658,57,Male,Kolkata,West Bengal,Professional,682000.0,791,2021-11-22
C106659,Customer_106659,55,Female,Kolkata,West Bengal,Professional,1103000.0,741,2018-09-20
C106660,Customer_106660,42,Male,Bengaluru,Karnataka,Professional,976000.0,702,2023-04-03
C106661,Customer_106661,34,Male,Delhi,Delhi,Salaried,627000.0,701,2018-06-27
C106662,Customer_106662,29,Other,Lucknow,Uttar Pradesh,Salaried,361000.0,653,2024-04-22
C106663,Customer_106663,25,Male,Pune,Maharashtra,Salaried,860000.0,761,2023-01-14
C106664,Customer_106664,49,Female,Hyderabad,Telangana,Self-Employed,1085000.0,740,2020-02-24
C106665,Customer_106665,64,Female,Jaipur,Rajasthan,Salaried,856000.0,758,2020-04-18
C106666,Customer_106666,24,Male,Delhi,Delhi,Salaried,777000.0,725,2018-08-08
C106667,Customer_106667,52,Female,Delhi,Delhi,Salaried,861000.0,733,2021-02-16
C106668,Customer_106668,47,Female,Bengaluru,Karnataka,Business Owner,735000.0,701,2018-09-11
C106669,Customer_106669,28,Male,Pune,Maharashtra,Salaried,1470000.0,790,2021-09-21
C106670,Customer_106670,30,Female,Chennai,Tamil Nadu,Salaried,958000.0,759,2018-06-29
C106671,Customer_106671,33,Female,Bengaluru,Karnataka,Self-Employed,655000.0,731,2025-04-09
C106672,Customer_106672,51,Female,Chennai,Tamil Nadu,Salaried,250000.0,711,2018-01-25
C106673,Customer_106673,34,Male,Chennai,Tamil Nadu,Professional,771000.0,605,2023-09-12
C106674,Customer_106674,58,Male,Kolkata,West Bengal,Self-Employed,619000.0,591,2021-02-08
C106675,Customer_106675,37,Female,Kolkata,West Bengal,Business Owner,604000.0,696,2020-02-28
C106676,Customer_106676,25,Female,Noida,Uttar Pradesh,Salaried,1227000.0,802,2018-09-15
C106677,Customer_106677,25,Female,Gurugram,Haryana,Salaried,882000.0,674,2022-12-07
C106678,Customer_106678,39,Male,Hyderabad,Telangana,Business Owner,250000.0,677,2024-04-14
C106679,Customer_106679,39,Female,Noida,Uttar Pradesh,Salaried,1098000.0,657,2023-01-11
C106680,Customer_106680,54,Male,Kolkata,West Bengal,Business Owner,250000.0,636,2017-01-01
C106681,Customer_106681,42,Male,Bengaluru,Karnataka,Professional,1127000.0,661,2024-09-30
C106682,Customer_106682,28,Female,Chennai,Tamil Nadu,Salaried,660000.0,738,2025-11-16
C106683,Customer_106683,30,Male,Jaipur,Rajasthan,Business Owner,885000.0,688,2023-07-28
C106684,Customer_106684,46,Female,Gurugram,Haryana,Salaried,840000.0,685,2017-02-14
C106685,Customer_106685,36,Male,Chennai,Tamil Nadu,Salaried,791000.0,679,2021-09-13
C106686,Customer_106686,51,Female,Mumbai,Maharashtra,Salaried,934000.0,735,2020-01-12
C106687,Customer_106687,62,Female,Bengaluru,Karnataka,Self-Employed,883000.0,745,2023-01-30
C106688,Customer_106688,36,Male,Mumbai,Maharashtra,Professional,1598000.0,599,2024-01-08
C106689,Customer_106689,45,Female,Jaipur,Rajasthan,Salaried,940000.0,671,2025-04-06
C106690,Customer_106690,58,Female,Kolkata,West Bengal,Self-Employed,949000.0,714,2025-02-13
C106691,Customer_106691,30,Male,Pune,Maharashtra,Salaried,566000.0,749,2025-12-26
C106692,Customer_106692,43,Female,Jaipur,Rajasthan,Salaried,1002000.0,728,2017-10-24
C106693,Customer_106693,34,Female,Gurugram,Haryana,Self-Employed,441000.0,773,2018-02-05
C106694,Customer_106694,49,Male,Gurugram,Haryana,Business Owner,1310000.0,628,2024-06-16
C106695,Customer_106695,54,Female,Mumbai,Maharashtra,Self-Employed,256000.0,747,2023-09-02
C106696,Customer_106696,27,Male,Ahmedabad,Gujarat,Professional,513000.0,850,2023-12-31
C106697,Customer_106697,29,Male,Noida,Uttar Pradesh,Salaried,250000.0,723,2019-03-11
C106698,Customer_106698,22,Male,Gurugram,Haryana,Salaried,1018000.0,726,2021-04-13
C106699,Customer_106699,21,Female,Hyderabad,Telangana,Salaried,680000.0,754,2022-12-26
C106700,Customer_106700,23,Female,Chennai,Tamil Nadu,Business Owner,1124000.0,685,2022-11-02
C106701,Customer_106701,52,Male,Noida,Uttar Pradesh,Salaried,460000.0,658,2024-12-29
C106702,Customer_106702,61,Male,Delhi,Delhi,Salaried,1063000.0,724,2020-06-02
C106703,Customer_106703,39,Male,Kolkata,West Bengal,Business Owner,1082000.0,612,2024-10-15
C106704,Customer_106704,60,Female,Mumbai,Maharashtra,Salaried,935000.0,746,2019-11-27
C106705,Customer_106705,53,Male,Noida,Uttar Pradesh,Self-Employed,862000.0,757,2024-01-29
C106706,Customer_106706,57,Male,Delhi,Delhi,Professional,905000.0,616,2017-04-23
C106707,Customer_106707,54,Male,Delhi,Delhi,Salaried,486000.0,731,2018-11-29
C106708,Customer_106708,29,Male,Hyderabad,Telangana,Salaried,420000.0,706,2017-01-24
C106709,Customer_106709,44,Female,Bengaluru,Karnataka,Professional,1068000.0,816,2019-01-06
C106710,Customer_106710,44,Female,Pune,Maharashtra,Business Owner,703000.0,805,2021-11-24
C106711,Customer_106711,49,Male,Hyderabad,Telangana,Salaried,1031000.0,775,2025-02-09
C106712,Customer_106712,56,Male,Chennai,Tamil Nadu,Business Owner,1470000.0,799,2017-02-09
C106713,Customer_106713,26,Male,Kolkata,West Bengal,Salaried,667000.0,696,2022-06-13
C106714,Customer_106714,51,Female,Kolkata,West Bengal,Business Owner,610000.0,737,2018-02-22
C106715,Customer_106715,58,Male,Lucknow,Uttar Pradesh,Self-Employed,720000.0,704,2018-08-14
C106716,Customer_106716,26,Male,Pune,Maharashtra,Salaried,866000.0,655,2017-11-25
C106717,Customer_106717,39,Female,Kolkata,West Bengal,Business Owner,1096000.0,725,2022-06-24
C106718,Customer_106718,61,Male,Jaipur,Rajasthan,Salaried,839000.0,715,2022-11-23
C106719,Customer_106719,22,Female,Bengaluru,Karnataka,Professional,1681000.0,707,2019-07-30
C106720,Customer_106720,28,Male,Jaipur,Rajasthan,Business Owner,1018000.0,716,2023-03-25
C106721,Customer_106721,57,Male,Noida,Uttar Pradesh,Professional,1162000.0,724,2020-09-23
C106722,Customer_106722,28,Female,Hyderabad,Telangana,Salaried,835000.0,778,2024-01-09
C106723,Customer_106723,52,Male,Bengaluru,Karnataka,Salaried,1255000.0,682,2021-11-16
C106724,Customer_106724,61,Male,Chennai,Tamil Nadu,Salaried,768000.0,637,2026-01-22
C106725,Customer_106725,43,Female,Hyderabad,Telangana,Salaried,592000.0,764,2023-03-18
C106726,Customer_106726,42,Male,Ahmedabad,Gujarat,Salaried,1212000.0,776,2026-02-14
C106727,Customer_106727,40,Female,Noida,Uttar Pradesh,Self-Employed,827000.0,743,2025-06-22
C106728,Customer_106728,37,Male,Ahmedabad,Gujarat,Salaried,948000.0,646,2018-12-07
C106729,Customer_106729,38,Female,Mumbai,Maharashtra,Professional,1243000.0,711,2020-03-23
C106730,Customer_106730,45,Female,Hyderabad,Telangana,Salaried,906000.0,739,2020-04-10
C106731,Customer_106731,61,Male,Jaipur,Rajasthan,Salaried,790000.0,651,2022-09-07
C106732,Customer_106732,65,Female,Hyderabad,Telangana,Self-Employed,636000.0,670,2022-03-25
C106733,Customer_106733,59,Female,Ahmedabad,Gujarat,Salaried,1275000.0,710,2021-05-23
C106734,Customer_106734,26,Male,Jaipur,Rajasthan,Self-Employed,713000.0,797,2017-05-31
C106735,Customer_106735,34,Male,Hyderabad,Telangana,Self-Employed,830000.0,735,2021-03-03
C106736,Customer_106736,55,Female,Ahmedabad,Gujarat,Self-Employed,965000.0,683,2018-10-17
C106737,Customer_106737,45,Female,Chennai,Tamil Nadu,Self-Employed,963000.0,707,2025-11-02
C106738,Customer_106738,36,Female,Mumbai,Maharashtra,Business Owner,1255000.0,677,2024-12-12
C106739,Customer_106739,35,Female,Chennai,Tamil Nadu,Professional,822000.0,693,2018-09-11
C106740,Customer_106740,26,Female,Pune,Maharashtra,Salaried,1401000.0,767,2020-10-19
C106741,Customer_106741,35,Female,Delhi,Delhi,Salaried,750000.0,595,2022-11-30
C106742,Customer_106742,39,Female,Noida,Uttar Pradesh,Business Owner,998000.0,805,2021-07-06
C106743,Customer_106743,39,Female,Kolkata,West Bengal,Salaried,776000.0,850,2018-08-05
C106744,Customer_106744,45,Female,Delhi,Delhi,Salaried,1687000.0,731,2023-11-10
C106745,Customer_106745,33,Male,Noida,Uttar Pradesh,Self-Employed,710000.0,666,2025-06-11
C106746,Customer_106746,30,Female,Noida,Uttar Pradesh,Salaried,746000.0,796,2024-07-12
C106747,Customer_106747,60,Male,Delhi,Delhi,Salaried,896000.0,738,2020-04-20
C106748,Customer_106748,39,Female,Mumbai,Maharashtra,Business Owner,743000.0,686,2025-01-19
C106749,Customer_106749,32,Female,Chennai,Tamil Nadu,Salaried,976000.0,657,2025-03-21
C106750,Customer_106750,49,Female,Kolkata,West Bengal,Salaried,1342000.0,694,2025-05-01
C106751,Customer_106751,45,Male,Jaipur,Rajasthan,Business Owner,909000.0,733,2024-09-06
C106752,Customer_106752,46,Female,Pune,Maharashtra,Business Owner,924000.0,778,2019-09-29
C106753,Customer_106753,30,Male,Ahmedabad,Gujarat,Self-Employed,758000.0,738,2021-09-01
C106754,Customer_106754,53,Female,Delhi,Delhi,Salaried,648000.0,750,2023-01-16
C106755,Customer_106755,29,Female,Ahmedabad,Gujarat,Salaried,889000.0,698,2024-07-29
C106756,Customer_106756,58,Male,Noida,Uttar Pradesh,Business Owner,853000.0,776,2018-01-14
C106757,Customer_106757,40,Male,Kolkata,West Bengal,Salaried,1319000.0,707,2017-08-16
C106758,Customer_106758,39,Female,Pune,Maharashtra,Professional,466000.0,839,2026-01-08
C106759,Customer_106759,38,Male,Hyderabad,Telangana,Business Owner,1432000.0,678,2023-06-25
C106760,Customer_106760,40,Female,Lucknow,Uttar Pradesh,Salaried,791000.0,746,2019-06-29
C106761,Customer_106761,50,Female,Delhi,Delhi,Self-Employed,909000.0,850,2026-04-10
C106762,Customer_106762,43,Female,Hyderabad,Telangana,Professional,424000.0,788,2020-08-20
C106763,Customer_106763,26,Male,Mumbai,Maharashtra,Professional,1075000.0,768,2022-11-19
C106764,Customer_106764,46,Male,Noida,Uttar Pradesh,Self-Employed,466000.0,739,2025-08-31
C106765,Customer_106765,33,Female,Pune,Maharashtra,Salaried,999000.0,723,2024-12-16
C106766,Customer_106766,25,Other,Lucknow,Uttar Pradesh,Self-Employed,960000.0,709,2022-11-13
C106767,Customer_106767,58,Male,Ahmedabad,Gujarat,Self-Employed,720000.0,683,2022-02-18
C106768,Customer_106768,35,Female,Kolkata,West Bengal,Self-Employed,250000.0,620,2019-09-08
C106769,Customer_106769,47,Male,Kolkata,West Bengal,Salaried,1714000.0,762,2018-08-25
C106770,Customer_106770,28,Male,Bengaluru,Karnataka,Professional,428000.0,620,2017-10-21
C106771,Customer_106771,36,Other,Kolkata,West Bengal,Salaried,959000.0,762,2017-02-25
C106772,Customer_106772,38,Female,Jaipur,Rajasthan,Salaried,558000.0,700,2021-07-20
C106773,Customer_106773,27,Other,Lucknow,Uttar Pradesh,Salaried,1269000.0,658,2020-04-03
C106774,Customer_106774,64,Male,Kolkata,West Bengal,Salaried,698000.0,811,2022-07-02
C106775,Customer_106775,35,Male,Lucknow,Uttar Pradesh,Salaried,549000.0,626,2021-10-04
C106776,Customer_106776,47,Female,Lucknow,Uttar Pradesh,Salaried,1088000.0,677,2023-03-23
C106777,Customer_106777,46,Female,Kolkata,West Bengal,Salaried,341000.0,683,2018-10-22
C106778,Customer_106778,40,Male,Pune,Maharashtra,Salaried,685000.0,730,2018-07-14
C106779,Customer_106779,47,Female,Mumbai,Maharashtra,Salaried,1126000.0,680,2018-03-07
C106780,Customer_106780,46,Male,Hyderabad,Telangana,Salaried,1453000.0,815,2023-07-29
C106781,Customer_106781,24,Female,Noida,Uttar Pradesh,Salaried,465000.0,631,2025-06-23
C106782,Customer_106782,51,Female,Mumbai,Maharashtra,Salaried,605000.0,850,2020-05-17
C106783,Customer_106783,26,Male,Chennai,Tamil Nadu,Salaried,991000.0,651,2018-05-06
C106784,Customer_106784,40,Male,Jaipur,Rajasthan,Self-Employed,250000.0,850,2025-10-15
C106785,Customer_106785,37,Female,Bengaluru,Karnataka,Salaried,1393000.0,791,2019-02-21
C106786,Customer_106786,41,Female,Lucknow,Uttar Pradesh,Self-Employed,450000.0,713,2023-01-31
C106787,Customer_106787,24,Male,Ahmedabad,Gujarat,Salaried,675000.0,735,2025-03-18
C106788,Customer_106788,52,Male,Delhi,Delhi,Salaried,954000.0,695,2025-07-19
C106789,Customer_106789,39,Female,Bengaluru,Karnataka,Salaried,870000.0,743,2019-02-01
C106790,Customer_106790,23,Male,Jaipur,Rajasthan,Salaried,465000.0,672,2017-04-13
C106791,Customer_106791,21,Female,Noida,Uttar Pradesh,Self-Employed,1539000.0,766,2020-12-03
C106792,Customer_106792,45,Female,Lucknow,Uttar Pradesh,Business Owner,250000.0,732,2025-05-30
C106793,Customer_106793,50,Male,Noida,Uttar Pradesh,Self-Employed,401000.0,656,2021-05-27
C106794,Customer_106794,45,Female,Delhi,Delhi,Salaried,595000.0,748,2025-03-04
C106795,Customer_106795,53,Female,Jaipur,Rajasthan,Salaried,470000.0,744,2024-10-05
C106796,Customer_106796,55,Female,Mumbai,Maharashtra,Professional,1338000.0,673,2021-10-03
C106797,Customer_106797,60,Female,Delhi,Delhi,Salaried,250000.0,692,2025-02-04
C106798,Customer_106798,65,Male,Jaipur,Rajasthan,Salaried,1473000.0,753,2026-02-02
C106799,Customer_106799,60,Male,Pune,Maharashtra,Salaried,739000.0,791,2023-04-30
C106800,Customer_106800,56,Male,Ahmedabad,Gujarat,Professional,306000.0,711,2023-12-23
C106801,Customer_106801,40,Male,Noida,Uttar Pradesh,Professional,250000.0,780,2021-02-26
C106802,Customer_106802,43,Male,Delhi,Delhi,Salaried,764000.0,796,2026-04-07
C106803,Customer_106803,48,Male,Kolkata,West Bengal,Salaried,569000.0,805,2020-04-20
C106804,Customer_106804,28,Female,Noida,Uttar Pradesh,Business Owner,945000.0,747,2024-01-16
C106805,Customer_106805,51,Male,Pune,Maharashtra,Salaried,670000.0,661,2025-10-08
C106806,Customer_106806,47,Female,Kolkata,West Bengal,Salaried,1232000.0,778,2025-07-09
C106807,Customer_106807,44,Female,Pune,Maharashtra,Salaried,793000.0,708,2025-03-20
C106808,Customer_106808,58,Male,Noida,Uttar Pradesh,Salaried,680000.0,753,2018-11-02
C106809,Customer_106809,51,Female,Delhi,Delhi,Salaried,1239000.0,679,2026-02-15
C106810,Customer_106810,62,Male,Noida,Uttar Pradesh,Self-Employed,941000.0,681,2018-11-01
C106811,Customer_106811,64,Female,Gurugram,Haryana,Self-Employed,1160000.0,674,2019-03-13
C106812,Customer_106812,58,Female,Gurugram,Haryana,Self-Employed,1309000.0,634,2021-09-23
C106813,Customer_106813,34,Female,Chennai,Tamil Nadu,Salaried,732000.0,682,2018-05-05
C106814,Customer_106814,29,Female,Kolkata,West Bengal,Salaried,865000.0,653,2023-10-16
C106815,Customer_106815,34,Female,Chennai,Tamil Nadu,Professional,1188000.0,757,2025-08-22
C106816,Customer_106816,53,Female,Hyderabad,Telangana,Salaried,250000.0,651,2019-06-20
C106817,Customer_106817,59,Female,Noida,Uttar Pradesh,Salaried,809000.0,676,2020-01-18
C106818,Customer_106818,60,Male,Kolkata,West Bengal,Salaried,760000.0,720,2020-11-18
C106819,Customer_106819,51,Female,Jaipur,Rajasthan,Salaried,1000000.0,838,2017-10-23
C106820,Customer_106820,51,Female,Mumbai,Maharashtra,Salaried,530000.0,675,2018-08-10
C106821,Customer_106821,63,Male,Gurugram,Haryana,Salaried,1288000.0,630,2025-11-03
C106822,Customer_106822,51,Other,Ahmedabad,Gujarat,Self-Employed,555000.0,635,2025-08-13
C106823,Customer_106823,27,Female,Lucknow,Uttar Pradesh,Salaried,666000.0,664,2021-09-04
C106824,Customer_106824,43,Female,Mumbai,Maharashtra,Business Owner,584000.0,677,2023-12-07
C106825,Customer_106825,37,Male,Kolkata,West Bengal,Self-Employed,1342000.0,850,2017-06-16
C106826,Customer_106826,49,Female,Kolkata,West Bengal,Salaried,250000.0,783,2017-05-11
C106827,Customer_106827,49,Female,Kolkata,West Bengal,Business Owner,1565000.0,700,2025-03-29
C106828,Customer_106828,34,Male,Delhi,Delhi,Professional,1439000.0,840,2017-03-18
C106829,Customer_106829,34,Female,Pune,Maharashtra,Salaried,624000.0,680,2023-08-01
C106830,Customer_106830,24,Female,Hyderabad,Telangana,Self-Employed,1261000.0,693,2026-04-02
C106831,Customer_106831,34,Male,Ahmedabad,Gujarat,Self-Employed,902000.0,689,2024-05-19
C106832,Customer_106832,58,Female,Bengaluru,Karnataka,Self-Employed,1511000.0,787,2020-09-08
C106833,Customer_106833,50,Male,Pune,Maharashtra,Salaried,1230000.0,715,2021-12-29
C106834,Customer_106834,63,Female,Ahmedabad,Gujarat,Salaried,1727000.0,818,2022-08-10
C106835,Customer_106835,62,Female,Delhi,Delhi,Salaried,250000.0,748,2021-02-19
C106836,Customer_106836,59,Male,Gurugram,Haryana,Salaried,927000.0,779,2025-10-28
C106837,Customer_106837,29,Male,Jaipur,Rajasthan,Salaried,250000.0,602,2017-05-31
C106838,Customer_106838,36,Male,Delhi,Delhi,Professional,643000.0,610,2025-11-24
C106839,Customer_106839,23,Male,Delhi,Delhi,Salaried,1750000.0,612,2024-12-31
C106840,Customer_106840,25,Female,Noida,Uttar Pradesh,Salaried,1037000.0,692,2017-11-23
C106841,Customer_106841,31,Male,Hyderabad,Telangana,Salaried,1244000.0,620,2022-04-13
C106842,Customer_106842,33,Male,Noida,Uttar Pradesh,Salaried,1056000.0,801,2022-12-01
C106843,Customer_106843,21,Male,Pune,Maharashtra,Business Owner,1030000.0,707,2026-03-03
C106844,Customer_106844,58,Female,Chennai,Tamil Nadu,Business Owner,641000.0,760,2026-03-30
C106845,Customer_106845,44,Female,Hyderabad,Telangana,Salaried,567000.0,688,2021-05-19
C106846,Customer_106846,50,Male,Ahmedabad,Gujarat,Salaried,630000.0,774,2018-09-03
C106847,Customer_106847,50,Male,Mumbai,Maharashtra,Salaried,250000.0,592,2024-07-01
C106848,Customer_106848,64,Male,Chennai,Tamil Nadu,Professional,817000.0,717,2023-03-04
C106849,Customer_106849,27,Male,Chennai,Tamil Nadu,Salaried,946000.0,753,2021-10-12
C106850,Customer_106850,36,Male,Mumbai,Maharashtra,Salaried,602000.0,758,2024-03-16
C106851,Customer_106851,34,Female,Chennai,Tamil Nadu,Salaried,798000.0,699,2017-10-09
C106852,Customer_106852,45,Female,Kolkata,West Bengal,Salaried,1060000.0,609,2017-09-14
C106853,Customer_106853,44,Male,Jaipur,Rajasthan,Salaried,1204000.0,786,2021-06-24
C106854,Customer_106854,56,Female,Mumbai,Maharashtra,Professional,371000.0,695,2020-08-08
C106855,Customer_106855,46,Female,Noida,Uttar Pradesh,Salaried,532000.0,700,2018-06-18
C106856,Customer_106856,31,Male,Noida,Uttar Pradesh,Salaried,1151000.0,850,2018-11-29
C106857,Customer_106857,46,Male,Jaipur,Rajasthan,Salaried,1086000.0,726,2021-07-12
C106858,Customer_106858,64,Female,Lucknow,Uttar Pradesh,Salaried,1388000.0,686,2017-07-13
C106859,Customer_106859,47,Male,Pune,Maharashtra,Professional,1371000.0,682,2023-08-16
C106860,Customer_106860,47,Female,Gurugram,Haryana,Self-Employed,1816000.0,762,2017-12-04
C106861,Customer_106861,28,Female,Jaipur,Rajasthan,Professional,733000.0,667,2023-03-18
C106862,Customer_106862,21,Female,Kolkata,West Bengal,Professional,1481000.0,753,2020-03-08
C106863,Customer_106863,30,Male,Bengaluru,Karnataka,Self-Employed,482000.0,792,2018-06-19
C106864,Customer_106864,22,Male,Kolkata,West Bengal,Self-Employed,1808000.0,714,2022-05-24
C106865,Customer_106865,41,Female,Noida,Uttar Pradesh,Salaried,1032000.0,784,2022-11-17
C106866,Customer_106866,60,Male,Lucknow,Uttar Pradesh,Self-Employed,1067000.0,716,2025-11-17
C106867,Customer_106867,41,Male,Pune,Maharashtra,Self-Employed,1246000.0,675,2021-01-23
C106868,Customer_106868,50,Female,Bengaluru,Karnataka,Self-Employed,308000.0,612,2025-09-17
C106869,Customer_106869,59,Male,Jaipur,Rajasthan,Salaried,420000.0,738,2021-06-05
C106870,Customer_106870,55,Female,Delhi,Delhi,Self-Employed,896000.0,739,2025-02-14
C106871,Customer_106871,50,Female,Mumbai,Maharashtra,Salaried,988000.0,784,2019-08-16
C106872,Customer_106872,56,Female,Kolkata,West Bengal,Self-Employed,1683000.0,778,2024-03-07
C106873,Customer_106873,33,Male,Lucknow,Uttar Pradesh,Salaried,470000.0,850,2019-01-17
C106874,Customer_106874,39,Female,Hyderabad,Telangana,Salaried,1466000.0,682,2017-05-19
C106875,Customer_106875,38,Female,Pune,Maharashtra,Salaried,744000.0,743,2018-03-19
C106876,Customer_106876,56,Male,Hyderabad,Telangana,Business Owner,738000.0,675,2020-10-11
C106877,Customer_106877,39,Female,Pune,Maharashtra,Business Owner,784000.0,780,2018-03-20
C106878,Customer_106878,63,Male,Delhi,Delhi,Salaried,728000.0,660,2024-04-03
C106879,Customer_106879,29,Male,Ahmedabad,Gujarat,Salaried,1045000.0,779,2017-10-31
C106880,Customer_106880,28,Female,Ahmedabad,Gujarat,Salaried,692000.0,672,2026-01-03
C106881,Customer_106881,53,Male,Hyderabad,Telangana,Salaried,286000.0,770,2020-04-05
C106882,Customer_106882,55,Male,Hyderabad,Telangana,Salaried,743000.0,798,2021-04-21
C106883,Customer_106883,51,Female,Gurugram,Haryana,Business Owner,1033000.0,619,2023-12-07
C106884,Customer_106884,34,Male,Bengaluru,Karnataka,Business Owner,289000.0,632,2023-07-13
C106885,Customer_106885,21,Female,Delhi,Delhi,Salaried,1083000.0,735,2024-10-19
C106886,Customer_106886,35,Male,Delhi,Delhi,Professional,1322000.0,728,2026-04-08
C106887,Customer_106887,41,Female,Noida,Uttar Pradesh,Salaried,1442000.0,701,2019-11-03
C106888,Customer_106888,39,Female,Chennai,Tamil Nadu,Business Owner,985000.0,689,2022-10-20
C106889,Customer_106889,62,Male,Mumbai,Maharashtra,Salaried,250000.0,664,2023-03-29
C106890,Customer_106890,59,Female,Noida,Uttar Pradesh,Self-Employed,1109000.0,742,2024-04-01
C106891,Customer_106891,55,Male,Mumbai,Maharashtra,Salaried,1237000.0,657,2019-09-07
C106892,Customer_106892,21,Male,Chennai,Tamil Nadu,Salaried,571000.0,744,2025-12-30
C106893,Customer_106893,26,Male,Delhi,Delhi,Salaried,821000.0,683,2019-03-25
C106894,Customer_106894,40,Male,Jaipur,Rajasthan,Self-Employed,1043000.0,693,2023-08-12
C106895,Customer_106895,48,Male,Jaipur,Rajasthan,Professional,1565000.0,799,2025-03-28
C106896,Customer_106896,51,Female,Gurugram,Haryana,Self-Employed,748000.0,782,2018-03-25
C106897,Customer_106897,34,Female,Hyderabad,Telangana,Business Owner,1207000.0,655,2022-01-02
C106898,Customer_106898,25,Other,Hyderabad,Telangana,Salaried,977000.0,663,2026-02-11
C106899,Customer_106899,35,Female,Lucknow,Uttar Pradesh,Business Owner,930000.0,771,2018-05-20
C106900,Customer_106900,56,Male,Gurugram,Haryana,Business Owner,1382000.0,627,2024-06-26
C106901,Customer_106901,65,Male,Delhi,Delhi,Salaried,517000.0,815,2024-10-21
C106902,Customer_106902,63,Male,Jaipur,Rajasthan,Salaried,942000.0,729,2019-06-19
C106903,Customer_106903,47,Female,Gurugram,Haryana,Salaried,861000.0,682,2023-08-02
C106904,Customer_106904,25,Female,Kolkata,West Bengal,Salaried,250000.0,721,2026-03-11
C106905,Customer_106905,64,Male,Ahmedabad,Gujarat,Salaried,1343000.0,808,2020-08-10
C106906,Customer_106906,27,Male,Delhi,Delhi,Business Owner,1182000.0,581,2017-09-28
C106907,Customer_106907,33,Male,Delhi,Delhi,Business Owner,864000.0,787,2019-06-03
C106908,Customer_106908,64,Female,Delhi,Delhi,Salaried,745000.0,798,2025-10-01
C106909,Customer_106909,43,Male,Mumbai,Maharashtra,Professional,850000.0,699,2025-07-25
C106910,Customer_106910,29,Female,Lucknow,Uttar Pradesh,Business Owner,1133000.0,715,2024-10-30
C106911,Customer_106911,43,Male,Ahmedabad,Gujarat,Self-Employed,871000.0,729,2022-05-31
C106912,Customer_106912,24,Male,Gurugram,Haryana,Professional,583000.0,768,2019-07-24
C106913,Customer_106913,35,Male,Hyderabad,Telangana,Professional,643000.0,673,2022-09-30
C106914,Customer_106914,63,Female,Lucknow,Uttar Pradesh,Salaried,845000.0,719,2025-01-04
C106915,Customer_106915,34,Female,Bengaluru,Karnataka,Professional,477000.0,714,2024-08-24
C106916,Customer_106916,61,Male,Noida,Uttar Pradesh,Salaried,983000.0,764,2017-07-25
C106917,Customer_106917,45,Male,Delhi,Delhi,Salaried,533000.0,850,2023-08-15
C106918,Customer_106918,50,Male,Delhi,Delhi,Salaried,468000.0,672,2025-11-12
C106919,Customer_106919,52,Male,Delhi,Delhi,Self-Employed,2127000.0,725,2018-03-03
C106920,Customer_106920,45,Male,Gurugram,Haryana,Professional,1626000.0,671,2022-08-19
C106921,Customer_106921,22,Male,Hyderabad,Telangana,Salaried,908000.0,688,2022-10-13
C106922,Customer_106922,62,Female,Pune,Maharashtra,Self-Employed,1190000.0,650,2021-11-07
C106923,Customer_106923,42,Female,Pune,Maharashtra,Salaried,1258000.0,621,2024-01-01
C106924,Customer_106924,50,Female,Gurugram,Haryana,Business Owner,820000.0,797,2026-03-24
C106925,Customer_106925,45,Female,Chennai,Tamil Nadu,Salaried,963000.0,743,2023-01-21
C106926,Customer_106926,50,Other,Delhi,Delhi,Self-Employed,745000.0,726,2017-03-31
C106927,Customer_106927,36,Female,Chennai,Tamil Nadu,Self-Employed,1352000.0,663,2021-10-28
C106928,Customer_106928,58,Male,Hyderabad,Telangana,Salaried,1358000.0,715,2021-10-09
C106929,Customer_106929,31,Male,Jaipur,Rajasthan,Professional,1475000.0,645,2019-07-12
C106930,Customer_106930,50,Male,Gurugram,Haryana,Professional,956000.0,718,2023-11-05
C106931,Customer_106931,47,Female,Mumbai,Maharashtra,Salaried,1717000.0,742,2022-04-27
C106932,Customer_106932,43,Male,Gurugram,Haryana,Self-Employed,819000.0,685,2018-01-17
C106933,Customer_106933,21,Male,Delhi,Delhi,Business Owner,1669000.0,671,2024-03-25
C106934,Customer_106934,38,Female,Ahmedabad,Gujarat,Salaried,665000.0,688,2017-02-20
C106935,Customer_106935,23,Female,Chennai,Tamil Nadu,Salaried,331000.0,773,2025-02-01
C106936,Customer_106936,43,Female,Hyderabad,Telangana,Self-Employed,1661000.0,733,2022-09-23
C106937,Customer_106937,51,Female,Pune,Maharashtra,Self-Employed,1114000.0,616,2026-04-07
C106938,Customer_106938,44,Female,Hyderabad,Telangana,Self-Employed,1058000.0,767,2020-02-24
C106939,Customer_106939,55,Female,Gurugram,Haryana,Self-Employed,706000.0,755,2019-01-29
C106940,Customer_106940,37,Male,Lucknow,Uttar Pradesh,Self-Employed,512000.0,732,2021-06-27
C106941,Customer_106941,34,Female,Gurugram,Haryana,Salaried,550000.0,827,2024-07-09
C106942,Customer_106942,41,Female,Pune,Maharashtra,Salaried,905000.0,722,2022-10-17
C106943,Customer_106943,31,Male,Kolkata,West Bengal,Salaried,790000.0,748,2021-02-22
C106944,Customer_106944,57,Female,Pune,Maharashtra,Salaried,250000.0,751,2020-08-06
C106945,Customer_106945,57,Female,Gurugram,Haryana,Business Owner,1528000.0,777,2024-05-05
C106946,Customer_106946,39,Female,Kolkata,West Bengal,Business Owner,682000.0,706,2018-12-31
C106947,Customer_106947,56,Female,Pune,Maharashtra,Salaried,1345000.0,678,2017-04-24
C106948,Customer_106948,22,Male,Chennai,Tamil Nadu,Self-Employed,568000.0,783,2019-03-23
C106949,Customer_106949,27,Male,Chennai,Tamil Nadu,Salaried,912000.0,780,2018-12-13
C106950,Customer_106950,33,Male,Kolkata,West Bengal,Salaried,1239000.0,803,2018-09-30
C106951,Customer_106951,38,Female,Jaipur,Rajasthan,Professional,1184000.0,747,2019-11-18
C106952,Customer_106952,31,Female,Pune,Maharashtra,Salaried,743000.0,613,2023-09-01
C106953,Customer_106953,44,Other,Gurugram,Haryana,Business Owner,1054000.0,731,2019-04-22
C106954,Customer_106954,56,Female,Gurugram,Haryana,Salaried,1120000.0,722,2018-04-02
C106955,Customer_106955,41,Female,Pune,Maharashtra,Salaried,791000.0,800,2020-09-17
C106956,Customer_106956,41,Male,Noida,Uttar Pradesh,Self-Employed,405000.0,789,2026-01-19
C106957,Customer_106957,23,Male,Bengaluru,Karnataka,Business Owner,600000.0,760,2025-09-26
C106958,Customer_106958,33,Male,Lucknow,Uttar Pradesh,Self-Employed,698000.0,585,2017-01-17
C106959,Customer_106959,57,Female,Hyderabad,Telangana,Professional,860000.0,666,2017-02-12
C106960,Customer_106960,57,Male,Kolkata,West Bengal,Business Owner,1487000.0,696,2019-10-30
C106961,Customer_106961,25,Female,Hyderabad,Telangana,Self-Employed,1213000.0,698,2018-05-09
C106962,Customer_106962,21,Female,Pune,Maharashtra,Salaried,524000.0,731,2024-06-22
C106963,Customer_106963,58,Male,Chennai,Tamil Nadu,Salaried,1585000.0,816,2018-05-24
C106964,Customer_106964,28,Female,Jaipur,Rajasthan,Self-Employed,818000.0,771,2017-11-03
C106965,Customer_106965,46,Female,Delhi,Delhi,Self-Employed,1119000.0,660,2019-02-07
C106966,Customer_106966,58,Female,Noida,Uttar Pradesh,Salaried,474000.0,666,2022-06-23
C106967,Customer_106967,56,Male,Noida,Uttar Pradesh,Salaried,669000.0,660,2018-07-18
C106968,Customer_106968,45,Male,Kolkata,West Bengal,Salaried,1265000.0,712,2019-09-16
C106969,Customer_106969,37,Male,Kolkata,West Bengal,Salaried,498000.0,772,2021-09-06
C106970,Customer_106970,55,Female,Jaipur,Rajasthan,Salaried,872000.0,783,2025-12-27
C106971,Customer_106971,52,Female,Bengaluru,Karnataka,Business Owner,1038000.0,696,2025-01-22
C106972,Customer_106972,58,Female,Jaipur,Rajasthan,Business Owner,441000.0,718,2019-01-15
C106973,Customer_106973,44,Female,Bengaluru,Karnataka,Professional,250000.0,829,2019-09-14
C106974,Customer_106974,63,Male,Jaipur,Rajasthan,Self-Employed,1213000.0,623,2017-08-30
C106975,Customer_106975,55,Other,Hyderabad,Telangana,Salaried,1995000.0,761,2019-10-02
C106976,Customer_106976,23,Male,Jaipur,Rajasthan,Self-Employed,1034000.0,754,2022-09-18
C106977,Customer_106977,34,Male,Gurugram,Haryana,Business Owner,1110000.0,701,2021-10-27
C106978,Customer_106978,56,Female,Bengaluru,Karnataka,Self-Employed,496000.0,719,2020-07-02
C106979,Customer_106979,26,Female,Ahmedabad,Gujarat,Salaried,1438000.0,747,2017-03-06
C106980,Customer_106980,52,Female,Pune,Maharashtra,Self-Employed,699000.0,701,2025-06-01
C106981,Customer_106981,36,Female,Hyderabad,Telangana,Salaried,1315000.0,679,2020-08-19
C106982,Customer_106982,30,Male,Ahmedabad,Gujarat,Salaried,1093000.0,674,2025-07-08
C106983,Customer_106983,45,Male,Lucknow,Uttar Pradesh,Salaried,1103000.0,841,2023-11-05
C106984,Customer_106984,62,Male,Delhi,Delhi,Salaried,1087000.0,691,2024-05-27
C106985,Customer_106985,61,Female,Lucknow,Uttar Pradesh,Professional,1075000.0,733,2020-12-04
C106986,Customer_106986,39,Male,Noida,Uttar Pradesh,Salaried,963000.0,771,2018-03-14
C106987,Customer_106987,21,Male,Kolkata,West Bengal,Salaried,1238000.0,706,2019-02-03
C106988,Customer_106988,60,Male,Ahmedabad,Gujarat,Business Owner,560000.0,722,2023-02-16
C106989,Customer_106989,61,Female,Chennai,Tamil Nadu,Professional,754000.0,753,2022-06-12
C106990,Customer_106990,48,Female,Mumbai,Maharashtra,Salaried,1437000.0,665,2017-11-10
C106991,Customer_106991,49,Male,Kolkata,West Bengal,Salaried,919000.0,620,2025-01-08
C106992,Customer_106992,44,Male,Gurugram,Haryana,Salaried,720000.0,673,2017-03-27
C106993,Customer_106993,21,Female,Bengaluru,Karnataka,Self-Employed,1264000.0,832,2021-05-21
C106994,Customer_106994,28,Female,Jaipur,Rajasthan,Business Owner,1185000.0,683,2018-11-02
C106995,Customer_106995,27,Male,Jaipur,Rajasthan,Salaried,330000.0,728,2018-08-13
C106996,Customer_106996,62,Male,Gurugram,Haryana,Professional,1142000.0,634,2021-08-09
C106997,Customer_106997,23,Female,Chennai,Tamil Nadu,Self-Employed,905000.0,807,2020-01-18
C106998,Customer_106998,46,Female,Chennai,Tamil Nadu,Business Owner,1135000.0,700,2021-03-14
C106999,Customer_106999,37,Male,Chennai,Tamil Nadu,Salaried,854000.0,690,2025-10-20
C107000,Customer_107000,21,Female,Noida,Uttar Pradesh,Professional,1036000.0,711,2024-03-23
C107001,Customer_107001,62,Female,Noida,Uttar Pradesh,Salaried,250000.0,850,2020-01-12
C107002,Customer_107002,21,Male,Chennai,Tamil Nadu,Salaried,492000.0,749,2021-11-15
C107003,Customer_107003,59,Male,Lucknow,Uttar Pradesh,Salaried,1146000.0,710,2020-06-28
C107004,Customer_107004,55,Female,Kolkata,West Bengal,Salaried,1899000.0,533,2019-06-18
C107005,Customer_107005,56,Male,Chennai,Tamil Nadu,Salaried,997000.0,808,2021-04-01
C107006,Customer_107006,28,Male,Delhi,Delhi,Salaried,573000.0,675,2018-04-21
C107007,Customer_107007,60,Female,Ahmedabad,Gujarat,Salaried,904000.0,665,2019-03-12
C107008,Customer_107008,47,Male,Ahmedabad,Gujarat,Salaried,493000.0,670,2022-04-22
C107009,Customer_107009,39,Female,Lucknow,Uttar Pradesh,Self-Employed,1350000.0,815,2023-11-10
C107010,Customer_107010,51,Male,Jaipur,Rajasthan,Business Owner,869000.0,717,2023-04-14
C107011,Customer_107011,36,Male,Delhi,Delhi,Self-Employed,1271000.0,621,2026-03-09
C107012,Customer_107012,33,Male,Kolkata,West Bengal,Salaried,789000.0,707,2018-12-25
C107013,Customer_107013,33,Female,Jaipur,Rajasthan,Salaried,1307000.0,666,2018-02-15
C107014,Customer_107014,46,Female,Pune,Maharashtra,Self-Employed,250000.0,743,2022-11-19
C107015,Customer_107015,48,Female,Pune,Maharashtra,Business Owner,860000.0,695,2022-04-12
C107016,Customer_107016,31,Male,Gurugram,Haryana,Salaried,1066000.0,618,2025-01-03
C107017,Customer_107017,32,Female,Ahmedabad,Gujarat,Professional,743000.0,715,2018-03-09
C107018,Customer_107018,63,Male,Jaipur,Rajasthan,Business Owner,994000.0,716,2019-04-04
C107019,Customer_107019,44,Female,Pune,Maharashtra,Professional,987000.0,639,2020-11-01
C107020,Customer_107020,59,Male,Hyderabad,Telangana,Self-Employed,1270000.0,593,2024-08-18
C107021,Customer_107021,35,Female,Kolkata,West Bengal,Salaried,1099000.0,738,2018-11-02
C107022,Customer_107022,33,Male,Lucknow,Uttar Pradesh,Professional,1007000.0,702,2025-11-06
C107023,Customer_107023,33,Male,Ahmedabad,Gujarat,Professional,1202000.0,706,2018-01-12
C107024,Customer_107024,44,Female,Jaipur,Rajasthan,Business Owner,309000.0,768,2025-09-20
C107025,Customer_107025,56,Male,Mumbai,Maharashtra,Professional,549000.0,594,2023-04-10
C107026,Customer_107026,43,Male,Lucknow,Uttar Pradesh,Professional,296000.0,724,2018-04-26
C107027,Customer_107027,34,Female,Bengaluru,Karnataka,Business Owner,1069000.0,763,2026-03-18
C107028,Customer_107028,64,Male,Lucknow,Uttar Pradesh,Salaried,1016000.0,708,2017-06-16
C107029,Customer_107029,46,Female,Pune,Maharashtra,Salaried,1404000.0,628,2020-08-18
C107030,Customer_107030,38,Female,Lucknow,Uttar Pradesh,Self-Employed,991000.0,677,2023-10-07
C107031,Customer_107031,21,Female,Noida,Uttar Pradesh,Business Owner,597000.0,691,2020-03-15
C107032,Customer_107032,46,Male,Gurugram,Haryana,Salaried,904000.0,617,2020-07-22
C107033,Customer_107033,48,Female,Noida,Uttar Pradesh,Salaried,250000.0,744,2019-09-01
C107034,Customer_107034,62,Female,Ahmedabad,Gujarat,Professional,687000.0,720,2018-08-28
C107035,Customer_107035,31,Male,Noida,Uttar Pradesh,Salaried,250000.0,678,2022-06-05
C107036,Customer_107036,28,Female,Bengaluru,Karnataka,Salaried,981000.0,784,2021-03-01
C107037,Customer_107037,65,Female,Delhi,Delhi,Self-Employed,738000.0,686,2024-07-20
C107038,Customer_107038,45,Male,Kolkata,West Bengal,Salaried,797000.0,816,2022-01-20
C107039,Customer_107039,22,Male,Gurugram,Haryana,Salaried,477000.0,703,2021-10-13
C107040,Customer_107040,25,Female,Gurugram,Haryana,Self-Employed,582000.0,658,2018-07-05
C107041,Customer_107041,42,Male,Kolkata,West Bengal,Professional,1127000.0,660,2019-05-07
C107042,Customer_107042,48,Female,Kolkata,West Bengal,Salaried,276000.0,726,2017-05-09
C107043,Customer_107043,31,Male,Ahmedabad,Gujarat,Salaried,1052000.0,650,2026-01-26
C107044,Customer_107044,37,Male,Noida,Uttar Pradesh,Salaried,526000.0,729,2024-04-12
C107045,Customer_107045,54,Female,Noida,Uttar Pradesh,Self-Employed,250000.0,694,2019-07-09
C107046,Customer_107046,64,Other,Mumbai,Maharashtra,Salaried,1341000.0,692,2021-03-31
C107047,Customer_107047,43,Male,Ahmedabad,Gujarat,Salaried,1382000.0,717,2022-03-27
C107048,Customer_107048,39,Female,Chennai,Tamil Nadu,Self-Employed,634000.0,785,2019-04-11
C107049,Customer_107049,37,Male,Gurugram,Haryana,Professional,630000.0,685,2018-03-13
C107050,Customer_107050,27,Male,Kolkata,West Bengal,Salaried,750000.0,732,2025-11-22
C107051,Customer_107051,23,Female,Lucknow,Uttar Pradesh,Self-Employed,526000.0,749,2020-04-28
C107052,Customer_107052,58,Male,Pune,Maharashtra,Business Owner,596000.0,641,2024-01-25
C107053,Customer_107053,22,Female,Jaipur,Rajasthan,Salaried,1030000.0,754,2022-11-23
C107054,Customer_107054,57,Male,Mumbai,Maharashtra,Business Owner,1680000.0,773,2020-10-01
C107055,Customer_107055,32,Male,Lucknow,Uttar Pradesh,Salaried,708000.0,783,2022-09-25
C107056,Customer_107056,52,Male,Mumbai,Maharashtra,Salaried,1259000.0,648,2019-07-17
C107057,Customer_107057,63,Female,Chennai,Tamil Nadu,Salaried,991000.0,652,2019-05-08
C107058,Customer_107058,54,Female,Noida,Uttar Pradesh,Salaried,250000.0,716,2023-10-16
C107059,Customer_107059,53,Male,Lucknow,Uttar Pradesh,Business Owner,840000.0,713,2024-03-26
C107060,Customer_107060,32,Male,Pune,Maharashtra,Self-Employed,790000.0,721,2023-09-29
C107061,Customer_107061,47,Other,Pune,Maharashtra,Business Owner,1436000.0,697,2023-07-07
C107062,Customer_107062,49,Male,Delhi,Delhi,Business Owner,1452000.0,732,2025-03-25
C107063,Customer_107063,40,Female,Lucknow,Uttar Pradesh,Salaried,1001000.0,554,2019-10-30
C107064,Customer_107064,22,Female,Delhi,Delhi,Professional,1336000.0,763,2017-02-14
C107065,Customer_107065,62,Female,Delhi,Delhi,Professional,791000.0,816,2019-07-31
C107066,Customer_107066,29,Male,Pune,Maharashtra,Salaried,1298000.0,684,2022-11-11
C107067,Customer_107067,64,Male,Delhi,Delhi,Business Owner,890000.0,733,2022-07-25
C107068,Customer_107068,62,Male,Mumbai,Maharashtra,Business Owner,1289000.0,829,2019-08-16
C107069,Customer_107069,21,Male,Ahmedabad,Gujarat,Salaried,1330000.0,722,2024-04-01
C107070,Customer_107070,54,Male,Jaipur,Rajasthan,Salaried,1137000.0,740,2026-01-27
C107071,Customer_107071,49,Other,Hyderabad,Telangana,Salaried,553000.0,840,2018-02-23
C107072,Customer_107072,31,Male,Gurugram,Haryana,Professional,682000.0,850,2017-03-26
C107073,Customer_107073,57,Male,Ahmedabad,Gujarat,Self-Employed,1151000.0,651,2023-06-20
C107074,Customer_107074,26,Male,Bengaluru,Karnataka,Business Owner,1207000.0,693,2021-07-16
C107075,Customer_107075,32,Male,Jaipur,Rajasthan,Professional,913000.0,778,2023-03-27
C107076,Customer_107076,63,Female,Ahmedabad,Gujarat,Salaried,725000.0,752,2023-08-14
C107077,Customer_107077,54,Male,Gurugram,Haryana,Professional,927000.0,766,2017-05-17
C107078,Customer_107078,26,Female,Mumbai,Maharashtra,Salaried,739000.0,550,2023-12-30
C107079,Customer_107079,27,Female,Bengaluru,Karnataka,Business Owner,741000.0,593,2018-08-18
C107080,Customer_107080,32,Male,Hyderabad,Telangana,Salaried,1634000.0,836,2022-11-23
C107081,Customer_107081,24,Female,Chennai,Tamil Nadu,Salaried,660000.0,770,2026-03-05
C107082,Customer_107082,29,Male,Noida,Uttar Pradesh,Salaried,1053000.0,743,2021-05-25
C107083,Customer_107083,46,Male,Jaipur,Rajasthan,Salaried,911000.0,639,2020-04-03
C107084,Customer_107084,21,Female,Kolkata,West Bengal,Salaried,359000.0,693,2025-06-20
C107085,Customer_107085,33,Female,Kolkata,West Bengal,Salaried,346000.0,757,2020-11-19
C107086,Customer_107086,35,Male,Noida,Uttar Pradesh,Self-Employed,818000.0,630,2022-05-15
C107087,Customer_107087,64,Male,Pune,Maharashtra,Professional,250000.0,674,2018-11-14
C107088,Customer_107088,64,Male,Bengaluru,Karnataka,Salaried,1582000.0,744,2021-11-08
C107089,Customer_107089,59,Female,Mumbai,Maharashtra,Salaried,705000.0,758,2017-09-08
C107090,Customer_107090,36,Female,Hyderabad,Telangana,Self-Employed,673000.0,686,2024-12-24
C107091,Customer_107091,44,Male,Ahmedabad,Gujarat,Self-Employed,1339000.0,784,2022-09-05
C107092,Customer_107092,43,Female,Pune,Maharashtra,Self-Employed,794000.0,782,2021-02-15
C107093,Customer_107093,59,Female,Pune,Maharashtra,Professional,1110000.0,603,2023-12-21
C107094,Customer_107094,54,Male,Pune,Maharashtra,Salaried,621000.0,826,2022-08-29
C107095,Customer_107095,61,Female,Lucknow,Uttar Pradesh,Salaried,868000.0,796,2020-11-26
C107096,Customer_107096,45,Female,Lucknow,Uttar Pradesh,Professional,1237000.0,733,2020-01-24
C107097,Customer_107097,62,Male,Mumbai,Maharashtra,Self-Employed,505000.0,711,2017-08-20
C107098,Customer_107098,54,Female,Mumbai,Maharashtra,Self-Employed,1061000.0,771,2018-12-23
C107099,Customer_107099,54,Female,Bengaluru,Karnataka,Professional,250000.0,755,2020-09-29
C107100,Customer_107100,50,Female,Noida,Uttar Pradesh,Salaried,1356000.0,702,2021-04-15
C107101,Customer_107101,36,Male,Pune,Maharashtra,Salaried,627000.0,824,2026-04-04
C107102,Customer_107102,48,Female,Noida,Uttar Pradesh,Salaried,816000.0,583,2020-02-17
C107103,Customer_107103,37,Female,Ahmedabad,Gujarat,Business Owner,811000.0,677,2021-06-24
C107104,Customer_107104,50,Other,Kolkata,West Bengal,Professional,460000.0,749,2017-05-09
C107105,Customer_107105,32,Male,Hyderabad,Telangana,Salaried,429000.0,717,2017-11-06
C107106,Customer_107106,56,Male,Chennai,Tamil Nadu,Salaried,1059000.0,765,2021-07-13
C107107,Customer_107107,46,Female,Mumbai,Maharashtra,Self-Employed,1077000.0,629,2020-03-29
C107108,Customer_107108,52,Male,Kolkata,West Bengal,Salaried,496000.0,703,2023-02-10
C107109,Customer_107109,30,Male,Hyderabad,Telangana,Business Owner,1066000.0,795,2024-11-08
C107110,Customer_107110,56,Female,Hyderabad,Telangana,Salaried,1073000.0,623,2017-06-26
C107111,Customer_107111,57,Female,Delhi,Delhi,Professional,699000.0,704,2018-07-17
C107112,Customer_107112,27,Female,Gurugram,Haryana,Business Owner,333000.0,685,2022-04-13
C107113,Customer_107113,36,Male,Lucknow,Uttar Pradesh,Salaried,835000.0,744,2017-12-05
C107114,Customer_107114,51,Female,Pune,Maharashtra,Self-Employed,996000.0,746,2019-11-21
C107115,Customer_107115,60,Male,Kolkata,West Bengal,Business Owner,826000.0,726,2023-08-03
C107116,Customer_107116,54,Female,Lucknow,Uttar Pradesh,Salaried,613000.0,701,2017-05-19
C107117,Customer_107117,42,Male,Kolkata,West Bengal,Salaried,1037000.0,724,2022-10-03
C107118,Customer_107118,34,Male,Ahmedabad,Gujarat,Business Owner,1356000.0,709,2017-11-26
C107119,Customer_107119,61,Female,Pune,Maharashtra,Self-Employed,542000.0,718,2024-01-25
C107120,Customer_107120,60,Female,Kolkata,West Bengal,Business Owner,731000.0,815,2023-09-02
C107121,Customer_107121,61,Male,Kolkata,West Bengal,Salaried,1947000.0,642,2017-06-29
C107122,Customer_107122,34,Male,Jaipur,Rajasthan,Self-Employed,966000.0,742,2022-01-08
C107123,Customer_107123,40,Female,Ahmedabad,Gujarat,Self-Employed,343000.0,659,2021-05-23
C107124,Customer_107124,31,Other,Kolkata,West Bengal,Salaried,659000.0,847,2025-11-25
C107125,Customer_107125,63,Male,Delhi,Delhi,Salaried,547000.0,726,2017-05-15
C107126,Customer_107126,60,Female,Noida,Uttar Pradesh,Salaried,1002000.0,638,2023-05-07
C107127,Customer_107127,28,Male,Noida,Uttar Pradesh,Business Owner,973000.0,705,2022-01-24
C107128,Customer_107128,32,Female,Bengaluru,Karnataka,Salaried,595000.0,625,2025-12-17
C107129,Customer_107129,45,Male,Hyderabad,Telangana,Professional,1593000.0,679,2023-11-03
C107130,Customer_107130,39,Male,Lucknow,Uttar Pradesh,Salaried,884000.0,760,2019-08-28
C107131,Customer_107131,41,Female,Hyderabad,Telangana,Business Owner,668000.0,808,2018-01-06
C107132,Customer_107132,37,Male,Gurugram,Haryana,Salaried,362000.0,790,2022-06-04
C107133,Customer_107133,51,Female,Gurugram,Haryana,Business Owner,492000.0,713,2024-11-27
C107134,Customer_107134,61,Male,Noida,Uttar Pradesh,Self-Employed,352000.0,757,2022-03-15
C107135,Customer_107135,62,Male,Delhi,Delhi,Self-Employed,774000.0,773,2022-05-28
C107136,Customer_107136,41,Female,Pune,Maharashtra,Professional,496000.0,850,2021-11-16
C107137,Customer_107137,58,Female,Kolkata,West Bengal,Salaried,1164000.0,681,2020-06-17
C107138,Customer_107138,52,Male,Noida,Uttar Pradesh,Salaried,616000.0,818,2025-05-10
C107139,Customer_107139,29,Female,Bengaluru,Karnataka,Salaried,1186000.0,649,2018-07-21
C107140,Customer_107140,56,Male,Hyderabad,Telangana,Salaried,1047000.0,797,2021-11-30
C107141,Customer_107141,36,Female,Bengaluru,Karnataka,Business Owner,1108000.0,680,2025-02-04
C107142,Customer_107142,49,Male,Gurugram,Haryana,Salaried,1209000.0,676,2019-06-16
C107143,Customer_107143,53,Female,Lucknow,Uttar Pradesh,Business Owner,1647000.0,701,2020-12-07
C107144,Customer_107144,63,Male,Mumbai,Maharashtra,Salaried,510000.0,670,2023-07-15
C107145,Customer_107145,63,Female,Bengaluru,Karnataka,Professional,1188000.0,748,2018-03-11
C107146,Customer_107146,57,Female,Hyderabad,Telangana,Salaried,1009000.0,800,2019-06-20
C107147,Customer_107147,43,Female,Noida,Uttar Pradesh,Professional,1275000.0,583,2023-09-29
C107148,Customer_107148,39,Male,Pune,Maharashtra,Self-Employed,894000.0,709,2017-10-11
C107149,Customer_107149,40,Male,Hyderabad,Telangana,Professional,1320000.0,649,2020-07-01
C107150,Customer_107150,63,Male,Hyderabad,Telangana,Self-Employed,333000.0,779,2022-06-25
C107151,Customer_107151,30,Female,Ahmedabad,Gujarat,Salaried,448000.0,812,2024-12-01
C107152,Customer_107152,44,Male,Chennai,Tamil Nadu,Business Owner,622000.0,709,2018-04-13
C107153,Customer_107153,51,Female,Mumbai,Maharashtra,Salaried,820000.0,674,2021-12-22
C107154,Customer_107154,22,Male,Gurugram,Haryana,Salaried,869000.0,615,2023-08-26
C107155,Customer_107155,49,Other,Pune,Maharashtra,Salaried,554000.0,847,2020-09-11
C107156,Customer_107156,32,Male,Hyderabad,Telangana,Professional,454000.0,806,2021-01-29
C107157,Customer_107157,33,Female,Jaipur,Rajasthan,Business Owner,588000.0,591,2021-04-13
C107158,Customer_107158,48,Female,Jaipur,Rajasthan,Salaried,250000.0,763,2025-01-24
C107159,Customer_107159,21,Female,Mumbai,Maharashtra,Business Owner,735000.0,648,2022-09-23
C107160,Customer_107160,28,Female,Delhi,Delhi,Salaried,827000.0,687,2020-10-08
C107161,Customer_107161,41,Female,Delhi,Delhi,Salaried,1026000.0,639,2017-02-02
C107162,Customer_107162,47,Female,Gurugram,Haryana,Salaried,917000.0,590,2020-09-09
C107163,Customer_107163,25,Male,Ahmedabad,Gujarat,Salaried,1567000.0,717,2024-08-06
C107164,Customer_107164,37,Male,Gurugram,Haryana,Self-Employed,1175000.0,843,2020-12-29
C107165,Customer_107165,34,Female,Ahmedabad,Gujarat,Salaried,1145000.0,660,2020-08-30
C107166,Customer_107166,45,Female,Chennai,Tamil Nadu,Salaried,996000.0,778,2023-08-24
C107167,Customer_107167,34,Male,Ahmedabad,Gujarat,Salaried,1064000.0,788,2026-01-16
C107168,Customer_107168,21,Male,Jaipur,Rajasthan,Professional,762000.0,767,2018-06-12
C107169,Customer_107169,44,Female,Chennai,Tamil Nadu,Self-Employed,890000.0,850,2025-10-15
C107170,Customer_107170,59,Male,Noida,Uttar Pradesh,Salaried,1619000.0,782,2020-03-06
C107171,Customer_107171,47,Female,Noida,Uttar Pradesh,Business Owner,822000.0,837,2022-06-18
C107172,Customer_107172,37,Female,Gurugram,Haryana,Salaried,317000.0,645,2019-06-30
C107173,Customer_107173,42,Male,Lucknow,Uttar Pradesh,Professional,1129000.0,768,2017-03-15
C107174,Customer_107174,27,Male,Chennai,Tamil Nadu,Salaried,1200000.0,818,2020-08-12
C107175,Customer_107175,31,Male,Mumbai,Maharashtra,Salaried,912000.0,670,2025-03-21
C107176,Customer_107176,40,Male,Pune,Maharashtra,Salaried,250000.0,500,2025-06-27
C107177,Customer_107177,47,Female,Jaipur,Rajasthan,Salaried,1365000.0,638,2020-07-03
C107178,Customer_107178,42,Female,Gurugram,Haryana,Salaried,942000.0,673,2022-11-17
C107179,Customer_107179,64,Female,Chennai,Tamil Nadu,Business Owner,726000.0,756,2024-03-07
C107180,Customer_107180,49,Male,Hyderabad,Telangana,Salaried,1325000.0,683,2021-09-08
C107181,Customer_107181,22,Female,Pune,Maharashtra,Salaried,250000.0,720,2024-07-23
C107182,Customer_107182,44,Male,Gurugram,Haryana,Self-Employed,895000.0,681,2018-03-15
C107183,Customer_107183,47,Female,Delhi,Delhi,Self-Employed,634000.0,712,2025-09-08
C107184,Customer_107184,22,Male,Hyderabad,Telangana,Professional,1447000.0,716,2022-05-14
C107185,Customer_107185,38,Female,Bengaluru,Karnataka,Salaried,947000.0,679,2018-06-15
C107186,Customer_107186,60,Female,Gurugram,Haryana,Professional,504000.0,773,2024-06-08
C107187,Customer_107187,37,Male,Pune,Maharashtra,Self-Employed,1305000.0,810,2025-08-25
C107188,Customer_107188,41,Female,Mumbai,Maharashtra,Self-Employed,250000.0,645,2020-05-12
C107189,Customer_107189,30,Male,Hyderabad,Telangana,Salaried,1053000.0,734,2021-05-03
C107190,Customer_107190,24,Male,Delhi,Delhi,Salaried,345000.0,627,2025-05-28
C107191,Customer_107191,35,Female,Pune,Maharashtra,Salaried,665000.0,606,2022-01-07
C107192,Customer_107192,55,Female,Lucknow,Uttar Pradesh,Self-Employed,754000.0,787,2020-04-09
C107193,Customer_107193,65,Male,Kolkata,West Bengal,Self-Employed,1214000.0,850,2022-12-21
C107194,Customer_107194,50,Male,Noida,Uttar Pradesh,Salaried,1731000.0,699,2018-06-30
C107195,Customer_107195,58,Male,Jaipur,Rajasthan,Salaried,250000.0,839,2020-03-05
C107196,Customer_107196,50,Female,Noida,Uttar Pradesh,Professional,1029000.0,678,2024-09-15
C107197,Customer_107197,50,Female,Hyderabad,Telangana,Salaried,1731000.0,705,2017-11-15
C107198,Customer_107198,40,Male,Lucknow,Uttar Pradesh,Self-Employed,621000.0,828,2022-04-08
C107199,Customer_107199,23,Male,Bengaluru,Karnataka,Professional,596000.0,661,2023-05-06
C107200,Customer_107200,39,Female,Pune,Maharashtra,Salaried,944000.0,780,2021-10-24
C107201,Customer_107201,59,Female,Jaipur,Rajasthan,Self-Employed,1182000.0,697,2020-08-18
C107202,Customer_107202,45,Male,Hyderabad,Telangana,Business Owner,1113000.0,673,2025-08-14
C107203,Customer_107203,55,Female,Hyderabad,Telangana,Salaried,707000.0,687,2024-07-11
C107204,Customer_107204,23,Male,Mumbai,Maharashtra,Salaried,529000.0,579,2024-09-05
C107205,Customer_107205,30,Male,Delhi,Delhi,Professional,1376000.0,802,2017-11-27
C107206,Customer_107206,34,Female,Kolkata,West Bengal,Salaried,540000.0,735,2026-03-30
C107207,Customer_107207,37,Female,Lucknow,Uttar Pradesh,Salaried,250000.0,710,2021-09-15
C107208,Customer_107208,65,Male,Bengaluru,Karnataka,Salaried,269000.0,675,2023-06-10
C107209,Customer_107209,41,Female,Pune,Maharashtra,Business Owner,620000.0,740,2020-07-08
C107210,Customer_107210,50,Female,Lucknow,Uttar Pradesh,Salaried,1447000.0,777,2022-05-25
C107211,Customer_107211,50,Female,Gurugram,Haryana,Salaried,375000.0,702,2023-08-12
C107212,Customer_107212,39,Female,Delhi,Delhi,Salaried,1459000.0,783,2022-01-07
C107213,Customer_107213,64,Male,Kolkata,West Bengal,Salaried,1373000.0,738,2022-04-25
C107214,Customer_107214,31,Female,Mumbai,Maharashtra,Self-Employed,940000.0,714,2020-04-25
C107215,Customer_107215,22,Male,Bengaluru,Karnataka,Professional,250000.0,779,2026-03-28
C107216,Customer_107216,54,Male,Bengaluru,Karnataka,Salaried,376000.0,687,2018-09-08
C107217,Customer_107217,50,Male,Ahmedabad,Gujarat,Self-Employed,597000.0,639,2020-06-25
C107218,Customer_107218,32,Female,Bengaluru,Karnataka,Self-Employed,1542000.0,717,2024-09-06
C107219,Customer_107219,60,Male,Hyderabad,Telangana,Business Owner,622000.0,722,2021-06-04
C107220,Customer_107220,28,Male,Bengaluru,Karnataka,Self-Employed,541000.0,706,2017-01-23
C107221,Customer_107221,32,Female,Chennai,Tamil Nadu,Salaried,925000.0,797,2017-12-11
C107222,Customer_107222,27,Male,Ahmedabad,Gujarat,Self-Employed,286000.0,753,2025-04-07
C107223,Customer_107223,29,Male,Chennai,Tamil Nadu,Self-Employed,840000.0,713,2026-03-26
C107224,Customer_107224,53,Male,Hyderabad,Telangana,Self-Employed,531000.0,720,2019-06-12
C107225,Customer_107225,52,Female,Kolkata,West Bengal,Salaried,1925000.0,725,2018-12-17
C107226,Customer_107226,49,Male,Ahmedabad,Gujarat,Salaried,483000.0,754,2019-03-25
C107227,Customer_107227,59,Male,Delhi,Delhi,Salaried,1622000.0,723,2025-07-08
C107228,Customer_107228,24,Female,Noida,Uttar Pradesh,Salaried,394000.0,710,2017-01-25
C107229,Customer_107229,48,Female,Noida,Uttar Pradesh,Salaried,955000.0,633,2017-11-27
C107230,Customer_107230,26,Female,Ahmedabad,Gujarat,Salaried,1050000.0,674,2020-05-08
C107231,Customer_107231,64,Male,Kolkata,West Bengal,Salaried,907000.0,738,2026-02-10
C107232,Customer_107232,49,Female,Jaipur,Rajasthan,Salaried,882000.0,732,2017-10-29
C107233,Customer_107233,55,Female,Pune,Maharashtra,Professional,1195000.0,623,2020-02-05
C107234,Customer_107234,46,Female,Chennai,Tamil Nadu,Salaried,1017000.0,683,2018-09-20
C107235,Customer_107235,38,Female,Chennai,Tamil Nadu,Salaried,781000.0,660,2020-01-22
C107236,Customer_107236,51,Male,Mumbai,Maharashtra,Self-Employed,580000.0,809,2023-05-30
C107237,Customer_107237,58,Female,Noida,Uttar Pradesh,Salaried,784000.0,736,2018-11-11
C107238,Customer_107238,29,Female,Hyderabad,Telangana,Salaried,779000.0,748,2020-11-13
C107239,Customer_107239,60,Male,Hyderabad,Telangana,Salaried,771000.0,716,2018-07-04
C107240,Customer_107240,53,Male,Lucknow,Uttar Pradesh,Salaried,880000.0,679,2017-02-07
C107241,Customer_107241,24,Male,Kolkata,West Bengal,Self-Employed,286000.0,691,2021-08-26
C107242,Customer_107242,63,Female,Ahmedabad,Gujarat,Salaried,439000.0,752,2019-12-14
C107243,Customer_107243,29,Male,Bengaluru,Karnataka,Salaried,1183000.0,703,2023-12-05
C107244,Customer_107244,48,Female,Hyderabad,Telangana,Salaried,250000.0,753,2017-01-21
C107245,Customer_107245,26,Female,Jaipur,Rajasthan,Salaried,1329000.0,729,2017-06-19
C107246,Customer_107246,29,Male,Pune,Maharashtra,Self-Employed,626000.0,739,2025-07-09
C107247,Customer_107247,49,Male,Mumbai,Maharashtra,Salaried,1518000.0,743,2021-01-09
C107248,Customer_107248,51,Male,Noida,Uttar Pradesh,Salaried,1340000.0,686,2025-01-04
C107249,Customer_107249,51,Male,Chennai,Tamil Nadu,Salaried,719000.0,700,2017-12-29
C107250,Customer_107250,36,Female,Jaipur,Rajasthan,Self-Employed,761000.0,779,2020-04-16
C107251,Customer_107251,57,Female,Chennai,Tamil Nadu,Salaried,1487000.0,839,2023-06-25
C107252,Customer_107252,23,Female,Kolkata,West Bengal,Business Owner,1359000.0,780,2019-03-29
C107253,Customer_107253,59,Other,Gurugram,Haryana,Salaried,1239000.0,539,2019-01-23
C107254,Customer_107254,34,Male,Noida,Uttar Pradesh,Professional,1308000.0,671,2017-12-30
C107255,Customer_107255,48,Female,Bengaluru,Karnataka,Salaried,415000.0,727,2020-03-29
C107256,Customer_107256,61,Male,Jaipur,Rajasthan,Business Owner,932000.0,649,2023-07-26
C107257,Customer_107257,32,Male,Noida,Uttar Pradesh,Salaried,542000.0,646,2019-09-25
C107258,Customer_107258,39,Male,Ahmedabad,Gujarat,Salaried,405000.0,693,2018-02-14
C107259,Customer_107259,58,Male,Mumbai,Maharashtra,Business Owner,916000.0,742,2022-10-27
C107260,Customer_107260,59,Female,Bengaluru,Karnataka,Professional,684000.0,760,2023-03-27
C107261,Customer_107261,31,Female,Bengaluru,Karnataka,Business Owner,784000.0,696,2020-10-20
C107262,Customer_107262,43,Male,Mumbai,Maharashtra,Salaried,650000.0,691,2019-05-29
C107263,Customer_107263,35,Male,Gurugram,Haryana,Salaried,348000.0,665,2023-10-24
C107264,Customer_107264,44,Female,Lucknow,Uttar Pradesh,Salaried,1529000.0,753,2023-10-16
C107265,Customer_107265,38,Female,Kolkata,West Bengal,Self-Employed,912000.0,749,2022-08-02
C107266,Customer_107266,21,Female,Ahmedabad,Gujarat,Salaried,273000.0,779,2020-08-30
C107267,Customer_107267,62,Male,Gurugram,Haryana,Salaried,923000.0,728,2021-09-12
C107268,Customer_107268,49,Male,Chennai,Tamil Nadu,Salaried,1459000.0,635,2018-04-11
C107269,Customer_107269,41,Female,Pune,Maharashtra,Professional,1233000.0,697,2017-01-10
C107270,Customer_107270,25,Female,Ahmedabad,Gujarat,Salaried,643000.0,776,2019-08-02
C107271,Customer_107271,24,Male,Hyderabad,Telangana,Salaried,652000.0,607,2021-11-01
C107272,Customer_107272,42,Male,Delhi,Delhi,Salaried,467000.0,714,2023-06-05
C107273,Customer_107273,50,Male,Kolkata,West Bengal,Salaried,553000.0,739,2019-03-19
C107274,Customer_107274,32,Female,Gurugram,Haryana,Salaried,586000.0,850,2023-05-19
C107275,Customer_107275,54,Male,Delhi,Delhi,Business Owner,263000.0,681,2019-11-12
C107276,Customer_107276,38,Female,Bengaluru,Karnataka,Salaried,672000.0,712,2022-07-24
C107277,Customer_107277,21,Female,Hyderabad,Telangana,Salaried,988000.0,830,2018-01-09
C107278,Customer_107278,45,Male,Gurugram,Haryana,Salaried,684000.0,682,2020-01-05
C107279,Customer_107279,29,Male,Kolkata,West Bengal,Salaried,937000.0,790,2018-10-17
C107280,Customer_107280,21,Male,Kolkata,West Bengal,Self-Employed,1499000.0,746,2022-11-30
C107281,Customer_107281,26,Male,Ahmedabad,Gujarat,Salaried,1584000.0,706,2023-08-09
C107282,Customer_107282,33,Female,Hyderabad,Telangana,Self-Employed,823000.0,749,2017-05-24
C107283,Customer_107283,44,Female,Jaipur,Rajasthan,Salaried,1202000.0,710,2020-09-14
C107284,Customer_107284,65,Male,Delhi,Delhi,Salaried,783000.0,850,2022-08-17
C107285,Customer_107285,30,Female,Mumbai,Maharashtra,Salaried,655000.0,586,2023-11-19
C107286,Customer_107286,23,Male,Gurugram,Haryana,Salaried,403000.0,702,2024-04-10
C107287,Customer_107287,29,Female,Ahmedabad,Gujarat,Salaried,885000.0,704,2024-03-05
C107288,Customer_107288,35,Female,Bengaluru,Karnataka,Salaried,1284000.0,711,2018-04-15
C107289,Customer_107289,30,Male,Pune,Maharashtra,Business Owner,340000.0,790,2022-11-25
C107290,Customer_107290,35,Female,Delhi,Delhi,Salaried,735000.0,691,2024-08-08
C107291,Customer_107291,64,Female,Jaipur,Rajasthan,Salaried,716000.0,752,2022-03-09
C107292,Customer_107292,38,Male,Gurugram,Haryana,Salaried,949000.0,735,2025-06-05
C107293,Customer_107293,49,Other,Hyderabad,Telangana,Salaried,955000.0,775,2024-08-18
C107294,Customer_107294,51,Male,Chennai,Tamil Nadu,Salaried,1065000.0,711,2025-12-05
C107295,Customer_107295,26,Male,Bengaluru,Karnataka,Self-Employed,1609000.0,741,2025-10-31
C107296,Customer_107296,32,Female,Chennai,Tamil Nadu,Self-Employed,502000.0,712,2017-04-13
C107297,Customer_107297,39,Male,Hyderabad,Telangana,Self-Employed,480000.0,656,2020-09-13
C107298,Customer_107298,41,Male,Bengaluru,Karnataka,Salaried,949000.0,824,2025-05-04
C107299,Customer_107299,21,Male,Pune,Maharashtra,Salaried,1431000.0,670,2017-10-03
C107300,Customer_107300,50,Male,Noida,Uttar Pradesh,Business Owner,265000.0,689,2017-08-04
C107301,Customer_107301,34,Male,Gurugram,Haryana,Salaried,983000.0,664,2019-08-15
C107302,Customer_107302,35,Male,Hyderabad,Telangana,Self-Employed,769000.0,746,2020-07-14
C107303,Customer_107303,48,Female,Lucknow,Uttar Pradesh,Self-Employed,1192000.0,689,2022-10-12
C107304,Customer_107304,63,Male,Bengaluru,Karnataka,Salaried,1101000.0,818,2022-02-08
C107305,Customer_107305,59,Female,Noida,Uttar Pradesh,Salaried,869000.0,755,2023-11-02
C107306,Customer_107306,65,Female,Hyderabad,Telangana,Self-Employed,1045000.0,702,2019-01-24
C107307,Customer_107307,39,Male,Kolkata,West Bengal,Salaried,587000.0,661,2021-06-26
C107308,Customer_107308,26,Female,Bengaluru,Karnataka,Salaried,1170000.0,713,2020-03-17
C107309,Customer_107309,30,Female,Gurugram,Haryana,Salaried,1405000.0,754,2025-05-23
C107310,Customer_107310,36,Female,Hyderabad,Telangana,Salaried,890000.0,717,2025-06-15
C107311,Customer_107311,34,Female,Noida,Uttar Pradesh,Self-Employed,687000.0,711,2024-08-31
C107312,Customer_107312,30,Male,Delhi,Delhi,Salaried,792000.0,654,2018-08-19
C107313,Customer_107313,27,Male,Kolkata,West Bengal,Business Owner,1166000.0,850,2017-11-13
C107314,Customer_107314,29,Female,Mumbai,Maharashtra,Professional,833000.0,707,2022-01-06
C107315,Customer_107315,50,Male,Noida,Uttar Pradesh,Professional,370000.0,631,2023-08-04
C107316,Customer_107316,43,Female,Pune,Maharashtra,Salaried,1231000.0,650,2024-09-12
C107317,Customer_107317,22,Female,Jaipur,Rajasthan,Salaried,457000.0,698,2024-06-01
C107318,Customer_107318,46,Male,Noida,Uttar Pradesh,Professional,1020000.0,846,2019-03-31
C107319,Customer_107319,58,Male,Kolkata,West Bengal,Self-Employed,250000.0,709,2020-03-14
C107320,Customer_107320,40,Female,Delhi,Delhi,Salaried,893000.0,696,2025-09-15
C107321,Customer_107321,35,Male,Bengaluru,Karnataka,Business Owner,823000.0,775,2023-08-05
C107322,Customer_107322,33,Female,Bengaluru,Karnataka,Self-Employed,250000.0,780,2026-02-15
C107323,Customer_107323,38,Female,Noida,Uttar Pradesh,Self-Employed,983000.0,763,2019-01-14
C107324,Customer_107324,33,Male,Noida,Uttar Pradesh,Professional,409000.0,733,2019-06-24
C107325,Customer_107325,62,Male,Pune,Maharashtra,Professional,884000.0,648,2023-02-08
C107326,Customer_107326,65,Female,Noida,Uttar Pradesh,Salaried,685000.0,671,2021-05-28
C107327,Customer_107327,36,Female,Bengaluru,Karnataka,Salaried,258000.0,617,2026-02-08
C107328,Customer_107328,62,Male,Jaipur,Rajasthan,Self-Employed,432000.0,705,2017-02-08
C107329,Customer_107329,59,Male,Chennai,Tamil Nadu,Self-Employed,464000.0,692,2022-10-19
C107330,Customer_107330,24,Male,Bengaluru,Karnataka,Self-Employed,1243000.0,686,2025-12-11
C107331,Customer_107331,43,Male,Hyderabad,Telangana,Salaried,1184000.0,738,2021-12-15
C107332,Customer_107332,50,Male,Pune,Maharashtra,Self-Employed,1728000.0,677,2018-04-12
C107333,Customer_107333,39,Male,Chennai,Tamil Nadu,Salaried,645000.0,698,2017-07-27
C107334,Customer_107334,41,Female,Bengaluru,Karnataka,Professional,632000.0,688,2020-12-25
C107335,Customer_107335,43,Male,Chennai,Tamil Nadu,Business Owner,904000.0,718,2024-02-04
C107336,Customer_107336,51,Female,Mumbai,Maharashtra,Salaried,708000.0,744,2023-04-07
C107337,Customer_107337,34,Female,Lucknow,Uttar Pradesh,Self-Employed,617000.0,633,2017-12-19
C107338,Customer_107338,47,Female,Chennai,Tamil Nadu,Self-Employed,872000.0,749,2023-01-21
C107339,Customer_107339,31,Female,Mumbai,Maharashtra,Salaried,1131000.0,737,2025-06-21
C107340,Customer_107340,61,Male,Kolkata,West Bengal,Salaried,250000.0,747,2023-01-28
C107341,Customer_107341,24,Female,Noida,Uttar Pradesh,Self-Employed,621000.0,729,2019-05-30
C107342,Customer_107342,24,Male,Chennai,Tamil Nadu,Business Owner,289000.0,744,2017-02-28
C107343,Customer_107343,22,Male,Noida,Uttar Pradesh,Salaried,788000.0,693,2022-04-01
C107344,Customer_107344,36,Female,Ahmedabad,Gujarat,Professional,1023000.0,749,2023-11-02
C107345,Customer_107345,48,Male,Jaipur,Rajasthan,Professional,1297000.0,794,2025-02-14
C107346,Customer_107346,65,Male,Hyderabad,Telangana,Business Owner,677000.0,688,2023-12-12
C107347,Customer_107347,41,Female,Delhi,Delhi,Professional,893000.0,690,2021-05-03
C107348,Customer_107348,29,Male,Chennai,Tamil Nadu,Salaried,250000.0,761,2022-01-29
C107349,Customer_107349,37,Male,Lucknow,Uttar Pradesh,Professional,506000.0,684,2018-10-29
C107350,Customer_107350,26,Male,Gurugram,Haryana,Professional,933000.0,673,2023-10-23
C107351,Customer_107351,42,Male,Gurugram,Haryana,Self-Employed,306000.0,747,2023-02-21
C107352,Customer_107352,53,Female,Noida,Uttar Pradesh,Salaried,1345000.0,692,2017-01-03
C107353,Customer_107353,22,Female,Chennai,Tamil Nadu,Salaried,1059000.0,799,2019-11-07
C107354,Customer_107354,55,Male,Hyderabad,Telangana,Salaried,488000.0,690,2018-07-20
C107355,Customer_107355,31,Female,Lucknow,Uttar Pradesh,Business Owner,257000.0,667,2026-01-24
C107356,Customer_107356,51,Other,Kolkata,West Bengal,Salaried,562000.0,720,2017-09-10
C107357,Customer_107357,57,Female,Hyderabad,Telangana,Business Owner,490000.0,748,2021-10-31
C107358,Customer_107358,55,Female,Hyderabad,Telangana,Business Owner,363000.0,741,2019-11-30
C107359,Customer_107359,51,Female,Noida,Uttar Pradesh,Salaried,287000.0,755,2025-08-15
C107360,Customer_107360,52,Female,Delhi,Delhi,Salaried,758000.0,684,2018-11-24
C107361,Customer_107361,29,Female,Delhi,Delhi,Self-Employed,1143000.0,794,2025-10-25
C107362,Customer_107362,27,Male,Jaipur,Rajasthan,Salaried,566000.0,612,2018-09-25
C107363,Customer_107363,38,Male,Delhi,Delhi,Professional,1028000.0,669,2017-05-19
C107364,Customer_107364,48,Male,Bengaluru,Karnataka,Professional,719000.0,722,2020-11-27
C107365,Customer_107365,48,Female,Lucknow,Uttar Pradesh,Salaried,1095000.0,675,2021-08-19
C107366,Customer_107366,55,Male,Pune,Maharashtra,Self-Employed,535000.0,700,2022-10-22
C107367,Customer_107367,34,Female,Jaipur,Rajasthan,Business Owner,962000.0,656,2021-11-18
C107368,Customer_107368,59,Male,Pune,Maharashtra,Professional,898000.0,706,2022-01-22
C107369,Customer_107369,41,Female,Mumbai,Maharashtra,Self-Employed,1395000.0,750,2019-11-12
C107370,Customer_107370,32,Male,Bengaluru,Karnataka,Professional,1073000.0,685,2024-10-16
C107371,Customer_107371,54,Male,Gurugram,Haryana,Salaried,952000.0,663,2022-02-03
C107372,Customer_107372,26,Male,Mumbai,Maharashtra,Salaried,262000.0,690,2020-08-31
C107373,Customer_107373,39,Female,Ahmedabad,Gujarat,Self-Employed,640000.0,792,2017-09-22
C107374,Customer_107374,56,Male,Chennai,Tamil Nadu,Business Owner,530000.0,791,2020-10-18
C107375,Customer_107375,55,Male,Chennai,Tamil Nadu,Professional,521000.0,689,2021-02-07
C107376,Customer_107376,32,Female,Lucknow,Uttar Pradesh,Salaried,856000.0,753,2017-02-06
C107377,Customer_107377,28,Female,Ahmedabad,Gujarat,Salaried,946000.0,719,2024-07-07
C107378,Customer_107378,22,Female,Ahmedabad,Gujarat,Self-Employed,962000.0,803,2024-01-29
C107379,Customer_107379,25,Female,Chennai,Tamil Nadu,Professional,1355000.0,732,2019-03-13
C107380,Customer_107380,58,Male,Chennai,Tamil Nadu,Self-Employed,1043000.0,707,2022-08-10
C107381,Customer_107381,56,Female,Jaipur,Rajasthan,Salaried,359000.0,824,2018-04-10
C107382,Customer_107382,43,Male,Delhi,Delhi,Professional,931000.0,660,2018-03-04
C107383,Customer_107383,46,Female,Bengaluru,Karnataka,Self-Employed,1084000.0,741,2023-04-02
C107384,Customer_107384,35,Female,Ahmedabad,Gujarat,Professional,1355000.0,809,2018-10-14
C107385,Customer_107385,29,Male,Ahmedabad,Gujarat,Business Owner,788000.0,763,2025-08-01
C107386,Customer_107386,21,Male,Mumbai,Maharashtra,Salaried,792000.0,670,2018-08-05
C107387,Customer_107387,51,Female,Gurugram,Haryana,Professional,1282000.0,667,2023-01-20
C107388,Customer_107388,22,Female,Kolkata,West Bengal,Salaried,921000.0,628,2020-10-17
C107389,Customer_107389,25,Female,Bengaluru,Karnataka,Professional,250000.0,816,2017-09-14
C107390,Customer_107390,56,Female,Gurugram,Haryana,Salaried,250000.0,646,2017-05-10
C107391,Customer_107391,47,Female,Lucknow,Uttar Pradesh,Business Owner,1586000.0,766,2018-04-19
C107392,Customer_107392,43,Male,Pune,Maharashtra,Salaried,250000.0,627,2024-04-01
C107393,Customer_107393,30,Female,Hyderabad,Telangana,Salaried,783000.0,850,2026-03-24
C107394,Customer_107394,27,Male,Hyderabad,Telangana,Professional,1203000.0,632,2019-12-18
C107395,Customer_107395,41,Female,Ahmedabad,Gujarat,Salaried,250000.0,723,2019-07-03
C107396,Customer_107396,37,Female,Delhi,Delhi,Salaried,417000.0,799,2025-07-21
C107397,Customer_107397,45,Male,Pune,Maharashtra,Professional,351000.0,674,2020-10-18
C107398,Customer_107398,28,Female,Delhi,Delhi,Salaried,1570000.0,757,2019-07-13
C107399,Customer_107399,31,Female,Delhi,Delhi,Self-Employed,1657000.0,702,2022-02-26
C107400,Customer_107400,26,Male,Pune,Maharashtra,Professional,556000.0,745,2020-05-30
C107401,Customer_107401,40,Female,Jaipur,Rajasthan,Salaried,1082000.0,790,2019-10-20
C107402,Customer_107402,33,Female,Noida,Uttar Pradesh,Salaried,973000.0,692,2025-07-29
C107403,Customer_107403,31,Male,Mumbai,Maharashtra,Self-Employed,738000.0,817,2023-10-20
C107404,Customer_107404,45,Male,Bengaluru,Karnataka,Self-Employed,250000.0,743,2018-07-27
C107405,Customer_107405,43,Male,Pune,Maharashtra,Salaried,1773000.0,847,2022-07-07
C107406,Customer_107406,30,Female,Kolkata,West Bengal,Salaried,250000.0,666,2024-11-15
C107407,Customer_107407,52,Male,Lucknow,Uttar Pradesh,Salaried,935000.0,678,2021-07-17
C107408,Customer_107408,36,Male,Jaipur,Rajasthan,Salaried,591000.0,705,2018-05-30
C107409,Customer_107409,36,Female,Kolkata,West Bengal,Salaried,1253000.0,641,2021-07-11
C107410,Customer_107410,42,Female,Delhi,Delhi,Professional,1188000.0,780,2021-08-12
C107411,Customer_107411,27,Female,Delhi,Delhi,Salaried,458000.0,715,2018-11-16
C107412,Customer_107412,39,Female,Mumbai,Maharashtra,Salaried,534000.0,646,2025-02-19
C107413,Customer_107413,47,Male,Ahmedabad,Gujarat,Professional,250000.0,667,2017-05-10
C107414,Customer_107414,26,Male,Hyderabad,Telangana,Salaried,928000.0,663,2018-06-28
C107415,Customer_107415,46,Female,Bengaluru,Karnataka,Professional,1134000.0,780,2017-12-31
C107416,Customer_107416,22,Male,Jaipur,Rajasthan,Professional,673000.0,750,2017-05-08
C107417,Customer_107417,48,Male,Gurugram,Haryana,Salaried,752000.0,711,2019-09-10
C107418,Customer_107418,22,Female,Pune,Maharashtra,Salaried,1613000.0,696,2019-03-25
C107419,Customer_107419,28,Male,Noida,Uttar Pradesh,Salaried,1224000.0,704,2024-07-24
C107420,Customer_107420,36,Female,Jaipur,Rajasthan,Salaried,1389000.0,836,2019-06-11
C107421,Customer_107421,48,Female,Jaipur,Rajasthan,Salaried,250000.0,705,2019-04-13
C107422,Customer_107422,53,Female,Noida,Uttar Pradesh,Salaried,1069000.0,776,2020-10-16
C107423,Customer_107423,42,Male,Bengaluru,Karnataka,Salaried,951000.0,699,2017-10-31
C107424,Customer_107424,26,Male,Gurugram,Haryana,Business Owner,349000.0,829,2023-12-04
C107425,Customer_107425,38,Female,Lucknow,Uttar Pradesh,Salaried,432000.0,641,2024-08-01
C107426,Customer_107426,56,Female,Lucknow,Uttar Pradesh,Salaried,763000.0,772,2017-06-12
C107427,Customer_107427,25,Male,Kolkata,West Bengal,Salaried,313000.0,671,2022-12-03
C107428,Customer_107428,53,Male,Gurugram,Haryana,Salaried,531000.0,850,2022-04-29
C107429,Customer_107429,38,Female,Noida,Uttar Pradesh,Business Owner,665000.0,765,2026-02-01
C107430,Customer_107430,21,Male,Noida,Uttar Pradesh,Self-Employed,1079000.0,609,2023-10-02
C107431,Customer_107431,52,Male,Noida,Uttar Pradesh,Salaried,567000.0,659,2025-06-07
C107432,Customer_107432,22,Male,Gurugram,Haryana,Self-Employed,671000.0,765,2024-07-07
C107433,Customer_107433,37,Male,Chennai,Tamil Nadu,Salaried,1260000.0,763,2022-09-08
C107434,Customer_107434,29,Male,Jaipur,Rajasthan,Professional,250000.0,758,2025-12-31
C107435,Customer_107435,47,Male,Chennai,Tamil Nadu,Salaried,941000.0,730,2022-09-16
C107436,Customer_107436,23,Female,Gurugram,Haryana,Self-Employed,1006000.0,699,2024-09-07
C107437,Customer_107437,25,Male,Gurugram,Haryana,Salaried,1017000.0,791,2021-02-24
C107438,Customer_107438,44,Male,Lucknow,Uttar Pradesh,Salaried,649000.0,664,2017-12-17
C107439,Customer_107439,65,Male,Ahmedabad,Gujarat,Salaried,424000.0,723,2023-02-27
C107440,Customer_107440,22,Female,Pune,Maharashtra,Salaried,1458000.0,680,2018-08-21
C107441,Customer_107441,41,Male,Mumbai,Maharashtra,Self-Employed,507000.0,675,2021-09-24
C107442,Customer_107442,57,Male,Ahmedabad,Gujarat,Self-Employed,403000.0,690,2023-09-16
C107443,Customer_107443,34,Female,Kolkata,West Bengal,Salaried,858000.0,672,2025-02-19
C107444,Customer_107444,43,Female,Kolkata,West Bengal,Professional,554000.0,756,2018-12-21
C107445,Customer_107445,58,Female,Jaipur,Rajasthan,Salaried,1270000.0,624,2025-05-07
C107446,Customer_107446,53,Male,Noida,Uttar Pradesh,Professional,744000.0,748,2019-04-20
C107447,Customer_107447,34,Male,Mumbai,Maharashtra,Salaried,1322000.0,679,2024-04-24
C107448,Customer_107448,54,Male,Pune,Maharashtra,Salaried,1030000.0,722,2024-11-27
C107449,Customer_107449,51,Female,Jaipur,Rajasthan,Salaried,695000.0,709,2023-02-10
C107450,Customer_107450,43,Male,Gurugram,Haryana,Self-Employed,1296000.0,688,2021-04-19
C107451,Customer_107451,40,Male,Gurugram,Haryana,Business Owner,590000.0,799,2022-06-18
C107452,Customer_107452,62,Male,Gurugram,Haryana,Self-Employed,722000.0,696,2020-09-11
C107453,Customer_107453,60,Female,Noida,Uttar Pradesh,Salaried,1062000.0,766,2017-12-31
C107454,Customer_107454,65,Male,Lucknow,Uttar Pradesh,Salaried,941000.0,767,2021-05-15
C107455,Customer_107455,51,Male,Ahmedabad,Gujarat,Business Owner,581000.0,702,2017-03-13
C107456,Customer_107456,37,Female,Bengaluru,Karnataka,Professional,250000.0,638,2019-05-23
C107457,Customer_107457,25,Female,Kolkata,West Bengal,Salaried,843000.0,663,2026-03-24
C107458,Customer_107458,26,Female,Jaipur,Rajasthan,Business Owner,559000.0,803,2017-10-25
C107459,Customer_107459,63,Female,Mumbai,Maharashtra,Self-Employed,862000.0,752,2017-07-11
C107460,Customer_107460,37,Male,Gurugram,Haryana,Salaried,682000.0,729,2026-02-05
C107461,Customer_107461,25,Female,Kolkata,West Bengal,Self-Employed,563000.0,683,2023-10-02
C107462,Customer_107462,31,Male,Lucknow,Uttar Pradesh,Salaried,743000.0,833,2019-09-20
C107463,Customer_107463,21,Female,Bengaluru,Karnataka,Salaried,821000.0,664,2018-01-17
C107464,Customer_107464,44,Male,Noida,Uttar Pradesh,Self-Employed,1128000.0,729,2021-10-07
C107465,Customer_107465,47,Female,Pune,Maharashtra,Professional,1019000.0,753,2025-10-14
C107466,Customer_107466,38,Female,Kolkata,West Bengal,Salaried,1688000.0,635,2017-07-19
C107467,Customer_107467,54,Male,Ahmedabad,Gujarat,Salaried,907000.0,671,2026-04-17
C107468,Customer_107468,42,Male,Kolkata,West Bengal,Salaried,581000.0,690,2018-05-23
C107469,Customer_107469,64,Female,Noida,Uttar Pradesh,Salaried,783000.0,776,2026-01-25
C107470,Customer_107470,55,Male,Bengaluru,Karnataka,Self-Employed,1077000.0,692,2017-12-14
C107471,Customer_107471,24,Female,Jaipur,Rajasthan,Salaried,1251000.0,627,2019-06-16
C107472,Customer_107472,33,Male,Lucknow,Uttar Pradesh,Salaried,1387000.0,620,2017-06-23
C107473,Customer_107473,54,Female,Bengaluru,Karnataka,Self-Employed,443000.0,670,2021-02-19
C107474,Customer_107474,45,Female,Hyderabad,Telangana,Salaried,1362000.0,623,2023-01-23
C107475,Customer_107475,54,Male,Pune,Maharashtra,Salaried,832000.0,770,2018-04-15
C107476,Customer_107476,36,Female,Jaipur,Rajasthan,Business Owner,479000.0,773,2017-02-27
C107477,Customer_107477,22,Female,Lucknow,Uttar Pradesh,Salaried,768000.0,720,2018-03-28
C107478,Customer_107478,56,Female,Gurugram,Haryana,Salaried,1334000.0,703,2021-04-03
C107479,Customer_107479,56,Female,Gurugram,Haryana,Salaried,1033000.0,768,2021-10-13
C107480,Customer_107480,49,Female,Pune,Maharashtra,Salaried,365000.0,766,2023-03-11
C107481,Customer_107481,39,Male,Ahmedabad,Gujarat,Professional,368000.0,656,2025-10-20
C107482,Customer_107482,21,Male,Bengaluru,Karnataka,Self-Employed,357000.0,665,2020-05-19
C107483,Customer_107483,53,Male,Pune,Maharashtra,Salaried,557000.0,766,2022-06-18
C107484,Customer_107484,50,Female,Bengaluru,Karnataka,Salaried,881000.0,738,2018-05-26
C107485,Customer_107485,51,Female,Delhi,Delhi,Salaried,400000.0,760,2020-03-07
C107486,Customer_107486,28,Male,Noida,Uttar Pradesh,Professional,679000.0,662,2019-01-30
C107487,Customer_107487,53,Female,Gurugram,Haryana,Business Owner,1411000.0,671,2018-10-04
C107488,Customer_107488,53,Male,Kolkata,West Bengal,Self-Employed,1497000.0,750,2018-06-07
C107489,Customer_107489,59,Female,Delhi,Delhi,Salaried,1470000.0,676,2017-05-31
C107490,Customer_107490,46,Female,Mumbai,Maharashtra,Professional,250000.0,621,2019-10-02
C107491,Customer_107491,53,Female,Mumbai,Maharashtra,Business Owner,1519000.0,677,2017-07-02
C107492,Customer_107492,39,Female,Jaipur,Rajasthan,Salaried,887000.0,707,2020-04-26
C107493,Customer_107493,52,Female,Bengaluru,Karnataka,Salaried,881000.0,831,2017-07-29
C107494,Customer_107494,52,Male,Hyderabad,Telangana,Salaried,1262000.0,666,2020-09-10
C107495,Customer_107495,56,Male,Noida,Uttar Pradesh,Self-Employed,1131000.0,716,2024-07-18
C107496,Customer_107496,59,Male,Noida,Uttar Pradesh,Salaried,250000.0,850,2019-01-29
C107497,Customer_107497,21,Female,Gurugram,Haryana,Salaried,605000.0,649,2017-10-09
C107498,Customer_107498,56,Female,Hyderabad,Telangana,Self-Employed,704000.0,763,2019-03-08
C107499,Customer_107499,56,Male,Kolkata,West Bengal,Self-Employed,318000.0,674,2020-12-20
C107500,Customer_107500,45,Male,Bengaluru,Karnataka,Salaried,1249000.0,746,2022-12-14
C107501,Customer_107501,44,Male,Noida,Uttar Pradesh,Salaried,1426000.0,850,2022-10-29
C107502,Customer_107502,53,Female,Mumbai,Maharashtra,Salaried,846000.0,771,2017-03-20
C107503,Customer_107503,41,Male,Jaipur,Rajasthan,Salaried,969000.0,730,2025-08-19
C107504,Customer_107504,39,Female,Kolkata,West Bengal,Business Owner,845000.0,658,2021-02-09
C107505,Customer_107505,57,Male,Gurugram,Haryana,Self-Employed,890000.0,709,2019-12-10
C107506,Customer_107506,56,Female,Pune,Maharashtra,Professional,1297000.0,683,2025-08-26
C107507,Customer_107507,30,Female,Mumbai,Maharashtra,Self-Employed,250000.0,626,2018-09-22
C107508,Customer_107508,58,Male,Gurugram,Haryana,Business Owner,1044000.0,582,2024-02-02
C107509,Customer_107509,35,Female,Ahmedabad,Gujarat,Salaried,855000.0,666,2026-03-02
C107510,Customer_107510,27,Male,Pune,Maharashtra,Salaried,565000.0,718,2020-02-06
C107511,Customer_107511,60,Female,Chennai,Tamil Nadu,Professional,649000.0,793,2021-01-11
C107512,Customer_107512,31,Male,Chennai,Tamil Nadu,Self-Employed,1583000.0,672,2022-02-08
C107513,Customer_107513,30,Female,Pune,Maharashtra,Professional,319000.0,732,2024-09-21
C107514,Customer_107514,33,Male,Hyderabad,Telangana,Self-Employed,783000.0,609,2026-02-21
C107515,Customer_107515,43,Female,Hyderabad,Telangana,Salaried,1502000.0,668,2022-04-01
C107516,Customer_107516,28,Male,Hyderabad,Telangana,Salaried,342000.0,561,2023-09-02
C107517,Customer_107517,28,Female,Delhi,Delhi,Salaried,668000.0,850,2024-12-25
C107518,Customer_107518,38,Male,Lucknow,Uttar Pradesh,Self-Employed,867000.0,733,2022-06-28
C107519,Customer_107519,30,Male,Bengaluru,Karnataka,Professional,1015000.0,731,2024-04-23
C107520,Customer_107520,29,Female,Mumbai,Maharashtra,Business Owner,818000.0,755,2022-03-17
C107521,Customer_107521,62,Male,Mumbai,Maharashtra,Salaried,492000.0,850,2022-02-09
C107522,Customer_107522,47,Male,Lucknow,Uttar Pradesh,Salaried,1029000.0,692,2025-04-29
C107523,Customer_107523,21,Female,Pune,Maharashtra,Salaried,810000.0,656,2020-06-08
C107524,Customer_107524,25,Male,Hyderabad,Telangana,Salaried,1101000.0,850,2018-10-25
C107525,Customer_107525,57,Female,Chennai,Tamil Nadu,Professional,1219000.0,640,2023-09-28
C107526,Customer_107526,33,Male,Mumbai,Maharashtra,Business Owner,256000.0,804,2022-05-22
C107527,Customer_107527,27,Female,Hyderabad,Telangana,Salaried,1263000.0,715,2022-03-23
C107528,Customer_107528,50,Female,Bengaluru,Karnataka,Professional,748000.0,748,2020-04-05
C107529,Customer_107529,58,Male,Gurugram,Haryana,Salaried,1180000.0,627,2023-08-29
C107530,Customer_107530,38,Male,Delhi,Delhi,Professional,1048000.0,850,2021-05-11
C107531,Customer_107531,54,Female,Pune,Maharashtra,Self-Employed,1592000.0,695,2023-02-08
C107532,Customer_107532,39,Female,Gurugram,Haryana,Salaried,853000.0,674,2017-05-16
C107533,Customer_107533,25,Male,Noida,Uttar Pradesh,Self-Employed,689000.0,756,2025-09-03
C107534,Customer_107534,56,Male,Kolkata,West Bengal,Salaried,645000.0,678,2024-05-20
C107535,Customer_107535,62,Male,Bengaluru,Karnataka,Self-Employed,435000.0,748,2021-08-18
C107536,Customer_107536,65,Female,Chennai,Tamil Nadu,Salaried,1173000.0,638,2018-09-19
C107537,Customer_107537,25,Female,Bengaluru,Karnataka,Salaried,409000.0,729,2026-02-26
C107538,Customer_107538,46,Male,Ahmedabad,Gujarat,Self-Employed,1170000.0,681,2022-03-29
C107539,Customer_107539,49,Female,Hyderabad,Telangana,Salaried,761000.0,669,2021-04-23
C107540,Customer_107540,24,Female,Ahmedabad,Gujarat,Salaried,250000.0,659,2025-08-06
C107541,Customer_107541,63,Female,Ahmedabad,Gujarat,Business Owner,1445000.0,778,2025-06-10
C107542,Customer_107542,25,Male,Lucknow,Uttar Pradesh,Salaried,250000.0,697,2019-05-26
C107543,Customer_107543,33,Male,Chennai,Tamil Nadu,Self-Employed,817000.0,708,2023-04-07
C107544,Customer_107544,64,Male,Lucknow,Uttar Pradesh,Self-Employed,944000.0,748,2020-01-20
C107545,Customer_107545,46,Female,Chennai,Tamil Nadu,Salaried,250000.0,794,2017-05-11
C107546,Customer_107546,51,Male,Jaipur,Rajasthan,Professional,1027000.0,660,2020-10-12
C107547,Customer_107547,43,Male,Ahmedabad,Gujarat,Salaried,582000.0,734,2019-03-30
C107548,Customer_107548,54,Female,Gurugram,Haryana,Salaried,751000.0,661,2022-01-24
C107549,Customer_107549,24,Female,Pune,Maharashtra,Salaried,1387000.0,706,2021-02-17
C107550,Customer_107550,51,Male,Gurugram,Haryana,Self-Employed,907000.0,789,2019-02-22
C107551,Customer_107551,23,Male,Chennai,Tamil Nadu,Salaried,710000.0,568,2021-03-29
C107552,Customer_107552,29,Male,Pune,Maharashtra,Salaried,782000.0,660,2023-11-16
C107553,Customer_107553,43,Male,Pune,Maharashtra,Salaried,1560000.0,705,2022-10-08
C107554,Customer_107554,41,Male,Jaipur,Rajasthan,Self-Employed,1012000.0,745,2022-11-11
C107555,Customer_107555,27,Male,Ahmedabad,Gujarat,Salaried,496000.0,799,2018-03-09
C107556,Customer_107556,56,Male,Delhi,Delhi,Salaried,655000.0,610,2017-11-13
C107557,Customer_107557,34,Female,Gurugram,Haryana,Salaried,374000.0,812,2022-11-29
C107558,Customer_107558,59,Female,Gurugram,Haryana,Salaried,669000.0,754,2021-09-29
C107559,Customer_107559,21,Male,Mumbai,Maharashtra,Self-Employed,1493000.0,704,2022-11-10
C107560,Customer_107560,31,Female,Lucknow,Uttar Pradesh,Salaried,783000.0,625,2020-05-08
C107561,Customer_107561,34,Male,Ahmedabad,Gujarat,Salaried,315000.0,683,2018-01-01
C107562,Customer_107562,47,Female,Mumbai,Maharashtra,Salaried,1022000.0,787,2020-04-07
C107563,Customer_107563,39,Female,Pune,Maharashtra,Self-Employed,693000.0,722,2023-01-02
C107564,Customer_107564,28,Female,Noida,Uttar Pradesh,Self-Employed,1075000.0,708,2026-02-25
C107565,Customer_107565,46,Female,Hyderabad,Telangana,Salaried,753000.0,657,2022-04-24
C107566,Customer_107566,64,Male,Lucknow,Uttar Pradesh,Self-Employed,1428000.0,768,2020-10-10
C107567,Customer_107567,27,Male,Pune,Maharashtra,Self-Employed,486000.0,710,2020-05-23
C107568,Customer_107568,32,Male,Bengaluru,Karnataka,Salaried,384000.0,705,2017-03-23
C107569,Customer_107569,42,Male,Chennai,Tamil Nadu,Salaried,1225000.0,714,2018-10-29
C107570,Customer_107570,53,Female,Kolkata,West Bengal,Salaried,250000.0,678,2020-04-21
C107571,Customer_107571,27,Male,Jaipur,Rajasthan,Business Owner,781000.0,667,2022-09-18
C107572,Customer_107572,31,Male,Lucknow,Uttar Pradesh,Salaried,1170000.0,621,2022-08-01
C107573,Customer_107573,31,Female,Bengaluru,Karnataka,Salaried,250000.0,680,2020-02-02
C107574,Customer_107574,48,Female,Lucknow,Uttar Pradesh,Salaried,876000.0,603,2021-11-30
C107575,Customer_107575,24,Female,Kolkata,West Bengal,Salaried,252000.0,752,2019-02-19
C107576,Customer_107576,50,Female,Mumbai,Maharashtra,Business Owner,250000.0,677,2017-09-20
C107577,Customer_107577,40,Female,Lucknow,Uttar Pradesh,Salaried,424000.0,695,2019-09-18
C107578,Customer_107578,35,Male,Chennai,Tamil Nadu,Salaried,777000.0,718,2018-07-26
C107579,Customer_107579,59,Female,Ahmedabad,Gujarat,Self-Employed,568000.0,668,2021-12-25
C107580,Customer_107580,57,Male,Jaipur,Rajasthan,Self-Employed,1293000.0,644,2024-02-29
C107581,Customer_107581,57,Male,Delhi,Delhi,Professional,883000.0,734,2018-07-28
C107582,Customer_107582,60,Female,Bengaluru,Karnataka,Self-Employed,654000.0,843,2017-01-25
C107583,Customer_107583,31,Male,Jaipur,Rajasthan,Salaried,326000.0,779,2017-07-08
C107584,Customer_107584,59,Male,Hyderabad,Telangana,Salaried,940000.0,803,2019-02-23
C107585,Customer_107585,28,Male,Delhi,Delhi,Professional,1674000.0,636,2018-07-17
C107586,Customer_107586,35,Other,Delhi,Delhi,Self-Employed,569000.0,708,2026-02-17
C107587,Customer_107587,45,Female,Gurugram,Haryana,Salaried,616000.0,707,2019-03-17
C107588,Customer_107588,54,Male,Mumbai,Maharashtra,Salaried,426000.0,813,2023-02-08
C107589,Customer_107589,46,Female,Mumbai,Maharashtra,Self-Employed,1324000.0,780,2023-06-24
C107590,Customer_107590,46,Male,Kolkata,West Bengal,Salaried,1221000.0,709,2019-04-15
C107591,Customer_107591,37,Female,Mumbai,Maharashtra,Business Owner,671000.0,571,2018-05-12
C107592,Customer_107592,47,Male,Ahmedabad,Gujarat,Self-Employed,610000.0,645,2018-10-22
C107593,Customer_107593,42,Male,Kolkata,West Bengal,Salaried,472000.0,761,2025-03-10
C107594,Customer_107594,42,Female,Ahmedabad,Gujarat,Professional,734000.0,699,2020-11-17
C107595,Customer_107595,47,Female,Pune,Maharashtra,Professional,1258000.0,713,2017-01-26
C107596,Customer_107596,48,Male,Gurugram,Haryana,Salaried,867000.0,760,2023-01-04
C107597,Customer_107597,35,Male,Ahmedabad,Gujarat,Salaried,1365000.0,794,2020-12-30
C107598,Customer_107598,27,Female,Chennai,Tamil Nadu,Professional,562000.0,669,2018-08-05
C107599,Customer_107599,34,Male,Delhi,Delhi,Salaried,250000.0,758,2018-07-07
C107600,Customer_107600,39,Male,Hyderabad,Telangana,Professional,1892000.0,825,2023-12-19
C107601,Customer_107601,28,Female,Mumbai,Maharashtra,Salaried,936000.0,813,2019-12-03
C107602,Customer_107602,28,Male,Delhi,Delhi,Self-Employed,1161000.0,685,2017-05-23
C107603,Customer_107603,63,Male,Hyderabad,Telangana,Self-Employed,535000.0,739,2024-02-19
C107604,Customer_107604,33,Male,Bengaluru,Karnataka,Salaried,305000.0,769,2018-10-22
C107605,Customer_107605,54,Male,Delhi,Delhi,Self-Employed,912000.0,721,2026-04-13
C107606,Customer_107606,26,Male,Hyderabad,Telangana,Salaried,250000.0,704,2022-06-30
C107607,Customer_107607,64,Female,Kolkata,West Bengal,Salaried,743000.0,608,2022-02-12
C107608,Customer_107608,30,Male,Bengaluru,Karnataka,Salaried,1259000.0,664,2023-07-30
C107609,Customer_107609,38,Female,Hyderabad,Telangana,Salaried,1029000.0,675,2019-01-25
C107610,Customer_107610,56,Male,Delhi,Delhi,Salaried,952000.0,638,2023-04-05
C107611,Customer_107611,30,Male,Delhi,Delhi,Salaried,1547000.0,727,2018-08-28
C107612,Customer_107612,45,Female,Mumbai,Maharashtra,Salaried,1000000.0,776,2019-06-10
C107613,Customer_107613,56,Male,Pune,Maharashtra,Salaried,250000.0,693,2022-05-02
C107614,Customer_107614,22,Female,Ahmedabad,Gujarat,Salaried,790000.0,577,2020-08-03
C107615,Customer_107615,22,Male,Gurugram,Haryana,Business Owner,1620000.0,712,2025-05-25
C107616,Customer_107616,56,Female,Ahmedabad,Gujarat,Salaried,726000.0,738,2017-05-08
C107617,Customer_107617,32,Female,Ahmedabad,Gujarat,Self-Employed,1596000.0,733,2017-12-05
C107618,Customer_107618,61,Male,Lucknow,Uttar Pradesh,Salaried,1259000.0,673,2017-01-02
C107619,Customer_107619,62,Female,Hyderabad,Telangana,Salaried,687000.0,642,2025-06-09
C107620,Customer_107620,60,Male,Gurugram,Haryana,Salaried,418000.0,778,2020-11-17
C107621,Customer_107621,65,Male,Lucknow,Uttar Pradesh,Salaried,986000.0,743,2025-03-10
C107622,Customer_107622,58,Male,Kolkata,West Bengal,Salaried,1358000.0,676,2022-01-22
C107623,Customer_107623,38,Female,Noida,Uttar Pradesh,Self-Employed,250000.0,622,2025-01-05
C107624,Customer_107624,65,Female,Mumbai,Maharashtra,Salaried,898000.0,734,2024-08-23
C107625,Customer_107625,36,Female,Noida,Uttar Pradesh,Salaried,250000.0,662,2017-11-29
C107626,Customer_107626,47,Female,Kolkata,West Bengal,Business Owner,714000.0,745,2025-12-18
C107627,Customer_107627,21,Male,Bengaluru,Karnataka,Salaried,250000.0,730,2021-10-05
C107628,Customer_107628,64,Female,Delhi,Delhi,Business Owner,1075000.0,850,2022-07-31
C107629,Customer_107629,47,Female,Jaipur,Rajasthan,Self-Employed,574000.0,715,2019-04-06
C107630,Customer_107630,63,Female,Pune,Maharashtra,Salaried,1313000.0,850,2024-08-08
C107631,Customer_107631,36,Female,Hyderabad,Telangana,Salaried,634000.0,725,2017-10-09
C107632,Customer_107632,35,Female,Chennai,Tamil Nadu,Salaried,597000.0,677,2018-03-20
C107633,Customer_107633,44,Male,Lucknow,Uttar Pradesh,Self-Employed,250000.0,651,2019-02-16
C107634,Customer_107634,59,Female,Pune,Maharashtra,Professional,1006000.0,663,2024-08-08
C107635,Customer_107635,45,Other,Delhi,Delhi,Salaried,1047000.0,748,2024-08-05
C107636,Customer_107636,56,Female,Hyderabad,Telangana,Professional,1226000.0,728,2019-05-12
C107637,Customer_107637,30,Male,Mumbai,Maharashtra,Salaried,1112000.0,600,2022-02-09
C107638,Customer_107638,55,Male,Jaipur,Rajasthan,Salaried,1011000.0,786,2020-10-25
C107639,Customer_107639,53,Female,Gurugram,Haryana,Salaried,1088000.0,816,2022-02-10
C107640,Customer_107640,61,Female,Noida,Uttar Pradesh,Professional,1129000.0,600,2017-03-14
C107641,Customer_107641,23,Female,Ahmedabad,Gujarat,Salaried,1213000.0,786,2021-01-18
C107642,Customer_107642,38,Female,Gurugram,Haryana,Business Owner,250000.0,829,2021-05-11
C107643,Customer_107643,24,Male,Pune,Maharashtra,Salaried,665000.0,603,2017-02-18
C107644,Customer_107644,39,Female,Ahmedabad,Gujarat,Professional,250000.0,690,2023-01-24
C107645,Customer_107645,55,Male,Mumbai,Maharashtra,Business Owner,983000.0,665,2020-07-28
C107646,Customer_107646,49,Male,Kolkata,West Bengal,Self-Employed,1502000.0,783,2019-05-07
C107647,Customer_107647,54,Female,Kolkata,West Bengal,Self-Employed,1209000.0,693,2024-04-27
C107648,Customer_107648,54,Male,Delhi,Delhi,Salaried,607000.0,690,2024-07-12
C107649,Customer_107649,65,Male,Kolkata,West Bengal,Professional,1052000.0,747,2019-05-13
C107650,Customer_107650,60,Female,Jaipur,Rajasthan,Self-Employed,990000.0,821,2025-08-16
C107651,Customer_107651,47,Male,Chennai,Tamil Nadu,Salaried,943000.0,716,2017-02-23
C107652,Customer_107652,60,Female,Kolkata,West Bengal,Professional,329000.0,689,2022-04-25
C107653,Customer_107653,23,Male,Hyderabad,Telangana,Self-Employed,1376000.0,702,2023-08-12
C107654,Customer_107654,53,Female,Hyderabad,Telangana,Self-Employed,379000.0,763,2019-04-10
C107655,Customer_107655,44,Male,Mumbai,Maharashtra,Self-Employed,703000.0,633,2020-05-31
C107656,Customer_107656,64,Female,Hyderabad,Telangana,Salaried,1234000.0,719,2023-07-26
C107657,Customer_107657,43,Female,Gurugram,Haryana,Salaried,701000.0,659,2020-05-18
C107658,Customer_107658,29,Male,Lucknow,Uttar Pradesh,Salaried,882000.0,642,2019-09-29
C107659,Customer_107659,53,Male,Ahmedabad,Gujarat,Professional,898000.0,594,2023-01-13
C107660,Customer_107660,63,Male,Ahmedabad,Gujarat,Self-Employed,876000.0,687,2018-07-08
C107661,Customer_107661,21,Male,Ahmedabad,Gujarat,Business Owner,896000.0,790,2022-03-19
C107662,Customer_107662,23,Male,Pune,Maharashtra,Salaried,936000.0,591,2019-08-28
C107663,Customer_107663,50,Male,Pune,Maharashtra,Professional,880000.0,755,2019-12-20
C107664,Customer_107664,46,Female,Ahmedabad,Gujarat,Salaried,492000.0,678,2021-02-01
C107665,Customer_107665,45,Male,Gurugram,Haryana,Salaried,250000.0,651,2023-10-28
C107666,Customer_107666,25,Male,Chennai,Tamil Nadu,Professional,1249000.0,742,2019-02-07
C107667,Customer_107667,46,Male,Kolkata,West Bengal,Self-Employed,1268000.0,805,2023-04-04
C107668,Customer_107668,46,Male,Pune,Maharashtra,Professional,985000.0,817,2020-02-21
C107669,Customer_107669,59,Female,Hyderabad,Telangana,Self-Employed,982000.0,738,2025-04-15
C107670,Customer_107670,38,Female,Hyderabad,Telangana,Salaried,484000.0,715,2020-09-07
C107671,Customer_107671,36,Female,Delhi,Delhi,Salaried,250000.0,745,2020-11-25
C107672,Customer_107672,24,Male,Pune,Maharashtra,Professional,751000.0,850,2024-01-08
C107673,Customer_107673,46,Male,Jaipur,Rajasthan,Salaried,250000.0,701,2017-05-30
C107674,Customer_107674,50,Male,Jaipur,Rajasthan,Self-Employed,924000.0,794,2024-12-25
C107675,Customer_107675,33,Female,Lucknow,Uttar Pradesh,Salaried,1372000.0,681,2020-02-08
C107676,Customer_107676,53,Male,Delhi,Delhi,Salaried,604000.0,666,2024-09-05
C107677,Customer_107677,63,Female,Gurugram,Haryana,Business Owner,627000.0,835,2020-06-10
C107678,Customer_107678,28,Female,Gurugram,Haryana,Professional,448000.0,720,2018-10-19
C107679,Customer_107679,46,Female,Pune,Maharashtra,Salaried,868000.0,735,2017-12-30
C107680,Customer_107680,52,Male,Hyderabad,Telangana,Salaried,837000.0,756,2024-07-16
C107681,Customer_107681,21,Female,Chennai,Tamil Nadu,Salaried,442000.0,662,2017-03-25
C107682,Customer_107682,29,Male,Jaipur,Rajasthan,Salaried,1215000.0,692,2022-12-18
C107683,Customer_107683,38,Male,Noida,Uttar Pradesh,Business Owner,1931000.0,678,2022-08-18
C107684,Customer_107684,27,Female,Ahmedabad,Gujarat,Salaried,1326000.0,742,2019-03-20
C107685,Customer_107685,36,Female,Kolkata,West Bengal,Salaried,806000.0,744,2024-01-15
C107686,Customer_107686,27,Male,Ahmedabad,Gujarat,Business Owner,801000.0,681,2020-07-02
C107687,Customer_107687,61,Male,Delhi,Delhi,Business Owner,645000.0,850,2024-05-30
C107688,Customer_107688,47,Male,Ahmedabad,Gujarat,Salaried,636000.0,718,2020-03-20
C107689,Customer_107689,35,Female,Delhi,Delhi,Professional,1233000.0,727,2024-04-05
C107690,Customer_107690,56,Male,Lucknow,Uttar Pradesh,Salaried,1251000.0,807,2021-01-19
C107691,Customer_107691,21,Male,Noida,Uttar Pradesh,Salaried,382000.0,663,2021-04-11
C107692,Customer_107692,47,Male,Kolkata,West Bengal,Professional,997000.0,686,2024-11-12
C107693,Customer_107693,51,Female,Chennai,Tamil Nadu,Salaried,1294000.0,739,2017-12-02
C107694,Customer_107694,57,Female,Jaipur,Rajasthan,Professional,710000.0,624,2020-10-31
C107695,Customer_107695,31,Male,Ahmedabad,Gujarat,Self-Employed,765000.0,705,2017-05-28
C107696,Customer_107696,47,Female,Jaipur,Rajasthan,Professional,1128000.0,850,2017-07-05
C107697,Customer_107697,55,Male,Kolkata,West Bengal,Salaried,1140000.0,839,2018-04-10
C107698,Customer_107698,56,Female,Bengaluru,Karnataka,Salaried,1022000.0,778,2023-11-12
C107699,Customer_107699,28,Female,Delhi,Delhi,Professional,952000.0,797,2024-04-21
C107700,Customer_107700,64,Male,Hyderabad,Telangana,Business Owner,1005000.0,752,2024-04-29
C107701,Customer_107701,33,Female,Kolkata,West Bengal,Professional,739000.0,692,2026-03-28
C107702,Customer_107702,38,Female,Pune,Maharashtra,Salaried,403000.0,827,2022-04-30
C107703,Customer_107703,29,Male,Kolkata,West Bengal,Self-Employed,250000.0,658,2018-11-06
C107704,Customer_107704,27,Male,Hyderabad,Telangana,Salaried,1088000.0,783,2021-06-04
C107705,Customer_107705,32,Female,Lucknow,Uttar Pradesh,Salaried,893000.0,687,2022-02-27
C107706,Customer_107706,27,Male,Chennai,Tamil Nadu,Salaried,1032000.0,691,2024-03-10
C107707,Customer_107707,53,Female,Noida,Uttar Pradesh,Self-Employed,518000.0,755,2021-06-09
C107708,Customer_107708,47,Male,Chennai,Tamil Nadu,Salaried,891000.0,850,2017-03-17
C107709,Customer_107709,38,Female,Pune,Maharashtra,Salaried,881000.0,813,2024-10-18
C107710,Customer_107710,45,Female,Ahmedabad,Gujarat,Business Owner,1362000.0,742,2022-06-10
C107711,Customer_107711,48,Female,Hyderabad,Telangana,Professional,1191000.0,724,2018-01-03
C107712,Customer_107712,29,Male,Bengaluru,Karnataka,Salaried,554000.0,771,2025-11-11
C107713,Customer_107713,34,Female,Chennai,Tamil Nadu,Business Owner,1052000.0,809,2021-03-11
C107714,Customer_107714,60,Female,Gurugram,Haryana,Professional,551000.0,606,2024-05-24
C107715,Customer_107715,21,Female,Mumbai,Maharashtra,Salaried,250000.0,712,2023-10-12
C107716,Customer_107716,64,Female,Pune,Maharashtra,Self-Employed,1540000.0,652,2019-07-26
C107717,Customer_107717,64,Male,Jaipur,Rajasthan,Professional,700000.0,706,2025-05-04
C107718,Customer_107718,32,Female,Jaipur,Rajasthan,Business Owner,1266000.0,638,2025-07-18
C107719,Customer_107719,35,Male,Pune,Maharashtra,Salaried,585000.0,603,2025-10-04
C107720,Customer_107720,30,Male,Delhi,Delhi,Self-Employed,527000.0,634,2018-11-20
C107721,Customer_107721,46,Female,Delhi,Delhi,Business Owner,631000.0,684,2018-04-16
C107722,Customer_107722,30,Male,Pune,Maharashtra,Self-Employed,951000.0,758,2022-02-03
C107723,Customer_107723,56,Female,Gurugram,Haryana,Salaried,920000.0,667,2019-04-18
C107724,Customer_107724,38,Male,Delhi,Delhi,Salaried,1049000.0,664,2022-10-26
C107725,Customer_107725,64,Male,Noida,Uttar Pradesh,Business Owner,651000.0,746,2023-04-10
C107726,Customer_107726,59,Female,Jaipur,Rajasthan,Salaried,866000.0,739,2017-04-26
C107727,Customer_107727,39,Male,Delhi,Delhi,Professional,513000.0,831,2024-02-06
C107728,Customer_107728,47,Female,Chennai,Tamil Nadu,Salaried,1438000.0,781,2018-03-09
C107729,Customer_107729,22,Other,Bengaluru,Karnataka,Business Owner,324000.0,653,2022-04-30
C107730,Customer_107730,24,Male,Lucknow,Uttar Pradesh,Salaried,521000.0,676,2022-01-25
C107731,Customer_107731,43,Male,Kolkata,West Bengal,Business Owner,681000.0,769,2017-03-06
C107732,Customer_107732,42,Male,Hyderabad,Telangana,Professional,1806000.0,662,2018-09-08
C107733,Customer_107733,38,Female,Hyderabad,Telangana,Salaried,1157000.0,699,2022-01-10
C107734,Customer_107734,25,Male,Kolkata,West Bengal,Salaried,509000.0,609,2020-11-26
C107735,Customer_107735,58,Female,Delhi,Delhi,Professional,1179000.0,635,2021-06-02
C107736,Customer_107736,39,Other,Hyderabad,Telangana,Business Owner,1056000.0,802,2023-07-28
C107737,Customer_107737,42,Male,Mumbai,Maharashtra,Self-Employed,959000.0,731,2023-06-01
C107738,Customer_107738,39,Female,Ahmedabad,Gujarat,Salaried,1128000.0,679,2022-10-28
C107739,Customer_107739,43,Male,Jaipur,Rajasthan,Professional,873000.0,688,2023-11-09
C107740,Customer_107740,50,Female,Pune,Maharashtra,Business Owner,918000.0,831,2025-02-20
C107741,Customer_107741,55,Male,Mumbai,Maharashtra,Salaried,250000.0,677,2018-12-19
C107742,Customer_107742,45,Female,Chennai,Tamil Nadu,Salaried,1427000.0,751,2025-07-29
C107743,Customer_107743,28,Male,Noida,Uttar Pradesh,Salaried,671000.0,777,2021-05-17
C107744,Customer_107744,60,Female,Bengaluru,Karnataka,Business Owner,355000.0,814,2025-08-17
C107745,Customer_107745,33,Male,Mumbai,Maharashtra,Business Owner,648000.0,665,2022-12-11
C107746,Customer_107746,21,Female,Mumbai,Maharashtra,Salaried,664000.0,629,2020-08-27
C107747,Customer_107747,22,Female,Gurugram,Haryana,Salaried,530000.0,648,2017-05-30
C107748,Customer_107748,55,Female,Mumbai,Maharashtra,Salaried,1161000.0,768,2018-02-19
C107749,Customer_107749,38,Female,Kolkata,West Bengal,Salaried,1240000.0,849,2022-10-16
C107750,Customer_107750,22,Male,Lucknow,Uttar Pradesh,Professional,250000.0,770,2023-03-19
C107751,Customer_107751,57,Male,Ahmedabad,Gujarat,Business Owner,644000.0,677,2018-04-10
C107752,Customer_107752,34,Male,Chennai,Tamil Nadu,Salaried,673000.0,797,2025-07-22
C107753,Customer_107753,65,Female,Bengaluru,Karnataka,Salaried,781000.0,690,2020-01-21
C107754,Customer_107754,60,Male,Delhi,Delhi,Salaried,1533000.0,666,2024-02-29
C107755,Customer_107755,23,Male,Mumbai,Maharashtra,Self-Employed,525000.0,698,2024-03-14
C107756,Customer_107756,52,Female,Lucknow,Uttar Pradesh,Salaried,1475000.0,682,2023-06-28
C107757,Customer_107757,48,Male,Mumbai,Maharashtra,Salaried,792000.0,674,2025-07-07
C107758,Customer_107758,28,Female,Delhi,Delhi,Professional,1479000.0,799,2024-06-21
C107759,Customer_107759,36,Male,Gurugram,Haryana,Self-Employed,726000.0,686,2018-07-13
C107760,Customer_107760,43,Male,Pune,Maharashtra,Business Owner,679000.0,617,2020-10-25
C107761,Customer_107761,27,Female,Chennai,Tamil Nadu,Salaried,841000.0,758,2022-04-24
C107762,Customer_107762,53,Male,Jaipur,Rajasthan,Salaried,1367000.0,658,2021-09-02
C107763,Customer_107763,33,Female,Kolkata,West Bengal,Professional,913000.0,660,2021-11-15
C107764,Customer_107764,63,Male,Noida,Uttar Pradesh,Business Owner,934000.0,766,2018-11-11
C107765,Customer_107765,57,Male,Pune,Maharashtra,Self-Employed,1105000.0,673,2026-01-16
C107766,Customer_107766,49,Male,Jaipur,Rajasthan,Self-Employed,498000.0,691,2023-04-03
C107767,Customer_107767,26,Male,Noida,Uttar Pradesh,Salaried,985000.0,723,2024-06-29
C107768,Customer_107768,22,Female,Pune,Maharashtra,Self-Employed,599000.0,701,2020-03-29
C107769,Customer_107769,27,Male,Hyderabad,Telangana,Salaried,1439000.0,692,2023-03-09
C107770,Customer_107770,43,Female,Lucknow,Uttar Pradesh,Salaried,1017000.0,568,2019-06-29
C107771,Customer_107771,56,Female,Bengaluru,Karnataka,Salaried,1127000.0,709,2022-07-03
C107772,Customer_107772,27,Male,Delhi,Delhi,Salaried,250000.0,825,2019-05-03
C107773,Customer_107773,52,Female,Kolkata,West Bengal,Salaried,1133000.0,761,2025-09-09
C107774,Customer_107774,23,Male,Lucknow,Uttar Pradesh,Salaried,779000.0,696,2021-10-03
C107775,Customer_107775,32,Female,Mumbai,Maharashtra,Salaried,275000.0,751,2021-07-30
C107776,Customer_107776,47,Male,Noida,Uttar Pradesh,Professional,888000.0,761,2022-01-10
C107777,Customer_107777,58,Female,Gurugram,Haryana,Professional,250000.0,665,2019-02-11
C107778,Customer_107778,55,Male,Lucknow,Uttar Pradesh,Salaried,1094000.0,802,2024-09-10
C107779,Customer_107779,44,Male,Pune,Maharashtra,Salaried,1424000.0,731,2019-08-27
C107780,Customer_107780,22,Male,Hyderabad,Telangana,Business Owner,250000.0,700,2025-07-13
C107781,Customer_107781,34,Male,Kolkata,West Bengal,Salaried,838000.0,823,2024-10-09
C107782,Customer_107782,56,Female,Mumbai,Maharashtra,Business Owner,784000.0,586,2019-11-18
C107783,Customer_107783,24,Male,Noida,Uttar Pradesh,Salaried,250000.0,644,2022-03-03
C107784,Customer_107784,52,Female,Ahmedabad,Gujarat,Self-Employed,1217000.0,762,2020-02-03
C107785,Customer_107785,52,Male,Pune,Maharashtra,Salaried,1100000.0,764,2018-04-14
C107786,Customer_107786,54,Male,Kolkata,West Bengal,Business Owner,1660000.0,827,2019-08-15
C107787,Customer_107787,30,Male,Jaipur,Rajasthan,Salaried,1048000.0,573,2025-02-04
C107788,Customer_107788,32,Male,Kolkata,West Bengal,Salaried,498000.0,776,2019-10-24
C107789,Customer_107789,29,Female,Noida,Uttar Pradesh,Salaried,1056000.0,639,2025-08-22
C107790,Customer_107790,38,Male,Lucknow,Uttar Pradesh,Salaried,1364000.0,747,2023-10-13
C107791,Customer_107791,44,Female,Lucknow,Uttar Pradesh,Professional,664000.0,716,2021-02-28
C107792,Customer_107792,26,Male,Ahmedabad,Gujarat,Salaried,1191000.0,775,2022-11-09
C107793,Customer_107793,46,Male,Jaipur,Rajasthan,Salaried,250000.0,705,2025-03-21
C107794,Customer_107794,31,Male,Hyderabad,Telangana,Self-Employed,1440000.0,786,2017-09-22
C107795,Customer_107795,46,Female,Delhi,Delhi,Salaried,1170000.0,666,2024-06-18
C107796,Customer_107796,34,Female,Chennai,Tamil Nadu,Professional,250000.0,715,2022-05-01
C107797,Customer_107797,63,Female,Noida,Uttar Pradesh,Business Owner,1003000.0,733,2026-02-12
C107798,Customer_107798,35,Male,Mumbai,Maharashtra,Salaried,250000.0,829,2024-11-22
C107799,Customer_107799,60,Male,Kolkata,West Bengal,Self-Employed,606000.0,774,2025-05-03
C107800,Customer_107800,28,Female,Bengaluru,Karnataka,Self-Employed,1122000.0,733,2017-07-24
C107801,Customer_107801,24,Female,Pune,Maharashtra,Salaried,796000.0,762,2021-03-24
C107802,Customer_107802,29,Female,Mumbai,Maharashtra,Self-Employed,1353000.0,791,2025-06-06
C107803,Customer_107803,39,Male,Jaipur,Rajasthan,Salaried,875000.0,744,2019-07-11
C107804,Customer_107804,61,Female,Gurugram,Haryana,Salaried,835000.0,653,2019-05-24
C107805,Customer_107805,28,Male,Gurugram,Haryana,Self-Employed,1289000.0,761,2023-03-20
C107806,Customer_107806,56,Other,Jaipur,Rajasthan,Self-Employed,715000.0,718,2020-01-20
C107807,Customer_107807,52,Male,Bengaluru,Karnataka,Self-Employed,840000.0,697,2022-06-24
C107808,Customer_107808,36,Female,Kolkata,West Bengal,Salaried,893000.0,669,2020-09-20
C107809,Customer_107809,36,Male,Mumbai,Maharashtra,Self-Employed,823000.0,758,2021-03-13
C107810,Customer_107810,63,Female,Chennai,Tamil Nadu,Salaried,1314000.0,753,2018-04-29
C107811,Customer_107811,53,Female,Kolkata,West Bengal,Self-Employed,583000.0,658,2024-10-05
C107812,Customer_107812,31,Female,Jaipur,Rajasthan,Salaried,518000.0,648,2017-12-01
C107813,Customer_107813,62,Male,Mumbai,Maharashtra,Salaried,425000.0,843,2018-08-01
C107814,Customer_107814,39,Male,Gurugram,Haryana,Salaried,250000.0,776,2019-03-30
C107815,Customer_107815,24,Female,Pune,Maharashtra,Salaried,1443000.0,726,2019-07-24
C107816,Customer_107816,57,Female,Noida,Uttar Pradesh,Salaried,490000.0,759,2017-01-19
C107817,Customer_107817,60,Female,Kolkata,West Bengal,Salaried,755000.0,690,2025-12-05
C107818,Customer_107818,40,Male,Kolkata,West Bengal,Salaried,1473000.0,709,2022-05-17
C107819,Customer_107819,52,Male,Jaipur,Rajasthan,Salaried,793000.0,721,2021-07-23
C107820,Customer_107820,31,Male,Gurugram,Haryana,Salaried,1056000.0,783,2018-04-03
C107821,Customer_107821,59,Female,Mumbai,Maharashtra,Self-Employed,282000.0,628,2022-11-24
C107822,Customer_107822,37,Male,Kolkata,West Bengal,Professional,1409000.0,654,2017-11-14
C107823,Customer_107823,33,Male,Delhi,Delhi,Professional,801000.0,640,2019-07-17
C107824,Customer_107824,43,Female,Pune,Maharashtra,Professional,443000.0,775,2022-03-30
C107825,Customer_107825,33,Female,Gurugram,Haryana,Professional,442000.0,713,2026-02-23
C107826,Customer_107826,48,Female,Noida,Uttar Pradesh,Salaried,1526000.0,660,2022-07-08
C107827,Customer_107827,54,Male,Hyderabad,Telangana,Salaried,616000.0,706,2021-06-14
C107828,Customer_107828,39,Male,Chennai,Tamil Nadu,Salaried,451000.0,679,2023-02-22
C107829,Customer_107829,56,Male,Kolkata,West Bengal,Salaried,677000.0,627,2023-10-28
C107830,Customer_107830,40,Male,Chennai,Tamil Nadu,Business Owner,868000.0,802,2021-09-09
C107831,Customer_107831,64,Female,Bengaluru,Karnataka,Professional,911000.0,710,2020-02-28
C107832,Customer_107832,32,Male,Hyderabad,Telangana,Self-Employed,1028000.0,803,2025-03-26
C107833,Customer_107833,52,Female,Chennai,Tamil Nadu,Professional,944000.0,626,2019-11-03
C107834,Customer_107834,45,Male,Kolkata,West Bengal,Self-Employed,1109000.0,753,2018-03-01
C107835,Customer_107835,63,Female,Lucknow,Uttar Pradesh,Salaried,741000.0,626,2019-09-21
C107836,Customer_107836,30,Female,Kolkata,West Bengal,Salaried,1679000.0,850,2024-04-27
C107837,Customer_107837,29,Male,Chennai,Tamil Nadu,Professional,655000.0,608,2017-09-18
C107838,Customer_107838,60,Male,Ahmedabad,Gujarat,Self-Employed,1391000.0,837,2020-10-30
C107839,Customer_107839,61,Male,Gurugram,Haryana,Salaried,610000.0,719,2017-05-19
C107840,Customer_107840,54,Female,Pune,Maharashtra,Salaried,279000.0,708,2025-05-30
C107841,Customer_107841,42,Male,Pune,Maharashtra,Business Owner,250000.0,758,2020-01-31
C107842,Customer_107842,39,Male,Bengaluru,Karnataka,Business Owner,972000.0,659,2019-03-09
C107843,Customer_107843,50,Female,Noida,Uttar Pradesh,Salaried,1315000.0,771,2023-06-16
C107844,Customer_107844,54,Female,Noida,Uttar Pradesh,Professional,390000.0,776,2025-10-28
C107845,Customer_107845,33,Female,Bengaluru,Karnataka,Salaried,499000.0,721,2017-06-30
C107846,Customer_107846,21,Male,Chennai,Tamil Nadu,Professional,1004000.0,736,2025-01-27
C107847,Customer_107847,24,Female,Hyderabad,Telangana,Self-Employed,849000.0,845,2020-08-27
C107848,Customer_107848,36,Male,Lucknow,Uttar Pradesh,Business Owner,616000.0,762,2018-08-12
C107849,Customer_107849,51,Male,Delhi,Delhi,Professional,338000.0,669,2017-09-06
C107850,Customer_107850,40,Female,Bengaluru,Karnataka,Business Owner,974000.0,769,2021-01-18
C107851,Customer_107851,48,Male,Hyderabad,Telangana,Salaried,1111000.0,685,2019-04-02
C107852,Customer_107852,42,Female,Kolkata,West Bengal,Professional,1047000.0,672,2019-04-07
C107853,Customer_107853,32,Male,Bengaluru,Karnataka,Salaried,861000.0,753,2018-09-28
C107854,Customer_107854,54,Male,Kolkata,West Bengal,Salaried,428000.0,654,2018-04-28
C107855,Customer_107855,53,Female,Jaipur,Rajasthan,Self-Employed,976000.0,723,2024-04-26
C107856,Customer_107856,64,Male,Gurugram,Haryana,Salaried,946000.0,764,2020-08-12
C107857,Customer_107857,58,Female,Mumbai,Maharashtra,Salaried,325000.0,844,2024-06-17
C107858,Customer_107858,38,Female,Mumbai,Maharashtra,Salaried,729000.0,761,2021-12-25
C107859,Customer_107859,52,Male,Mumbai,Maharashtra,Salaried,997000.0,624,2017-09-25
C107860,Customer_107860,36,Female,Noida,Uttar Pradesh,Salaried,819000.0,635,2020-09-27
C107861,Customer_107861,60,Female,Ahmedabad,Gujarat,Business Owner,250000.0,832,2017-10-22
C107862,Customer_107862,48,Female,Kolkata,West Bengal,Salaried,594000.0,679,2020-02-02
C107863,Customer_107863,58,Male,Gurugram,Haryana,Self-Employed,567000.0,621,2024-08-31
C107864,Customer_107864,33,Female,Ahmedabad,Gujarat,Salaried,1074000.0,655,2020-01-20
C107865,Customer_107865,21,Female,Bengaluru,Karnataka,Salaried,1889000.0,772,2019-03-22
C107866,Customer_107866,27,Female,Kolkata,West Bengal,Salaried,904000.0,727,2018-07-02
C107867,Customer_107867,44,Male,Jaipur,Rajasthan,Salaried,371000.0,762,2018-03-28
C107868,Customer_107868,64,Male,Delhi,Delhi,Professional,786000.0,718,2019-01-28
C107869,Customer_107869,49,Female,Ahmedabad,Gujarat,Professional,854000.0,648,2025-06-20
C107870,Customer_107870,57,Female,Pune,Maharashtra,Salaried,1153000.0,604,2021-12-06
C107871,Customer_107871,42,Female,Delhi,Delhi,Salaried,1347000.0,666,2024-04-15
C107872,Customer_107872,64,Female,Hyderabad,Telangana,Self-Employed,1406000.0,728,2018-06-25
C107873,Customer_107873,63,Male,Pune,Maharashtra,Salaried,1065000.0,643,2022-09-02
C107874,Customer_107874,30,Female,Chennai,Tamil Nadu,Salaried,850000.0,784,2024-09-21
C107875,Customer_107875,59,Male,Hyderabad,Telangana,Salaried,1443000.0,655,2024-03-22
C107876,Customer_107876,21,Male,Ahmedabad,Gujarat,Self-Employed,711000.0,613,2023-11-08
C107877,Customer_107877,47,Male,Chennai,Tamil Nadu,Salaried,872000.0,720,2024-01-01
C107878,Customer_107878,40,Female,Pune,Maharashtra,Professional,753000.0,769,2026-03-17
C107879,Customer_107879,34,Male,Gurugram,Haryana,Salaried,250000.0,817,2020-08-08
C107880,Customer_107880,63,Male,Mumbai,Maharashtra,Salaried,1359000.0,615,2019-12-13
C107881,Customer_107881,50,Male,Chennai,Tamil Nadu,Professional,1120000.0,813,2017-11-17
C107882,Customer_107882,27,Male,Delhi,Delhi,Salaried,250000.0,732,2018-09-13
C107883,Customer_107883,27,Female,Lucknow,Uttar Pradesh,Salaried,1251000.0,680,2020-10-05
C107884,Customer_107884,26,Male,Bengaluru,Karnataka,Salaried,729000.0,764,2017-09-14
C107885,Customer_107885,34,Male,Gurugram,Haryana,Self-Employed,1245000.0,808,2024-01-19
C107886,Customer_107886,24,Male,Bengaluru,Karnataka,Self-Employed,880000.0,611,2020-04-04
C107887,Customer_107887,32,Female,Hyderabad,Telangana,Salaried,307000.0,692,2020-01-05
C107888,Customer_107888,55,Female,Ahmedabad,Gujarat,Salaried,861000.0,685,2025-07-29
C107889,Customer_107889,60,Female,Gurugram,Haryana,Salaried,491000.0,761,2017-07-23
C107890,Customer_107890,56,Male,Bengaluru,Karnataka,Salaried,361000.0,815,2022-07-04
C107891,Customer_107891,43,Male,Bengaluru,Karnataka,Salaried,1197000.0,725,2022-07-30
C107892,Customer_107892,52,Male,Noida,Uttar Pradesh,Salaried,1007000.0,701,2025-12-04
C107893,Customer_107893,63,Female,Hyderabad,Telangana,Salaried,1449000.0,749,2020-10-23
C107894,Customer_107894,23,Male,Bengaluru,Karnataka,Business Owner,692000.0,705,2025-07-05
C107895,Customer_107895,61,Male,Jaipur,Rajasthan,Self-Employed,465000.0,579,2023-04-18
C107896,Customer_107896,53,Female,Mumbai,Maharashtra,Self-Employed,1106000.0,754,2020-07-15
C107897,Customer_107897,38,Female,Noida,Uttar Pradesh,Self-Employed,517000.0,784,2021-12-05
C107898,Customer_107898,41,Male,Noida,Uttar Pradesh,Salaried,726000.0,790,2021-01-28
C107899,Customer_107899,40,Female,Noida,Uttar Pradesh,Self-Employed,1060000.0,645,2022-08-11
C107900,Customer_107900,28,Male,Hyderabad,Telangana,Salaried,800000.0,759,2019-10-15
C107901,Customer_107901,31,Male,Mumbai,Maharashtra,Self-Employed,655000.0,820,2020-01-27
C107902,Customer_107902,34,Male,Pune,Maharashtra,Salaried,289000.0,850,2023-11-28
C107903,Customer_107903,21,Female,Chennai,Tamil Nadu,Self-Employed,1225000.0,751,2026-02-19
C107904,Customer_107904,43,Male,Lucknow,Uttar Pradesh,Professional,703000.0,784,2022-04-20
C107905,Customer_107905,42,Female,Ahmedabad,Gujarat,Salaried,1097000.0,655,2020-01-25
C107906,Customer_107906,35,Male,Lucknow,Uttar Pradesh,Salaried,1044000.0,647,2017-08-04
C107907,Customer_107907,28,Female,Gurugram,Haryana,Professional,1287000.0,784,2025-09-26
C107908,Customer_107908,64,Female,Jaipur,Rajasthan,Salaried,756000.0,588,2025-07-21
C107909,Customer_107909,51,Female,Mumbai,Maharashtra,Salaried,711000.0,730,2018-12-06
C107910,Customer_107910,42,Female,Delhi,Delhi,Salaried,407000.0,813,2024-04-24
C107911,Customer_107911,53,Female,Delhi,Delhi,Salaried,633000.0,766,2023-04-22
C107912,Customer_107912,37,Female,Ahmedabad,Gujarat,Salaried,986000.0,766,2025-09-08
C107913,Customer_107913,30,Male,Bengaluru,Karnataka,Business Owner,523000.0,717,2021-09-08
C107914,Customer_107914,51,Other,Lucknow,Uttar Pradesh,Self-Employed,976000.0,693,2019-04-29
C107915,Customer_107915,55,Male,Mumbai,Maharashtra,Salaried,1437000.0,850,2020-03-08
C107916,Customer_107916,50,Male,Lucknow,Uttar Pradesh,Business Owner,672000.0,800,2024-01-05
C107917,Customer_107917,46,Male,Jaipur,Rajasthan,Business Owner,324000.0,775,2018-11-18
C107918,Customer_107918,21,Male,Mumbai,Maharashtra,Salaried,685000.0,722,2022-11-26
C107919,Customer_107919,49,Female,Delhi,Delhi,Self-Employed,281000.0,682,2024-09-12
C107920,Customer_107920,48,Male,Chennai,Tamil Nadu,Salaried,1384000.0,790,2018-02-23
C107921,Customer_107921,39,Male,Chennai,Tamil Nadu,Salaried,884000.0,700,2021-12-01
C107922,Customer_107922,31,Female,Hyderabad,Telangana,Business Owner,559000.0,725,2019-06-02
C107923,Customer_107923,65,Female,Kolkata,West Bengal,Business Owner,626000.0,760,2021-08-20
C107924,Customer_107924,37,Male,Mumbai,Maharashtra,Professional,377000.0,734,2018-10-14
C107925,Customer_107925,33,Female,Mumbai,Maharashtra,Salaried,1254000.0,821,2019-12-22
C107926,Customer_107926,52,Male,Jaipur,Rajasthan,Salaried,1585000.0,634,2018-06-06
C107927,Customer_107927,42,Male,Lucknow,Uttar Pradesh,Salaried,252000.0,724,2020-09-06
C107928,Customer_107928,46,Female,Hyderabad,Telangana,Salaried,1267000.0,850,2023-01-17
C107929,Customer_107929,50,Female,Lucknow,Uttar Pradesh,Salaried,752000.0,778,2019-11-03
C107930,Customer_107930,37,Female,Chennai,Tamil Nadu,Salaried,1357000.0,707,2025-01-23
C107931,Customer_107931,27,Male,Chennai,Tamil Nadu,Self-Employed,250000.0,772,2022-08-21
C107932,Customer_107932,28,Male,Mumbai,Maharashtra,Salaried,940000.0,717,2026-03-13
C107933,Customer_107933,63,Male,Pune,Maharashtra,Salaried,687000.0,815,2023-04-16
C107934,Customer_107934,43,Female,Pune,Maharashtra,Salaried,1114000.0,773,2019-01-02
C107935,Customer_107935,39,Male,Ahmedabad,Gujarat,Business Owner,874000.0,664,2022-04-12
C107936,Customer_107936,35,Male,Mumbai,Maharashtra,Salaried,859000.0,735,2023-04-12
C107937,Customer_107937,53,Male,Bengaluru,Karnataka,Salaried,808000.0,747,2021-06-03
C107938,Customer_107938,62,Female,Pune,Maharashtra,Salaried,1475000.0,750,2017-09-24
C107939,Customer_107939,55,Male,Delhi,Delhi,Salaried,780000.0,741,2018-09-07
C107940,Customer_107940,45,Female,Mumbai,Maharashtra,Salaried,1196000.0,757,2019-03-24
C107941,Customer_107941,42,Female,Ahmedabad,Gujarat,Business Owner,1101000.0,747,2020-11-05
C107942,Customer_107942,59,Male,Lucknow,Uttar Pradesh,Salaried,1206000.0,673,2024-11-21
C107943,Customer_107943,59,Male,Kolkata,West Bengal,Salaried,444000.0,690,2017-03-27
C107944,Customer_107944,38,Male,Mumbai,Maharashtra,Salaried,1133000.0,703,2025-10-07
C107945,Customer_107945,64,Female,Lucknow,Uttar Pradesh,Salaried,985000.0,726,2021-12-04
C107946,Customer_107946,58,Female,Kolkata,West Bengal,Professional,374000.0,704,2026-01-14
C107947,Customer_107947,59,Male,Jaipur,Rajasthan,Self-Employed,765000.0,792,2023-05-05
C107948,Customer_107948,23,Female,Bengaluru,Karnataka,Salaried,1768000.0,658,2021-04-29
C107949,Customer_107949,26,Male,Kolkata,West Bengal,Self-Employed,693000.0,607,2018-01-31
C107950,Customer_107950,34,Female,Delhi,Delhi,Salaried,703000.0,848,2023-11-07
C107951,Customer_107951,55,Female,Ahmedabad,Gujarat,Salaried,1030000.0,667,2022-09-02
C107952,Customer_107952,24,Female,Bengaluru,Karnataka,Salaried,634000.0,792,2020-06-09
C107953,Customer_107953,24,Male,Noida,Uttar Pradesh,Business Owner,906000.0,760,2024-08-08
C107954,Customer_107954,22,Male,Delhi,Delhi,Business Owner,670000.0,669,2023-07-12
C107955,Customer_107955,29,Other,Ahmedabad,Gujarat,Salaried,1011000.0,711,2019-09-07
C107956,Customer_107956,62,Male,Mumbai,Maharashtra,Business Owner,825000.0,702,2018-06-02
C107957,Customer_107957,53,Female,Jaipur,Rajasthan,Salaried,1631000.0,743,2023-02-18
C107958,Customer_107958,53,Female,Pune,Maharashtra,Salaried,868000.0,670,2018-02-20
C107959,Customer_107959,34,Female,Lucknow,Uttar Pradesh,Salaried,761000.0,709,2021-11-22
C107960,Customer_107960,49,Female,Ahmedabad,Gujarat,Salaried,1262000.0,718,2026-02-27
C107961,Customer_107961,56,Male,Chennai,Tamil Nadu,Salaried,294000.0,792,2023-11-29
C107962,Customer_107962,44,Female,Mumbai,Maharashtra,Professional,1527000.0,693,2019-11-26
C107963,Customer_107963,59,Male,Ahmedabad,Gujarat,Salaried,455000.0,657,2025-12-12
C107964,Customer_107964,46,Female,Pune,Maharashtra,Salaried,1327000.0,685,2025-05-09
C107965,Customer_107965,35,Male,Delhi,Delhi,Salaried,1433000.0,744,2021-07-30
C107966,Customer_107966,49,Female,Kolkata,West Bengal,Salaried,640000.0,605,2017-03-19
C107967,Customer_107967,63,Female,Bengaluru,Karnataka,Salaried,678000.0,798,2025-04-17
C107968,Customer_107968,58,Female,Bengaluru,Karnataka,Salaried,806000.0,721,2024-09-28
C107969,Customer_107969,43,Male,Delhi,Delhi,Salaried,1099000.0,748,2026-02-01
C107970,Customer_107970,47,Male,Chennai,Tamil Nadu,Salaried,451000.0,734,2025-09-20
C107971,Customer_107971,64,Female,Bengaluru,Karnataka,Salaried,806000.0,677,2021-08-01
C107972,Customer_107972,54,Female,Delhi,Delhi,Self-Employed,725000.0,650,2017-02-22
C107973,Customer_107973,43,Male,Pune,Maharashtra,Professional,389000.0,674,2020-09-05
C107974,Customer_107974,33,Female,Bengaluru,Karnataka,Salaried,432000.0,622,2020-08-16
C107975,Customer_107975,61,Female,Mumbai,Maharashtra,Self-Employed,901000.0,743,2019-10-20
C107976,Customer_107976,64,Female,Pune,Maharashtra,Self-Employed,894000.0,709,2024-07-11
C107977,Customer_107977,24,Female,Delhi,Delhi,Self-Employed,544000.0,620,2024-07-14
C107978,Customer_107978,22,Female,Lucknow,Uttar Pradesh,Self-Employed,882000.0,680,2017-01-16
C107979,Customer_107979,26,Female,Pune,Maharashtra,Salaried,591000.0,762,2025-07-04
C107980,Customer_107980,38,Male,Lucknow,Uttar Pradesh,Professional,1373000.0,804,2019-11-03
C107981,Customer_107981,28,Other,Noida,Uttar Pradesh,Salaried,809000.0,637,2018-08-21
C107982,Customer_107982,60,Female,Lucknow,Uttar Pradesh,Salaried,1289000.0,850,2019-05-28
C107983,Customer_107983,62,Female,Kolkata,West Bengal,Self-Employed,250000.0,658,2017-08-03
C107984,Customer_107984,29,Female,Pune,Maharashtra,Professional,979000.0,609,2018-03-31
C107985,Customer_107985,58,Female,Jaipur,Rajasthan,Salaried,1088000.0,834,2019-09-28
C107986,Customer_107986,27,Male,Delhi,Delhi,Professional,795000.0,652,2017-10-27
C107987,Customer_107987,56,Male,Noida,Uttar Pradesh,Self-Employed,634000.0,819,2018-08-10
C107988,Customer_107988,37,Male,Hyderabad,Telangana,Self-Employed,788000.0,677,2019-04-27
C107989,Customer_107989,22,Female,Delhi,Delhi,Business Owner,1147000.0,701,2024-02-21
C107990,Customer_107990,40,Female,Bengaluru,Karnataka,Business Owner,366000.0,635,2018-11-11
C107991,Customer_107991,58,Male,Bengaluru,Karnataka,Salaried,1130000.0,803,2025-07-21
C107992,Customer_107992,63,Male,Delhi,Delhi,Business Owner,977000.0,794,2026-01-26
C107993,Customer_107993,26,Female,Jaipur,Rajasthan,Salaried,746000.0,677,2020-02-20
C107994,Customer_107994,58,Male,Mumbai,Maharashtra,Professional,763000.0,715,2017-03-17
C107995,Customer_107995,34,Male,Noida,Uttar Pradesh,Business Owner,875000.0,763,2019-09-11
C107996,Customer_107996,41,Male,Pune,Maharashtra,Self-Employed,1513000.0,689,2018-03-17
C107997,Customer_107997,25,Female,Jaipur,Rajasthan,Salaried,989000.0,809,2017-04-19
C107998,Customer_107998,64,Female,Chennai,Tamil Nadu,Salaried,473000.0,713,2024-07-07
C107999,Customer_107999,56,Female,Mumbai,Maharashtra,Salaried,676000.0,686,2018-01-06
C108000,Customer_108000,49,Male,Bengaluru,Karnataka,Salaried,392000.0,617,2024-02-06
C108001,Customer_108001,53,Male,Ahmedabad,Gujarat,Self-Employed,250000.0,636,2023-03-20
C108002,Customer_108002,60,Female,Jaipur,Rajasthan,Professional,385000.0,758,2021-05-12
C108003,Customer_108003,27,Other,Hyderabad,Telangana,Self-Employed,898000.0,735,2019-12-22
C108004,Customer_108004,32,Male,Chennai,Tamil Nadu,Salaried,1360000.0,773,2020-08-02
C108005,Customer_108005,22,Female,Lucknow,Uttar Pradesh,Professional,1248000.0,683,2019-11-21
C108006,Customer_108006,43,Female,Noida,Uttar Pradesh,Professional,388000.0,613,2020-03-23
C108007,Customer_108007,43,Female,Chennai,Tamil Nadu,Self-Employed,531000.0,688,2019-07-03
C108008,Customer_108008,22,Male,Bengaluru,Karnataka,Salaried,475000.0,850,2026-01-23
C108009,Customer_108009,50,Male,Hyderabad,Telangana,Self-Employed,250000.0,657,2025-07-21
C108010,Customer_108010,21,Male,Kolkata,West Bengal,Salaried,783000.0,718,2025-01-26
C108011,Customer_108011,56,Female,Kolkata,West Bengal,Salaried,1171000.0,563,2024-10-25
C108012,Customer_108012,52,Female,Bengaluru,Karnataka,Self-Employed,749000.0,686,2019-06-09
C108013,Customer_108013,57,Male,Delhi,Delhi,Self-Employed,343000.0,693,2025-01-27
C108014,Customer_108014,26,Male,Pune,Maharashtra,Salaried,512000.0,742,2021-04-17
C108015,Customer_108015,60,Male,Gurugram,Haryana,Professional,718000.0,699,2018-07-11
C108016,Customer_108016,45,Female,Mumbai,Maharashtra,Professional,1158000.0,621,2023-12-12
C108017,Customer_108017,59,Female,Chennai,Tamil Nadu,Self-Employed,777000.0,677,2025-12-23
C108018,Customer_108018,52,Male,Mumbai,Maharashtra,Salaried,1104000.0,707,2024-09-05
C108019,Customer_108019,50,Female,Bengaluru,Karnataka,Salaried,817000.0,655,2017-03-05
C108020,Customer_108020,22,Female,Ahmedabad,Gujarat,Self-Employed,945000.0,665,2018-02-19
C108021,Customer_108021,52,Female,Hyderabad,Telangana,Business Owner,474000.0,785,2018-03-25
C108022,Customer_108022,41,Female,Hyderabad,Telangana,Salaried,576000.0,679,2025-11-24
C108023,Customer_108023,59,Male,Lucknow,Uttar Pradesh,Salaried,348000.0,749,2021-12-09
C108024,Customer_108024,51,Female,Bengaluru,Karnataka,Salaried,1091000.0,708,2024-08-17
C108025,Customer_108025,24,Female,Bengaluru,Karnataka,Salaried,734000.0,640,2018-04-09
C108026,Customer_108026,61,Female,Lucknow,Uttar Pradesh,Self-Employed,250000.0,698,2021-09-09
C108027,Customer_108027,23,Female,Kolkata,West Bengal,Salaried,1042000.0,739,2020-06-20
C108028,Customer_108028,34,Male,Delhi,Delhi,Salaried,1240000.0,833,2021-08-30
C108029,Customer_108029,30,Female,Pune,Maharashtra,Salaried,525000.0,670,2023-03-28
C108030,Customer_108030,64,Female,Kolkata,West Bengal,Professional,1042000.0,714,2021-09-21
C108031,Customer_108031,27,Male,Hyderabad,Telangana,Salaried,766000.0,779,2017-09-07
C108032,Customer_108032,59,Female,Kolkata,West Bengal,Salaried,250000.0,802,2024-08-05
C108033,Customer_108033,30,Male,Ahmedabad,Gujarat,Self-Employed,1631000.0,678,2025-06-15
C108034,Customer_108034,50,Female,Hyderabad,Telangana,Professional,769000.0,710,2022-02-01
C108035,Customer_108035,25,Male,Gurugram,Haryana,Salaried,931000.0,792,2018-09-14
C108036,Customer_108036,38,Male,Pune,Maharashtra,Salaried,600000.0,753,2024-07-25
C108037,Customer_108037,49,Female,Lucknow,Uttar Pradesh,Self-Employed,732000.0,787,2022-07-31
C108038,Customer_108038,52,Female,Mumbai,Maharashtra,Salaried,915000.0,796,2025-01-15
C108039,Customer_108039,60,Female,Hyderabad,Telangana,Professional,433000.0,756,2022-09-24
C108040,Customer_108040,57,Female,Jaipur,Rajasthan,Self-Employed,1528000.0,729,2023-07-17
C108041,Customer_108041,44,Male,Noida,Uttar Pradesh,Salaried,1185000.0,676,2024-04-21
C108042,Customer_108042,34,Female,Bengaluru,Karnataka,Professional,1057000.0,704,2017-06-09
C108043,Customer_108043,32,Female,Lucknow,Uttar Pradesh,Self-Employed,793000.0,708,2019-04-11
C108044,Customer_108044,65,Male,Bengaluru,Karnataka,Salaried,546000.0,798,2021-03-03
C108045,Customer_108045,48,Female,Chennai,Tamil Nadu,Salaried,1262000.0,731,2023-08-03
C108046,Customer_108046,61,Male,Hyderabad,Telangana,Self-Employed,1094000.0,732,2019-05-20
C108047,Customer_108047,40,Male,Pune,Maharashtra,Professional,690000.0,655,2021-03-08
C108048,Customer_108048,42,Female,Noida,Uttar Pradesh,Salaried,416000.0,798,2017-05-28
C108049,Customer_108049,58,Female,Jaipur,Rajasthan,Salaried,250000.0,670,2022-11-21
C108050,Customer_108050,53,Female,Gurugram,Haryana,Professional,861000.0,701,2023-01-15
C108051,Customer_108051,30,Female,Hyderabad,Telangana,Salaried,750000.0,805,2022-02-05
C108052,Customer_108052,44,Male,Lucknow,Uttar Pradesh,Salaried,1324000.0,778,2021-10-10
C108053,Customer_108053,30,Other,Pune,Maharashtra,Salaried,1247000.0,665,2026-04-18
C108054,Customer_108054,55,Male,Ahmedabad,Gujarat,Self-Employed,866000.0,650,2017-07-27
C108055,Customer_108055,22,Male,Jaipur,Rajasthan,Self-Employed,818000.0,707,2023-08-09
C108056,Customer_108056,58,Male,Ahmedabad,Gujarat,Salaried,389000.0,683,2022-10-16
C108057,Customer_108057,62,Male,Ahmedabad,Gujarat,Salaried,1274000.0,625,2021-03-13
C108058,Customer_108058,22,Male,Pune,Maharashtra,Self-Employed,827000.0,671,2018-10-09
C108059,Customer_108059,49,Female,Ahmedabad,Gujarat,Self-Employed,1092000.0,541,2025-09-14
C108060,Customer_108060,24,Female,Noida,Uttar Pradesh,Salaried,1321000.0,779,2025-09-22
C108061,Customer_108061,37,Female,Chennai,Tamil Nadu,Salaried,624000.0,775,2020-03-02
C108062,Customer_108062,36,Male,Kolkata,West Bengal,Self-Employed,519000.0,812,2023-06-29
C108063,Customer_108063,44,Female,Bengaluru,Karnataka,Salaried,1837000.0,743,2018-01-04
C108064,Customer_108064,62,Male,Chennai,Tamil Nadu,Salaried,1088000.0,691,2017-01-13
C108065,Customer_108065,41,Female,Gurugram,Haryana,Professional,739000.0,787,2025-12-30
C108066,Customer_108066,38,Female,Ahmedabad,Gujarat,Professional,1346000.0,674,2025-02-10
C108067,Customer_108067,25,Male,Bengaluru,Karnataka,Salaried,727000.0,634,2017-01-31
C108068,Customer_108068,60,Female,Kolkata,West Bengal,Professional,980000.0,710,2017-08-10
C108069,Customer_108069,35,Female,Gurugram,Haryana,Self-Employed,623000.0,747,2018-05-30
C108070,Customer_108070,41,Male,Mumbai,Maharashtra,Professional,843000.0,667,2017-02-09
C108071,Customer_108071,25,Female,Delhi,Delhi,Professional,740000.0,652,2020-06-21
C108072,Customer_108072,33,Female,Chennai,Tamil Nadu,Self-Employed,549000.0,693,2020-09-05
C108073,Customer_108073,45,Male,Ahmedabad,Gujarat,Salaried,947000.0,747,2023-03-04
C108074,Customer_108074,61,Male,Hyderabad,Telangana,Salaried,595000.0,711,2018-06-14
C108075,Customer_108075,35,Male,Gurugram,Haryana,Salaried,1080000.0,850,2025-03-04
C108076,Customer_108076,46,Female,Noida,Uttar Pradesh,Salaried,728000.0,711,2024-08-12
C108077,Customer_108077,60,Male,Kolkata,West Bengal,Self-Employed,250000.0,769,2023-07-09
C108078,Customer_108078,37,Male,Chennai,Tamil Nadu,Salaried,1098000.0,626,2025-10-17
C108079,Customer_108079,34,Male,Delhi,Delhi,Business Owner,1105000.0,758,2018-10-15
C108080,Customer_108080,22,Other,Gurugram,Haryana,Professional,1751000.0,690,2024-04-17
C108081,Customer_108081,61,Female,Noida,Uttar Pradesh,Salaried,857000.0,719,2021-01-23
C108082,Customer_108082,25,Female,Pune,Maharashtra,Self-Employed,923000.0,830,2020-06-05
C108083,Customer_108083,30,Female,Kolkata,West Bengal,Business Owner,1041000.0,696,2023-05-02
C108084,Customer_108084,27,Female,Gurugram,Haryana,Self-Employed,1258000.0,635,2019-09-21
C108085,Customer_108085,52,Female,Jaipur,Rajasthan,Professional,1233000.0,645,2017-03-04
C108086,Customer_108086,37,Male,Mumbai,Maharashtra,Salaried,978000.0,731,2020-03-10
C108087,Customer_108087,52,Male,Jaipur,Rajasthan,Salaried,837000.0,728,2024-04-04
C108088,Customer_108088,48,Female,Lucknow,Uttar Pradesh,Salaried,1187000.0,725,2017-10-22
C108089,Customer_108089,21,Male,Gurugram,Haryana,Salaried,820000.0,636,2024-12-14
C108090,Customer_108090,34,Male,Pune,Maharashtra,Salaried,334000.0,850,2025-05-31
C108091,Customer_108091,21,Female,Kolkata,West Bengal,Business Owner,250000.0,815,2021-05-29
C108092,Customer_108092,23,Female,Hyderabad,Telangana,Self-Employed,733000.0,728,2019-04-10
C108093,Customer_108093,42,Male,Ahmedabad,Gujarat,Salaried,898000.0,621,2024-07-25
C108094,Customer_108094,32,Male,Bengaluru,Karnataka,Salaried,1839000.0,823,2019-05-01
C108095,Customer_108095,25,Male,Chennai,Tamil Nadu,Salaried,802000.0,794,2018-12-09
C108096,Customer_108096,39,Male,Hyderabad,Telangana,Salaried,869000.0,727,2023-08-31
C108097,Customer_108097,41,Male,Chennai,Tamil Nadu,Salaried,688000.0,798,2019-12-19
C108098,Customer_108098,65,Female,Chennai,Tamil Nadu,Salaried,1098000.0,688,2022-10-02
C108099,Customer_108099,50,Female,Delhi,Delhi,Business Owner,962000.0,658,2019-02-17
C108100,Customer_108100,38,Male,Jaipur,Rajasthan,Professional,595000.0,730,2025-12-05
C108101,Customer_108101,42,Male,Pune,Maharashtra,Salaried,445000.0,619,2019-01-23
C108102,Customer_108102,25,Female,Lucknow,Uttar Pradesh,Self-Employed,689000.0,648,2026-02-19
C108103,Customer_108103,38,Male,Bengaluru,Karnataka,Professional,513000.0,755,2024-01-22
C108104,Customer_108104,47,Male,Jaipur,Rajasthan,Salaried,758000.0,736,2020-11-19
C108105,Customer_108105,21,Male,Bengaluru,Karnataka,Salaried,907000.0,630,2023-05-17
C108106,Customer_108106,62,Female,Kolkata,West Bengal,Salaried,650000.0,693,2025-07-29
C108107,Customer_108107,44,Male,Pune,Maharashtra,Salaried,1432000.0,633,2022-11-01
C108108,Customer_108108,56,Male,Pune,Maharashtra,Salaried,1314000.0,688,2025-11-22
C108109,Customer_108109,33,Female,Ahmedabad,Gujarat,Self-Employed,758000.0,681,2025-07-19
C108110,Customer_108110,58,Female,Gurugram,Haryana,Salaried,464000.0,784,2024-12-20
C108111,Customer_108111,37,Female,Hyderabad,Telangana,Salaried,838000.0,710,2025-07-21
C108112,Customer_108112,62,Female,Noida,Uttar Pradesh,Salaried,797000.0,704,2025-09-06
C108113,Customer_108113,44,Female,Bengaluru,Karnataka,Salaried,825000.0,694,2017-03-21
C108114,Customer_108114,49,Male,Hyderabad,Telangana,Salaried,691000.0,608,2022-08-02
C108115,Customer_108115,30,Male,Hyderabad,Telangana,Salaried,430000.0,714,2023-03-19
C108116,Customer_108116,65,Male,Lucknow,Uttar Pradesh,Salaried,864000.0,751,2018-01-24
C108117,Customer_108117,29,Male,Mumbai,Maharashtra,Salaried,710000.0,735,2023-03-07
C108118,Customer_108118,22,Male,Chennai,Tamil Nadu,Self-Employed,745000.0,765,2025-01-01
C108119,Customer_108119,40,Male,Pune,Maharashtra,Salaried,888000.0,768,2023-11-25
C108120,Customer_108120,58,Female,Gurugram,Haryana,Self-Employed,822000.0,850,2019-11-12
C108121,Customer_108121,62,Female,Pune,Maharashtra,Business Owner,879000.0,647,2021-07-25
C108122,Customer_108122,59,Male,Lucknow,Uttar Pradesh,Salaried,691000.0,735,2025-08-12
C108123,Customer_108123,45,Male,Jaipur,Rajasthan,Salaried,994000.0,743,2019-07-09
C108124,Customer_108124,62,Male,Jaipur,Rajasthan,Self-Employed,563000.0,699,2021-11-01
C108125,Customer_108125,43,Male,Gurugram,Haryana,Salaried,415000.0,679,2024-10-20
C108126,Customer_108126,42,Female,Mumbai,Maharashtra,Business Owner,494000.0,752,2021-07-24
C108127,Customer_108127,29,Male,Pune,Maharashtra,Business Owner,579000.0,746,2018-01-05
C108128,Customer_108128,56,Male,Ahmedabad,Gujarat,Salaried,335000.0,652,2024-09-27
C108129,Customer_108129,35,Female,Bengaluru,Karnataka,Salaried,250000.0,603,2020-03-05
C108130,Customer_108130,29,Female,Mumbai,Maharashtra,Self-Employed,1051000.0,688,2020-08-13
C108131,Customer_108131,37,Female,Mumbai,Maharashtra,Self-Employed,1360000.0,676,2024-11-04
C108132,Customer_108132,48,Male,Gurugram,Haryana,Salaried,1073000.0,759,2017-12-28
C108133,Customer_108133,33,Male,Ahmedabad,Gujarat,Business Owner,657000.0,660,2023-12-13
C108134,Customer_108134,37,Male,Hyderabad,Telangana,Salaried,250000.0,708,2024-04-18
C108135,Customer_108135,35,Female,Jaipur,Rajasthan,Professional,927000.0,609,2025-04-28
C108136,Customer_108136,47,Male,Jaipur,Rajasthan,Business Owner,250000.0,619,2019-09-16
C108137,Customer_108137,53,Male,Gurugram,Haryana,Salaried,815000.0,670,2017-03-22
C108138,Customer_108138,51,Other,Noida,Uttar Pradesh,Salaried,530000.0,704,2024-11-16
C108139,Customer_108139,27,Male,Noida,Uttar Pradesh,Salaried,250000.0,667,2018-06-10
C108140,Customer_108140,36,Male,Bengaluru,Karnataka,Business Owner,1442000.0,729,2025-07-11
C108141,Customer_108141,50,Female,Gurugram,Haryana,Salaried,348000.0,609,2023-08-17
C108142,Customer_108142,30,Male,Chennai,Tamil Nadu,Salaried,708000.0,706,2020-08-25
C108143,Customer_108143,24,Female,Chennai,Tamil Nadu,Self-Employed,798000.0,707,2020-06-16
C108144,Customer_108144,35,Male,Ahmedabad,Gujarat,Salaried,662000.0,626,2023-03-30
C108145,Customer_108145,51,Female,Ahmedabad,Gujarat,Salaried,1036000.0,735,2024-12-08
C108146,Customer_108146,50,Male,Pune,Maharashtra,Business Owner,554000.0,579,2017-03-01
C108147,Customer_108147,26,Female,Lucknow,Uttar Pradesh,Salaried,1003000.0,675,2017-03-13
C108148,Customer_108148,51,Female,Bengaluru,Karnataka,Self-Employed,977000.0,771,2024-05-23
C108149,Customer_108149,29,Female,Mumbai,Maharashtra,Salaried,299000.0,575,2020-10-23
C108150,Customer_108150,54,Female,Delhi,Delhi,Salaried,944000.0,764,2021-04-11
C108151,Customer_108151,46,Female,Gurugram,Haryana,Salaried,428000.0,644,2017-02-03
C108152,Customer_108152,26,Male,Chennai,Tamil Nadu,Salaried,384000.0,682,2019-06-18
C108153,Customer_108153,36,Male,Pune,Maharashtra,Professional,966000.0,811,2022-08-06
C108154,Customer_108154,57,Male,Ahmedabad,Gujarat,Salaried,687000.0,679,2025-02-23
C108155,Customer_108155,40,Male,Pune,Maharashtra,Salaried,999000.0,825,2018-03-07
C108156,Customer_108156,51,Male,Kolkata,West Bengal,Professional,1003000.0,700,2020-10-23
C108157,Customer_108157,54,Female,Delhi,Delhi,Salaried,279000.0,715,2023-11-12
C108158,Customer_108158,22,Female,Mumbai,Maharashtra,Professional,1146000.0,775,2024-08-31
C108159,Customer_108159,62,Female,Lucknow,Uttar Pradesh,Salaried,964000.0,755,2021-07-23
C108160,Customer_108160,36,Male,Pune,Maharashtra,Salaried,615000.0,730,2020-11-30
C108161,Customer_108161,56,Female,Bengaluru,Karnataka,Salaried,796000.0,690,2024-10-05
C108162,Customer_108162,42,Female,Chennai,Tamil Nadu,Salaried,1158000.0,619,2025-11-03
C108163,Customer_108163,46,Other,Chennai,Tamil Nadu,Professional,722000.0,622,2024-02-24
C108164,Customer_108164,37,Female,Hyderabad,Telangana,Professional,1696000.0,805,2023-03-30
C108165,Customer_108165,59,Male,Hyderabad,Telangana,Self-Employed,1446000.0,830,2023-06-11
C108166,Customer_108166,26,Male,Jaipur,Rajasthan,Salaried,897000.0,728,2023-03-19
C108167,Customer_108167,61,Female,Mumbai,Maharashtra,Salaried,759000.0,605,2021-10-23
C108168,Customer_108168,30,Female,Hyderabad,Telangana,Salaried,776000.0,670,2018-02-25
C108169,Customer_108169,60,Female,Pune,Maharashtra,Salaried,610000.0,667,2025-05-02
C108170,Customer_108170,22,Female,Kolkata,West Bengal,Salaried,900000.0,684,2023-12-17
C108171,Customer_108171,21,Female,Noida,Uttar Pradesh,Salaried,1125000.0,662,2020-03-21
C108172,Customer_108172,25,Female,Lucknow,Uttar Pradesh,Salaried,310000.0,754,2021-11-04
C108173,Customer_108173,45,Female,Hyderabad,Telangana,Self-Employed,1107000.0,736,2017-09-12
C108174,Customer_108174,32,Female,Kolkata,West Bengal,Salaried,1223000.0,823,2023-09-09
C108175,Customer_108175,47,Male,Delhi,Delhi,Salaried,1079000.0,695,2020-10-29
C108176,Customer_108176,57,Male,Ahmedabad,Gujarat,Salaried,798000.0,733,2025-01-28
C108177,Customer_108177,22,Male,Mumbai,Maharashtra,Self-Employed,1062000.0,768,2019-02-02
C108178,Customer_108178,44,Male,Delhi,Delhi,Self-Employed,1370000.0,786,2023-07-19
C108179,Customer_108179,54,Female,Jaipur,Rajasthan,Salaried,827000.0,640,2020-02-25
C108180,Customer_108180,40,Female,Bengaluru,Karnataka,Professional,859000.0,746,2021-08-25
C108181,Customer_108181,62,Male,Pune,Maharashtra,Self-Employed,1703000.0,730,2019-12-26
C108182,Customer_108182,50,Male,Mumbai,Maharashtra,Salaried,973000.0,740,2024-12-06
C108183,Customer_108183,22,Male,Jaipur,Rajasthan,Salaried,447000.0,724,2018-12-06
C108184,Customer_108184,45,Female,Gurugram,Haryana,Professional,1199000.0,831,2023-11-15
C108185,Customer_108185,38,Female,Kolkata,West Bengal,Salaried,1011000.0,662,2017-03-30
C108186,Customer_108186,26,Male,Noida,Uttar Pradesh,Salaried,588000.0,658,2024-02-14
C108187,Customer_108187,63,Male,Pune,Maharashtra,Salaried,408000.0,667,2021-05-25
C108188,Customer_108188,31,Female,Bengaluru,Karnataka,Salaried,945000.0,701,2025-06-27
C108189,Customer_108189,24,Female,Mumbai,Maharashtra,Business Owner,826000.0,739,2020-10-23
C108190,Customer_108190,31,Female,Bengaluru,Karnataka,Business Owner,352000.0,690,2018-04-15
C108191,Customer_108191,58,Female,Bengaluru,Karnataka,Business Owner,815000.0,785,2023-04-26
C108192,Customer_108192,47,Male,Hyderabad,Telangana,Self-Employed,789000.0,720,2021-08-24
C108193,Customer_108193,57,Male,Bengaluru,Karnataka,Self-Employed,825000.0,714,2017-05-27
C108194,Customer_108194,41,Male,Ahmedabad,Gujarat,Salaried,1047000.0,634,2018-02-26
C108195,Customer_108195,26,Male,Mumbai,Maharashtra,Professional,250000.0,838,2021-07-31
C108196,Customer_108196,38,Male,Ahmedabad,Gujarat,Salaried,405000.0,717,2023-12-24
C108197,Customer_108197,29,Male,Chennai,Tamil Nadu,Salaried,655000.0,826,2026-02-27
C108198,Customer_108198,46,Male,Jaipur,Rajasthan,Professional,1380000.0,680,2021-01-08
C108199,Customer_108199,33,Female,Kolkata,West Bengal,Professional,1797000.0,774,2025-11-07
C108200,Customer_108200,64,Male,Noida,Uttar Pradesh,Salaried,852000.0,683,2023-09-16
C108201,Customer_108201,37,Female,Pune,Maharashtra,Salaried,868000.0,838,2022-01-08
C108202,Customer_108202,35,Male,Hyderabad,Telangana,Salaried,250000.0,793,2018-02-18
C108203,Customer_108203,65,Male,Ahmedabad,Gujarat,Self-Employed,1212000.0,775,2024-11-07
C108204,Customer_108204,44,Male,Ahmedabad,Gujarat,Salaried,1030000.0,673,2022-10-10
C108205,Customer_108205,28,Male,Pune,Maharashtra,Salaried,963000.0,844,2024-05-03
C108206,Customer_108206,42,Male,Kolkata,West Bengal,Salaried,352000.0,850,2018-01-19
C108207,Customer_108207,32,Female,Pune,Maharashtra,Professional,1642000.0,695,2025-10-06
C108208,Customer_108208,53,Female,Hyderabad,Telangana,Professional,1458000.0,731,2020-04-15
C108209,Customer_108209,46,Male,Hyderabad,Telangana,Professional,968000.0,780,2020-10-14
C108210,Customer_108210,53,Male,Noida,Uttar Pradesh,Business Owner,1247000.0,592,2021-12-27
C108211,Customer_108211,63,Male,Jaipur,Rajasthan,Salaried,870000.0,794,2017-04-20
C108212,Customer_108212,53,Female,Mumbai,Maharashtra,Salaried,1178000.0,787,2023-06-10
C108213,Customer_108213,36,Male,Lucknow,Uttar Pradesh,Salaried,327000.0,683,2019-06-14
C108214,Customer_108214,30,Male,Jaipur,Rajasthan,Salaried,250000.0,577,2021-08-31
C108215,Customer_108215,44,Female,Delhi,Delhi,Self-Employed,342000.0,742,2021-11-10
C108216,Customer_108216,41,Female,Jaipur,Rajasthan,Salaried,527000.0,646,2023-10-21
C108217,Customer_108217,35,Female,Ahmedabad,Gujarat,Professional,593000.0,617,2024-06-17
C108218,Customer_108218,57,Male,Noida,Uttar Pradesh,Salaried,1029000.0,744,2018-08-15
C108219,Customer_108219,61,Male,Pune,Maharashtra,Salaried,747000.0,806,2024-07-06
C108220,Customer_108220,38,Male,Kolkata,West Bengal,Business Owner,839000.0,706,2022-12-23
C108221,Customer_108221,51,Female,Hyderabad,Telangana,Self-Employed,376000.0,797,2025-07-06
C108222,Customer_108222,65,Female,Hyderabad,Telangana,Salaried,342000.0,763,2020-08-04
C108223,Customer_108223,21,Male,Ahmedabad,Gujarat,Self-Employed,866000.0,631,2022-03-11
C108224,Customer_108224,37,Female,Gurugram,Haryana,Self-Employed,633000.0,684,2018-06-09
C108225,Customer_108225,54,Male,Noida,Uttar Pradesh,Salaried,852000.0,790,2020-04-08
C108226,Customer_108226,43,Female,Gurugram,Haryana,Salaried,1068000.0,683,2024-12-11
C108227,Customer_108227,56,Male,Ahmedabad,Gujarat,Professional,1506000.0,773,2024-04-12
C108228,Customer_108228,42,Male,Kolkata,West Bengal,Salaried,842000.0,693,2026-02-01
C108229,Customer_108229,23,Male,Chennai,Tamil Nadu,Salaried,1575000.0,767,2024-12-27
C108230,Customer_108230,40,Female,Gurugram,Haryana,Salaried,1013000.0,748,2019-03-26
C108231,Customer_108231,39,Male,Hyderabad,Telangana,Salaried,1126000.0,704,2020-01-07
C108232,Customer_108232,59,Male,Hyderabad,Telangana,Professional,1271000.0,765,2018-06-20
C108233,Customer_108233,27,Female,Noida,Uttar Pradesh,Salaried,1138000.0,580,2021-09-14
C108234,Customer_108234,27,Female,Ahmedabad,Gujarat,Business Owner,529000.0,649,2024-02-13
C108235,Customer_108235,27,Female,Chennai,Tamil Nadu,Business Owner,1283000.0,690,2024-09-06
C108236,Customer_108236,46,Female,Noida,Uttar Pradesh,Salaried,700000.0,796,2026-03-23
C108237,Customer_108237,65,Female,Lucknow,Uttar Pradesh,Business Owner,971000.0,626,2020-03-12
C108238,Customer_108238,48,Female,Hyderabad,Telangana,Professional,903000.0,718,2020-11-24
C108239,Customer_108239,57,Male,Kolkata,West Bengal,Professional,1308000.0,741,2022-05-12
C108240,Customer_108240,59,Male,Pune,Maharashtra,Self-Employed,1007000.0,736,2024-05-13
C108241,Customer_108241,48,Male,Jaipur,Rajasthan,Salaried,296000.0,714,2025-12-11
C108242,Customer_108242,48,Male,Lucknow,Uttar Pradesh,Salaried,1687000.0,680,2018-05-16
C108243,Customer_108243,31,Male,Kolkata,West Bengal,Salaried,1184000.0,704,2020-03-09
C108244,Customer_108244,64,Male,Gurugram,Haryana,Self-Employed,630000.0,783,2019-02-15
C108245,Customer_108245,56,Male,Ahmedabad,Gujarat,Salaried,395000.0,675,2019-04-29
C108246,Customer_108246,60,Female,Noida,Uttar Pradesh,Self-Employed,1230000.0,580,2018-04-25
C108247,Customer_108247,65,Female,Chennai,Tamil Nadu,Business Owner,442000.0,750,2022-07-14
C108248,Customer_108248,36,Female,Chennai,Tamil Nadu,Salaried,1170000.0,817,2023-03-15
C108249,Customer_108249,27,Female,Pune,Maharashtra,Professional,1278000.0,652,2021-01-20
C108250,Customer_108250,59,Male,Lucknow,Uttar Pradesh,Salaried,590000.0,808,2022-06-21
C108251,Customer_108251,42,Male,Ahmedabad,Gujarat,Salaried,554000.0,754,2023-06-14
C108252,Customer_108252,64,Male,Mumbai,Maharashtra,Business Owner,662000.0,645,2023-03-01
C108253,Customer_108253,52,Female,Delhi,Delhi,Salaried,454000.0,674,2025-10-15
C108254,Customer_108254,32,Male,Kolkata,West Bengal,Salaried,942000.0,671,2018-07-29
C108255,Customer_108255,36,Female,Gurugram,Haryana,Professional,999000.0,731,2025-11-23
C108256,Customer_108256,48,Male,Pune,Maharashtra,Professional,1141000.0,708,2017-10-04
C108257,Customer_108257,38,Male,Kolkata,West Bengal,Business Owner,517000.0,792,2017-04-10
C108258,Customer_108258,33,Female,Gurugram,Haryana,Salaried,1186000.0,775,2021-12-21
C108259,Customer_108259,30,Male,Kolkata,West Bengal,Salaried,455000.0,620,2021-06-29
C108260,Customer_108260,50,Female,Noida,Uttar Pradesh,Salaried,1186000.0,628,2021-12-07
C108261,Customer_108261,22,Female,Ahmedabad,Gujarat,Salaried,255000.0,760,2026-04-01
C108262,Customer_108262,25,Female,Jaipur,Rajasthan,Professional,1477000.0,686,2020-12-04
C108263,Customer_108263,22,Female,Gurugram,Haryana,Salaried,641000.0,709,2024-11-22
C108264,Customer_108264,54,Male,Ahmedabad,Gujarat,Business Owner,1090000.0,756,2023-05-12
C108265,Customer_108265,22,Male,Delhi,Delhi,Salaried,1121000.0,776,2017-08-04
C108266,Customer_108266,39,Female,Pune,Maharashtra,Salaried,342000.0,640,2020-11-24
C108267,Customer_108267,26,Male,Mumbai,Maharashtra,Salaried,1184000.0,576,2018-03-25
C108268,Customer_108268,47,Male,Kolkata,West Bengal,Salaried,630000.0,713,2024-12-22
C108269,Customer_108269,22,Male,Mumbai,Maharashtra,Salaried,728000.0,664,2020-05-30
C108270,Customer_108270,22,Female,Kolkata,West Bengal,Professional,582000.0,724,2024-03-29
C108271,Customer_108271,39,Male,Chennai,Tamil Nadu,Self-Employed,1496000.0,714,2017-09-09
C108272,Customer_108272,52,Other,Delhi,Delhi,Self-Employed,382000.0,657,2020-02-16
C108273,Customer_108273,25,Male,Mumbai,Maharashtra,Salaried,1022000.0,850,2024-06-18
C108274,Customer_108274,43,Male,Kolkata,West Bengal,Self-Employed,601000.0,721,2025-04-29
C108275,Customer_108275,57,Male,Delhi,Delhi,Self-Employed,1286000.0,683,2017-03-31
C108276,Customer_108276,49,Male,Noida,Uttar Pradesh,Salaried,1779000.0,727,2021-07-31
C108277,Customer_108277,54,Male,Gurugram,Haryana,Self-Employed,598000.0,754,2025-02-27
C108278,Customer_108278,35,Female,Jaipur,Rajasthan,Professional,906000.0,679,2021-04-28
C108279,Customer_108279,63,Male,Bengaluru,Karnataka,Professional,696000.0,850,2019-10-16
C108280,Customer_108280,27,Male,Gurugram,Haryana,Professional,1265000.0,621,2023-09-18
C108281,Customer_108281,48,Male,Ahmedabad,Gujarat,Salaried,751000.0,626,2024-05-17
C108282,Customer_108282,40,Male,Chennai,Tamil Nadu,Salaried,1212000.0,616,2025-11-26
C108283,Customer_108283,22,Female,Delhi,Delhi,Salaried,691000.0,720,2025-06-28
C108284,Customer_108284,63,Male,Kolkata,West Bengal,Salaried,1747000.0,751,2017-04-24
C108285,Customer_108285,52,Female,Gurugram,Haryana,Salaried,250000.0,699,2024-07-22
C108286,Customer_108286,31,Male,Delhi,Delhi,Salaried,1001000.0,751,2018-08-19
C108287,Customer_108287,23,Male,Delhi,Delhi,Self-Employed,846000.0,750,2024-10-16
C108288,Customer_108288,51,Female,Chennai,Tamil Nadu,Salaried,831000.0,697,2024-06-30
C108289,Customer_108289,45,Male,Kolkata,West Bengal,Self-Employed,964000.0,748,2019-02-25
C108290,Customer_108290,23,Female,Pune,Maharashtra,Professional,873000.0,707,2021-02-11
C108291,Customer_108291,65,Male,Pune,Maharashtra,Salaried,938000.0,693,2024-03-05
C108292,Customer_108292,53,Male,Hyderabad,Telangana,Salaried,1013000.0,688,2024-12-29
C108293,Customer_108293,41,Female,Delhi,Delhi,Self-Employed,1550000.0,735,2025-02-10
C108294,Customer_108294,31,Male,Delhi,Delhi,Salaried,250000.0,799,2020-04-09
C108295,Customer_108295,33,Female,Mumbai,Maharashtra,Salaried,1589000.0,642,2017-09-27
C108296,Customer_108296,41,Female,Jaipur,Rajasthan,Professional,1874000.0,689,2026-01-30
C108297,Customer_108297,23,Male,Gurugram,Haryana,Salaried,250000.0,731,2025-01-19
C108298,Customer_108298,37,Male,Pune,Maharashtra,Self-Employed,869000.0,834,2019-01-05
C108299,Customer_108299,30,Female,Delhi,Delhi,Professional,1399000.0,748,2022-06-06
C108300,Customer_108300,26,Male,Chennai,Tamil Nadu,Salaried,1217000.0,667,2025-11-01
C108301,Customer_108301,26,Female,Lucknow,Uttar Pradesh,Self-Employed,1520000.0,660,2020-01-10
C108302,Customer_108302,36,Male,Bengaluru,Karnataka,Salaried,999000.0,784,2024-05-09
C108303,Customer_108303,38,Male,Pune,Maharashtra,Salaried,250000.0,700,2021-07-13
C108304,Customer_108304,36,Male,Kolkata,West Bengal,Salaried,1372000.0,640,2026-01-25
C108305,Customer_108305,52,Female,Hyderabad,Telangana,Self-Employed,1104000.0,786,2020-10-18
C108306,Customer_108306,44,Female,Pune,Maharashtra,Self-Employed,1437000.0,740,2018-07-05
C108307,Customer_108307,29,Female,Pune,Maharashtra,Professional,250000.0,642,2025-11-09
C108308,Customer_108308,64,Male,Pune,Maharashtra,Self-Employed,364000.0,633,2020-04-16
C108309,Customer_108309,53,Male,Jaipur,Rajasthan,Salaried,857000.0,579,2019-07-28
C108310,Customer_108310,42,Male,Kolkata,West Bengal,Business Owner,1383000.0,680,2018-11-03
C108311,Customer_108311,23,Male,Delhi,Delhi,Salaried,1495000.0,740,2020-10-27
C108312,Customer_108312,62,Male,Delhi,Delhi,Self-Employed,560000.0,782,2024-09-22
C108313,Customer_108313,54,Female,Chennai,Tamil Nadu,Salaried,687000.0,748,2020-03-14
C108314,Customer_108314,41,Male,Noida,Uttar Pradesh,Business Owner,1999000.0,635,2019-07-02
C108315,Customer_108315,28,Male,Delhi,Delhi,Professional,629000.0,702,2021-02-13
C108316,Customer_108316,25,Female,Delhi,Delhi,Salaried,1120000.0,813,2021-11-23
C108317,Customer_108317,34,Male,Jaipur,Rajasthan,Salaried,669000.0,687,2024-09-13
C108318,Customer_108318,31,Female,Pune,Maharashtra,Salaried,1040000.0,770,2018-10-20
C108319,Customer_108319,30,Male,Bengaluru,Karnataka,Salaried,503000.0,762,2020-01-04
C108320,Customer_108320,39,Male,Bengaluru,Karnataka,Salaried,515000.0,769,2023-08-03
C108321,Customer_108321,23,Female,Ahmedabad,Gujarat,Self-Employed,702000.0,748,2020-12-29
C108322,Customer_108322,35,Female,Kolkata,West Bengal,Salaried,632000.0,769,2023-12-02
C108323,Customer_108323,60,Female,Ahmedabad,Gujarat,Salaried,728000.0,624,2021-02-10
C108324,Customer_108324,59,Male,Hyderabad,Telangana,Business Owner,1060000.0,818,2018-01-27
C108325,Customer_108325,21,Male,Kolkata,West Bengal,Self-Employed,1606000.0,603,2025-01-07
C108326,Customer_108326,51,Female,Noida,Uttar Pradesh,Salaried,614000.0,740,2023-05-22
C108327,Customer_108327,65,Male,Hyderabad,Telangana,Professional,455000.0,717,2018-04-05
C108328,Customer_108328,47,Female,Chennai,Tamil Nadu,Professional,854000.0,679,2018-07-17
C108329,Customer_108329,38,Male,Mumbai,Maharashtra,Professional,509000.0,657,2020-02-29
C108330,Customer_108330,43,Male,Ahmedabad,Gujarat,Salaried,250000.0,756,2025-11-19
C108331,Customer_108331,30,Male,Delhi,Delhi,Salaried,1276000.0,772,2019-10-17
C108332,Customer_108332,38,Female,Bengaluru,Karnataka,Salaried,882000.0,713,2025-03-11
C108333,Customer_108333,63,Male,Jaipur,Rajasthan,Professional,921000.0,701,2021-07-18
C108334,Customer_108334,48,Female,Delhi,Delhi,Professional,250000.0,803,2018-11-17
C108335,Customer_108335,40,Male,Lucknow,Uttar Pradesh,Business Owner,616000.0,693,2018-01-28
C108336,Customer_108336,26,Male,Chennai,Tamil Nadu,Salaried,284000.0,717,2020-03-02
C108337,Customer_108337,61,Male,Chennai,Tamil Nadu,Salaried,842000.0,707,2019-01-30
C108338,Customer_108338,28,Female,Kolkata,West Bengal,Self-Employed,904000.0,850,2022-07-19
C108339,Customer_108339,53,Female,Ahmedabad,Gujarat,Salaried,903000.0,665,2026-02-12
C108340,Customer_108340,34,Male,Pune,Maharashtra,Salaried,583000.0,774,2024-07-06
C108341,Customer_108341,33,Male,Noida,Uttar Pradesh,Self-Employed,509000.0,610,2019-11-21
C108342,Customer_108342,28,Female,Lucknow,Uttar Pradesh,Business Owner,773000.0,658,2025-10-13
C108343,Customer_108343,37,Male,Bengaluru,Karnataka,Salaried,993000.0,700,2026-01-01
C108344,Customer_108344,51,Female,Jaipur,Rajasthan,Business Owner,618000.0,711,2020-11-25
C108345,Customer_108345,39,Female,Hyderabad,Telangana,Salaried,475000.0,702,2021-07-16
C108346,Customer_108346,22,Male,Lucknow,Uttar Pradesh,Salaried,492000.0,714,2021-07-21
C108347,Customer_108347,32,Female,Hyderabad,Telangana,Salaried,587000.0,675,2020-10-30
C108348,Customer_108348,28,Female,Hyderabad,Telangana,Salaried,669000.0,804,2018-06-17
C108349,Customer_108349,39,Male,Jaipur,Rajasthan,Salaried,411000.0,655,2025-05-02
C108350,Customer_108350,61,Male,Gurugram,Haryana,Salaried,672000.0,768,2020-04-03
C108351,Customer_108351,64,Male,Mumbai,Maharashtra,Salaried,1344000.0,764,2017-10-14
C108352,Customer_108352,65,Female,Kolkata,West Bengal,Salaried,732000.0,658,2026-03-27
C108353,Customer_108353,26,Female,Chennai,Tamil Nadu,Salaried,354000.0,696,2018-03-01
C108354,Customer_108354,42,Male,Ahmedabad,Gujarat,Business Owner,250000.0,720,2025-09-23
C108355,Customer_108355,23,Male,Kolkata,West Bengal,Salaried,1585000.0,829,2018-04-05
C108356,Customer_108356,43,Male,Lucknow,Uttar Pradesh,Salaried,1306000.0,696,2020-11-07
C108357,Customer_108357,46,Male,Lucknow,Uttar Pradesh,Salaried,964000.0,850,2021-11-05
C108358,Customer_108358,55,Male,Ahmedabad,Gujarat,Salaried,1315000.0,770,2019-01-30
C108359,Customer_108359,36,Male,Jaipur,Rajasthan,Self-Employed,1061000.0,742,2022-05-14
C108360,Customer_108360,22,Male,Noida,Uttar Pradesh,Professional,820000.0,777,2022-05-03
C108361,Customer_108361,41,Female,Bengaluru,Karnataka,Salaried,354000.0,608,2025-01-20
C108362,Customer_108362,40,Female,Jaipur,Rajasthan,Salaried,1613000.0,796,2020-12-10
C108363,Customer_108363,49,Male,Gurugram,Haryana,Salaried,675000.0,634,2025-02-28
C108364,Customer_108364,25,Female,Mumbai,Maharashtra,Salaried,697000.0,777,2024-01-03
C108365,Customer_108365,48,Male,Noida,Uttar Pradesh,Professional,865000.0,681,2024-07-11
C108366,Customer_108366,39,Male,Jaipur,Rajasthan,Self-Employed,872000.0,668,2022-11-12
C108367,Customer_108367,54,Other,Chennai,Tamil Nadu,Self-Employed,1080000.0,835,2018-09-07
C108368,Customer_108368,65,Female,Pune,Maharashtra,Professional,1034000.0,714,2023-02-25
C108369,Customer_108369,31,Male,Pune,Maharashtra,Self-Employed,619000.0,620,2023-09-01
C108370,Customer_108370,54,Male,Lucknow,Uttar Pradesh,Salaried,860000.0,783,2020-06-26
C108371,Customer_108371,26,Female,Lucknow,Uttar Pradesh,Self-Employed,1067000.0,641,2022-12-09
C108372,Customer_108372,65,Male,Gurugram,Haryana,Business Owner,585000.0,808,2022-09-30
C108373,Customer_108373,42,Female,Ahmedabad,Gujarat,Salaried,1429000.0,719,2022-12-23
C108374,Customer_108374,54,Male,Mumbai,Maharashtra,Self-Employed,842000.0,637,2023-06-03
C108375,Customer_108375,55,Male,Noida,Uttar Pradesh,Salaried,1489000.0,773,2023-04-03
C108376,Customer_108376,48,Female,Mumbai,Maharashtra,Salaried,293000.0,754,2023-01-13
C108377,Customer_108377,38,Female,Bengaluru,Karnataka,Self-Employed,1112000.0,582,2019-12-24
C108378,Customer_108378,54,Male,Delhi,Delhi,Salaried,494000.0,716,2023-06-23
C108379,Customer_108379,42,Female,Lucknow,Uttar Pradesh,Salaried,596000.0,739,2018-05-24
C108380,Customer_108380,50,Female,Pune,Maharashtra,Salaried,1212000.0,736,2025-04-15
C108381,Customer_108381,48,Male,Bengaluru,Karnataka,Self-Employed,759000.0,708,2024-05-23
C108382,Customer_108382,41,Male,Delhi,Delhi,Professional,1889000.0,768,2019-07-01
C108383,Customer_108383,26,Male,Chennai,Tamil Nadu,Self-Employed,1057000.0,757,2017-09-06
C108384,Customer_108384,34,Female,Jaipur,Rajasthan,Self-Employed,572000.0,722,2018-06-16
C108385,Customer_108385,63,Female,Lucknow,Uttar Pradesh,Salaried,1058000.0,705,2023-05-15
C108386,Customer_108386,44,Male,Kolkata,West Bengal,Self-Employed,755000.0,730,2017-04-28
C108387,Customer_108387,49,Female,Ahmedabad,Gujarat,Salaried,1183000.0,681,2017-12-03
C108388,Customer_108388,32,Male,Noida,Uttar Pradesh,Salaried,732000.0,654,2023-07-09
C108389,Customer_108389,52,Female,Noida,Uttar Pradesh,Self-Employed,1013000.0,647,2021-07-27
C108390,Customer_108390,42,Female,Hyderabad,Telangana,Salaried,929000.0,713,2020-02-15
C108391,Customer_108391,30,Male,Lucknow,Uttar Pradesh,Professional,881000.0,664,2019-07-29
C108392,Customer_108392,27,Male,Kolkata,West Bengal,Salaried,1267000.0,710,2021-09-17
C108393,Customer_108393,38,Male,Lucknow,Uttar Pradesh,Self-Employed,250000.0,806,2019-10-15
C108394,Customer_108394,46,Female,Mumbai,Maharashtra,Salaried,889000.0,707,2017-09-07
C108395,Customer_108395,33,Male,Mumbai,Maharashtra,Business Owner,570000.0,729,2021-03-26
C108396,Customer_108396,32,Female,Noida,Uttar Pradesh,Self-Employed,311000.0,705,2025-08-18
C108397,Customer_108397,33,Male,Jaipur,Rajasthan,Salaried,515000.0,805,2021-10-10
C108398,Customer_108398,34,Male,Bengaluru,Karnataka,Professional,602000.0,828,2022-06-24
C108399,Customer_108399,54,Female,Noida,Uttar Pradesh,Self-Employed,756000.0,689,2020-02-04
C108400,Customer_108400,43,Male,Mumbai,Maharashtra,Salaried,985000.0,767,2018-02-28
C108401,Customer_108401,42,Female,Jaipur,Rajasthan,Self-Employed,1067000.0,850,2023-12-09
C108402,Customer_108402,28,Male,Bengaluru,Karnataka,Salaried,686000.0,645,2020-10-13
C108403,Customer_108403,45,Male,Delhi,Delhi,Business Owner,1484000.0,784,2017-09-22
C108404,Customer_108404,64,Male,Gurugram,Haryana,Salaried,701000.0,607,2019-11-30
C108405,Customer_108405,54,Male,Noida,Uttar Pradesh,Business Owner,250000.0,722,2017-04-29
C108406,Customer_108406,41,Female,Mumbai,Maharashtra,Salaried,712000.0,711,2025-01-25
C108407,Customer_108407,34,Male,Mumbai,Maharashtra,Business Owner,869000.0,609,2026-03-19
C108408,Customer_108408,36,Male,Ahmedabad,Gujarat,Professional,250000.0,791,2025-02-27
C108409,Customer_108409,22,Male,Delhi,Delhi,Professional,1333000.0,730,2024-07-28
C108410,Customer_108410,22,Female,Jaipur,Rajasthan,Business Owner,810000.0,660,2024-05-11
C108411,Customer_108411,55,Female,Noida,Uttar Pradesh,Self-Employed,389000.0,741,2021-05-23
C108412,Customer_108412,58,Female,Gurugram,Haryana,Salaried,466000.0,779,2020-08-12
C108413,Customer_108413,64,Other,Bengaluru,Karnataka,Salaried,1155000.0,605,2017-09-27
C108414,Customer_108414,49,Male,Bengaluru,Karnataka,Self-Employed,1204000.0,515,2025-10-12
C108415,Customer_108415,62,Male,Jaipur,Rajasthan,Self-Employed,590000.0,717,2017-02-24
C108416,Customer_108416,39,Male,Delhi,Delhi,Salaried,308000.0,670,2019-07-25
C108417,Customer_108417,32,Male,Kolkata,West Bengal,Self-Employed,902000.0,807,2021-01-02
C108418,Customer_108418,32,Female,Pune,Maharashtra,Salaried,976000.0,696,2023-02-28
C108419,Customer_108419,31,Female,Jaipur,Rajasthan,Self-Employed,1076000.0,740,2026-04-18
C108420,Customer_108420,54,Male,Bengaluru,Karnataka,Salaried,625000.0,708,2021-11-15
C108421,Customer_108421,21,Female,Gurugram,Haryana,Professional,801000.0,620,2024-08-06
C108422,Customer_108422,63,Male,Jaipur,Rajasthan,Salaried,858000.0,722,2021-01-28
C108423,Customer_108423,55,Female,Bengaluru,Karnataka,Salaried,1237000.0,634,2026-03-18
C108424,Customer_108424,38,Male,Chennai,Tamil Nadu,Self-Employed,1382000.0,631,2018-10-03
C108425,Customer_108425,52,Female,Delhi,Delhi,Salaried,1490000.0,649,2020-10-18
C108426,Customer_108426,27,Male,Pune,Maharashtra,Salaried,1371000.0,643,2019-03-27
C108427,Customer_108427,40,Female,Hyderabad,Telangana,Self-Employed,1575000.0,706,2019-06-28
C108428,Customer_108428,25,Female,Mumbai,Maharashtra,Professional,1255000.0,695,2024-08-26
C108429,Customer_108429,26,Female,Kolkata,West Bengal,Business Owner,614000.0,738,2023-08-16
C108430,Customer_108430,21,Male,Kolkata,West Bengal,Salaried,1463000.0,618,2023-03-24
C108431,Customer_108431,56,Female,Mumbai,Maharashtra,Salaried,299000.0,704,2017-10-24
C108432,Customer_108432,54,Female,Bengaluru,Karnataka,Self-Employed,1796000.0,689,2025-09-02
C108433,Customer_108433,61,Female,Delhi,Delhi,Self-Employed,460000.0,733,2025-10-17
C108434,Customer_108434,65,Female,Jaipur,Rajasthan,Professional,1205000.0,736,2023-05-06
C108435,Customer_108435,64,Female,Chennai,Tamil Nadu,Salaried,1428000.0,730,2020-10-15
C108436,Customer_108436,65,Female,Delhi,Delhi,Salaried,1034000.0,656,2017-07-26
C108437,Customer_108437,21,Male,Bengaluru,Karnataka,Professional,250000.0,722,2021-03-02
C108438,Customer_108438,56,Female,Lucknow,Uttar Pradesh,Salaried,471000.0,687,2018-01-31
C108439,Customer_108439,53,Male,Hyderabad,Telangana,Professional,993000.0,805,2023-01-27
C108440,Customer_108440,28,Male,Jaipur,Rajasthan,Salaried,1104000.0,727,2023-09-26
C108441,Customer_108441,27,Other,Pune,Maharashtra,Self-Employed,778000.0,725,2017-09-05
C108442,Customer_108442,64,Male,Bengaluru,Karnataka,Salaried,880000.0,637,2019-05-04
C108443,Customer_108443,60,Male,Hyderabad,Telangana,Business Owner,262000.0,682,2023-01-14
C108444,Customer_108444,35,Female,Delhi,Delhi,Professional,1560000.0,737,2019-04-26
C108445,Customer_108445,24,Female,Jaipur,Rajasthan,Salaried,699000.0,715,2024-12-13
C108446,Customer_108446,36,Male,Chennai,Tamil Nadu,Business Owner,1166000.0,714,2020-10-13
C108447,Customer_108447,21,Male,Pune,Maharashtra,Salaried,1411000.0,606,2023-04-09
C108448,Customer_108448,51,Male,Mumbai,Maharashtra,Salaried,388000.0,667,2023-12-09
C108449,Customer_108449,38,Male,Gurugram,Haryana,Self-Employed,901000.0,702,2022-08-15
C108450,Customer_108450,23,Male,Bengaluru,Karnataka,Self-Employed,961000.0,798,2022-12-12
C108451,Customer_108451,65,Male,Kolkata,West Bengal,Salaried,747000.0,597,2022-05-07
C108452,Customer_108452,58,Female,Noida,Uttar Pradesh,Salaried,1221000.0,652,2018-10-23
C108453,Customer_108453,61,Female,Jaipur,Rajasthan,Salaried,583000.0,597,2019-09-28
C108454,Customer_108454,65,Female,Ahmedabad,Gujarat,Salaried,872000.0,741,2025-05-06
C108455,Customer_108455,21,Female,Noida,Uttar Pradesh,Salaried,702000.0,797,2020-04-12
C108456,Customer_108456,55,Female,Bengaluru,Karnataka,Salaried,1780000.0,743,2026-01-19
C108457,Customer_108457,56,Female,Lucknow,Uttar Pradesh,Business Owner,585000.0,758,2022-05-12
C108458,Customer_108458,56,Male,Kolkata,West Bengal,Salaried,1148000.0,653,2024-05-16
C108459,Customer_108459,32,Female,Chennai,Tamil Nadu,Professional,1569000.0,744,2019-02-22
C108460,Customer_108460,38,Female,Hyderabad,Telangana,Salaried,483000.0,670,2018-10-19
C108461,Customer_108461,62,Male,Jaipur,Rajasthan,Salaried,888000.0,724,2020-07-21
C108462,Customer_108462,23,Male,Lucknow,Uttar Pradesh,Salaried,455000.0,753,2024-05-22
C108463,Customer_108463,49,Male,Jaipur,Rajasthan,Salaried,250000.0,701,2023-05-24
C108464,Customer_108464,56,Male,Delhi,Delhi,Self-Employed,536000.0,773,2021-11-09
C108465,Customer_108465,56,Female,Pune,Maharashtra,Salaried,622000.0,709,2018-09-08
C108466,Customer_108466,47,Male,Jaipur,Rajasthan,Salaried,646000.0,738,2017-04-08
C108467,Customer_108467,55,Male,Chennai,Tamil Nadu,Salaried,730000.0,843,2018-03-13
C108468,Customer_108468,61,Male,Gurugram,Haryana,Business Owner,852000.0,752,2023-03-20
C108469,Customer_108469,55,Female,Jaipur,Rajasthan,Salaried,371000.0,671,2025-11-27
C108470,Customer_108470,26,Male,Delhi,Delhi,Salaried,991000.0,689,2026-02-04
C108471,Customer_108471,32,Male,Kolkata,West Bengal,Salaried,1335000.0,777,2024-02-16
C108472,Customer_108472,34,Female,Bengaluru,Karnataka,Self-Employed,1382000.0,788,2021-01-07
C108473,Customer_108473,36,Female,Pune,Maharashtra,Professional,746000.0,718,2023-09-10
C108474,Customer_108474,37,Female,Chennai,Tamil Nadu,Salaried,1208000.0,621,2017-08-04
C108475,Customer_108475,30,Female,Gurugram,Haryana,Salaried,578000.0,658,2020-04-12
C108476,Customer_108476,51,Male,Noida,Uttar Pradesh,Salaried,713000.0,732,2019-02-24
C108477,Customer_108477,25,Female,Pune,Maharashtra,Professional,1009000.0,758,2026-01-25
C108478,Customer_108478,56,Female,Kolkata,West Bengal,Salaried,716000.0,785,2022-03-14
C108479,Customer_108479,50,Female,Ahmedabad,Gujarat,Business Owner,344000.0,588,2025-09-28
C108480,Customer_108480,64,Male,Ahmedabad,Gujarat,Self-Employed,1183000.0,777,2024-05-13
C108481,Customer_108481,21,Female,Ahmedabad,Gujarat,Salaried,519000.0,813,2023-10-30
C108482,Customer_108482,34,Male,Gurugram,Haryana,Business Owner,642000.0,564,2018-09-23
C108483,Customer_108483,61,Male,Lucknow,Uttar Pradesh,Self-Employed,1273000.0,720,2017-09-21
C108484,Customer_108484,43,Female,Gurugram,Haryana,Salaried,1065000.0,769,2019-01-16
C108485,Customer_108485,46,Female,Mumbai,Maharashtra,Salaried,920000.0,628,2024-09-06
C108486,Customer_108486,22,Male,Pune,Maharashtra,Salaried,262000.0,688,2025-08-02
C108487,Customer_108487,55,Female,Pune,Maharashtra,Salaried,385000.0,756,2023-07-06
C108488,Customer_108488,32,Male,Kolkata,West Bengal,Business Owner,1009000.0,686,2025-03-17
C108489,Customer_108489,64,Female,Kolkata,West Bengal,Self-Employed,1102000.0,696,2017-09-10
C108490,Customer_108490,37,Male,Jaipur,Rajasthan,Business Owner,951000.0,734,2025-07-11
C108491,Customer_108491,29,Male,Pune,Maharashtra,Salaried,661000.0,644,2018-01-01
C108492,Customer_108492,47,Female,Hyderabad,Telangana,Salaried,647000.0,651,2018-08-21
C108493,Customer_108493,42,Male,Pune,Maharashtra,Salaried,936000.0,750,2024-09-21
C108494,Customer_108494,42,Female,Noida,Uttar Pradesh,Business Owner,349000.0,782,2025-09-07
C108495,Customer_108495,63,Male,Hyderabad,Telangana,Salaried,887000.0,746,2018-06-22
C108496,Customer_108496,37,Female,Delhi,Delhi,Salaried,294000.0,808,2020-03-01
C108497,Customer_108497,38,Male,Lucknow,Uttar Pradesh,Self-Employed,429000.0,747,2024-09-09
C108498,Customer_108498,49,Female,Bengaluru,Karnataka,Business Owner,921000.0,840,2021-10-24
C108499,Customer_108499,28,Female,Ahmedabad,Gujarat,Salaried,1083000.0,724,2020-10-07
C108500,Customer_108500,58,Female,Gurugram,Haryana,Self-Employed,987000.0,736,2021-04-01
C108501,Customer_108501,31,Male,Hyderabad,Telangana,Salaried,404000.0,746,2019-09-26
C108502,Customer_108502,31,Female,Chennai,Tamil Nadu,Business Owner,250000.0,679,2026-02-07
C108503,Customer_108503,21,Female,Hyderabad,Telangana,Self-Employed,847000.0,670,2021-11-24
C108504,Customer_108504,36,Male,Mumbai,Maharashtra,Business Owner,250000.0,661,2019-06-13
C108505,Customer_108505,47,Female,Mumbai,Maharashtra,Salaried,1228000.0,684,2025-05-02
C108506,Customer_108506,52,Female,Bengaluru,Karnataka,Self-Employed,417000.0,850,2025-12-01
C108507,Customer_108507,61,Female,Pune,Maharashtra,Salaried,1744000.0,838,2017-08-06
C108508,Customer_108508,56,Male,Kolkata,West Bengal,Salaried,465000.0,699,2025-12-06
C108509,Customer_108509,35,Male,Delhi,Delhi,Professional,1035000.0,693,2026-01-04
C108510,Customer_108510,58,Female,Noida,Uttar Pradesh,Salaried,555000.0,580,2025-07-17
C108511,Customer_108511,29,Female,Jaipur,Rajasthan,Self-Employed,783000.0,655,2018-04-29
C108512,Customer_108512,30,Male,Delhi,Delhi,Salaried,924000.0,667,2020-04-29
C108513,Customer_108513,37,Other,Noida,Uttar Pradesh,Salaried,1194000.0,691,2025-01-25
C108514,Customer_108514,45,Male,Delhi,Delhi,Salaried,1258000.0,683,2020-06-29
C108515,Customer_108515,30,Male,Kolkata,West Bengal,Salaried,1141000.0,734,2021-01-23
C108516,Customer_108516,61,Female,Pune,Maharashtra,Self-Employed,1265000.0,770,2018-11-25
C108517,Customer_108517,33,Female,Kolkata,West Bengal,Professional,604000.0,673,2020-11-27
C108518,Customer_108518,38,Female,Lucknow,Uttar Pradesh,Business Owner,1110000.0,813,2021-06-05
C108519,Customer_108519,48,Female,Lucknow,Uttar Pradesh,Professional,714000.0,742,2020-10-18
C108520,Customer_108520,40,Male,Hyderabad,Telangana,Salaried,1244000.0,778,2019-04-26
C108521,Customer_108521,39,Male,Kolkata,West Bengal,Professional,896000.0,691,2017-10-29
C108522,Customer_108522,65,Male,Lucknow,Uttar Pradesh,Salaried,1098000.0,756,2022-11-03
C108523,Customer_108523,40,Female,Jaipur,Rajasthan,Salaried,967000.0,749,2017-08-02
C108524,Customer_108524,26,Male,Noida,Uttar Pradesh,Salaried,1154000.0,815,2025-01-29
C108525,Customer_108525,53,Female,Pune,Maharashtra,Salaried,527000.0,762,2017-09-05
C108526,Customer_108526,52,Male,Hyderabad,Telangana,Business Owner,250000.0,775,2025-11-03
C108527,Customer_108527,30,Male,Kolkata,West Bengal,Salaried,1246000.0,686,2022-03-01
C108528,Customer_108528,59,Male,Gurugram,Haryana,Salaried,1388000.0,798,2021-01-27
C108529,Customer_108529,38,Female,Lucknow,Uttar Pradesh,Salaried,804000.0,637,2024-11-18
C108530,Customer_108530,27,Male,Jaipur,Rajasthan,Salaried,1174000.0,683,2021-01-07
C108531,Customer_108531,28,Female,Jaipur,Rajasthan,Professional,250000.0,738,2018-04-15
C108532,Customer_108532,53,Female,Kolkata,West Bengal,Salaried,601000.0,645,2021-10-16
C108533,Customer_108533,30,Male,Hyderabad,Telangana,Salaried,883000.0,660,2021-07-18
C108534,Customer_108534,42,Female,Pune,Maharashtra,Business Owner,250000.0,660,2025-06-27
C108535,Customer_108535,54,Male,Pune,Maharashtra,Professional,250000.0,745,2021-10-24
C108536,Customer_108536,59,Male,Gurugram,Haryana,Salaried,913000.0,710,2017-09-25
C108537,Customer_108537,43,Male,Kolkata,West Bengal,Salaried,608000.0,783,2020-02-26
C108538,Customer_108538,61,Female,Gurugram,Haryana,Professional,711000.0,842,2019-11-08
C108539,Customer_108539,34,Female,Delhi,Delhi,Salaried,687000.0,738,2019-01-31
C108540,Customer_108540,60,Male,Gurugram,Haryana,Salaried,337000.0,687,2018-11-02
C108541,Customer_108541,32,Female,Kolkata,West Bengal,Salaried,763000.0,744,2017-09-26
C108542,Customer_108542,23,Female,Lucknow,Uttar Pradesh,Salaried,845000.0,662,2024-03-20
C108543,Customer_108543,53,Female,Pune,Maharashtra,Professional,617000.0,716,2020-09-09
C108544,Customer_108544,55,Female,Pune,Maharashtra,Professional,649000.0,850,2020-07-10
C108545,Customer_108545,62,Female,Mumbai,Maharashtra,Salaried,768000.0,707,2021-01-13
C108546,Customer_108546,62,Female,Gurugram,Haryana,Self-Employed,1178000.0,740,2025-12-23
C108547,Customer_108547,25,Male,Jaipur,Rajasthan,Business Owner,812000.0,710,2023-07-09
C108548,Customer_108548,48,Female,Noida,Uttar Pradesh,Self-Employed,250000.0,693,2026-02-12
C108549,Customer_108549,52,Male,Mumbai,Maharashtra,Self-Employed,372000.0,751,2022-08-02
C108550,Customer_108550,48,Female,Bengaluru,Karnataka,Professional,1223000.0,637,2025-03-14
C108551,Customer_108551,21,Female,Noida,Uttar Pradesh,Salaried,576000.0,709,2025-08-14
C108552,Customer_108552,23,Male,Delhi,Delhi,Salaried,815000.0,632,2021-09-27
C108553,Customer_108553,51,Male,Kolkata,West Bengal,Business Owner,1620000.0,820,2021-08-01
C108554,Customer_108554,59,Female,Chennai,Tamil Nadu,Self-Employed,1103000.0,784,2025-09-01
C108555,Customer_108555,29,Female,Lucknow,Uttar Pradesh,Salaried,250000.0,670,2023-09-20
C108556,Customer_108556,23,Female,Noida,Uttar Pradesh,Salaried,1428000.0,599,2020-07-05
C108557,Customer_108557,39,Female,Noida,Uttar Pradesh,Self-Employed,910000.0,752,2019-12-24
C108558,Customer_108558,35,Male,Hyderabad,Telangana,Salaried,998000.0,717,2020-08-28
C108559,Customer_108559,65,Male,Ahmedabad,Gujarat,Professional,972000.0,850,2019-05-20
C108560,Customer_108560,62,Female,Jaipur,Rajasthan,Business Owner,1215000.0,811,2021-05-27
C108561,Customer_108561,46,Male,Lucknow,Uttar Pradesh,Salaried,818000.0,761,2023-04-11
C108562,Customer_108562,63,Female,Delhi,Delhi,Self-Employed,257000.0,686,2023-06-29
C108563,Customer_108563,31,Male,Lucknow,Uttar Pradesh,Self-Employed,979000.0,703,2017-05-24
C108564,Customer_108564,65,Male,Chennai,Tamil Nadu,Salaried,297000.0,740,2017-08-04
C108565,Customer_108565,41,Female,Mumbai,Maharashtra,Salaried,1577000.0,743,2022-11-08
C108566,Customer_108566,42,Female,Ahmedabad,Gujarat,Salaried,705000.0,674,2021-12-27
C108567,Customer_108567,23,Female,Gurugram,Haryana,Professional,829000.0,631,2017-07-14
C108568,Customer_108568,28,Male,Mumbai,Maharashtra,Professional,580000.0,845,2025-12-28
C108569,Customer_108569,29,Female,Delhi,Delhi,Salaried,986000.0,722,2026-02-08
C108570,Customer_108570,42,Male,Noida,Uttar Pradesh,Business Owner,1032000.0,748,2017-08-17
C108571,Customer_108571,29,Female,Lucknow,Uttar Pradesh,Self-Employed,579000.0,664,2017-01-20
C108572,Customer_108572,25,Female,Mumbai,Maharashtra,Salaried,1031000.0,809,2017-10-21
C108573,Customer_108573,48,Male,Noida,Uttar Pradesh,Salaried,877000.0,788,2023-01-24
C108574,Customer_108574,60,Female,Noida,Uttar Pradesh,Professional,812000.0,724,2025-10-14
C108575,Customer_108575,24,Female,Lucknow,Uttar Pradesh,Salaried,549000.0,734,2020-10-10
C108576,Customer_108576,46,Female,Bengaluru,Karnataka,Self-Employed,1776000.0,739,2024-09-27
C108577,Customer_108577,64,Female,Kolkata,West Bengal,Self-Employed,1323000.0,726,2018-12-16
C108578,Customer_108578,39,Male,Lucknow,Uttar Pradesh,Self-Employed,1141000.0,756,2017-01-03
C108579,Customer_108579,29,Female,Noida,Uttar Pradesh,Salaried,1301000.0,744,2021-06-28
C108580,Customer_108580,24,Male,Ahmedabad,Gujarat,Salaried,970000.0,709,2021-03-15
C108581,Customer_108581,63,Male,Bengaluru,Karnataka,Professional,710000.0,644,2026-04-12
C108582,Customer_108582,39,Female,Mumbai,Maharashtra,Salaried,250000.0,718,2019-11-19
C108583,Customer_108583,25,Male,Hyderabad,Telangana,Salaried,362000.0,769,2021-01-09
C108584,Customer_108584,59,Other,Delhi,Delhi,Salaried,1716000.0,764,2018-07-24
C108585,Customer_108585,57,Male,Bengaluru,Karnataka,Business Owner,1314000.0,805,2020-09-23
C108586,Customer_108586,52,Male,Delhi,Delhi,Salaried,931000.0,812,2017-06-27
C108587,Customer_108587,24,Male,Gurugram,Haryana,Business Owner,250000.0,766,2020-03-12
C108588,Customer_108588,24,Male,Ahmedabad,Gujarat,Salaried,1104000.0,732,2019-04-30
C108589,Customer_108589,30,Male,Kolkata,West Bengal,Self-Employed,739000.0,742,2020-07-09
C108590,Customer_108590,28,Male,Gurugram,Haryana,Professional,1129000.0,683,2023-01-29
C108591,Customer_108591,44,Male,Chennai,Tamil Nadu,Salaried,405000.0,772,2024-04-22
C108592,Customer_108592,38,Male,Chennai,Tamil Nadu,Self-Employed,654000.0,806,2019-10-31
C108593,Customer_108593,55,Male,Bengaluru,Karnataka,Self-Employed,1204000.0,788,2025-02-20
C108594,Customer_108594,25,Male,Pune,Maharashtra,Business Owner,1621000.0,756,2019-11-12
C108595,Customer_108595,53,Male,Bengaluru,Karnataka,Salaried,587000.0,704,2017-09-24
C108596,Customer_108596,63,Male,Ahmedabad,Gujarat,Self-Employed,450000.0,697,2019-06-12
C108597,Customer_108597,26,Male,Lucknow,Uttar Pradesh,Salaried,1259000.0,710,2019-03-28
C108598,Customer_108598,50,Male,Kolkata,West Bengal,Salaried,346000.0,673,2017-11-27
C108599,Customer_108599,43,Male,Hyderabad,Telangana,Salaried,375000.0,738,2023-02-20
C108600,Customer_108600,25,Male,Jaipur,Rajasthan,Salaried,956000.0,538,2022-07-10
C108601,Customer_108601,34,Female,Gurugram,Haryana,Salaried,1684000.0,685,2019-11-04
C108602,Customer_108602,56,Male,Pune,Maharashtra,Business Owner,510000.0,724,2023-10-23
C108603,Customer_108603,60,Male,Hyderabad,Telangana,Self-Employed,702000.0,850,2019-01-22
C108604,Customer_108604,37,Female,Jaipur,Rajasthan,Salaried,895000.0,720,2026-02-15
C108605,Customer_108605,25,Male,Bengaluru,Karnataka,Salaried,661000.0,723,2020-04-04
C108606,Customer_108606,32,Male,Lucknow,Uttar Pradesh,Self-Employed,250000.0,666,2019-02-10
C108607,Customer_108607,58,Female,Hyderabad,Telangana,Salaried,1171000.0,832,2023-12-16
C108608,Customer_108608,46,Female,Chennai,Tamil Nadu,Self-Employed,925000.0,667,2018-07-08
C108609,Customer_108609,40,Female,Jaipur,Rajasthan,Salaried,997000.0,850,2025-12-05
C108610,Customer_108610,21,Female,Delhi,Delhi,Business Owner,793000.0,672,2023-08-02
C108611,Customer_108611,56,Female,Bengaluru,Karnataka,Salaried,1455000.0,781,2018-11-30
C108612,Customer_108612,41,Female,Mumbai,Maharashtra,Self-Employed,648000.0,716,2020-01-04
C108613,Customer_108613,45,Male,Chennai,Tamil Nadu,Salaried,419000.0,683,2026-01-02
C108614,Customer_108614,58,Female,Kolkata,West Bengal,Salaried,1515000.0,786,2021-09-26
C108615,Customer_108615,46,Female,Bengaluru,Karnataka,Professional,250000.0,806,2022-02-09
C108616,Customer_108616,62,Male,Chennai,Tamil Nadu,Professional,788000.0,708,2023-08-06
C108617,Customer_108617,46,Male,Gurugram,Haryana,Salaried,820000.0,718,2019-05-23
C108618,Customer_108618,36,Female,Lucknow,Uttar Pradesh,Salaried,804000.0,693,2020-11-27
C108619,Customer_108619,62,Female,Delhi,Delhi,Professional,250000.0,735,2020-11-28
C108620,Customer_108620,49,Female,Ahmedabad,Gujarat,Salaried,376000.0,649,2020-06-16
C108621,Customer_108621,55,Male,Delhi,Delhi,Professional,1233000.0,545,2019-12-05
C108622,Customer_108622,31,Female,Kolkata,West Bengal,Salaried,1404000.0,598,2021-02-03
C108623,Customer_108623,51,Male,Noida,Uttar Pradesh,Salaried,683000.0,706,2024-04-30
C108624,Customer_108624,46,Female,Gurugram,Haryana,Salaried,478000.0,650,2021-04-03
C108625,Customer_108625,25,Male,Bengaluru,Karnataka,Salaried,250000.0,712,2017-10-26
C108626,Customer_108626,32,Male,Hyderabad,Telangana,Salaried,1226000.0,687,2017-01-03
C108627,Customer_108627,62,Male,Gurugram,Haryana,Salaried,1250000.0,674,2017-03-13
C108628,Customer_108628,46,Male,Gurugram,Haryana,Professional,250000.0,678,2018-10-04
C108629,Customer_108629,55,Male,Hyderabad,Telangana,Salaried,250000.0,783,2024-02-02
C108630,Customer_108630,28,Female,Delhi,Delhi,Self-Employed,905000.0,735,2022-09-03
C108631,Customer_108631,30,Male,Pune,Maharashtra,Salaried,956000.0,822,2020-04-01
C108632,Customer_108632,63,Female,Ahmedabad,Gujarat,Self-Employed,659000.0,727,2017-03-01
C108633,Customer_108633,39,Female,Pune,Maharashtra,Salaried,837000.0,596,2020-01-22
C108634,Customer_108634,60,Male,Lucknow,Uttar Pradesh,Self-Employed,751000.0,652,2019-07-29
C108635,Customer_108635,57,Female,Gurugram,Haryana,Business Owner,861000.0,727,2021-08-18
C108636,Customer_108636,36,Female,Gurugram,Haryana,Professional,490000.0,736,2021-02-06
C108637,Customer_108637,63,Female,Delhi,Delhi,Professional,845000.0,682,2018-08-09
C108638,Customer_108638,55,Female,Noida,Uttar Pradesh,Salaried,580000.0,668,2021-02-11
C108639,Customer_108639,26,Female,Gurugram,Haryana,Salaried,547000.0,680,2018-02-15
C108640,Customer_108640,25,Other,Chennai,Tamil Nadu,Salaried,250000.0,711,2017-06-12
C108641,Customer_108641,26,Male,Ahmedabad,Gujarat,Self-Employed,780000.0,717,2025-08-08
C108642,Customer_108642,54,Male,Gurugram,Haryana,Salaried,1171000.0,649,2025-02-24
C108643,Customer_108643,27,Female,Noida,Uttar Pradesh,Business Owner,720000.0,736,2026-04-08
C108644,Customer_108644,33,Male,Kolkata,West Bengal,Professional,709000.0,735,2017-11-04
C108645,Customer_108645,40,Female,Delhi,Delhi,Salaried,1352000.0,713,2023-04-23
C108646,Customer_108646,27,Male,Ahmedabad,Gujarat,Salaried,1260000.0,675,2025-02-25
C108647,Customer_108647,35,Male,Jaipur,Rajasthan,Salaried,1544000.0,764,2020-09-28
C108648,Customer_108648,51,Female,Delhi,Delhi,Salaried,1753000.0,806,2026-03-23
C108649,Customer_108649,64,Male,Gurugram,Haryana,Salaried,874000.0,691,2025-12-30
C108650,Customer_108650,42,Male,Bengaluru,Karnataka,Salaried,387000.0,679,2018-08-31
C108651,Customer_108651,54,Female,Noida,Uttar Pradesh,Professional,642000.0,750,2025-01-25
C108652,Customer_108652,44,Female,Kolkata,West Bengal,Self-Employed,1079000.0,644,2017-08-28
C108653,Customer_108653,41,Female,Hyderabad,Telangana,Salaried,1426000.0,637,2018-06-13
C108654,Customer_108654,44,Male,Delhi,Delhi,Salaried,430000.0,678,2018-02-16
C108655,Customer_108655,64,Female,Delhi,Delhi,Business Owner,952000.0,740,2026-02-19
C108656,Customer_108656,23,Female,Jaipur,Rajasthan,Salaried,533000.0,663,2024-12-08
C108657,Customer_108657,44,Female,Chennai,Tamil Nadu,Professional,791000.0,719,2019-08-10
C108658,Customer_108658,23,Male,Noida,Uttar Pradesh,Salaried,785000.0,589,2026-01-20
C108659,Customer_108659,60,Male,Bengaluru,Karnataka,Professional,1002000.0,760,2018-03-12
C108660,Customer_108660,48,Female,Lucknow,Uttar Pradesh,Business Owner,1663000.0,814,2022-07-04
C108661,Customer_108661,23,Female,Lucknow,Uttar Pradesh,Professional,1040000.0,661,2025-01-17
C108662,Customer_108662,49,Male,Mumbai,Maharashtra,Business Owner,678000.0,749,2025-10-26
C108663,Customer_108663,40,Female,Ahmedabad,Gujarat,Self-Employed,612000.0,706,2019-01-22
C108664,Customer_108664,23,Female,Lucknow,Uttar Pradesh,Salaried,774000.0,727,2024-03-01
C108665,Customer_108665,65,Male,Hyderabad,Telangana,Self-Employed,501000.0,704,2023-05-21
C108666,Customer_108666,38,Male,Delhi,Delhi,Self-Employed,906000.0,700,2022-04-18
C108667,Customer_108667,22,Male,Noida,Uttar Pradesh,Salaried,250000.0,666,2024-06-30
C108668,Customer_108668,48,Female,Pune,Maharashtra,Self-Employed,766000.0,649,2025-07-06
C108669,Customer_108669,37,Female,Delhi,Delhi,Salaried,797000.0,791,2018-05-17
C108670,Customer_108670,50,Female,Noida,Uttar Pradesh,Salaried,386000.0,611,2021-05-12
C108671,Customer_108671,28,Female,Jaipur,Rajasthan,Salaried,697000.0,719,2018-12-17
C108672,Customer_108672,58,Female,Delhi,Delhi,Salaried,1298000.0,716,2020-10-31
C108673,Customer_108673,39,Male,Hyderabad,Telangana,Salaried,1327000.0,717,2020-07-10
C108674,Customer_108674,39,Female,Delhi,Delhi,Professional,637000.0,763,2023-09-14
C108675,Customer_108675,57,Female,Lucknow,Uttar Pradesh,Salaried,1059000.0,696,2022-09-27
C108676,Customer_108676,45,Male,Delhi,Delhi,Professional,251000.0,762,2023-12-21
C108677,Customer_108677,21,Female,Gurugram,Haryana,Professional,732000.0,849,2023-07-29
C108678,Customer_108678,47,Male,Kolkata,West Bengal,Salaried,942000.0,710,2020-04-20
C108679,Customer_108679,50,Female,Kolkata,West Bengal,Self-Employed,1461000.0,588,2022-12-29
C108680,Customer_108680,35,Female,Gurugram,Haryana,Salaried,1327000.0,711,2021-06-06
C108681,Customer_108681,29,Female,Noida,Uttar Pradesh,Professional,934000.0,704,2021-12-31
C108682,Customer_108682,23,Female,Mumbai,Maharashtra,Salaried,485000.0,746,2019-01-04
C108683,Customer_108683,59,Male,Delhi,Delhi,Salaried,1393000.0,590,2019-07-27
C108684,Customer_108684,21,Female,Mumbai,Maharashtra,Salaried,714000.0,741,2018-02-12
C108685,Customer_108685,47,Female,Jaipur,Rajasthan,Self-Employed,1029000.0,693,2018-06-27
C108686,Customer_108686,58,Male,Kolkata,West Bengal,Salaried,801000.0,772,2020-04-11
C108687,Customer_108687,36,Male,Mumbai,Maharashtra,Salaried,1647000.0,686,2018-09-22
C108688,Customer_108688,30,Female,Bengaluru,Karnataka,Professional,606000.0,776,2021-08-03
C108689,Customer_108689,53,Male,Kolkata,West Bengal,Salaried,1217000.0,622,2023-09-05
C108690,Customer_108690,49,Male,Jaipur,Rajasthan,Self-Employed,815000.0,721,2018-06-19
C108691,Customer_108691,21,Male,Chennai,Tamil Nadu,Self-Employed,1078000.0,657,2018-12-12
C108692,Customer_108692,46,Male,Lucknow,Uttar Pradesh,Salaried,1498000.0,688,2018-07-09
C108693,Customer_108693,21,Female,Lucknow,Uttar Pradesh,Salaried,250000.0,850,2024-07-21
C108694,Customer_108694,38,Male,Gurugram,Haryana,Salaried,824000.0,658,2018-02-26
C108695,Customer_108695,34,Male,Pune,Maharashtra,Professional,492000.0,696,2025-08-04
C108696,Customer_108696,58,Female,Noida,Uttar Pradesh,Self-Employed,1028000.0,646,2025-02-25
C108697,Customer_108697,64,Male,Jaipur,Rajasthan,Salaried,1127000.0,700,2020-08-04
C108698,Customer_108698,52,Female,Kolkata,West Bengal,Business Owner,662000.0,710,2023-06-18
C108699,Customer_108699,54,Male,Pune,Maharashtra,Salaried,641000.0,672,2018-09-11
C108700,Customer_108700,22,Male,Gurugram,Haryana,Salaried,932000.0,822,2018-05-10
C108701,Customer_108701,23,Female,Kolkata,West Bengal,Salaried,341000.0,795,2023-02-28
C108702,Customer_108702,55,Female,Bengaluru,Karnataka,Business Owner,983000.0,658,2023-02-27
C108703,Customer_108703,40,Female,Lucknow,Uttar Pradesh,Salaried,523000.0,773,2019-10-25
C108704,Customer_108704,43,Male,Delhi,Delhi,Self-Employed,1143000.0,689,2021-07-10
C108705,Customer_108705,52,Male,Jaipur,Rajasthan,Salaried,323000.0,640,2021-11-21
C108706,Customer_108706,36,Male,Ahmedabad,Gujarat,Business Owner,623000.0,673,2022-04-07
C108707,Customer_108707,51,Female,Ahmedabad,Gujarat,Business Owner,550000.0,638,2019-08-25
C108708,Customer_108708,53,Male,Delhi,Delhi,Salaried,731000.0,781,2024-09-18
C108709,Customer_108709,31,Female,Pune,Maharashtra,Salaried,1401000.0,663,2022-08-15
C108710,Customer_108710,51,Female,Noida,Uttar Pradesh,Self-Employed,1188000.0,804,2021-06-07
C108711,Customer_108711,28,Male,Bengaluru,Karnataka,Salaried,658000.0,729,2021-11-02
C108712,Customer_108712,34,Male,Jaipur,Rajasthan,Salaried,658000.0,694,2019-09-07
C108713,Customer_108713,56,Male,Noida,Uttar Pradesh,Self-Employed,1204000.0,687,2020-03-08
C108714,Customer_108714,65,Female,Lucknow,Uttar Pradesh,Salaried,384000.0,834,2024-04-06
C108715,Customer_108715,23,Female,Kolkata,West Bengal,Business Owner,859000.0,721,2018-03-21
C108716,Customer_108716,50,Female,Hyderabad,Telangana,Salaried,608000.0,687,2018-06-27
C108717,Customer_108717,46,Male,Jaipur,Rajasthan,Salaried,781000.0,775,2018-07-28
C108718,Customer_108718,48,Male,Pune,Maharashtra,Self-Employed,1174000.0,758,2025-08-11
C108719,Customer_108719,56,Male,Ahmedabad,Gujarat,Self-Employed,582000.0,656,2024-07-16
C108720,Customer_108720,24,Male,Jaipur,Rajasthan,Salaried,1240000.0,720,2025-10-07
C108721,Customer_108721,54,Female,Jaipur,Rajasthan,Salaried,1730000.0,602,2019-12-04
C108722,Customer_108722,33,Female,Bengaluru,Karnataka,Salaried,1092000.0,718,2020-03-18
C108723,Customer_108723,27,Female,Gurugram,Haryana,Salaried,816000.0,740,2019-08-14
C108724,Customer_108724,41,Female,Kolkata,West Bengal,Professional,1313000.0,749,2024-03-10
C108725,Customer_108725,22,Male,Lucknow,Uttar Pradesh,Salaried,406000.0,655,2024-01-21
C108726,Customer_108726,49,Female,Ahmedabad,Gujarat,Self-Employed,1458000.0,672,2025-08-01
C108727,Customer_108727,46,Female,Noida,Uttar Pradesh,Salaried,549000.0,736,2019-08-26
C108728,Customer_108728,44,Male,Lucknow,Uttar Pradesh,Salaried,1717000.0,801,2025-07-23
C108729,Customer_108729,22,Male,Lucknow,Uttar Pradesh,Business Owner,563000.0,726,2025-11-05
C108730,Customer_108730,55,Female,Jaipur,Rajasthan,Self-Employed,1115000.0,684,2018-01-24
C108731,Customer_108731,22,Female,Ahmedabad,Gujarat,Salaried,250000.0,783,2020-03-27
C108732,Customer_108732,32,Male,Mumbai,Maharashtra,Salaried,765000.0,728,2018-07-25
C108733,Customer_108733,38,Female,Chennai,Tamil Nadu,Salaried,418000.0,732,2026-02-14
C108734,Customer_108734,52,Female,Pune,Maharashtra,Salaried,273000.0,772,2021-07-26
C108735,Customer_108735,39,Female,Gurugram,Haryana,Business Owner,1332000.0,714,2017-02-11
C108736,Customer_108736,57,Male,Ahmedabad,Gujarat,Salaried,359000.0,659,2022-02-21
C108737,Customer_108737,63,Male,Pune,Maharashtra,Salaried,556000.0,710,2018-09-03
C108738,Customer_108738,55,Female,Mumbai,Maharashtra,Salaried,509000.0,792,2020-03-15
C108739,Customer_108739,22,Male,Jaipur,Rajasthan,Professional,1306000.0,843,2022-05-10
C108740,Customer_108740,55,Male,Pune,Maharashtra,Salaried,1257000.0,641,2017-09-18
C108741,Customer_108741,30,Female,Delhi,Delhi,Self-Employed,1358000.0,826,2025-07-01
C108742,Customer_108742,60,Male,Hyderabad,Telangana,Salaried,535000.0,696,2020-12-31
C108743,Customer_108743,65,Male,Noida,Uttar Pradesh,Salaried,1390000.0,721,2023-01-07
C108744,Customer_108744,24,Female,Mumbai,Maharashtra,Salaried,532000.0,830,2019-08-14
C108745,Customer_108745,25,Male,Chennai,Tamil Nadu,Self-Employed,548000.0,693,2024-02-25
C108746,Customer_108746,52,Female,Kolkata,West Bengal,Salaried,571000.0,702,2021-03-03
C108747,Customer_108747,27,Male,Mumbai,Maharashtra,Professional,585000.0,678,2021-10-21
C108748,Customer_108748,64,Male,Mumbai,Maharashtra,Salaried,814000.0,722,2019-07-19
C108749,Customer_108749,45,Male,Lucknow,Uttar Pradesh,Business Owner,515000.0,740,2018-09-29
C108750,Customer_108750,46,Male,Ahmedabad,Gujarat,Salaried,943000.0,675,2021-01-22
C108751,Customer_108751,59,Male,Bengaluru,Karnataka,Salaried,250000.0,814,2019-12-21
C108752,Customer_108752,30,Female,Bengaluru,Karnataka,Self-Employed,941000.0,671,2022-06-23
C108753,Customer_108753,46,Female,Pune,Maharashtra,Salaried,414000.0,752,2022-06-29
C108754,Customer_108754,65,Male,Jaipur,Rajasthan,Salaried,582000.0,722,2020-05-10
C108755,Customer_108755,21,Male,Jaipur,Rajasthan,Business Owner,592000.0,801,2018-04-03
C108756,Customer_108756,28,Female,Bengaluru,Karnataka,Self-Employed,1227000.0,668,2018-12-18
C108757,Customer_108757,27,Male,Jaipur,Rajasthan,Business Owner,1052000.0,757,2019-07-10
C108758,Customer_108758,36,Male,Noida,Uttar Pradesh,Salaried,784000.0,850,2020-09-10
C108759,Customer_108759,26,Male,Bengaluru,Karnataka,Self-Employed,564000.0,626,2024-01-05
C108760,Customer_108760,28,Male,Delhi,Delhi,Self-Employed,1163000.0,661,2019-06-05
C108761,Customer_108761,59,Female,Lucknow,Uttar Pradesh,Self-Employed,1568000.0,850,2023-11-15
C108762,Customer_108762,41,Male,Kolkata,West Bengal,Self-Employed,839000.0,711,2017-08-07
C108763,Customer_108763,37,Female,Gurugram,Haryana,Self-Employed,250000.0,727,2023-01-28
C108764,Customer_108764,39,Male,Hyderabad,Telangana,Business Owner,569000.0,698,2022-11-25
C108765,Customer_108765,64,Male,Hyderabad,Telangana,Salaried,1074000.0,828,2024-05-21
C108766,Customer_108766,43,Female,Bengaluru,Karnataka,Salaried,673000.0,615,2022-11-26
C108767,Customer_108767,42,Male,Bengaluru,Karnataka,Salaried,507000.0,800,2019-12-11
C108768,Customer_108768,62,Female,Pune,Maharashtra,Salaried,489000.0,624,2019-12-18
C108769,Customer_108769,22,Female,Mumbai,Maharashtra,Self-Employed,887000.0,618,2024-07-14
C108770,Customer_108770,42,Female,Noida,Uttar Pradesh,Salaried,250000.0,649,2025-12-06
C108771,Customer_108771,54,Male,Kolkata,West Bengal,Salaried,836000.0,712,2021-09-27
C108772,Customer_108772,44,Male,Noida,Uttar Pradesh,Professional,885000.0,674,2024-05-06
C108773,Customer_108773,60,Male,Kolkata,West Bengal,Professional,670000.0,670,2026-03-03
C108774,Customer_108774,60,Female,Hyderabad,Telangana,Salaried,433000.0,660,2025-05-27
C108775,Customer_108775,36,Female,Kolkata,West Bengal,Salaried,1257000.0,661,2017-04-27
C108776,Customer_108776,57,Male,Mumbai,Maharashtra,Salaried,317000.0,659,2021-05-16
C108777,Customer_108777,31,Male,Gurugram,Haryana,Salaried,919000.0,735,2022-08-07
C108778,Customer_108778,31,Male,Jaipur,Rajasthan,Salaried,1141000.0,679,2021-11-16
C108779,Customer_108779,64,Male,Mumbai,Maharashtra,Salaried,914000.0,547,2022-06-21
C108780,Customer_108780,21,Male,Kolkata,West Bengal,Business Owner,1342000.0,718,2023-06-09
C108781,Customer_108781,36,Female,Kolkata,West Bengal,Salaried,396000.0,769,2019-02-15
C108782,Customer_108782,49,Female,Bengaluru,Karnataka,Salaried,534000.0,702,2022-06-23
C108783,Customer_108783,39,Male,Mumbai,Maharashtra,Self-Employed,666000.0,638,2023-03-20
C108784,Customer_108784,59,Male,Gurugram,Haryana,Salaried,2166000.0,768,2023-03-22
C108785,Customer_108785,32,Male,Hyderabad,Telangana,Salaried,1053000.0,631,2022-06-14
C108786,Customer_108786,45,Male,Kolkata,West Bengal,Salaried,1128000.0,699,2021-01-10
C108787,Customer_108787,26,Female,Bengaluru,Karnataka,Salaried,1111000.0,719,2020-04-27
C108788,Customer_108788,30,Male,Ahmedabad,Gujarat,Salaried,882000.0,790,2018-03-28
C108789,Customer_108789,28,Other,Delhi,Delhi,Salaried,1270000.0,758,2024-01-25
C108790,Customer_108790,54,Female,Chennai,Tamil Nadu,Salaried,250000.0,735,2024-07-23
C108791,Customer_108791,30,Male,Kolkata,West Bengal,Business Owner,961000.0,780,2026-03-07
C108792,Customer_108792,51,Female,Pune,Maharashtra,Business Owner,1021000.0,645,2020-08-09
C108793,Customer_108793,36,Female,Ahmedabad,Gujarat,Salaried,1257000.0,823,2018-12-20
C108794,Customer_108794,46,Other,Bengaluru,Karnataka,Business Owner,388000.0,521,2022-08-31
C108795,Customer_108795,60,Male,Pune,Maharashtra,Salaried,417000.0,813,2022-08-03
C108796,Customer_108796,59,Other,Gurugram,Haryana,Salaried,442000.0,665,2020-06-08
C108797,Customer_108797,21,Male,Chennai,Tamil Nadu,Salaried,1059000.0,745,2020-03-10
C108798,Customer_108798,56,Male,Mumbai,Maharashtra,Salaried,1065000.0,814,2021-06-28
C108799,Customer_108799,64,Female,Noida,Uttar Pradesh,Salaried,470000.0,756,2020-12-11
C108800,Customer_108800,51,Male,Gurugram,Haryana,Professional,1616000.0,744,2022-12-13
C108801,Customer_108801,29,Male,Jaipur,Rajasthan,Salaried,965000.0,776,2023-09-28
C108802,Customer_108802,50,Male,Gurugram,Haryana,Salaried,900000.0,624,2022-05-21
C108803,Customer_108803,49,Male,Gurugram,Haryana,Salaried,767000.0,634,2023-05-19
C108804,Customer_108804,50,Male,Jaipur,Rajasthan,Professional,1222000.0,738,2018-04-25
C108805,Customer_108805,40,Male,Kolkata,West Bengal,Salaried,1006000.0,707,2019-11-29
C108806,Customer_108806,44,Female,Delhi,Delhi,Professional,1606000.0,700,2019-03-12
C108807,Customer_108807,50,Female,Ahmedabad,Gujarat,Salaried,364000.0,800,2024-06-08
C108808,Customer_108808,41,Male,Hyderabad,Telangana,Business Owner,250000.0,795,2018-08-15
C108809,Customer_108809,55,Female,Gurugram,Haryana,Salaried,554000.0,660,2025-01-28
C108810,Customer_108810,52,Female,Pune,Maharashtra,Salaried,1071000.0,749,2022-05-13
C108811,Customer_108811,34,Female,Noida,Uttar Pradesh,Salaried,679000.0,618,2018-08-17
C108812,Customer_108812,48,Female,Ahmedabad,Gujarat,Salaried,1358000.0,617,2020-09-03
C108813,Customer_108813,55,Female,Kolkata,West Bengal,Salaried,693000.0,662,2017-07-07
C108814,Customer_108814,43,Male,Lucknow,Uttar Pradesh,Salaried,1283000.0,717,2019-04-18
C108815,Customer_108815,53,Female,Pune,Maharashtra,Self-Employed,518000.0,678,2022-08-08
C108816,Customer_108816,26,Female,Chennai,Tamil Nadu,Self-Employed,1323000.0,749,2017-05-30
C108817,Customer_108817,38,Female,Chennai,Tamil Nadu,Salaried,1398000.0,719,2021-11-14
C108818,Customer_108818,52,Male,Noida,Uttar Pradesh,Self-Employed,624000.0,792,2024-02-23
C108819,Customer_108819,61,Female,Gurugram,Haryana,Business Owner,1046000.0,755,2019-04-05
C108820,Customer_108820,50,Female,Mumbai,Maharashtra,Professional,957000.0,652,2017-07-03
C108821,Customer_108821,50,Male,Pune,Maharashtra,Salaried,1057000.0,779,2022-10-21
C108822,Customer_108822,36,Female,Chennai,Tamil Nadu,Salaried,1364000.0,664,2020-07-18
C108823,Customer_108823,52,Female,Ahmedabad,Gujarat,Professional,1239000.0,747,2020-10-25
C108824,Customer_108824,37,Female,Delhi,Delhi,Professional,1056000.0,688,2021-03-30
C108825,Customer_108825,23,Male,Jaipur,Rajasthan,Professional,1115000.0,806,2022-06-24
C108826,Customer_108826,32,Female,Jaipur,Rajasthan,Self-Employed,342000.0,768,2021-03-21
C108827,Customer_108827,48,Female,Bengaluru,Karnataka,Self-Employed,834000.0,675,2019-10-30
C108828,Customer_108828,64,Male,Mumbai,Maharashtra,Professional,409000.0,695,2018-04-16
C108829,Customer_108829,43,Female,Ahmedabad,Gujarat,Salaried,843000.0,850,2026-03-02
C108830,Customer_108830,59,Male,Hyderabad,Telangana,Salaried,1297000.0,638,2023-08-10
C108831,Customer_108831,56,Female,Lucknow,Uttar Pradesh,Professional,847000.0,673,2023-03-03
C108832,Customer_108832,46,Female,Gurugram,Haryana,Business Owner,250000.0,676,2019-02-12
C108833,Customer_108833,57,Female,Lucknow,Uttar Pradesh,Salaried,431000.0,645,2017-03-08
C108834,Customer_108834,39,Female,Kolkata,West Bengal,Salaried,1082000.0,651,2022-11-09
C108835,Customer_108835,40,Male,Lucknow,Uttar Pradesh,Professional,634000.0,713,2025-05-27
C108836,Customer_108836,54,Female,Delhi,Delhi,Salaried,1164000.0,751,2020-07-09
C108837,Customer_108837,49,Male,Hyderabad,Telangana,Self-Employed,367000.0,616,2018-02-08
C108838,Customer_108838,44,Female,Delhi,Delhi,Salaried,1003000.0,687,2021-11-07
C108839,Customer_108839,40,Male,Jaipur,Rajasthan,Salaried,1023000.0,668,2026-03-09
C108840,Customer_108840,64,Female,Kolkata,West Bengal,Business Owner,1166000.0,644,2021-03-18
C108841,Customer_108841,23,Female,Hyderabad,Telangana,Professional,588000.0,785,2020-02-25
C108842,Customer_108842,23,Male,Hyderabad,Telangana,Salaried,1162000.0,670,2025-11-22
C108843,Customer_108843,42,Male,Ahmedabad,Gujarat,Salaried,1453000.0,631,2019-03-27
C108844,Customer_108844,22,Male,Bengaluru,Karnataka,Salaried,250000.0,777,2020-03-24
C108845,Customer_108845,36,Male,Kolkata,West Bengal,Salaried,871000.0,801,2019-04-07
C108846,Customer_108846,46,Male,Ahmedabad,Gujarat,Professional,250000.0,735,2018-06-05
C108847,Customer_108847,39,Female,Bengaluru,Karnataka,Salaried,506000.0,659,2025-04-02
C108848,Customer_108848,30,Female,Bengaluru,Karnataka,Professional,539000.0,702,2020-05-11
C108849,Customer_108849,33,Female,Chennai,Tamil Nadu,Professional,823000.0,677,2024-06-09
C108850,Customer_108850,48,Male,Ahmedabad,Gujarat,Salaried,1001000.0,717,2021-08-24
C108851,Customer_108851,63,Male,Hyderabad,Telangana,Salaried,1212000.0,767,2023-10-12
C108852,Customer_108852,56,Male,Chennai,Tamil Nadu,Professional,956000.0,718,2017-08-14
C108853,Customer_108853,45,Female,Kolkata,West Bengal,Salaried,1119000.0,720,2022-04-22
C108854,Customer_108854,27,Female,Bengaluru,Karnataka,Professional,419000.0,687,2025-07-20
C108855,Customer_108855,31,Female,Kolkata,West Bengal,Salaried,1273000.0,763,2026-03-12
C108856,Customer_108856,40,Male,Mumbai,Maharashtra,Salaried,250000.0,744,2018-11-07
C108857,Customer_108857,32,Female,Mumbai,Maharashtra,Salaried,1461000.0,601,2024-02-17
C108858,Customer_108858,51,Female,Bengaluru,Karnataka,Salaried,1389000.0,604,2025-08-31
C108859,Customer_108859,37,Male,Hyderabad,Telangana,Self-Employed,1150000.0,698,2023-10-31
C108860,Customer_108860,58,Female,Delhi,Delhi,Self-Employed,1742000.0,783,2020-10-06
C108861,Customer_108861,33,Female,Lucknow,Uttar Pradesh,Salaried,250000.0,796,2018-03-29
C108862,Customer_108862,43,Male,Hyderabad,Telangana,Salaried,1162000.0,770,2022-03-04
C108863,Customer_108863,53,Female,Gurugram,Haryana,Salaried,904000.0,710,2017-03-30
C108864,Customer_108864,30,Female,Noida,Uttar Pradesh,Professional,948000.0,815,2023-05-12
C108865,Customer_108865,55,Female,Gurugram,Haryana,Professional,385000.0,673,2020-10-28
C108866,Customer_108866,47,Male,Gurugram,Haryana,Self-Employed,1008000.0,698,2017-08-09
C108867,Customer_108867,50,Male,Mumbai,Maharashtra,Professional,989000.0,628,2023-07-21
C108868,Customer_108868,41,Female,Chennai,Tamil Nadu,Salaried,574000.0,698,2020-11-08
C108869,Customer_108869,63,Male,Jaipur,Rajasthan,Salaried,823000.0,664,2021-09-11
C108870,Customer_108870,55,Male,Kolkata,West Bengal,Salaried,324000.0,820,2019-08-16
C108871,Customer_108871,29,Male,Delhi,Delhi,Business Owner,692000.0,807,2021-01-15
C108872,Customer_108872,46,Male,Kolkata,West Bengal,Salaried,1234000.0,724,2018-07-28
C108873,Customer_108873,61,Female,Gurugram,Haryana,Professional,1242000.0,750,2018-10-02
C108874,Customer_108874,33,Female,Gurugram,Haryana,Salaried,1157000.0,681,2023-03-25
C108875,Customer_108875,45,Male,Chennai,Tamil Nadu,Salaried,1234000.0,555,2024-09-29
C108876,Customer_108876,54,Female,Bengaluru,Karnataka,Salaried,1239000.0,670,2018-07-18
C108877,Customer_108877,33,Male,Hyderabad,Telangana,Self-Employed,593000.0,769,2018-07-03
C108878,Customer_108878,44,Male,Hyderabad,Telangana,Salaried,986000.0,748,2022-06-05
C108879,Customer_108879,45,Male,Chennai,Tamil Nadu,Business Owner,1285000.0,695,2022-03-14
C108880,Customer_108880,28,Male,Hyderabad,Telangana,Self-Employed,298000.0,768,2020-08-20
C108881,Customer_108881,28,Male,Pune,Maharashtra,Salaried,296000.0,689,2026-03-17
C108882,Customer_108882,46,Female,Delhi,Delhi,Self-Employed,274000.0,646,2026-02-02
C108883,Customer_108883,29,Male,Hyderabad,Telangana,Salaried,250000.0,768,2022-12-16
C108884,Customer_108884,63,Female,Hyderabad,Telangana,Business Owner,430000.0,680,2025-06-10
C108885,Customer_108885,44,Male,Mumbai,Maharashtra,Salaried,640000.0,787,2021-04-01
C108886,Customer_108886,52,Female,Noida,Uttar Pradesh,Self-Employed,1455000.0,590,2017-01-26
C108887,Customer_108887,38,Female,Jaipur,Rajasthan,Salaried,675000.0,683,2017-12-28
C108888,Customer_108888,34,Male,Noida,Uttar Pradesh,Salaried,250000.0,759,2024-07-19
C108889,Customer_108889,42,Female,Kolkata,West Bengal,Self-Employed,916000.0,752,2018-03-02
C108890,Customer_108890,52,Female,Mumbai,Maharashtra,Salaried,774000.0,706,2018-07-28
C108891,Customer_108891,38,Male,Noida,Uttar Pradesh,Self-Employed,537000.0,739,2023-05-07
C108892,Customer_108892,33,Female,Pune,Maharashtra,Salaried,615000.0,729,2021-05-19
C108893,Customer_108893,27,Female,Jaipur,Rajasthan,Salaried,1277000.0,623,2019-03-28
C108894,Customer_108894,45,Male,Chennai,Tamil Nadu,Salaried,286000.0,696,2024-07-23
C108895,Customer_108895,51,Female,Pune,Maharashtra,Self-Employed,250000.0,735,2023-09-11
C108896,Customer_108896,44,Male,Pune,Maharashtra,Salaried,1037000.0,753,2019-09-05
C108897,Customer_108897,32,Female,Hyderabad,Telangana,Salaried,604000.0,716,2018-12-04
C108898,Customer_108898,32,Female,Kolkata,West Bengal,Salaried,1471000.0,684,2023-11-01
C108899,Customer_108899,37,Other,Jaipur,Rajasthan,Salaried,788000.0,633,2019-03-13
C108900,Customer_108900,36,Female,Delhi,Delhi,Self-Employed,810000.0,769,2019-03-31
C108901,Customer_108901,30,Female,Mumbai,Maharashtra,Professional,1165000.0,762,2025-03-15
C108902,Customer_108902,63,Male,Noida,Uttar Pradesh,Self-Employed,250000.0,784,2025-02-16
C108903,Customer_108903,35,Male,Kolkata,West Bengal,Salaried,985000.0,650,2026-02-04
C108904,Customer_108904,32,Female,Lucknow,Uttar Pradesh,Salaried,704000.0,728,2021-02-01
C108905,Customer_108905,48,Male,Ahmedabad,Gujarat,Self-Employed,1261000.0,675,2023-10-16
C108906,Customer_108906,57,Female,Ahmedabad,Gujarat,Business Owner,591000.0,723,2018-11-09
C108907,Customer_108907,41,Male,Noida,Uttar Pradesh,Salaried,921000.0,850,2026-03-21
C108908,Customer_108908,51,Male,Ahmedabad,Gujarat,Self-Employed,706000.0,779,2017-07-01
C108909,Customer_108909,25,Male,Hyderabad,Telangana,Salaried,1015000.0,671,2024-12-24
C108910,Customer_108910,44,Female,Kolkata,West Bengal,Salaried,750000.0,704,2022-08-25
C108911,Customer_108911,23,Male,Bengaluru,Karnataka,Salaried,955000.0,696,2025-09-25
C108912,Customer_108912,27,Male,Chennai,Tamil Nadu,Salaried,1551000.0,728,2023-05-11
C108913,Customer_108913,47,Other,Jaipur,Rajasthan,Salaried,736000.0,621,2018-10-17
C108914,Customer_108914,30,Female,Mumbai,Maharashtra,Salaried,1011000.0,741,2023-05-03
C108915,Customer_108915,22,Female,Jaipur,Rajasthan,Salaried,1765000.0,582,2023-12-01
C108916,Customer_108916,29,Male,Ahmedabad,Gujarat,Salaried,1006000.0,611,2021-08-19
C108917,Customer_108917,55,Male,Hyderabad,Telangana,Salaried,250000.0,850,2022-06-23
C108918,Customer_108918,47,Female,Delhi,Delhi,Salaried,583000.0,697,2020-10-01
C108919,Customer_108919,38,Male,Jaipur,Rajasthan,Business Owner,369000.0,813,2019-07-03
C108920,Customer_108920,64,Male,Gurugram,Haryana,Self-Employed,1219000.0,667,2022-10-06
C108921,Customer_108921,38,Female,Jaipur,Rajasthan,Salaried,812000.0,583,2021-09-12
C108922,Customer_108922,60,Male,Pune,Maharashtra,Salaried,1275000.0,652,2017-04-24
C108923,Customer_108923,36,Female,Ahmedabad,Gujarat,Salaried,1095000.0,850,2024-01-22
C108924,Customer_108924,22,Male,Chennai,Tamil Nadu,Salaried,1093000.0,628,2019-03-26
C108925,Customer_108925,25,Male,Chennai,Tamil Nadu,Salaried,361000.0,835,2017-06-07
C108926,Customer_108926,33,Male,Hyderabad,Telangana,Salaried,1052000.0,742,2019-05-19
C108927,Customer_108927,29,Female,Bengaluru,Karnataka,Salaried,1397000.0,728,2025-04-26
C108928,Customer_108928,28,Female,Lucknow,Uttar Pradesh,Self-Employed,271000.0,671,2024-03-31
C108929,Customer_108929,38,Female,Ahmedabad,Gujarat,Salaried,723000.0,661,2020-12-08
C108930,Customer_108930,64,Male,Bengaluru,Karnataka,Salaried,992000.0,757,2021-02-09
C108931,Customer_108931,30,Female,Noida,Uttar Pradesh,Salaried,889000.0,806,2020-12-29
C108932,Customer_108932,31,Female,Mumbai,Maharashtra,Professional,1425000.0,733,2017-06-05
C108933,Customer_108933,65,Female,Ahmedabad,Gujarat,Self-Employed,1141000.0,768,2020-05-08
C108934,Customer_108934,30,Female,Mumbai,Maharashtra,Self-Employed,1012000.0,692,2025-05-02
C108935,Customer_108935,58,Female,Chennai,Tamil Nadu,Professional,1177000.0,850,2022-11-09
C108936,Customer_108936,48,Female,Ahmedabad,Gujarat,Salaried,1156000.0,736,2020-08-03
C108937,Customer_108937,62,Male,Lucknow,Uttar Pradesh,Salaried,866000.0,850,2026-03-10
C108938,Customer_108938,46,Female,Lucknow,Uttar Pradesh,Self-Employed,708000.0,657,2017-09-19
C108939,Customer_108939,47,Male,Noida,Uttar Pradesh,Salaried,1246000.0,717,2025-01-15
C108940,Customer_108940,31,Other,Bengaluru,Karnataka,Self-Employed,553000.0,790,2020-11-23
C108941,Customer_108941,46,Male,Mumbai,Maharashtra,Salaried,821000.0,729,2021-09-08
C108942,Customer_108942,51,Male,Noida,Uttar Pradesh,Salaried,387000.0,754,2025-11-03
C108943,Customer_108943,65,Male,Lucknow,Uttar Pradesh,Salaried,1143000.0,656,2025-09-05
C108944,Customer_108944,25,Female,Hyderabad,Telangana,Salaried,1343000.0,694,2024-06-17
C108945,Customer_108945,28,Male,Delhi,Delhi,Self-Employed,476000.0,663,2021-12-04
C108946,Customer_108946,21,Female,Ahmedabad,Gujarat,Salaried,788000.0,714,2022-07-11
C108947,Customer_108947,56,Female,Delhi,Delhi,Salaried,658000.0,708,2025-06-01
C108948,Customer_108948,24,Male,Delhi,Delhi,Salaried,1280000.0,686,2024-01-25
C108949,Customer_108949,62,Female,Lucknow,Uttar Pradesh,Business Owner,1417000.0,761,2019-10-24
C108950,Customer_108950,37,Female,Pune,Maharashtra,Business Owner,658000.0,651,2021-10-22
C108951,Customer_108951,33,Female,Mumbai,Maharashtra,Self-Employed,250000.0,580,2024-08-15
C108952,Customer_108952,64,Male,Ahmedabad,Gujarat,Salaried,1311000.0,683,2024-06-26
C108953,Customer_108953,53,Female,Chennai,Tamil Nadu,Salaried,868000.0,850,2019-10-14
C108954,Customer_108954,45,Male,Kolkata,West Bengal,Salaried,870000.0,753,2024-10-27
C108955,Customer_108955,61,Female,Noida,Uttar Pradesh,Salaried,1235000.0,665,2022-04-08
C108956,Customer_108956,54,Female,Bengaluru,Karnataka,Salaried,704000.0,749,2020-02-22
C108957,Customer_108957,49,Male,Ahmedabad,Gujarat,Professional,598000.0,711,2021-08-02
C108958,Customer_108958,35,Male,Gurugram,Haryana,Salaried,708000.0,745,2021-02-23
C108959,Customer_108959,65,Female,Pune,Maharashtra,Salaried,1046000.0,777,2017-09-11
C108960,Customer_108960,53,Male,Lucknow,Uttar Pradesh,Salaried,1202000.0,733,2019-02-10
C108961,Customer_108961,63,Male,Pune,Maharashtra,Salaried,1503000.0,728,2018-04-11
C108962,Customer_108962,64,Male,Pune,Maharashtra,Salaried,1011000.0,817,2023-05-19
C108963,Customer_108963,45,Female,Noida,Uttar Pradesh,Self-Employed,792000.0,755,2020-11-17
C108964,Customer_108964,37,Male,Ahmedabad,Gujarat,Business Owner,1204000.0,733,2018-04-11
C108965,Customer_108965,63,Male,Noida,Uttar Pradesh,Self-Employed,461000.0,723,2022-07-21
C108966,Customer_108966,65,Female,Gurugram,Haryana,Professional,1418000.0,683,2021-05-24
C108967,Customer_108967,26,Female,Jaipur,Rajasthan,Salaried,935000.0,639,2023-04-18
C108968,Customer_108968,49,Female,Bengaluru,Karnataka,Self-Employed,759000.0,764,2025-12-31
C108969,Customer_108969,48,Female,Chennai,Tamil Nadu,Professional,463000.0,803,2026-03-04
C108970,Customer_108970,54,Male,Noida,Uttar Pradesh,Salaried,1101000.0,748,2021-05-04
C108971,Customer_108971,64,Male,Ahmedabad,Gujarat,Business Owner,738000.0,757,2017-04-18
C108972,Customer_108972,32,Male,Hyderabad,Telangana,Professional,812000.0,662,2017-08-21
C108973,Customer_108973,64,Male,Hyderabad,Telangana,Self-Employed,250000.0,681,2018-04-16
C108974,Customer_108974,49,Male,Gurugram,Haryana,Salaried,676000.0,637,2017-03-04
C108975,Customer_108975,24,Female,Bengaluru,Karnataka,Salaried,623000.0,704,2022-12-30
C108976,Customer_108976,43,Male,Mumbai,Maharashtra,Self-Employed,1017000.0,784,2025-11-05
C108977,Customer_108977,27,Male,Gurugram,Haryana,Professional,743000.0,675,2024-01-08
C108978,Customer_108978,64,Female,Hyderabad,Telangana,Salaried,250000.0,715,2023-08-02
C108979,Customer_108979,55,Male,Gurugram,Haryana,Salaried,684000.0,766,2019-12-23
C108980,Customer_108980,61,Female,Kolkata,West Bengal,Salaried,268000.0,799,2023-08-10
C108981,Customer_108981,48,Male,Lucknow,Uttar Pradesh,Salaried,433000.0,613,2021-10-22
C108982,Customer_108982,38,Female,Kolkata,West Bengal,Business Owner,1252000.0,689,2020-06-11
C108983,Customer_108983,40,Male,Noida,Uttar Pradesh,Salaried,250000.0,672,2017-07-06
C108984,Customer_108984,63,Male,Noida,Uttar Pradesh,Salaried,968000.0,663,2021-08-31
C108985,Customer_108985,27,Female,Bengaluru,Karnataka,Self-Employed,647000.0,695,2020-12-05
C108986,Customer_108986,60,Male,Lucknow,Uttar Pradesh,Salaried,570000.0,593,2022-03-14
C108987,Customer_108987,39,Male,Jaipur,Rajasthan,Self-Employed,458000.0,696,2021-05-07
C108988,Customer_108988,47,Male,Mumbai,Maharashtra,Salaried,978000.0,722,2024-02-21
C108989,Customer_108989,51,Male,Delhi,Delhi,Salaried,1023000.0,652,2025-05-26
C108990,Customer_108990,24,Male,Hyderabad,Telangana,Business Owner,250000.0,689,2021-09-28
C108991,Customer_108991,27,Female,Delhi,Delhi,Salaried,1310000.0,721,2020-03-02
C108992,Customer_108992,28,Female,Chennai,Tamil Nadu,Salaried,375000.0,728,2019-11-09
C108993,Customer_108993,56,Female,Lucknow,Uttar Pradesh,Salaried,1005000.0,614,2025-03-16
C108994,Customer_108994,24,Female,Pune,Maharashtra,Self-Employed,378000.0,766,2021-12-16
C108995,Customer_108995,48,Male,Delhi,Delhi,Salaried,666000.0,767,2026-01-18
C108996,Customer_108996,25,Female,Pune,Maharashtra,Salaried,338000.0,672,2023-05-06
C108997,Customer_108997,55,Male,Bengaluru,Karnataka,Salaried,639000.0,829,2022-06-05
C108998,Customer_108998,64,Male,Noida,Uttar Pradesh,Professional,770000.0,750,2017-07-16
C108999,Customer_108999,39,Female,Mumbai,Maharashtra,Self-Employed,390000.0,740,2023-11-02
C109000,Customer_109000,30,Female,Gurugram,Haryana,Business Owner,976000.0,764,2021-05-30
C109001,Customer_109001,41,Male,Pune,Maharashtra,Self-Employed,1028000.0,653,2017-12-29
C109002,Customer_109002,52,Other,Delhi,Delhi,Business Owner,1932000.0,697,2020-03-17
C109003,Customer_109003,53,Female,Jaipur,Rajasthan,Salaried,1221000.0,760,2021-03-25
C109004,Customer_109004,49,Male,Pune,Maharashtra,Salaried,1321000.0,668,2025-05-05
C109005,Customer_109005,47,Female,Gurugram,Haryana,Professional,250000.0,697,2022-12-06
C109006,Customer_109006,49,Female,Ahmedabad,Gujarat,Professional,250000.0,759,2020-08-13
C109007,Customer_109007,30,Female,Gurugram,Haryana,Professional,731000.0,740,2026-02-15
C109008,Customer_109008,30,Female,Pune,Maharashtra,Professional,1565000.0,721,2022-11-09
C109009,Customer_109009,62,Male,Delhi,Delhi,Self-Employed,1840000.0,724,2026-01-16
C109010,Customer_109010,47,Female,Mumbai,Maharashtra,Salaried,575000.0,709,2021-03-29
C109011,Customer_109011,59,Male,Pune,Maharashtra,Business Owner,616000.0,775,2024-12-02
C109012,Customer_109012,49,Female,Chennai,Tamil Nadu,Salaried,1068000.0,850,2024-07-28
C109013,Customer_109013,41,Female,Gurugram,Haryana,Business Owner,771000.0,739,2023-08-31
C109014,Customer_109014,46,Female,Chennai,Tamil Nadu,Business Owner,781000.0,803,2025-08-28
C109015,Customer_109015,52,Male,Noida,Uttar Pradesh,Self-Employed,1104000.0,692,2022-02-21
C109016,Customer_109016,29,Male,Bengaluru,Karnataka,Salaried,1936000.0,676,2017-10-12
C109017,Customer_109017,41,Female,Chennai,Tamil Nadu,Self-Employed,1372000.0,669,2020-07-07
C109018,Customer_109018,53,Male,Gurugram,Haryana,Professional,1598000.0,660,2017-03-08
C109019,Customer_109019,24,Male,Mumbai,Maharashtra,Salaried,250000.0,701,2019-06-15
C109020,Customer_109020,24,Male,Hyderabad,Telangana,Salaried,1280000.0,778,2023-07-24
C109021,Customer_109021,28,Female,Gurugram,Haryana,Self-Employed,470000.0,785,2018-03-11
C109022,Customer_109022,47,Male,Ahmedabad,Gujarat,Business Owner,1521000.0,687,2022-11-18
C109023,Customer_109023,31,Female,Gurugram,Haryana,Self-Employed,1393000.0,699,2022-12-03
C109024,Customer_109024,40,Female,Kolkata,West Bengal,Self-Employed,1092000.0,720,2022-03-01
C109025,Customer_109025,27,Female,Noida,Uttar Pradesh,Salaried,553000.0,735,2023-06-06
C109026,Customer_109026,32,Male,Noida,Uttar Pradesh,Salaried,656000.0,758,2021-01-04
C109027,Customer_109027,21,Male,Lucknow,Uttar Pradesh,Professional,689000.0,694,2023-02-21
C109028,Customer_109028,57,Male,Mumbai,Maharashtra,Salaried,1155000.0,707,2023-12-25
C109029,Customer_109029,41,Male,Ahmedabad,Gujarat,Salaried,1012000.0,808,2022-06-07
C109030,Customer_109030,28,Female,Mumbai,Maharashtra,Salaried,1418000.0,702,2023-07-21
C109031,Customer_109031,44,Female,Bengaluru,Karnataka,Salaried,1494000.0,683,2024-02-15
C109032,Customer_109032,62,Female,Hyderabad,Telangana,Salaried,512000.0,714,2020-11-17
C109033,Customer_109033,58,Female,Ahmedabad,Gujarat,Business Owner,1040000.0,725,2025-07-10
C109034,Customer_109034,60,Female,Pune,Maharashtra,Salaried,1035000.0,620,2020-01-10
C109035,Customer_109035,39,Other,Noida,Uttar Pradesh,Self-Employed,812000.0,691,2017-07-14
C109036,Customer_109036,37,Female,Hyderabad,Telangana,Salaried,1227000.0,747,2025-12-15
C109037,Customer_109037,35,Male,Ahmedabad,Gujarat,Professional,1046000.0,850,2024-11-07
C109038,Customer_109038,34,Male,Gurugram,Haryana,Salaried,620000.0,686,2020-10-11
C109039,Customer_109039,62,Female,Lucknow,Uttar Pradesh,Salaried,793000.0,770,2018-12-28
C109040,Customer_109040,27,Female,Bengaluru,Karnataka,Salaried,710000.0,732,2018-12-12
C109041,Customer_109041,59,Female,Jaipur,Rajasthan,Professional,559000.0,795,2022-04-29
C109042,Customer_109042,62,Male,Mumbai,Maharashtra,Self-Employed,816000.0,680,2025-12-09
C109043,Customer_109043,58,Female,Kolkata,West Bengal,Self-Employed,331000.0,792,2019-12-09
C109044,Customer_109044,49,Male,Chennai,Tamil Nadu,Salaried,1040000.0,811,2023-07-30
C109045,Customer_109045,59,Male,Lucknow,Uttar Pradesh,Salaried,1412000.0,814,2020-05-17
C109046,Customer_109046,22,Female,Gurugram,Haryana,Professional,870000.0,813,2022-03-14
C109047,Customer_109047,57,Female,Lucknow,Uttar Pradesh,Salaried,1229000.0,732,2022-12-10
C109048,Customer_109048,43,Male,Noida,Uttar Pradesh,Self-Employed,912000.0,758,2024-02-24
C109049,Customer_109049,64,Male,Chennai,Tamil Nadu,Business Owner,441000.0,693,2023-10-27
C109050,Customer_109050,24,Female,Jaipur,Rajasthan,Self-Employed,1653000.0,576,2019-01-25
C109051,Customer_109051,62,Male,Delhi,Delhi,Salaried,250000.0,737,2018-01-14
C109052,Customer_109052,46,Male,Kolkata,West Bengal,Salaried,854000.0,710,2022-03-13
C109053,Customer_109053,25,Female,Delhi,Delhi,Salaried,543000.0,783,2020-10-09
C109054,Customer_109054,43,Female,Jaipur,Rajasthan,Professional,1483000.0,776,2019-07-20
C109055,Customer_109055,22,Male,Lucknow,Uttar Pradesh,Business Owner,936000.0,651,2018-11-02
C109056,Customer_109056,24,Female,Jaipur,Rajasthan,Salaried,1872000.0,850,2025-01-13
C109057,Customer_109057,44,Female,Noida,Uttar Pradesh,Professional,864000.0,745,2017-10-14
C109058,Customer_109058,57,Male,Bengaluru,Karnataka,Salaried,546000.0,637,2018-04-10
C109059,Customer_109059,25,Male,Lucknow,Uttar Pradesh,Salaried,250000.0,646,2020-03-14
C109060,Customer_109060,32,Male,Kolkata,West Bengal,Salaried,1293000.0,578,2019-01-10
C109061,Customer_109061,38,Male,Jaipur,Rajasthan,Professional,516000.0,770,2017-08-19
C109062,Customer_109062,45,Female,Gurugram,Haryana,Salaried,682000.0,686,2019-04-09
C109063,Customer_109063,21,Male,Ahmedabad,Gujarat,Salaried,1341000.0,665,2020-05-22
C109064,Customer_109064,49,Other,Hyderabad,Telangana,Salaried,1271000.0,678,2021-01-27
C109065,Customer_109065,43,Male,Ahmedabad,Gujarat,Salaried,606000.0,700,2021-11-30
C109066,Customer_109066,64,Female,Ahmedabad,Gujarat,Salaried,668000.0,757,2018-03-29
C109067,Customer_109067,34,Female,Noida,Uttar Pradesh,Salaried,250000.0,613,2026-02-09
C109068,Customer_109068,43,Female,Pune,Maharashtra,Business Owner,250000.0,650,2022-01-26
C109069,Customer_109069,24,Female,Kolkata,West Bengal,Professional,1155000.0,750,2020-09-28
C109070,Customer_109070,62,Female,Kolkata,West Bengal,Salaried,1200000.0,681,2023-10-28
C109071,Customer_109071,58,Male,Mumbai,Maharashtra,Professional,993000.0,758,2025-09-16
C109072,Customer_109072,36,Female,Mumbai,Maharashtra,Business Owner,925000.0,688,2017-01-28
C109073,Customer_109073,41,Female,Delhi,Delhi,Professional,568000.0,822,2021-08-31
C109074,Customer_109074,59,Other,Ahmedabad,Gujarat,Salaried,1437000.0,734,2025-04-05
C109075,Customer_109075,34,Male,Pune,Maharashtra,Business Owner,250000.0,800,2019-03-13
C109076,Customer_109076,31,Male,Noida,Uttar Pradesh,Self-Employed,663000.0,754,2024-12-07
C109077,Customer_109077,31,Male,Jaipur,Rajasthan,Salaried,914000.0,758,2022-07-03
C109078,Customer_109078,52,Female,Mumbai,Maharashtra,Business Owner,850000.0,671,2017-06-22
C109079,Customer_109079,30,Male,Mumbai,Maharashtra,Salaried,849000.0,796,2025-02-16
C109080,Customer_109080,24,Male,Chennai,Tamil Nadu,Business Owner,642000.0,734,2017-08-21
C109081,Customer_109081,28,Female,Lucknow,Uttar Pradesh,Self-Employed,1066000.0,658,2023-08-16
C109082,Customer_109082,65,Male,Delhi,Delhi,Salaried,364000.0,583,2022-05-06
C109083,Customer_109083,60,Female,Bengaluru,Karnataka,Salaried,792000.0,729,2024-05-18
C109084,Customer_109084,63,Male,Delhi,Delhi,Professional,1023000.0,818,2019-12-03
C109085,Customer_109085,33,Female,Chennai,Tamil Nadu,Salaried,717000.0,661,2018-02-02
C109086,Customer_109086,40,Male,Lucknow,Uttar Pradesh,Business Owner,852000.0,659,2021-07-26
C109087,Customer_109087,43,Female,Jaipur,Rajasthan,Self-Employed,936000.0,699,2023-12-10
C109088,Customer_109088,44,Female,Pune,Maharashtra,Salaried,250000.0,792,2022-04-14
C109089,Customer_109089,22,Male,Mumbai,Maharashtra,Salaried,250000.0,601,2017-10-18
C109090,Customer_109090,47,Male,Chennai,Tamil Nadu,Professional,904000.0,678,2022-12-09
C109091,Customer_109091,22,Female,Kolkata,West Bengal,Professional,607000.0,655,2020-09-22
C109092,Customer_109092,33,Female,Hyderabad,Telangana,Salaried,631000.0,757,2023-10-24
C109093,Customer_109093,34,Male,Jaipur,Rajasthan,Salaried,1078000.0,711,2025-09-02
C109094,Customer_109094,51,Female,Lucknow,Uttar Pradesh,Salaried,454000.0,697,2024-12-23
C109095,Customer_109095,61,Male,Bengaluru,Karnataka,Business Owner,250000.0,708,2026-04-23
C109096,Customer_109096,52,Male,Hyderabad,Telangana,Salaried,1513000.0,771,2022-08-25
C109097,Customer_109097,40,Male,Mumbai,Maharashtra,Salaried,1334000.0,793,2023-09-24
C109098,Customer_109098,44,Male,Jaipur,Rajasthan,Salaried,1329000.0,787,2017-12-24
C109099,Customer_109099,44,Male,Pune,Maharashtra,Professional,402000.0,757,2018-08-15
C109100,Customer_109100,27,Male,Hyderabad,Telangana,Salaried,819000.0,810,2018-04-09
C109101,Customer_109101,64,Male,Bengaluru,Karnataka,Self-Employed,343000.0,659,2023-10-21
C109102,Customer_109102,62,Male,Delhi,Delhi,Salaried,826000.0,745,2022-09-18
C109103,Customer_109103,31,Female,Pune,Maharashtra,Self-Employed,711000.0,850,2025-07-24
C109104,Customer_109104,26,Female,Jaipur,Rajasthan,Self-Employed,419000.0,601,2023-08-07
C109105,Customer_109105,28,Male,Bengaluru,Karnataka,Professional,1051000.0,685,2025-02-17
C109106,Customer_109106,49,Male,Delhi,Delhi,Self-Employed,747000.0,653,2024-01-08
C109107,Customer_109107,22,Female,Pune,Maharashtra,Salaried,1539000.0,739,2022-11-08
C109108,Customer_109108,25,Female,Jaipur,Rajasthan,Salaried,884000.0,813,2021-10-30
C109109,Customer_109109,50,Female,Chennai,Tamil Nadu,Salaried,250000.0,755,2018-04-05
C109110,Customer_109110,27,Male,Hyderabad,Telangana,Salaried,250000.0,706,2022-08-04
C109111,Customer_109111,24,Male,Mumbai,Maharashtra,Professional,1688000.0,755,2021-12-05
C109112,Customer_109112,21,Male,Jaipur,Rajasthan,Salaried,706000.0,701,2026-01-27
C109113,Customer_109113,52,Female,Noida,Uttar Pradesh,Professional,946000.0,733,2025-06-19
C109114,Customer_109114,37,Male,Gurugram,Haryana,Salaried,854000.0,760,2020-03-29
C109115,Customer_109115,33,Male,Kolkata,West Bengal,Professional,1417000.0,834,2018-10-04
C109116,Customer_109116,49,Male,Jaipur,Rajasthan,Professional,250000.0,749,2018-12-30
C109117,Customer_109117,28,Female,Chennai,Tamil Nadu,Self-Employed,1382000.0,734,2021-07-15
C109118,Customer_109118,44,Male,Delhi,Delhi,Salaried,1354000.0,850,2026-01-08
C109119,Customer_109119,42,Female,Chennai,Tamil Nadu,Professional,852000.0,593,2025-01-12
C109120,Customer_109120,51,Male,Jaipur,Rajasthan,Professional,1015000.0,714,2025-07-21
C109121,Customer_109121,49,Male,Ahmedabad,Gujarat,Salaried,702000.0,672,2019-02-26
C109122,Customer_109122,51,Male,Lucknow,Uttar Pradesh,Professional,250000.0,705,2017-01-25
C109123,Customer_109123,30,Other,Lucknow,Uttar Pradesh,Professional,1082000.0,759,2023-04-08
C109124,Customer_109124,27,Male,Bengaluru,Karnataka,Salaried,949000.0,784,2020-09-28
C109125,Customer_109125,45,Male,Delhi,Delhi,Salaried,957000.0,686,2021-04-25
C109126,Customer_109126,23,Female,Hyderabad,Telangana,Salaried,1043000.0,763,2023-11-04
C109127,Customer_109127,41,Male,Noida,Uttar Pradesh,Salaried,608000.0,662,2026-03-18
C109128,Customer_109128,49,Male,Gurugram,Haryana,Professional,1447000.0,637,2018-08-27
C109129,Customer_109129,57,Male,Mumbai,Maharashtra,Professional,853000.0,725,2022-09-01
C109130,Customer_109130,50,Female,Mumbai,Maharashtra,Salaried,1067000.0,706,2017-04-19
C109131,Customer_109131,65,Male,Kolkata,West Bengal,Self-Employed,741000.0,817,2021-09-01
C109132,Customer_109132,46,Female,Ahmedabad,Gujarat,Salaried,1270000.0,850,2017-05-04
C109133,Customer_109133,41,Female,Lucknow,Uttar Pradesh,Salaried,892000.0,680,2024-08-07
C109134,Customer_109134,32,Female,Gurugram,Haryana,Self-Employed,816000.0,602,2022-04-05
C109135,Customer_109135,51,Male,Bengaluru,Karnataka,Self-Employed,1333000.0,631,2019-05-22
C109136,Customer_109136,57,Female,Delhi,Delhi,Salaried,250000.0,666,2019-02-22
C109137,Customer_109137,35,Female,Ahmedabad,Gujarat,Salaried,738000.0,733,2023-02-03
C109138,Customer_109138,24,Female,Kolkata,West Bengal,Professional,605000.0,703,2019-05-27
C109139,Customer_109139,21,Male,Lucknow,Uttar Pradesh,Salaried,1000000.0,638,2020-08-04
C109140,Customer_109140,49,Female,Kolkata,West Bengal,Salaried,976000.0,836,2017-02-21
C109141,Customer_109141,50,Female,Kolkata,West Bengal,Professional,845000.0,763,2020-04-01
C109142,Customer_109142,26,Female,Hyderabad,Telangana,Professional,564000.0,834,2023-10-05
C109143,Customer_109143,22,Male,Mumbai,Maharashtra,Self-Employed,840000.0,603,2017-07-14
C109144,Customer_109144,50,Female,Noida,Uttar Pradesh,Salaried,979000.0,803,2024-11-08
C109145,Customer_109145,38,Female,Gurugram,Haryana,Self-Employed,779000.0,710,2019-07-06
C109146,Customer_109146,39,Female,Mumbai,Maharashtra,Self-Employed,1293000.0,695,2023-10-30
C109147,Customer_109147,32,Female,Jaipur,Rajasthan,Salaried,1095000.0,722,2018-04-20
C109148,Customer_109148,53,Female,Chennai,Tamil Nadu,Salaried,858000.0,675,2018-04-09
C109149,Customer_109149,54,Male,Pune,Maharashtra,Salaried,250000.0,711,2025-02-05
C109150,Customer_109150,23,Male,Noida,Uttar Pradesh,Salaried,763000.0,782,2025-11-29
C109151,Customer_109151,25,Male,Noida,Uttar Pradesh,Professional,1102000.0,592,2019-06-29
C109152,Customer_109152,45,Female,Bengaluru,Karnataka,Self-Employed,738000.0,817,2025-12-16
C109153,Customer_109153,48,Male,Hyderabad,Telangana,Salaried,971000.0,746,2024-08-10
C109154,Customer_109154,27,Female,Gurugram,Haryana,Salaried,760000.0,713,2019-06-01
C109155,Customer_109155,28,Other,Lucknow,Uttar Pradesh,Salaried,943000.0,781,2024-06-27
C109156,Customer_109156,51,Female,Delhi,Delhi,Salaried,1410000.0,744,2026-02-25
C109157,Customer_109157,41,Female,Noida,Uttar Pradesh,Salaried,1165000.0,689,2019-10-25
C109158,Customer_109158,26,Female,Pune,Maharashtra,Professional,332000.0,670,2021-02-19
C109159,Customer_109159,48,Male,Ahmedabad,Gujarat,Professional,250000.0,817,2019-09-08
C109160,Customer_109160,24,Male,Delhi,Delhi,Professional,1027000.0,624,2017-05-22
C109161,Customer_109161,31,Female,Jaipur,Rajasthan,Salaried,1317000.0,707,2025-09-13
C109162,Customer_109162,53,Female,Jaipur,Rajasthan,Business Owner,250000.0,628,2022-05-11
C109163,Customer_109163,31,Male,Ahmedabad,Gujarat,Self-Employed,766000.0,752,2018-09-12
C109164,Customer_109164,23,Male,Gurugram,Haryana,Salaried,1799000.0,714,2021-11-26
C109165,Customer_109165,64,Female,Lucknow,Uttar Pradesh,Salaried,743000.0,639,2024-04-06
C109166,Customer_109166,31,Male,Noida,Uttar Pradesh,Salaried,1860000.0,664,2024-12-28
C109167,Customer_109167,44,Female,Jaipur,Rajasthan,Salaried,521000.0,723,2024-04-05
C109168,Customer_109168,58,Male,Lucknow,Uttar Pradesh,Professional,591000.0,739,2020-04-24
C109169,Customer_109169,65,Female,Jaipur,Rajasthan,Self-Employed,569000.0,594,2025-08-09
C109170,Customer_109170,57,Male,Jaipur,Rajasthan,Professional,338000.0,674,2024-02-20
C109171,Customer_109171,36,Female,Kolkata,West Bengal,Self-Employed,250000.0,730,2021-03-01
C109172,Customer_109172,59,Female,Gurugram,Haryana,Salaried,762000.0,799,2024-04-28
C109173,Customer_109173,21,Male,Delhi,Delhi,Salaried,908000.0,775,2026-03-29
C109174,Customer_109174,35,Male,Kolkata,West Bengal,Salaried,563000.0,690,2017-04-29
C109175,Customer_109175,29,Female,Pune,Maharashtra,Professional,660000.0,785,2022-09-02
C109176,Customer_109176,44,Male,Noida,Uttar Pradesh,Salaried,1428000.0,700,2023-04-08
C109177,Customer_109177,61,Female,Delhi,Delhi,Salaried,1239000.0,517,2025-02-14
C109178,Customer_109178,55,Male,Ahmedabad,Gujarat,Salaried,747000.0,814,2021-06-19
C109179,Customer_109179,65,Female,Bengaluru,Karnataka,Business Owner,1022000.0,750,2020-03-12
C109180,Customer_109180,27,Male,Noida,Uttar Pradesh,Salaried,250000.0,732,2018-11-20
C109181,Customer_109181,54,Female,Noida,Uttar Pradesh,Salaried,958000.0,721,2020-11-05
C109182,Customer_109182,53,Female,Bengaluru,Karnataka,Business Owner,825000.0,740,2020-11-18
C109183,Customer_109183,41,Male,Noida,Uttar Pradesh,Salaried,700000.0,720,2024-09-24
C109184,Customer_109184,25,Male,Pune,Maharashtra,Self-Employed,863000.0,701,2024-12-24
C109185,Customer_109185,25,Female,Lucknow,Uttar Pradesh,Self-Employed,798000.0,678,2021-09-17
C109186,Customer_109186,62,Female,Jaipur,Rajasthan,Salaried,325000.0,725,2023-06-04
C109187,Customer_109187,34,Other,Delhi,Delhi,Salaried,1522000.0,663,2023-11-03
C109188,Customer_109188,49,Female,Bengaluru,Karnataka,Salaried,1230000.0,646,2022-11-03
C109189,Customer_109189,63,Female,Chennai,Tamil Nadu,Salaried,695000.0,738,2023-12-26
C109190,Customer_109190,43,Female,Bengaluru,Karnataka,Self-Employed,250000.0,784,2017-10-05
C109191,Customer_109191,30,Female,Mumbai,Maharashtra,Salaried,250000.0,668,2021-04-22
C109192,Customer_109192,42,Female,Lucknow,Uttar Pradesh,Salaried,1652000.0,680,2023-03-17
C109193,Customer_109193,31,Male,Noida,Uttar Pradesh,Self-Employed,781000.0,610,2021-10-28
C109194,Customer_109194,29,Female,Pune,Maharashtra,Business Owner,1155000.0,634,2024-01-23
C109195,Customer_109195,57,Female,Bengaluru,Karnataka,Professional,471000.0,637,2019-12-11
C109196,Customer_109196,36,Male,Bengaluru,Karnataka,Professional,727000.0,783,2025-11-04
C109197,Customer_109197,51,Male,Noida,Uttar Pradesh,Salaried,747000.0,607,2018-02-27
C109198,Customer_109198,53,Female,Hyderabad,Telangana,Salaried,947000.0,750,2024-06-06
C109199,Customer_109199,45,Female,Delhi,Delhi,Self-Employed,886000.0,703,2023-10-05
C109200,Customer_109200,45,Male,Chennai,Tamil Nadu,Business Owner,481000.0,759,2017-09-29
C109201,Customer_109201,29,Female,Pune,Maharashtra,Salaried,477000.0,796,2019-04-16
C109202,Customer_109202,44,Female,Ahmedabad,Gujarat,Professional,817000.0,718,2025-10-13
C109203,Customer_109203,54,Male,Chennai,Tamil Nadu,Self-Employed,250000.0,794,2023-05-08
C109204,Customer_109204,29,Female,Lucknow,Uttar Pradesh,Salaried,521000.0,821,2024-05-16
C109205,Customer_109205,31,Male,Ahmedabad,Gujarat,Business Owner,788000.0,808,2024-11-10
C109206,Customer_109206,52,Female,Lucknow,Uttar Pradesh,Salaried,1009000.0,676,2017-01-12
C109207,Customer_109207,65,Male,Chennai,Tamil Nadu,Professional,1451000.0,592,2024-11-30
C109208,Customer_109208,38,Female,Ahmedabad,Gujarat,Salaried,659000.0,712,2023-08-21
C109209,Customer_109209,58,Male,Chennai,Tamil Nadu,Self-Employed,864000.0,732,2019-04-12
C109210,Customer_109210,29,Female,Jaipur,Rajasthan,Self-Employed,250000.0,593,2019-10-31
C109211,Customer_109211,46,Female,Jaipur,Rajasthan,Salaried,984000.0,724,2020-09-02
C109212,Customer_109212,63,Male,Hyderabad,Telangana,Self-Employed,486000.0,553,2022-08-20
C109213,Customer_109213,40,Female,Lucknow,Uttar Pradesh,Salaried,727000.0,820,2019-07-03
C109214,Customer_109214,43,Male,Noida,Uttar Pradesh,Salaried,1040000.0,751,2019-08-20
C109215,Customer_109215,27,Female,Noida,Uttar Pradesh,Salaried,1057000.0,667,2022-01-14
C109216,Customer_109216,44,Female,Bengaluru,Karnataka,Business Owner,269000.0,728,2023-10-19
C109217,Customer_109217,47,Female,Jaipur,Rajasthan,Professional,1171000.0,736,2021-01-02
C109218,Customer_109218,65,Female,Mumbai,Maharashtra,Salaried,834000.0,751,2018-09-27
C109219,Customer_109219,30,Female,Mumbai,Maharashtra,Business Owner,1357000.0,725,2018-01-17
C109220,Customer_109220,37,Male,Lucknow,Uttar Pradesh,Professional,1435000.0,781,2024-10-08
C109221,Customer_109221,50,Male,Mumbai,Maharashtra,Salaried,1492000.0,638,2021-07-21
C109222,Customer_109222,63,Male,Noida,Uttar Pradesh,Professional,280000.0,712,2017-09-05
C109223,Customer_109223,31,Male,Pune,Maharashtra,Salaried,1011000.0,836,2020-06-22
C109224,Customer_109224,52,Female,Hyderabad,Telangana,Business Owner,250000.0,697,2017-03-23
C109225,Customer_109225,60,Male,Delhi,Delhi,Self-Employed,1371000.0,736,2018-11-16
C109226,Customer_109226,49,Female,Jaipur,Rajasthan,Professional,1428000.0,655,2018-03-25
C109227,Customer_109227,40,Male,Jaipur,Rajasthan,Salaried,1241000.0,850,2025-08-21
C109228,Customer_109228,31,Male,Pune,Maharashtra,Salaried,680000.0,739,2020-07-31
C109229,Customer_109229,33,Female,Gurugram,Haryana,Business Owner,1068000.0,638,2018-08-13
C109230,Customer_109230,23,Male,Hyderabad,Telangana,Self-Employed,629000.0,791,2023-02-11
C109231,Customer_109231,27,Female,Kolkata,West Bengal,Self-Employed,856000.0,650,2026-04-05
C109232,Customer_109232,40,Female,Hyderabad,Telangana,Self-Employed,813000.0,764,2021-06-23
C109233,Customer_109233,27,Female,Kolkata,West Bengal,Self-Employed,250000.0,787,2018-09-14
C109234,Customer_109234,21,Female,Mumbai,Maharashtra,Salaried,526000.0,850,2021-06-06
C109235,Customer_109235,52,Female,Pune,Maharashtra,Salaried,1758000.0,735,2022-10-22
C109236,Customer_109236,24,Male,Kolkata,West Bengal,Salaried,815000.0,723,2025-01-21
C109237,Customer_109237,27,Female,Kolkata,West Bengal,Salaried,914000.0,588,2018-04-22
C109238,Customer_109238,47,Male,Pune,Maharashtra,Business Owner,847000.0,690,2022-03-17
C109239,Customer_109239,62,Male,Ahmedabad,Gujarat,Salaried,686000.0,674,2017-05-23
C109240,Customer_109240,53,Female,Kolkata,West Bengal,Salaried,864000.0,708,2021-09-22
C109241,Customer_109241,22,Female,Hyderabad,Telangana,Salaried,687000.0,686,2017-02-20
C109242,Customer_109242,28,Female,Bengaluru,Karnataka,Professional,250000.0,771,2020-11-27
C109243,Customer_109243,54,Female,Ahmedabad,Gujarat,Salaried,1164000.0,684,2021-08-11
C109244,Customer_109244,53,Female,Lucknow,Uttar Pradesh,Salaried,1495000.0,751,2026-02-09
C109245,Customer_109245,38,Female,Gurugram,Haryana,Business Owner,384000.0,712,2018-10-17
C109246,Customer_109246,63,Male,Ahmedabad,Gujarat,Salaried,685000.0,680,2019-04-06
C109247,Customer_109247,60,Male,Lucknow,Uttar Pradesh,Business Owner,1450000.0,674,2022-05-24
C109248,Customer_109248,54,Female,Noida,Uttar Pradesh,Salaried,541000.0,735,2018-06-13
C109249,Customer_109249,54,Female,Kolkata,West Bengal,Business Owner,1005000.0,809,2017-07-18
C109250,Customer_109250,56,Male,Mumbai,Maharashtra,Salaried,2581000.0,672,2021-08-02
C109251,Customer_109251,27,Male,Ahmedabad,Gujarat,Salaried,1103000.0,723,2019-03-25
C109252,Customer_109252,52,Male,Ahmedabad,Gujarat,Salaried,878000.0,751,2023-04-24
C109253,Customer_109253,63,Female,Hyderabad,Telangana,Self-Employed,1203000.0,719,2017-11-13
C109254,Customer_109254,31,Male,Noida,Uttar Pradesh,Business Owner,1161000.0,606,2017-03-15
C109255,Customer_109255,21,Male,Noida,Uttar Pradesh,Salaried,585000.0,751,2019-01-26
C109256,Customer_109256,37,Male,Hyderabad,Telangana,Self-Employed,250000.0,622,2024-12-23
C109257,Customer_109257,33,Male,Pune,Maharashtra,Salaried,1088000.0,623,2022-02-23
C109258,Customer_109258,63,Female,Bengaluru,Karnataka,Business Owner,1148000.0,635,2019-08-21
C109259,Customer_109259,41,Female,Bengaluru,Karnataka,Professional,731000.0,709,2022-07-22
C109260,Customer_109260,50,Male,Hyderabad,Telangana,Salaried,1508000.0,657,2023-01-04
C109261,Customer_109261,65,Female,Chennai,Tamil Nadu,Salaried,1428000.0,627,2021-02-12
C109262,Customer_109262,56,Female,Hyderabad,Telangana,Business Owner,1160000.0,745,2018-08-13
C109263,Customer_109263,54,Female,Mumbai,Maharashtra,Professional,739000.0,718,2020-06-09
C109264,Customer_109264,64,Male,Pune,Maharashtra,Self-Employed,250000.0,769,2025-02-12
C109265,Customer_109265,51,Male,Ahmedabad,Gujarat,Salaried,780000.0,673,2023-07-15
C109266,Customer_109266,31,Female,Hyderabad,Telangana,Business Owner,250000.0,716,2020-05-05
C109267,Customer_109267,53,Female,Kolkata,West Bengal,Salaried,250000.0,772,2025-05-12
C109268,Customer_109268,35,Male,Hyderabad,Telangana,Professional,1109000.0,635,2018-09-28
C109269,Customer_109269,35,Female,Jaipur,Rajasthan,Business Owner,1319000.0,677,2018-07-22
C109270,Customer_109270,50,Male,Ahmedabad,Gujarat,Professional,250000.0,785,2017-03-09
C109271,Customer_109271,35,Male,Lucknow,Uttar Pradesh,Professional,747000.0,721,2017-11-07
C109272,Customer_109272,22,Male,Delhi,Delhi,Professional,843000.0,710,2019-11-16
C109273,Customer_109273,65,Female,Noida,Uttar Pradesh,Salaried,733000.0,717,2017-07-06
C109274,Customer_109274,46,Male,Chennai,Tamil Nadu,Professional,299000.0,799,2020-07-13
C109275,Customer_109275,51,Male,Delhi,Delhi,Salaried,1382000.0,718,2017-08-26
C109276,Customer_109276,57,Male,Jaipur,Rajasthan,Salaried,310000.0,723,2017-04-30
C109277,Customer_109277,49,Male,Bengaluru,Karnataka,Salaried,250000.0,719,2022-06-05
C109278,Customer_109278,48,Male,Bengaluru,Karnataka,Salaried,300000.0,615,2022-03-04
C109279,Customer_109279,56,Female,Lucknow,Uttar Pradesh,Salaried,1043000.0,753,2024-05-26
C109280,Customer_109280,34,Female,Bengaluru,Karnataka,Salaried,743000.0,667,2021-03-26
C109281,Customer_109281,58,Male,Kolkata,West Bengal,Salaried,542000.0,638,2025-01-16
C109282,Customer_109282,53,Male,Bengaluru,Karnataka,Salaried,1061000.0,606,2021-08-04
C109283,Customer_109283,29,Female,Mumbai,Maharashtra,Salaried,983000.0,620,2019-07-13
C109284,Customer_109284,27,Male,Delhi,Delhi,Self-Employed,250000.0,572,2018-03-30
C109285,Customer_109285,60,Male,Delhi,Delhi,Self-Employed,1057000.0,653,2021-07-25
C109286,Customer_109286,61,Female,Pune,Maharashtra,Self-Employed,1322000.0,692,2020-07-26
C109287,Customer_109287,65,Female,Pune,Maharashtra,Business Owner,801000.0,789,2021-10-14
C109288,Customer_109288,25,Male,Delhi,Delhi,Self-Employed,756000.0,724,2026-01-04
C109289,Customer_109289,61,Male,Chennai,Tamil Nadu,Salaried,1608000.0,736,2017-06-29
C109290,Customer_109290,59,Male,Hyderabad,Telangana,Salaried,566000.0,803,2020-04-30
C109291,Customer_109291,55,Male,Kolkata,West Bengal,Salaried,784000.0,535,2018-04-09
C109292,Customer_109292,43,Female,Lucknow,Uttar Pradesh,Salaried,982000.0,745,2024-05-20
C109293,Customer_109293,43,Female,Jaipur,Rajasthan,Professional,869000.0,740,2022-01-01
C109294,Customer_109294,40,Male,Lucknow,Uttar Pradesh,Salaried,741000.0,774,2018-02-27
C109295,Customer_109295,22,Male,Bengaluru,Karnataka,Professional,886000.0,603,2024-06-01
C109296,Customer_109296,43,Male,Bengaluru,Karnataka,Salaried,1478000.0,683,2018-02-22
C109297,Customer_109297,31,Male,Gurugram,Haryana,Self-Employed,1173000.0,659,2024-03-09
C109298,Customer_109298,30,Female,Hyderabad,Telangana,Salaried,820000.0,636,2026-04-20
C109299,Customer_109299,23,Male,Noida,Uttar Pradesh,Professional,504000.0,850,2021-10-08
C109300,Customer_109300,41,Female,Pune,Maharashtra,Business Owner,558000.0,683,2023-01-14
C109301,Customer_109301,23,Female,Bengaluru,Karnataka,Salaried,1230000.0,780,2017-03-22
C109302,Customer_109302,59,Female,Noida,Uttar Pradesh,Salaried,250000.0,766,2023-03-11
C109303,Customer_109303,61,Female,Kolkata,West Bengal,Self-Employed,1811000.0,626,2018-05-30
C109304,Customer_109304,57,Female,Gurugram,Haryana,Salaried,837000.0,686,2020-12-19
C109305,Customer_109305,34,Other,Pune,Maharashtra,Salaried,299000.0,724,2021-10-15
C109306,Customer_109306,28,Male,Mumbai,Maharashtra,Professional,923000.0,746,2024-02-01
C109307,Customer_109307,43,Male,Jaipur,Rajasthan,Self-Employed,530000.0,741,2024-04-18
C109308,Customer_109308,51,Male,Mumbai,Maharashtra,Salaried,682000.0,834,2025-08-22
C109309,Customer_109309,21,Female,Ahmedabad,Gujarat,Salaried,250000.0,779,2024-01-04
C109310,Customer_109310,59,Female,Pune,Maharashtra,Salaried,755000.0,763,2017-10-06
C109311,Customer_109311,40,Male,Gurugram,Haryana,Business Owner,250000.0,783,2023-05-15
C109312,Customer_109312,57,Female,Noida,Uttar Pradesh,Salaried,610000.0,808,2018-08-10
C109313,Customer_109313,24,Female,Chennai,Tamil Nadu,Salaried,519000.0,680,2025-10-26
C109314,Customer_109314,40,Female,Noida,Uttar Pradesh,Salaried,649000.0,617,2025-01-23
C109315,Customer_109315,41,Male,Mumbai,Maharashtra,Professional,544000.0,681,2019-11-18
C109316,Customer_109316,23,Male,Mumbai,Maharashtra,Salaried,864000.0,631,2017-09-27
C109317,Customer_109317,52,Male,Lucknow,Uttar Pradesh,Self-Employed,1205000.0,656,2025-06-03
C109318,Customer_109318,62,Male,Kolkata,West Bengal,Salaried,994000.0,726,2020-05-06
C109319,Customer_109319,45,Female,Pune,Maharashtra,Business Owner,1370000.0,684,2024-12-02
C109320,Customer_109320,38,Male,Mumbai,Maharashtra,Salaried,651000.0,762,2017-10-10
C109321,Customer_109321,49,Male,Hyderabad,Telangana,Professional,980000.0,740,2019-05-13
C109322,Customer_109322,37,Male,Jaipur,Rajasthan,Professional,996000.0,744,2020-10-19
C109323,Customer_109323,37,Female,Gurugram,Haryana,Salaried,1311000.0,638,2018-03-11
C109324,Customer_109324,55,Male,Noida,Uttar Pradesh,Salaried,558000.0,663,2021-03-01
C109325,Customer_109325,47,Female,Chennai,Tamil Nadu,Professional,1166000.0,596,2025-08-09
C109326,Customer_109326,32,Male,Pune,Maharashtra,Salaried,507000.0,757,2018-09-05
C109327,Customer_109327,39,Female,Mumbai,Maharashtra,Business Owner,622000.0,845,2020-11-28
C109328,Customer_109328,58,Male,Delhi,Delhi,Business Owner,707000.0,732,2017-10-05
C109329,Customer_109329,44,Male,Pune,Maharashtra,Salaried,1031000.0,737,2023-02-16
C109330,Customer_109330,24,Other,Kolkata,West Bengal,Salaried,415000.0,685,2020-11-20
C109331,Customer_109331,59,Female,Mumbai,Maharashtra,Salaried,471000.0,706,2021-09-30
C109332,Customer_109332,54,Female,Chennai,Tamil Nadu,Self-Employed,592000.0,803,2021-10-16
C109333,Customer_109333,33,Female,Ahmedabad,Gujarat,Salaried,869000.0,726,2023-02-14
C109334,Customer_109334,64,Male,Gurugram,Haryana,Business Owner,476000.0,762,2023-11-11
C109335,Customer_109335,63,Female,Lucknow,Uttar Pradesh,Salaried,956000.0,805,2026-01-07
C109336,Customer_109336,65,Male,Chennai,Tamil Nadu,Business Owner,707000.0,792,2023-10-05
C109337,Customer_109337,38,Female,Chennai,Tamil Nadu,Salaried,1113000.0,722,2024-11-14
C109338,Customer_109338,62,Female,Noida,Uttar Pradesh,Salaried,875000.0,727,2017-08-26
C109339,Customer_109339,57,Female,Jaipur,Rajasthan,Salaried,1551000.0,695,2018-02-20
C109340,Customer_109340,60,Female,Hyderabad,Telangana,Salaried,898000.0,752,2021-01-29
C109341,Customer_109341,45,Female,Jaipur,Rajasthan,Salaried,363000.0,693,2018-04-18
C109342,Customer_109342,33,Female,Mumbai,Maharashtra,Professional,765000.0,743,2024-11-08
C109343,Customer_109343,31,Male,Pune,Maharashtra,Salaried,858000.0,787,2024-12-28
C109344,Customer_109344,64,Female,Hyderabad,Telangana,Salaried,487000.0,610,2022-07-23
C109345,Customer_109345,43,Female,Lucknow,Uttar Pradesh,Self-Employed,1457000.0,599,2021-07-14
C109346,Customer_109346,62,Male,Delhi,Delhi,Self-Employed,726000.0,717,2024-12-16
C109347,Customer_109347,45,Female,Noida,Uttar Pradesh,Salaried,592000.0,763,2022-04-15
C109348,Customer_109348,45,Male,Hyderabad,Telangana,Salaried,923000.0,739,2025-11-07
C109349,Customer_109349,24,Female,Delhi,Delhi,Salaried,488000.0,641,2024-07-02
C109350,Customer_109350,39,Female,Ahmedabad,Gujarat,Salaried,1237000.0,778,2020-02-11
C109351,Customer_109351,46,Male,Jaipur,Rajasthan,Salaried,1156000.0,844,2023-01-08
C109352,Customer_109352,25,Male,Mumbai,Maharashtra,Salaried,902000.0,664,2018-03-29
C109353,Customer_109353,28,Female,Delhi,Delhi,Self-Employed,1087000.0,673,2017-06-08
C109354,Customer_109354,47,Male,Mumbai,Maharashtra,Professional,650000.0,722,2017-10-13
C109355,Customer_109355,32,Other,Chennai,Tamil Nadu,Salaried,250000.0,712,2026-03-08
C109356,Customer_109356,52,Male,Mumbai,Maharashtra,Salaried,720000.0,798,2018-03-06
C109357,Customer_109357,41,Male,Jaipur,Rajasthan,Professional,649000.0,738,2018-12-02
C109358,Customer_109358,39,Male,Delhi,Delhi,Self-Employed,250000.0,701,2023-05-10
C109359,Customer_109359,26,Female,Gurugram,Haryana,Self-Employed,427000.0,682,2018-08-14
C109360,Customer_109360,39,Female,Noida,Uttar Pradesh,Professional,358000.0,621,2018-02-11
C109361,Customer_109361,45,Female,Jaipur,Rajasthan,Self-Employed,428000.0,809,2023-06-24
C109362,Customer_109362,46,Female,Lucknow,Uttar Pradesh,Business Owner,1383000.0,761,2025-11-13
C109363,Customer_109363,33,Female,Lucknow,Uttar Pradesh,Salaried,1055000.0,714,2018-03-14
C109364,Customer_109364,22,Male,Delhi,Delhi,Professional,1236000.0,727,2023-02-19
C109365,Customer_109365,63,Male,Chennai,Tamil Nadu,Self-Employed,1054000.0,713,2021-12-23
C109366,Customer_109366,64,Female,Gurugram,Haryana,Salaried,1283000.0,605,2025-11-23
C109367,Customer_109367,61,Male,Chennai,Tamil Nadu,Self-Employed,861000.0,628,2025-11-18
C109368,Customer_109368,34,Female,Jaipur,Rajasthan,Salaried,1456000.0,707,2022-03-31
C109369,Customer_109369,48,Female,Gurugram,Haryana,Salaried,357000.0,706,2025-03-29
C109370,Customer_109370,27,Female,Lucknow,Uttar Pradesh,Salaried,823000.0,719,2018-11-19
C109371,Customer_109371,61,Female,Hyderabad,Telangana,Self-Employed,440000.0,830,2022-07-03
C109372,Customer_109372,21,Female,Chennai,Tamil Nadu,Salaried,1347000.0,701,2018-07-26
C109373,Customer_109373,42,Female,Delhi,Delhi,Self-Employed,1018000.0,670,2017-03-26
C109374,Customer_109374,59,Female,Hyderabad,Telangana,Self-Employed,1325000.0,723,2024-02-24
C109375,Customer_109375,53,Male,Hyderabad,Telangana,Salaried,289000.0,629,2022-04-06
C109376,Customer_109376,59,Male,Pune,Maharashtra,Salaried,609000.0,730,2017-01-01
C109377,Customer_109377,43,Male,Pune,Maharashtra,Salaried,250000.0,673,2024-07-07
C109378,Customer_109378,25,Female,Noida,Uttar Pradesh,Self-Employed,995000.0,735,2025-02-23
C109379,Customer_109379,21,Female,Gurugram,Haryana,Professional,679000.0,708,2020-09-15
C109380,Customer_109380,27,Female,Jaipur,Rajasthan,Salaried,1152000.0,711,2017-04-11
C109381,Customer_109381,23,Male,Delhi,Delhi,Self-Employed,863000.0,761,2019-10-02
C109382,Customer_109382,41,Female,Pune,Maharashtra,Professional,250000.0,768,2022-08-18
C109383,Customer_109383,23,Male,Jaipur,Rajasthan,Self-Employed,250000.0,850,2017-07-02
C109384,Customer_109384,29,Female,Bengaluru,Karnataka,Salaried,883000.0,765,2020-08-15
C109385,Customer_109385,39,Male,Pune,Maharashtra,Salaried,1036000.0,704,2019-01-18
C109386,Customer_109386,54,Female,Jaipur,Rajasthan,Professional,250000.0,679,2022-09-11
C109387,Customer_109387,51,Female,Gurugram,Haryana,Salaried,817000.0,743,2018-12-05
C109388,Customer_109388,23,Male,Noida,Uttar Pradesh,Salaried,443000.0,815,2024-04-13
C109389,Customer_109389,61,Male,Pune,Maharashtra,Salaried,406000.0,776,2019-10-29
C109390,Customer_109390,45,Male,Chennai,Tamil Nadu,Salaried,588000.0,674,2018-01-16
C109391,Customer_109391,36,Male,Chennai,Tamil Nadu,Self-Employed,899000.0,749,2019-07-11
C109392,Customer_109392,38,Male,Jaipur,Rajasthan,Professional,567000.0,734,2025-10-23
C109393,Customer_109393,59,Male,Pune,Maharashtra,Professional,250000.0,788,2024-06-03
C109394,Customer_109394,41,Male,Chennai,Tamil Nadu,Self-Employed,896000.0,740,2022-07-19
C109395,Customer_109395,32,Male,Bengaluru,Karnataka,Professional,710000.0,737,2018-12-08
C109396,Customer_109396,40,Female,Pune,Maharashtra,Business Owner,475000.0,643,2020-07-22
C109397,Customer_109397,24,Male,Bengaluru,Karnataka,Professional,727000.0,771,2021-05-05
C109398,Customer_109398,27,Male,Kolkata,West Bengal,Professional,711000.0,630,2026-02-11
C109399,Customer_109399,35,Female,Noida,Uttar Pradesh,Professional,868000.0,726,2020-01-07
C109400,Customer_109400,30,Male,Gurugram,Haryana,Salaried,751000.0,684,2024-07-22
C109401,Customer_109401,36,Female,Pune,Maharashtra,Salaried,916000.0,680,2019-08-31
C109402,Customer_109402,23,Female,Lucknow,Uttar Pradesh,Salaried,831000.0,758,2018-07-06
C109403,Customer_109403,48,Female,Lucknow,Uttar Pradesh,Self-Employed,1178000.0,720,2024-03-09
C109404,Customer_109404,26,Female,Pune,Maharashtra,Professional,1484000.0,564,2017-10-29
C109405,Customer_109405,30,Female,Gurugram,Haryana,Professional,844000.0,707,2024-02-22
C109406,Customer_109406,65,Female,Chennai,Tamil Nadu,Professional,601000.0,695,2025-08-04
C109407,Customer_109407,21,Female,Noida,Uttar Pradesh,Business Owner,275000.0,802,2018-05-17
C109408,Customer_109408,33,Male,Chennai,Tamil Nadu,Salaried,1109000.0,639,2022-06-12
C109409,Customer_109409,43,Female,Hyderabad,Telangana,Salaried,489000.0,845,2018-07-18
C109410,Customer_109410,34,Female,Mumbai,Maharashtra,Self-Employed,1789000.0,776,2021-04-25
C109411,Customer_109411,35,Female,Noida,Uttar Pradesh,Salaried,1962000.0,702,2021-04-20
C109412,Customer_109412,26,Male,Hyderabad,Telangana,Business Owner,765000.0,693,2017-09-20
C109413,Customer_109413,40,Male,Gurugram,Haryana,Self-Employed,250000.0,679,2018-09-25
C109414,Customer_109414,54,Female,Mumbai,Maharashtra,Salaried,1112000.0,741,2022-01-17
C109415,Customer_109415,47,Male,Kolkata,West Bengal,Self-Employed,1690000.0,669,2024-10-25
C109416,Customer_109416,62,Female,Pune,Maharashtra,Self-Employed,325000.0,712,2019-07-13
C109417,Customer_109417,52,Male,Pune,Maharashtra,Business Owner,1609000.0,649,2024-10-24
C109418,Customer_109418,56,Male,Bengaluru,Karnataka,Business Owner,250000.0,766,2018-10-19
C109419,Customer_109419,40,Male,Delhi,Delhi,Salaried,268000.0,731,2017-03-25
C109420,Customer_109420,48,Female,Chennai,Tamil Nadu,Business Owner,974000.0,690,2020-08-22
C109421,Customer_109421,47,Female,Pune,Maharashtra,Salaried,1257000.0,704,2017-01-08
C109422,Customer_109422,57,Female,Gurugram,Haryana,Salaried,823000.0,675,2017-05-02
C109423,Customer_109423,43,Female,Pune,Maharashtra,Salaried,1030000.0,740,2019-11-03
C109424,Customer_109424,39,Female,Bengaluru,Karnataka,Business Owner,1292000.0,638,2022-07-26
C109425,Customer_109425,24,Male,Hyderabad,Telangana,Professional,1338000.0,779,2025-12-18
C109426,Customer_109426,59,Male,Ahmedabad,Gujarat,Salaried,601000.0,731,2022-10-13
C109427,Customer_109427,40,Female,Pune,Maharashtra,Business Owner,505000.0,691,2023-04-10
C109428,Customer_109428,56,Female,Noida,Uttar Pradesh,Professional,1271000.0,758,2023-06-21
C109429,Customer_109429,51,Male,Pune,Maharashtra,Professional,1032000.0,745,2021-11-17
C109430,Customer_109430,21,Female,Kolkata,West Bengal,Salaried,1085000.0,652,2017-03-19
C109431,Customer_109431,50,Male,Delhi,Delhi,Salaried,586000.0,805,2020-03-06
C109432,Customer_109432,42,Female,Bengaluru,Karnataka,Salaried,1105000.0,558,2018-08-20
C109433,Customer_109433,31,Female,Noida,Uttar Pradesh,Professional,412000.0,791,2022-03-21
C109434,Customer_109434,32,Male,Chennai,Tamil Nadu,Salaried,949000.0,709,2024-03-10
C109435,Customer_109435,49,Female,Pune,Maharashtra,Salaried,895000.0,784,2020-12-18
C109436,Customer_109436,24,Female,Ahmedabad,Gujarat,Professional,897000.0,814,2022-05-08
C109437,Customer_109437,48,Female,Delhi,Delhi,Salaried,1162000.0,692,2022-12-12
C109438,Customer_109438,59,Female,Kolkata,West Bengal,Self-Employed,442000.0,695,2017-01-31
C109439,Customer_109439,24,Male,Chennai,Tamil Nadu,Professional,1121000.0,740,2023-12-23
C109440,Customer_109440,21,Male,Mumbai,Maharashtra,Salaried,858000.0,646,2023-10-21
C109441,Customer_109441,23,Male,Pune,Maharashtra,Salaried,533000.0,698,2025-12-26
C109442,Customer_109442,53,Male,Pune,Maharashtra,Salaried,321000.0,693,2020-11-17
C109443,Customer_109443,59,Male,Bengaluru,Karnataka,Self-Employed,1605000.0,643,2026-01-16
C109444,Customer_109444,65,Female,Kolkata,West Bengal,Salaried,822000.0,690,2019-06-14
C109445,Customer_109445,22,Male,Jaipur,Rajasthan,Salaried,708000.0,769,2020-10-12
C109446,Customer_109446,42,Female,Hyderabad,Telangana,Salaried,393000.0,764,2024-01-09
C109447,Customer_109447,23,Male,Lucknow,Uttar Pradesh,Salaried,1285000.0,708,2021-08-19
C109448,Customer_109448,37,Male,Ahmedabad,Gujarat,Business Owner,1254000.0,724,2020-05-10
C109449,Customer_109449,34,Female,Gurugram,Haryana,Salaried,1177000.0,700,2022-05-16
C109450,Customer_109450,48,Other,Delhi,Delhi,Business Owner,826000.0,606,2021-03-23
C109451,Customer_109451,61,Female,Gurugram,Haryana,Professional,1151000.0,654,2017-11-17
C109452,Customer_109452,57,Male,Chennai,Tamil Nadu,Business Owner,520000.0,782,2025-01-05
C109453,Customer_109453,23,Female,Jaipur,Rajasthan,Self-Employed,937000.0,798,2024-02-02
C109454,Customer_109454,31,Male,Gurugram,Haryana,Salaried,828000.0,664,2018-05-24
C109455,Customer_109455,33,Female,Hyderabad,Telangana,Salaried,957000.0,793,2019-01-04
C109456,Customer_109456,32,Female,Hyderabad,Telangana,Salaried,250000.0,642,2022-04-08
C109457,Customer_109457,36,Male,Delhi,Delhi,Salaried,1598000.0,686,2021-03-13
C109458,Customer_109458,48,Female,Ahmedabad,Gujarat,Professional,1497000.0,712,2017-12-20
C109459,Customer_109459,54,Female,Gurugram,Haryana,Salaried,390000.0,702,2020-05-02
C109460,Customer_109460,63,Male,Chennai,Tamil Nadu,Salaried,1081000.0,675,2026-02-07
C109461,Customer_109461,52,Male,Mumbai,Maharashtra,Business Owner,255000.0,728,2019-08-22
C109462,Customer_109462,34,Female,Hyderabad,Telangana,Professional,884000.0,770,2019-11-27
C109463,Customer_109463,29,Male,Chennai,Tamil Nadu,Business Owner,250000.0,626,2024-08-18
C109464,Customer_109464,37,Male,Noida,Uttar Pradesh,Salaried,733000.0,728,2025-06-22
C109465,Customer_109465,56,Male,Mumbai,Maharashtra,Self-Employed,655000.0,783,2018-10-04
C109466,Customer_109466,65,Female,Chennai,Tamil Nadu,Salaried,1313000.0,693,2020-06-01
C109467,Customer_109467,38,Male,Ahmedabad,Gujarat,Self-Employed,1517000.0,684,2024-11-16
C109468,Customer_109468,28,Female,Bengaluru,Karnataka,Self-Employed,1526000.0,665,2024-11-16
C109469,Customer_109469,21,Female,Noida,Uttar Pradesh,Business Owner,1313000.0,850,2020-09-30
C109470,Customer_109470,24,Male,Noida,Uttar Pradesh,Salaried,883000.0,817,2024-02-13
C109471,Customer_109471,49,Male,Chennai,Tamil Nadu,Professional,1005000.0,701,2019-11-06
C109472,Customer_109472,47,Female,Jaipur,Rajasthan,Salaried,1003000.0,797,2019-03-02
C109473,Customer_109473,49,Male,Gurugram,Haryana,Salaried,378000.0,686,2025-10-18
C109474,Customer_109474,22,Male,Jaipur,Rajasthan,Business Owner,1308000.0,710,2023-01-09
C109475,Customer_109475,40,Male,Bengaluru,Karnataka,Salaried,1126000.0,651,2024-04-09
C109476,Customer_109476,29,Female,Delhi,Delhi,Salaried,1145000.0,600,2019-03-05
C109477,Customer_109477,36,Female,Chennai,Tamil Nadu,Salaried,250000.0,682,2017-03-08
C109478,Customer_109478,48,Male,Mumbai,Maharashtra,Salaried,1031000.0,692,2017-03-06
C109479,Customer_109479,33,Male,Hyderabad,Telangana,Salaried,1252000.0,748,2023-06-28
C109480,Customer_109480,50,Male,Ahmedabad,Gujarat,Business Owner,844000.0,763,2019-10-19
C109481,Customer_109481,34,Female,Ahmedabad,Gujarat,Salaried,650000.0,712,2021-10-27
C109482,Customer_109482,43,Male,Bengaluru,Karnataka,Professional,305000.0,656,2023-08-13
C109483,Customer_109483,41,Other,Delhi,Delhi,Business Owner,276000.0,677,2024-02-23
C109484,Customer_109484,38,Female,Bengaluru,Karnataka,Business Owner,912000.0,823,2018-08-31
C109485,Customer_109485,26,Male,Pune,Maharashtra,Professional,756000.0,761,2022-05-08
C109486,Customer_109486,46,Female,Gurugram,Haryana,Self-Employed,750000.0,812,2022-11-05
C109487,Customer_109487,65,Female,Chennai,Tamil Nadu,Salaried,1462000.0,836,2022-04-15
C109488,Customer_109488,49,Female,Hyderabad,Telangana,Professional,348000.0,677,2024-02-14
C109489,Customer_109489,54,Male,Kolkata,West Bengal,Salaried,712000.0,773,2020-05-08
C109490,Customer_109490,57,Female,Delhi,Delhi,Salaried,1528000.0,661,2019-11-22
C109491,Customer_109491,22,Male,Bengaluru,Karnataka,Self-Employed,725000.0,787,2019-12-18
C109492,Customer_109492,56,Female,Delhi,Delhi,Salaried,877000.0,774,2017-12-14
C109493,Customer_109493,31,Male,Kolkata,West Bengal,Self-Employed,780000.0,583,2017-05-25
C109494,Customer_109494,50,Male,Pune,Maharashtra,Professional,1132000.0,746,2022-07-22
C109495,Customer_109495,65,Female,Kolkata,West Bengal,Self-Employed,250000.0,664,2026-04-14
C109496,Customer_109496,61,Male,Ahmedabad,Gujarat,Salaried,769000.0,698,2018-03-23
C109497,Customer_109497,39,Male,Chennai,Tamil Nadu,Salaried,872000.0,677,2019-05-05
C109498,Customer_109498,58,Female,Noida,Uttar Pradesh,Salaried,451000.0,779,2017-01-09
C109499,Customer_109499,48,Male,Lucknow,Uttar Pradesh,Salaried,987000.0,676,2019-04-10
C109500,Customer_109500,26,Female,Mumbai,Maharashtra,Self-Employed,1165000.0,637,2018-03-21
C109501,Customer_109501,31,Female,Lucknow,Uttar Pradesh,Business Owner,1031000.0,668,2026-04-10
C109502,Customer_109502,64,Male,Bengaluru,Karnataka,Self-Employed,1562000.0,706,2019-06-26
C109503,Customer_109503,62,Female,Bengaluru,Karnataka,Self-Employed,677000.0,747,2025-09-06
C109504,Customer_109504,61,Other,Kolkata,West Bengal,Salaried,1049000.0,798,2023-04-23
C109505,Customer_109505,38,Female,Delhi,Delhi,Salaried,1040000.0,753,2019-11-15
C109506,Customer_109506,35,Female,Chennai,Tamil Nadu,Self-Employed,756000.0,758,2020-02-05
C109507,Customer_109507,57,Female,Bengaluru,Karnataka,Salaried,1303000.0,768,2017-11-14
C109508,Customer_109508,21,Female,Pune,Maharashtra,Salaried,965000.0,773,2025-07-21
C109509,Customer_109509,61,Male,Gurugram,Haryana,Self-Employed,370000.0,787,2024-06-23
C109510,Customer_109510,48,Female,Lucknow,Uttar Pradesh,Salaried,1150000.0,850,2023-11-29
C109511,Customer_109511,49,Male,Bengaluru,Karnataka,Salaried,650000.0,772,2017-03-16
C109512,Customer_109512,40,Male,Kolkata,West Bengal,Salaried,721000.0,739,2026-03-12
C109513,Customer_109513,65,Male,Pune,Maharashtra,Salaried,751000.0,690,2019-04-23
C109514,Customer_109514,54,Female,Chennai,Tamil Nadu,Business Owner,1144000.0,740,2023-03-13
C109515,Customer_109515,23,Male,Ahmedabad,Gujarat,Salaried,1282000.0,795,2022-05-06
C109516,Customer_109516,44,Male,Lucknow,Uttar Pradesh,Professional,786000.0,641,2017-03-14
C109517,Customer_109517,59,Male,Chennai,Tamil Nadu,Salaried,763000.0,802,2020-09-05
C109518,Customer_109518,24,Male,Delhi,Delhi,Salaried,250000.0,692,2018-05-22
C109519,Customer_109519,54,Female,Noida,Uttar Pradesh,Salaried,566000.0,705,2018-08-08
C109520,Customer_109520,32,Male,Lucknow,Uttar Pradesh,Professional,471000.0,754,2019-07-06
C109521,Customer_109521,43,Male,Hyderabad,Telangana,Salaried,974000.0,686,2017-01-19
C109522,Customer_109522,60,Female,Kolkata,West Bengal,Business Owner,807000.0,750,2023-07-20
C109523,Customer_109523,43,Male,Noida,Uttar Pradesh,Professional,486000.0,645,2023-12-04
C109524,Customer_109524,22,Male,Kolkata,West Bengal,Salaried,911000.0,777,2023-01-03
C109525,Customer_109525,21,Female,Pune,Maharashtra,Salaried,823000.0,733,2021-04-01
C109526,Customer_109526,54,Female,Lucknow,Uttar Pradesh,Self-Employed,250000.0,720,2018-11-29
C109527,Customer_109527,62,Male,Gurugram,Haryana,Business Owner,1293000.0,738,2022-09-23
C109528,Customer_109528,34,Female,Kolkata,West Bengal,Salaried,1254000.0,719,2023-07-02
C109529,Customer_109529,63,Female,Mumbai,Maharashtra,Professional,755000.0,749,2018-12-29
C109530,Customer_109530,41,Female,Pune,Maharashtra,Self-Employed,991000.0,707,2019-08-07
C109531,Customer_109531,23,Male,Jaipur,Rajasthan,Professional,720000.0,701,2024-12-27
C109532,Customer_109532,44,Female,Hyderabad,Telangana,Salaried,250000.0,605,2023-03-23
C109533,Customer_109533,64,Female,Kolkata,West Bengal,Salaried,1715000.0,809,2021-08-07
C109534,Customer_109534,32,Female,Ahmedabad,Gujarat,Salaried,1150000.0,644,2019-11-23
C109535,Customer_109535,64,Female,Mumbai,Maharashtra,Professional,1226000.0,825,2019-01-18
C109536,Customer_109536,50,Female,Kolkata,West Bengal,Salaried,736000.0,704,2018-12-17
C109537,Customer_109537,38,Female,Jaipur,Rajasthan,Self-Employed,1300000.0,799,2025-04-02
C109538,Customer_109538,52,Male,Bengaluru,Karnataka,Salaried,302000.0,788,2021-08-10
C109539,Customer_109539,39,Male,Kolkata,West Bengal,Salaried,752000.0,783,2022-03-25
C109540,Customer_109540,24,Female,Jaipur,Rajasthan,Salaried,1146000.0,723,2026-02-17
C109541,Customer_109541,60,Male,Delhi,Delhi,Business Owner,599000.0,642,2023-06-24
C109542,Customer_109542,37,Female,Ahmedabad,Gujarat,Salaried,1214000.0,708,2023-01-08
C109543,Customer_109543,46,Female,Hyderabad,Telangana,Business Owner,972000.0,700,2019-02-06
C109544,Customer_109544,54,Female,Chennai,Tamil Nadu,Business Owner,934000.0,713,2020-04-10
C109545,Customer_109545,24,Male,Ahmedabad,Gujarat,Professional,562000.0,640,2017-08-10
C109546,Customer_109546,53,Female,Delhi,Delhi,Self-Employed,1012000.0,701,2021-10-29
C109547,Customer_109547,37,Female,Delhi,Delhi,Self-Employed,1623000.0,530,2019-07-19
C109548,Customer_109548,45,Female,Pune,Maharashtra,Self-Employed,920000.0,700,2021-01-31
C109549,Customer_109549,41,Female,Lucknow,Uttar Pradesh,Salaried,1072000.0,728,2020-12-13
C109550,Customer_109550,55,Male,Delhi,Delhi,Salaried,1131000.0,669,2017-04-17
C109551,Customer_109551,29,Female,Gurugram,Haryana,Professional,392000.0,702,2021-09-08
C109552,Customer_109552,25,Male,Delhi,Delhi,Salaried,797000.0,731,2023-04-12
C109553,Customer_109553,39,Female,Pune,Maharashtra,Salaried,785000.0,786,2024-06-26
C109554,Customer_109554,26,Male,Pune,Maharashtra,Self-Employed,250000.0,789,2018-11-30
C109555,Customer_109555,31,Male,Pune,Maharashtra,Business Owner,1166000.0,740,2020-09-04
C109556,Customer_109556,50,Male,Delhi,Delhi,Salaried,477000.0,718,2021-12-22
C109557,Customer_109557,57,Male,Gurugram,Haryana,Professional,1122000.0,743,2024-09-16
C109558,Customer_109558,52,Female,Hyderabad,Telangana,Salaried,547000.0,837,2017-08-30
C109559,Customer_109559,35,Female,Gurugram,Haryana,Salaried,1667000.0,753,2021-08-06
C109560,Customer_109560,57,Male,Ahmedabad,Gujarat,Professional,739000.0,737,2024-05-11
C109561,Customer_109561,39,Male,Kolkata,West Bengal,Salaried,1618000.0,790,2017-05-21
C109562,Customer_109562,29,Female,Hyderabad,Telangana,Self-Employed,781000.0,723,2017-03-01
C109563,Customer_109563,55,Male,Ahmedabad,Gujarat,Professional,829000.0,665,2017-10-24
C109564,Customer_109564,44,Male,Lucknow,Uttar Pradesh,Salaried,1477000.0,750,2019-12-29
C109565,Customer_109565,37,Male,Lucknow,Uttar Pradesh,Salaried,483000.0,731,2018-02-04
C109566,Customer_109566,50,Female,Noida,Uttar Pradesh,Professional,870000.0,706,2020-07-27
C109567,Customer_109567,53,Other,Bengaluru,Karnataka,Self-Employed,1066000.0,755,2019-10-13
C109568,Customer_109568,31,Male,Ahmedabad,Gujarat,Professional,1012000.0,602,2024-03-11
C109569,Customer_109569,26,Female,Chennai,Tamil Nadu,Professional,867000.0,685,2020-07-06
C109570,Customer_109570,44,Female,Lucknow,Uttar Pradesh,Self-Employed,812000.0,663,2026-01-24
C109571,Customer_109571,23,Other,Lucknow,Uttar Pradesh,Salaried,1189000.0,670,2018-06-17
C109572,Customer_109572,49,Female,Noida,Uttar Pradesh,Salaried,921000.0,710,2018-10-13
C109573,Customer_109573,40,Female,Mumbai,Maharashtra,Salaried,1237000.0,661,2024-06-19
C109574,Customer_109574,30,Female,Hyderabad,Telangana,Salaried,1007000.0,829,2018-04-18
C109575,Customer_109575,47,Female,Jaipur,Rajasthan,Business Owner,1110000.0,749,2020-06-29
C109576,Customer_109576,37,Male,Jaipur,Rajasthan,Professional,1303000.0,668,2022-10-15
C109577,Customer_109577,38,Female,Chennai,Tamil Nadu,Professional,726000.0,607,2025-04-24
C109578,Customer_109578,30,Female,Mumbai,Maharashtra,Professional,1293000.0,682,2019-01-09
C109579,Customer_109579,51,Male,Mumbai,Maharashtra,Salaried,787000.0,699,2019-07-30
C109580,Customer_109580,61,Male,Jaipur,Rajasthan,Salaried,290000.0,679,2017-03-24
C109581,Customer_109581,48,Male,Pune,Maharashtra,Salaried,718000.0,850,2020-10-11
C109582,Customer_109582,31,Male,Pune,Maharashtra,Self-Employed,561000.0,612,2019-02-28
C109583,Customer_109583,58,Male,Gurugram,Haryana,Professional,1000000.0,723,2019-09-16
C109584,Customer_109584,26,Male,Delhi,Delhi,Professional,736000.0,712,2019-03-09
C109585,Customer_109585,34,Male,Gurugram,Haryana,Professional,901000.0,704,2026-04-10
C109586,Customer_109586,22,Female,Hyderabad,Telangana,Salaried,1256000.0,594,2022-02-19
C109587,Customer_109587,59,Male,Lucknow,Uttar Pradesh,Salaried,1444000.0,717,2021-08-28
C109588,Customer_109588,23,Male,Lucknow,Uttar Pradesh,Salaried,967000.0,732,2021-03-11
C109589,Customer_109589,45,Male,Kolkata,West Bengal,Self-Employed,1284000.0,766,2022-06-16
C109590,Customer_109590,29,Male,Hyderabad,Telangana,Salaried,779000.0,751,2020-02-08
C109591,Customer_109591,30,Male,Bengaluru,Karnataka,Business Owner,250000.0,799,2018-05-27
C109592,Customer_109592,48,Other,Bengaluru,Karnataka,Salaried,378000.0,587,2019-09-10
C109593,Customer_109593,57,Male,Lucknow,Uttar Pradesh,Self-Employed,772000.0,705,2019-12-27
C109594,Customer_109594,21,Male,Bengaluru,Karnataka,Professional,1168000.0,850,2019-06-30
C109595,Customer_109595,28,Female,Pune,Maharashtra,Salaried,773000.0,789,2018-05-14
C109596,Customer_109596,33,Female,Pune,Maharashtra,Self-Employed,1324000.0,626,2025-01-08
C109597,Customer_109597,63,Male,Jaipur,Rajasthan,Business Owner,1583000.0,726,2021-01-10
C109598,Customer_109598,23,Male,Noida,Uttar Pradesh,Professional,495000.0,652,2021-04-16
C109599,Customer_109599,29,Female,Kolkata,West Bengal,Salaried,1700000.0,692,2025-04-18
C109600,Customer_109600,39,Male,Gurugram,Haryana,Self-Employed,250000.0,850,2024-12-16
C109601,Customer_109601,35,Male,Kolkata,West Bengal,Salaried,1590000.0,782,2019-04-19
C109602,Customer_109602,23,Other,Pune,Maharashtra,Salaried,837000.0,621,2026-04-09
C109603,Customer_109603,45,Other,Mumbai,Maharashtra,Salaried,757000.0,670,2020-12-04
C109604,Customer_109604,48,Female,Bengaluru,Karnataka,Self-Employed,847000.0,720,2021-08-13
C109605,Customer_109605,28,Male,Pune,Maharashtra,Salaried,530000.0,703,2025-09-10
C109606,Customer_109606,51,Female,Delhi,Delhi,Self-Employed,1451000.0,740,2025-08-23
C109607,Customer_109607,23,Female,Hyderabad,Telangana,Salaried,573000.0,670,2025-09-28
C109608,Customer_109608,53,Female,Pune,Maharashtra,Salaried,624000.0,696,2018-08-17
C109609,Customer_109609,32,Male,Pune,Maharashtra,Business Owner,298000.0,669,2017-09-26
C109610,Customer_109610,31,Male,Gurugram,Haryana,Salaried,558000.0,696,2019-11-20
C109611,Customer_109611,29,Male,Lucknow,Uttar Pradesh,Salaried,570000.0,766,2019-08-23
C109612,Customer_109612,60,Female,Jaipur,Rajasthan,Salaried,543000.0,739,2023-02-19
C109613,Customer_109613,43,Male,Delhi,Delhi,Salaried,780000.0,674,2018-06-30
C109614,Customer_109614,52,Male,Chennai,Tamil Nadu,Salaried,404000.0,794,2019-03-21
C109615,Customer_109615,30,Male,Jaipur,Rajasthan,Business Owner,1488000.0,789,2024-06-06
C109616,Customer_109616,23,Male,Ahmedabad,Gujarat,Self-Employed,789000.0,720,2022-07-06
C109617,Customer_109617,22,Female,Pune,Maharashtra,Salaried,1000000.0,703,2024-05-25
C109618,Customer_109618,40,Male,Pune,Maharashtra,Salaried,1195000.0,835,2025-05-15
C109619,Customer_109619,35,Male,Chennai,Tamil Nadu,Business Owner,1660000.0,824,2025-09-20
C109620,Customer_109620,55,Female,Kolkata,West Bengal,Salaried,1214000.0,622,2026-01-24
C109621,Customer_109621,56,Female,Bengaluru,Karnataka,Salaried,751000.0,798,2023-04-10
C109622,Customer_109622,34,Female,Kolkata,West Bengal,Salaried,421000.0,832,2021-12-24
C109623,Customer_109623,40,Female,Bengaluru,Karnataka,Business Owner,985000.0,763,2022-12-24
C109624,Customer_109624,38,Male,Jaipur,Rajasthan,Business Owner,1275000.0,690,2023-11-10
C109625,Customer_109625,51,Male,Noida,Uttar Pradesh,Salaried,907000.0,698,2025-02-14
C109626,Customer_109626,49,Male,Kolkata,West Bengal,Salaried,876000.0,831,2022-08-13
C109627,Customer_109627,50,Female,Chennai,Tamil Nadu,Business Owner,935000.0,774,2022-06-03
C109628,Customer_109628,23,Female,Lucknow,Uttar Pradesh,Salaried,250000.0,756,2020-11-28
C109629,Customer_109629,36,Male,Ahmedabad,Gujarat,Salaried,909000.0,850,2024-07-30
C109630,Customer_109630,64,Female,Pune,Maharashtra,Business Owner,1143000.0,654,2020-04-27
C109631,Customer_109631,36,Female,Delhi,Delhi,Salaried,832000.0,714,2020-03-12
C109632,Customer_109632,28,Female,Delhi,Delhi,Salaried,1299000.0,732,2022-09-20
C109633,Customer_109633,29,Male,Bengaluru,Karnataka,Self-Employed,1313000.0,706,2022-11-20
C109634,Customer_109634,22,Male,Bengaluru,Karnataka,Self-Employed,648000.0,600,2020-03-21
C109635,Customer_109635,56,Female,Jaipur,Rajasthan,Salaried,1027000.0,785,2017-02-09
C109636,Customer_109636,21,Female,Kolkata,West Bengal,Salaried,867000.0,671,2023-12-22
C109637,Customer_109637,47,Female,Lucknow,Uttar Pradesh,Salaried,250000.0,670,2017-10-30
C109638,Customer_109638,38,Female,Kolkata,West Bengal,Salaried,775000.0,697,2018-03-05
C109639,Customer_109639,25,Male,Noida,Uttar Pradesh,Salaried,438000.0,705,2018-01-09
C109640,Customer_109640,60,Female,Kolkata,West Bengal,Salaried,904000.0,712,2023-09-10
C109641,Customer_109641,54,Male,Chennai,Tamil Nadu,Salaried,1123000.0,783,2024-01-02
C109642,Customer_109642,57,Male,Jaipur,Rajasthan,Salaried,763000.0,796,2021-10-04
C109643,Customer_109643,63,Male,Pune,Maharashtra,Salaried,490000.0,703,2017-11-11
C109644,Customer_109644,62,Male,Hyderabad,Telangana,Self-Employed,944000.0,681,2017-10-06
C109645,Customer_109645,52,Male,Pune,Maharashtra,Self-Employed,1827000.0,712,2022-03-26
C109646,Customer_109646,45,Female,Ahmedabad,Gujarat,Professional,250000.0,662,2024-10-25
C109647,Customer_109647,52,Female,Chennai,Tamil Nadu,Self-Employed,943000.0,718,2023-08-04
C109648,Customer_109648,41,Male,Jaipur,Rajasthan,Business Owner,632000.0,659,2022-02-13
C109649,Customer_109649,29,Male,Lucknow,Uttar Pradesh,Salaried,680000.0,850,2021-09-07
C109650,Customer_109650,38,Male,Chennai,Tamil Nadu,Business Owner,808000.0,728,2023-11-04
C109651,Customer_109651,42,Male,Hyderabad,Telangana,Salaried,712000.0,685,2018-12-21
C109652,Customer_109652,23,Male,Chennai,Tamil Nadu,Professional,1091000.0,766,2018-02-25
C109653,Customer_109653,59,Female,Noida,Uttar Pradesh,Professional,753000.0,640,2020-04-22
C109654,Customer_109654,61,Female,Bengaluru,Karnataka,Salaried,250000.0,674,2018-06-12
C109655,Customer_109655,39,Male,Lucknow,Uttar Pradesh,Professional,1362000.0,748,2019-07-06
C109656,Customer_109656,43,Female,Chennai,Tamil Nadu,Self-Employed,1302000.0,729,2025-03-07
C109657,Customer_109657,58,Female,Noida,Uttar Pradesh,Business Owner,607000.0,788,2021-06-21
C109658,Customer_109658,41,Male,Gurugram,Haryana,Salaried,870000.0,543,2021-05-07
C109659,Customer_109659,51,Male,Gurugram,Haryana,Salaried,1337000.0,773,2023-12-25
C109660,Customer_109660,44,Male,Noida,Uttar Pradesh,Business Owner,1263000.0,685,2019-10-04
C109661,Customer_109661,33,Male,Bengaluru,Karnataka,Salaried,1393000.0,644,2023-08-03
C109662,Customer_109662,56,Female,Ahmedabad,Gujarat,Salaried,1000000.0,608,2021-10-31
C109663,Customer_109663,29,Male,Mumbai,Maharashtra,Salaried,1158000.0,684,2022-05-02
C109664,Customer_109664,31,Male,Hyderabad,Telangana,Salaried,1414000.0,823,2020-06-17
C109665,Customer_109665,52,Male,Delhi,Delhi,Self-Employed,713000.0,783,2025-08-31
C109666,Customer_109666,52,Male,Jaipur,Rajasthan,Business Owner,1026000.0,826,2026-01-24
C109667,Customer_109667,63,Female,Ahmedabad,Gujarat,Professional,250000.0,713,2018-03-01
C109668,Customer_109668,52,Male,Jaipur,Rajasthan,Self-Employed,250000.0,727,2018-11-01
C109669,Customer_109669,22,Female,Bengaluru,Karnataka,Self-Employed,1050000.0,617,2023-12-21
C109670,Customer_109670,59,Male,Hyderabad,Telangana,Professional,1111000.0,617,2021-12-08
C109671,Customer_109671,39,Male,Jaipur,Rajasthan,Salaried,695000.0,710,2024-03-05
C109672,Customer_109672,21,Male,Gurugram,Haryana,Self-Employed,607000.0,631,2020-02-05
C109673,Customer_109673,47,Female,Noida,Uttar Pradesh,Professional,708000.0,664,2023-01-08
C109674,Customer_109674,28,Male,Delhi,Delhi,Business Owner,927000.0,723,2018-07-16
C109675,Customer_109675,39,Female,Chennai,Tamil Nadu,Business Owner,250000.0,803,2025-12-15
C109676,Customer_109676,42,Male,Delhi,Delhi,Salaried,1036000.0,721,2023-05-07
C109677,Customer_109677,24,Female,Gurugram,Haryana,Salaried,863000.0,632,2023-01-02
C109678,Customer_109678,59,Female,Mumbai,Maharashtra,Self-Employed,949000.0,602,2018-04-11
C109679,Customer_109679,43,Female,Gurugram,Haryana,Self-Employed,801000.0,728,2025-04-24
C109680,Customer_109680,64,Male,Mumbai,Maharashtra,Salaried,297000.0,679,2019-07-23
C109681,Customer_109681,41,Male,Delhi,Delhi,Salaried,411000.0,728,2018-02-21
C109682,Customer_109682,47,Female,Noida,Uttar Pradesh,Salaried,1459000.0,707,2021-07-16
C109683,Customer_109683,57,Female,Pune,Maharashtra,Salaried,593000.0,715,2026-01-01
C109684,Customer_109684,30,Male,Pune,Maharashtra,Salaried,1173000.0,798,2020-12-11
C109685,Customer_109685,61,Male,Ahmedabad,Gujarat,Salaried,417000.0,788,2017-01-27
C109686,Customer_109686,29,Male,Hyderabad,Telangana,Salaried,844000.0,744,2025-06-23
C109687,Customer_109687,65,Male,Jaipur,Rajasthan,Salaried,674000.0,662,2023-02-02
C109688,Customer_109688,49,Male,Pune,Maharashtra,Business Owner,735000.0,684,2023-01-23
C109689,Customer_109689,44,Male,Hyderabad,Telangana,Salaried,714000.0,770,2022-03-09
C109690,Customer_109690,30,Male,Chennai,Tamil Nadu,Business Owner,1428000.0,805,2017-08-25
C109691,Customer_109691,46,Female,Delhi,Delhi,Salaried,1621000.0,637,2023-07-07
C109692,Customer_109692,45,Female,Hyderabad,Telangana,Salaried,945000.0,819,2018-05-02
C109693,Customer_109693,65,Female,Ahmedabad,Gujarat,Salaried,685000.0,669,2018-12-07
C109694,Customer_109694,58,Male,Mumbai,Maharashtra,Salaried,318000.0,763,2022-06-17
C109695,Customer_109695,42,Female,Mumbai,Maharashtra,Salaried,291000.0,850,2021-10-27
C109696,Customer_109696,38,Male,Ahmedabad,Gujarat,Salaried,1430000.0,617,2019-02-06
C109697,Customer_109697,38,Female,Pune,Maharashtra,Salaried,263000.0,753,2017-08-14
C109698,Customer_109698,38,Male,Mumbai,Maharashtra,Business Owner,674000.0,700,2018-10-28
C109699,Customer_109699,21,Male,Jaipur,Rajasthan,Salaried,912000.0,749,2017-05-31
C109700,Customer_109700,22,Female,Gurugram,Haryana,Salaried,250000.0,680,2026-03-12
C109701,Customer_109701,54,Male,Delhi,Delhi,Business Owner,350000.0,559,2017-09-23
C109702,Customer_109702,32,Female,Bengaluru,Karnataka,Salaried,315000.0,671,2023-08-10
C109703,Customer_109703,39,Female,Chennai,Tamil Nadu,Salaried,584000.0,743,2020-06-29
C109704,Customer_109704,52,Male,Jaipur,Rajasthan,Self-Employed,953000.0,808,2019-10-26
C109705,Customer_109705,48,Male,Delhi,Delhi,Self-Employed,1261000.0,746,2017-01-12
C109706,Customer_109706,37,Female,Gurugram,Haryana,Self-Employed,585000.0,816,2017-04-05
C109707,Customer_109707,54,Female,Hyderabad,Telangana,Professional,665000.0,688,2026-04-13
C109708,Customer_109708,28,Female,Mumbai,Maharashtra,Salaried,802000.0,683,2024-05-27
C109709,Customer_109709,42,Male,Noida,Uttar Pradesh,Salaried,528000.0,742,2019-08-16
C109710,Customer_109710,25,Female,Mumbai,Maharashtra,Professional,1017000.0,696,2022-05-17
C109711,Customer_109711,44,Male,Mumbai,Maharashtra,Self-Employed,1029000.0,793,2025-05-07
C109712,Customer_109712,25,Male,Lucknow,Uttar Pradesh,Professional,250000.0,629,2019-11-25
C109713,Customer_109713,63,Female,Kolkata,West Bengal,Business Owner,1106000.0,776,2025-12-13
C109714,Customer_109714,50,Male,Pune,Maharashtra,Salaried,901000.0,799,2021-11-28
C109715,Customer_109715,32,Male,Jaipur,Rajasthan,Self-Employed,954000.0,744,2021-03-27
C109716,Customer_109716,48,Male,Ahmedabad,Gujarat,Salaried,1322000.0,779,2025-05-07
C109717,Customer_109717,36,Female,Ahmedabad,Gujarat,Salaried,250000.0,678,2021-04-04
C109718,Customer_109718,44,Female,Delhi,Delhi,Salaried,348000.0,666,2017-08-04
C109719,Customer_109719,28,Female,Kolkata,West Bengal,Salaried,822000.0,743,2018-05-19
C109720,Customer_109720,43,Male,Hyderabad,Telangana,Self-Employed,250000.0,673,2023-10-25
C109721,Customer_109721,25,Male,Gurugram,Haryana,Self-Employed,765000.0,740,2022-11-17
C109722,Customer_109722,27,Female,Kolkata,West Bengal,Professional,1188000.0,740,2025-01-12
C109723,Customer_109723,47,Male,Mumbai,Maharashtra,Salaried,1009000.0,716,2018-11-01
C109724,Customer_109724,43,Male,Noida,Uttar Pradesh,Salaried,882000.0,738,2021-11-05
C109725,Customer_109725,34,Male,Hyderabad,Telangana,Salaried,757000.0,761,2020-06-28
C109726,Customer_109726,23,Female,Hyderabad,Telangana,Salaried,679000.0,713,2025-12-12
C109727,Customer_109727,40,Female,Lucknow,Uttar Pradesh,Salaried,656000.0,689,2024-06-11
C109728,Customer_109728,62,Male,Gurugram,Haryana,Salaried,941000.0,773,2019-02-27
C109729,Customer_109729,52,Male,Noida,Uttar Pradesh,Self-Employed,250000.0,738,2023-12-03
C109730,Customer_109730,23,Female,Ahmedabad,Gujarat,Salaried,1435000.0,749,2023-09-19
C109731,Customer_109731,63,Female,Noida,Uttar Pradesh,Self-Employed,555000.0,758,2020-08-19
C109732,Customer_109732,40,Male,Mumbai,Maharashtra,Salaried,1073000.0,730,2020-12-15
C109733,Customer_109733,46,Male,Ahmedabad,Gujarat,Salaried,882000.0,698,2019-03-17
C109734,Customer_109734,21,Female,Hyderabad,Telangana,Professional,389000.0,680,2020-07-12
C109735,Customer_109735,34,Female,Chennai,Tamil Nadu,Salaried,1367000.0,714,2017-12-11
C109736,Customer_109736,56,Female,Bengaluru,Karnataka,Salaried,1283000.0,751,2022-12-04
C109737,Customer_109737,35,Female,Bengaluru,Karnataka,Professional,250000.0,754,2021-09-03
C109738,Customer_109738,28,Female,Pune,Maharashtra,Salaried,821000.0,729,2022-09-04
C109739,Customer_109739,25,Male,Lucknow,Uttar Pradesh,Salaried,933000.0,743,2025-12-16
C109740,Customer_109740,62,Male,Ahmedabad,Gujarat,Salaried,250000.0,648,2020-06-02
C109741,Customer_109741,57,Male,Chennai,Tamil Nadu,Self-Employed,250000.0,690,2018-03-07
C109742,Customer_109742,22,Female,Pune,Maharashtra,Self-Employed,517000.0,764,2020-06-30
C109743,Customer_109743,62,Male,Kolkata,West Bengal,Self-Employed,325000.0,666,2020-04-13
C109744,Customer_109744,57,Male,Bengaluru,Karnataka,Professional,433000.0,729,2021-06-20
C109745,Customer_109745,37,Male,Kolkata,West Bengal,Salaried,325000.0,723,2024-11-10
C109746,Customer_109746,50,Female,Jaipur,Rajasthan,Salaried,801000.0,713,2026-03-30
C109747,Customer_109747,32,Female,Bengaluru,Karnataka,Professional,493000.0,764,2022-11-22
C109748,Customer_109748,32,Male,Ahmedabad,Gujarat,Salaried,1296000.0,735,2024-06-07
C109749,Customer_109749,53,Male,Jaipur,Rajasthan,Professional,922000.0,642,2019-09-07
C109750,Customer_109750,30,Female,Kolkata,West Bengal,Professional,1168000.0,754,2020-05-30
C109751,Customer_109751,36,Male,Hyderabad,Telangana,Professional,250000.0,687,2025-03-01
C109752,Customer_109752,37,Female,Kolkata,West Bengal,Salaried,599000.0,631,2020-05-19
C109753,Customer_109753,27,Male,Gurugram,Haryana,Self-Employed,904000.0,768,2020-06-14
C109754,Customer_109754,58,Female,Bengaluru,Karnataka,Business Owner,1031000.0,643,2025-05-07
C109755,Customer_109755,51,Male,Kolkata,West Bengal,Salaried,591000.0,697,2024-06-18
C109756,Customer_109756,59,Female,Jaipur,Rajasthan,Self-Employed,650000.0,739,2024-04-03
C109757,Customer_109757,44,Male,Hyderabad,Telangana,Salaried,693000.0,715,2023-10-02
C109758,Customer_109758,28,Male,Chennai,Tamil Nadu,Salaried,731000.0,679,2023-02-01
C109759,Customer_109759,33,Female,Noida,Uttar Pradesh,Professional,1716000.0,655,2022-02-15
C109760,Customer_109760,36,Female,Chennai,Tamil Nadu,Professional,975000.0,671,2023-08-26
C109761,Customer_109761,63,Female,Ahmedabad,Gujarat,Salaried,866000.0,650,2017-04-29
C109762,Customer_109762,31,Female,Mumbai,Maharashtra,Salaried,346000.0,712,2017-07-13
C109763,Customer_109763,52,Female,Lucknow,Uttar Pradesh,Self-Employed,356000.0,685,2025-02-05
C109764,Customer_109764,26,Female,Ahmedabad,Gujarat,Salaried,765000.0,630,2017-11-11
C109765,Customer_109765,64,Male,Gurugram,Haryana,Self-Employed,1302000.0,701,2023-01-18
C109766,Customer_109766,50,Female,Ahmedabad,Gujarat,Self-Employed,770000.0,678,2019-12-10
C109767,Customer_109767,40,Male,Chennai,Tamil Nadu,Salaried,787000.0,737,2023-12-13
C109768,Customer_109768,36,Male,Chennai,Tamil Nadu,Business Owner,552000.0,744,2021-05-26
C109769,Customer_109769,36,Female,Jaipur,Rajasthan,Salaried,250000.0,807,2019-10-27
C109770,Customer_109770,31,Male,Noida,Uttar Pradesh,Salaried,1025000.0,762,2023-08-15
C109771,Customer_109771,47,Male,Mumbai,Maharashtra,Business Owner,748000.0,649,2026-02-16
C109772,Customer_109772,59,Male,Noida,Uttar Pradesh,Salaried,1028000.0,579,2024-04-13
C109773,Customer_109773,31,Female,Gurugram,Haryana,Salaried,912000.0,621,2019-02-16
C109774,Customer_109774,54,Female,Mumbai,Maharashtra,Self-Employed,464000.0,687,2025-03-28
C109775,Customer_109775,46,Male,Mumbai,Maharashtra,Salaried,940000.0,615,2026-04-19
C109776,Customer_109776,55,Male,Jaipur,Rajasthan,Salaried,334000.0,680,2019-07-11
C109777,Customer_109777,55,Male,Noida,Uttar Pradesh,Business Owner,937000.0,722,2023-01-19
C109778,Customer_109778,22,Male,Chennai,Tamil Nadu,Salaried,825000.0,683,2023-12-19
C109779,Customer_109779,21,Male,Ahmedabad,Gujarat,Salaried,1466000.0,738,2022-10-18
C109780,Customer_109780,62,Male,Lucknow,Uttar Pradesh,Salaried,503000.0,680,2026-04-05
C109781,Customer_109781,27,Female,Hyderabad,Telangana,Self-Employed,319000.0,670,2019-05-09
C109782,Customer_109782,46,Female,Bengaluru,Karnataka,Salaried,685000.0,831,2018-12-09
C109783,Customer_109783,54,Male,Lucknow,Uttar Pradesh,Professional,1094000.0,718,2025-04-01
C109784,Customer_109784,43,Male,Hyderabad,Telangana,Salaried,250000.0,727,2017-08-26
C109785,Customer_109785,21,Male,Pune,Maharashtra,Business Owner,1200000.0,775,2017-04-17
C109786,Customer_109786,21,Male,Pune,Maharashtra,Business Owner,767000.0,777,2025-05-07
C109787,Customer_109787,51,Male,Kolkata,West Bengal,Business Owner,393000.0,696,2024-11-25
C109788,Customer_109788,61,Female,Hyderabad,Telangana,Business Owner,703000.0,788,2018-04-04
C109789,Customer_109789,36,Female,Jaipur,Rajasthan,Salaried,554000.0,691,2024-09-09
C109790,Customer_109790,45,Male,Jaipur,Rajasthan,Salaried,360000.0,786,2023-09-14
C109791,Customer_109791,63,Male,Bengaluru,Karnataka,Salaried,250000.0,640,2025-06-08
C109792,Customer_109792,58,Female,Pune,Maharashtra,Salaried,1142000.0,700,2020-08-09
C109793,Customer_109793,45,Female,Delhi,Delhi,Salaried,626000.0,734,2020-01-07
C109794,Customer_109794,50,Male,Bengaluru,Karnataka,Self-Employed,693000.0,743,2020-04-23
C109795,Customer_109795,64,Female,Lucknow,Uttar Pradesh,Salaried,1188000.0,665,2023-02-10
C109796,Customer_109796,56,Male,Kolkata,West Bengal,Professional,872000.0,613,2025-10-04
C109797,Customer_109797,39,Female,Ahmedabad,Gujarat,Self-Employed,250000.0,750,2025-10-03
C109798,Customer_109798,52,Male,Noida,Uttar Pradesh,Salaried,1119000.0,707,2020-04-08
C109799,Customer_109799,35,Female,Jaipur,Rajasthan,Salaried,1444000.0,695,2017-08-18
C109800,Customer_109800,62,Male,Gurugram,Haryana,Self-Employed,1051000.0,828,2020-10-18
C109801,Customer_109801,25,Female,Jaipur,Rajasthan,Salaried,504000.0,701,2021-03-01
C109802,Customer_109802,31,Female,Pune,Maharashtra,Salaried,261000.0,686,2017-02-23
C109803,Customer_109803,36,Female,Ahmedabad,Gujarat,Salaried,489000.0,603,2026-02-06
C109804,Customer_109804,30,Female,Hyderabad,Telangana,Self-Employed,891000.0,650,2018-09-17
C109805,Customer_109805,47,Male,Noida,Uttar Pradesh,Salaried,1421000.0,777,2022-05-21
C109806,Customer_109806,53,Female,Bengaluru,Karnataka,Salaried,546000.0,673,2020-05-14
C109807,Customer_109807,61,Male,Noida,Uttar Pradesh,Salaried,590000.0,761,2023-08-22
C109808,Customer_109808,43,Female,Noida,Uttar Pradesh,Salaried,1259000.0,636,2023-03-15
C109809,Customer_109809,48,Male,Mumbai,Maharashtra,Salaried,676000.0,664,2025-06-26
C109810,Customer_109810,47,Male,Jaipur,Rajasthan,Business Owner,1536000.0,662,2017-08-06
C109811,Customer_109811,21,Male,Lucknow,Uttar Pradesh,Self-Employed,791000.0,751,2019-08-08
C109812,Customer_109812,52,Female,Kolkata,West Bengal,Salaried,1317000.0,706,2020-04-03
C109813,Customer_109813,22,Female,Chennai,Tamil Nadu,Professional,1003000.0,648,2025-05-13
C109814,Customer_109814,45,Male,Noida,Uttar Pradesh,Self-Employed,1133000.0,766,2020-05-26
C109815,Customer_109815,65,Female,Kolkata,West Bengal,Salaried,779000.0,752,2021-10-03
C109816,Customer_109816,56,Male,Mumbai,Maharashtra,Business Owner,805000.0,742,2024-05-13
C109817,Customer_109817,43,Male,Bengaluru,Karnataka,Business Owner,1018000.0,739,2025-07-19
C109818,Customer_109818,35,Male,Jaipur,Rajasthan,Salaried,1169000.0,664,2019-07-24
C109819,Customer_109819,58,Female,Pune,Maharashtra,Salaried,1060000.0,802,2023-02-27
C109820,Customer_109820,59,Female,Bengaluru,Karnataka,Business Owner,250000.0,713,2025-04-21
C109821,Customer_109821,37,Female,Gurugram,Haryana,Salaried,953000.0,737,2019-07-04
C109822,Customer_109822,25,Male,Mumbai,Maharashtra,Salaried,587000.0,745,2025-10-15
C109823,Customer_109823,47,Male,Bengaluru,Karnataka,Business Owner,632000.0,659,2020-09-01
C109824,Customer_109824,49,Female,Pune,Maharashtra,Business Owner,1033000.0,843,2019-01-24
C109825,Customer_109825,63,Male,Delhi,Delhi,Self-Employed,1529000.0,718,2024-05-31
C109826,Customer_109826,61,Female,Chennai,Tamil Nadu,Salaried,757000.0,722,2020-07-08
C109827,Customer_109827,31,Female,Noida,Uttar Pradesh,Salaried,1639000.0,693,2020-11-12
C109828,Customer_109828,32,Male,Lucknow,Uttar Pradesh,Professional,411000.0,795,2023-10-30
C109829,Customer_109829,65,Male,Noida,Uttar Pradesh,Self-Employed,1343000.0,797,2019-01-24
C109830,Customer_109830,35,Female,Hyderabad,Telangana,Business Owner,1022000.0,730,2019-07-03
C109831,Customer_109831,41,Female,Delhi,Delhi,Salaried,933000.0,625,2023-08-31
C109832,Customer_109832,34,Female,Gurugram,Haryana,Professional,1403000.0,709,2024-09-09
C109833,Customer_109833,38,Female,Chennai,Tamil Nadu,Salaried,595000.0,716,2018-09-05
C109834,Customer_109834,46,Male,Jaipur,Rajasthan,Salaried,1361000.0,691,2026-01-25
C109835,Customer_109835,34,Female,Mumbai,Maharashtra,Business Owner,767000.0,656,2017-06-19
C109836,Customer_109836,39,Female,Jaipur,Rajasthan,Salaried,593000.0,619,2022-11-17
C109837,Customer_109837,36,Female,Ahmedabad,Gujarat,Self-Employed,319000.0,816,2020-11-27
C109838,Customer_109838,25,Male,Lucknow,Uttar Pradesh,Self-Employed,1484000.0,768,2018-07-03
C109839,Customer_109839,56,Male,Mumbai,Maharashtra,Professional,1307000.0,722,2024-04-14
C109840,Customer_109840,61,Male,Chennai,Tamil Nadu,Salaried,659000.0,678,2017-01-07
C109841,Customer_109841,43,Male,Lucknow,Uttar Pradesh,Salaried,1068000.0,743,2019-08-11
C109842,Customer_109842,30,Other,Chennai,Tamil Nadu,Self-Employed,901000.0,733,2020-10-25
C109843,Customer_109843,49,Female,Ahmedabad,Gujarat,Business Owner,709000.0,694,2023-06-13
C109844,Customer_109844,45,Female,Mumbai,Maharashtra,Professional,1236000.0,745,2019-02-11
C109845,Customer_109845,45,Female,Jaipur,Rajasthan,Salaried,600000.0,753,2017-06-29
C109846,Customer_109846,47,Male,Hyderabad,Telangana,Business Owner,250000.0,765,2024-03-16
C109847,Customer_109847,53,Female,Kolkata,West Bengal,Salaried,954000.0,662,2017-10-08
C109848,Customer_109848,22,Female,Noida,Uttar Pradesh,Salaried,877000.0,748,2021-05-17
C109849,Customer_109849,25,Female,Ahmedabad,Gujarat,Salaried,613000.0,797,2023-03-21
C109850,Customer_109850,25,Female,Pune,Maharashtra,Salaried,493000.0,739,2022-11-20
C109851,Customer_109851,27,Female,Bengaluru,Karnataka,Salaried,250000.0,850,2017-12-24
C109852,Customer_109852,64,Female,Chennai,Tamil Nadu,Salaried,705000.0,708,2022-08-24
C109853,Customer_109853,53,Male,Noida,Uttar Pradesh,Salaried,500000.0,608,2017-02-12
C109854,Customer_109854,50,Female,Bengaluru,Karnataka,Professional,1236000.0,665,2017-05-04
C109855,Customer_109855,52,Male,Ahmedabad,Gujarat,Salaried,1057000.0,676,2019-03-14
C109856,Customer_109856,22,Male,Pune,Maharashtra,Business Owner,656000.0,756,2023-08-05
C109857,Customer_109857,30,Female,Hyderabad,Telangana,Professional,1059000.0,774,2018-12-22
C109858,Customer_109858,56,Female,Jaipur,Rajasthan,Salaried,807000.0,729,2024-09-08
C109859,Customer_109859,41,Female,Chennai,Tamil Nadu,Self-Employed,742000.0,739,2018-04-14
C109860,Customer_109860,43,Male,Hyderabad,Telangana,Salaried,828000.0,844,2021-05-22
C109861,Customer_109861,54,Male,Kolkata,West Bengal,Salaried,1559000.0,666,2021-06-24
C109862,Customer_109862,24,Male,Gurugram,Haryana,Self-Employed,1108000.0,715,2022-06-02
C109863,Customer_109863,56,Female,Noida,Uttar Pradesh,Self-Employed,731000.0,691,2020-07-17
C109864,Customer_109864,51,Female,Ahmedabad,Gujarat,Salaried,1208000.0,644,2018-05-04
C109865,Customer_109865,39,Female,Ahmedabad,Gujarat,Professional,1193000.0,588,2023-10-10
C109866,Customer_109866,43,Male,Gurugram,Haryana,Self-Employed,954000.0,804,2023-02-18
C109867,Customer_109867,24,Female,Hyderabad,Telangana,Salaried,719000.0,670,2023-02-10
C109868,Customer_109868,30,Male,Hyderabad,Telangana,Salaried,692000.0,704,2025-09-30
C109869,Customer_109869,32,Female,Pune,Maharashtra,Professional,420000.0,748,2025-04-01
C109870,Customer_109870,60,Female,Ahmedabad,Gujarat,Professional,922000.0,643,2023-08-18
C109871,Customer_109871,26,Male,Ahmedabad,Gujarat,Self-Employed,606000.0,666,2021-01-17
C109872,Customer_109872,34,Female,Mumbai,Maharashtra,Business Owner,675000.0,719,2017-02-19
C109873,Customer_109873,26,Female,Gurugram,Haryana,Salaried,1100000.0,692,2019-01-09
C109874,Customer_109874,33,Male,Chennai,Tamil Nadu,Salaried,1525000.0,637,2019-11-19
C109875,Customer_109875,21,Male,Noida,Uttar Pradesh,Professional,1000000.0,759,2019-10-05
C109876,Customer_109876,33,Female,Jaipur,Rajasthan,Self-Employed,808000.0,690,2025-11-18
C109877,Customer_109877,53,Female,Lucknow,Uttar Pradesh,Salaried,842000.0,729,2017-08-04
C109878,Customer_109878,55,Female,Ahmedabad,Gujarat,Self-Employed,1305000.0,724,2023-03-23
C109879,Customer_109879,38,Male,Kolkata,West Bengal,Salaried,1005000.0,783,2021-07-06
C109880,Customer_109880,52,Female,Bengaluru,Karnataka,Salaried,927000.0,743,2020-01-09
C109881,Customer_109881,48,Male,Chennai,Tamil Nadu,Self-Employed,956000.0,664,2023-11-02
C109882,Customer_109882,61,Male,Noida,Uttar Pradesh,Salaried,279000.0,796,2022-08-04
C109883,Customer_109883,57,Male,Chennai,Tamil Nadu,Salaried,1006000.0,689,2024-11-06
C109884,Customer_109884,31,Male,Delhi,Delhi,Salaried,500000.0,667,2018-07-10
C109885,Customer_109885,47,Male,Bengaluru,Karnataka,Salaried,1008000.0,657,2019-07-11
C109886,Customer_109886,56,Male,Ahmedabad,Gujarat,Professional,556000.0,568,2025-08-10
C109887,Customer_109887,34,Male,Ahmedabad,Gujarat,Salaried,1086000.0,680,2025-02-08
C109888,Customer_109888,46,Female,Lucknow,Uttar Pradesh,Salaried,789000.0,746,2020-08-18
C109889,Customer_109889,39,Male,Lucknow,Uttar Pradesh,Business Owner,392000.0,631,2020-10-08
C109890,Customer_109890,34,Male,Kolkata,West Bengal,Professional,734000.0,831,2018-10-16
C109891,Customer_109891,29,Female,Kolkata,West Bengal,Business Owner,1732000.0,574,2017-09-29
C109892,Customer_109892,22,Female,Gurugram,Haryana,Professional,250000.0,669,2017-09-12
C109893,Customer_109893,54,Female,Delhi,Delhi,Self-Employed,917000.0,623,2017-01-22
C109894,Customer_109894,57,Male,Ahmedabad,Gujarat,Business Owner,446000.0,780,2017-04-29
C109895,Customer_109895,50,Female,Pune,Maharashtra,Salaried,1401000.0,762,2020-06-26
C109896,Customer_109896,31,Female,Gurugram,Haryana,Salaried,1177000.0,703,2023-01-03
C109897,Customer_109897,21,Female,Gurugram,Haryana,Salaried,924000.0,628,2022-12-29
C109898,Customer_109898,49,Female,Ahmedabad,Gujarat,Business Owner,1217000.0,642,2023-05-06
C109899,Customer_109899,29,Male,Ahmedabad,Gujarat,Self-Employed,948000.0,736,2023-01-01
C109900,Customer_109900,45,Male,Jaipur,Rajasthan,Business Owner,852000.0,676,2023-02-18
C109901,Customer_109901,64,Male,Kolkata,West Bengal,Self-Employed,610000.0,683,2020-08-01
C109902,Customer_109902,21,Male,Bengaluru,Karnataka,Business Owner,706000.0,715,2019-12-05
C109903,Customer_109903,46,Female,Hyderabad,Telangana,Salaried,664000.0,693,2020-12-16
C109904,Customer_109904,65,Male,Jaipur,Rajasthan,Salaried,854000.0,606,2024-05-18
C109905,Customer_109905,36,Female,Ahmedabad,Gujarat,Self-Employed,250000.0,633,2022-01-14
C109906,Customer_109906,57,Other,Bengaluru,Karnataka,Salaried,1262000.0,635,2024-10-26
C109907,Customer_109907,58,Female,Noida,Uttar Pradesh,Professional,1629000.0,673,2020-01-28
C109908,Customer_109908,42,Male,Lucknow,Uttar Pradesh,Salaried,677000.0,726,2022-08-13
C109909,Customer_109909,34,Female,Ahmedabad,Gujarat,Salaried,1320000.0,723,2022-12-28
C109910,Customer_109910,51,Male,Bengaluru,Karnataka,Self-Employed,796000.0,797,2022-09-24
C109911,Customer_109911,48,Male,Lucknow,Uttar Pradesh,Salaried,609000.0,629,2017-12-29
C109912,Customer_109912,42,Male,Bengaluru,Karnataka,Self-Employed,697000.0,740,2018-10-17
C109913,Customer_109913,29,Male,Pune,Maharashtra,Salaried,884000.0,669,2022-10-16
C109914,Customer_109914,54,Female,Noida,Uttar Pradesh,Salaried,561000.0,848,2024-12-27
C109915,Customer_109915,30,Male,Kolkata,West Bengal,Business Owner,1092000.0,713,2021-07-03
C109916,Customer_109916,27,Female,Bengaluru,Karnataka,Salaried,642000.0,683,2017-10-15
C109917,Customer_109917,24,Male,Delhi,Delhi,Self-Employed,421000.0,738,2025-02-05
C109918,Customer_109918,41,Female,Chennai,Tamil Nadu,Salaried,842000.0,733,2024-06-20
C109919,Customer_109919,26,Male,Jaipur,Rajasthan,Self-Employed,572000.0,695,2024-07-19
C109920,Customer_109920,36,Female,Jaipur,Rajasthan,Salaried,719000.0,759,2020-11-24
C109921,Customer_109921,31,Male,Bengaluru,Karnataka,Salaried,828000.0,818,2023-01-17
C109922,Customer_109922,41,Female,Mumbai,Maharashtra,Self-Employed,314000.0,780,2017-11-30
C109923,Customer_109923,55,Female,Jaipur,Rajasthan,Self-Employed,1434000.0,710,2017-04-01
C109924,Customer_109924,41,Female,Mumbai,Maharashtra,Professional,1175000.0,835,2017-07-28
C109925,Customer_109925,46,Male,Delhi,Delhi,Business Owner,598000.0,751,2020-12-18
C109926,Customer_109926,27,Female,Pune,Maharashtra,Self-Employed,842000.0,649,2026-03-15
C109927,Customer_109927,26,Female,Kolkata,West Bengal,Salaried,1104000.0,724,2017-07-05
C109928,Customer_109928,64,Female,Bengaluru,Karnataka,Business Owner,933000.0,706,2022-04-19
C109929,Customer_109929,48,Female,Bengaluru,Karnataka,Salaried,1602000.0,685,2024-01-15
C109930,Customer_109930,21,Female,Bengaluru,Karnataka,Business Owner,755000.0,740,2021-02-19
C109931,Customer_109931,46,Other,Chennai,Tamil Nadu,Self-Employed,1326000.0,598,2017-06-27
C109932,Customer_109932,21,Female,Delhi,Delhi,Salaried,316000.0,824,2025-08-13
C109933,Customer_109933,24,Male,Delhi,Delhi,Business Owner,378000.0,760,2025-05-15
C109934,Customer_109934,37,Male,Chennai,Tamil Nadu,Business Owner,1524000.0,600,2021-04-24
C109935,Customer_109935,50,Female,Delhi,Delhi,Salaried,677000.0,759,2024-10-30
C109936,Customer_109936,48,Other,Hyderabad,Telangana,Self-Employed,383000.0,749,2024-11-19
C109937,Customer_109937,56,Male,Kolkata,West Bengal,Salaried,831000.0,815,2023-01-24
C109938,Customer_109938,29,Male,Delhi,Delhi,Self-Employed,1356000.0,832,2024-12-12
C109939,Customer_109939,29,Male,Ahmedabad,Gujarat,Professional,545000.0,843,2023-07-07
C109940,Customer_109940,44,Male,Ahmedabad,Gujarat,Salaried,833000.0,702,2023-12-26
C109941,Customer_109941,60,Other,Kolkata,West Bengal,Salaried,250000.0,755,2018-01-11
C109942,Customer_109942,53,Female,Ahmedabad,Gujarat,Salaried,662000.0,689,2017-11-20
C109943,Customer_109943,51,Male,Gurugram,Haryana,Professional,1249000.0,784,2018-06-19
C109944,Customer_109944,25,Male,Delhi,Delhi,Salaried,536000.0,580,2025-11-20
C109945,Customer_109945,60,Male,Bengaluru,Karnataka,Self-Employed,341000.0,637,2020-11-02
C109946,Customer_109946,65,Female,Hyderabad,Telangana,Business Owner,540000.0,692,2022-11-03
C109947,Customer_109947,47,Female,Jaipur,Rajasthan,Business Owner,606000.0,716,2022-05-07
C109948,Customer_109948,36,Male,Noida,Uttar Pradesh,Salaried,1156000.0,731,2020-10-20
C109949,Customer_109949,50,Male,Lucknow,Uttar Pradesh,Salaried,1002000.0,803,2023-08-10
C109950,Customer_109950,49,Female,Kolkata,West Bengal,Professional,1079000.0,678,2024-02-19
C109951,Customer_109951,62,Female,Chennai,Tamil Nadu,Salaried,861000.0,636,2025-11-21
C109952,Customer_109952,25,Female,Chennai,Tamil Nadu,Salaried,602000.0,695,2017-09-09
C109953,Customer_109953,44,Male,Delhi,Delhi,Salaried,539000.0,681,2020-05-03
C109954,Customer_109954,52,Other,Pune,Maharashtra,Business Owner,1023000.0,756,2018-08-30
C109955,Customer_109955,36,Female,Kolkata,West Bengal,Professional,1486000.0,819,2022-02-01
C109956,Customer_109956,58,Female,Bengaluru,Karnataka,Salaried,474000.0,813,2023-04-23
C109957,Customer_109957,23,Male,Gurugram,Haryana,Salaried,443000.0,791,2018-09-04
C109958,Customer_109958,25,Male,Gurugram,Haryana,Self-Employed,396000.0,683,2022-11-11
C109959,Customer_109959,56,Male,Hyderabad,Telangana,Salaried,1183000.0,709,2017-06-22
C109960,Customer_109960,26,Female,Noida,Uttar Pradesh,Professional,833000.0,748,2021-11-18
C109961,Customer_109961,39,Female,Mumbai,Maharashtra,Salaried,1072000.0,670,2026-01-28
C109962,Customer_109962,33,Male,Noida,Uttar Pradesh,Salaried,647000.0,676,2023-04-13
C109963,Customer_109963,51,Female,Gurugram,Haryana,Salaried,1097000.0,744,2024-04-13
C109964,Customer_109964,21,Female,Bengaluru,Karnataka,Salaried,735000.0,631,2025-11-04
C109965,Customer_109965,37,Male,Ahmedabad,Gujarat,Salaried,250000.0,791,2021-11-05
C109966,Customer_109966,65,Female,Hyderabad,Telangana,Self-Employed,1219000.0,694,2018-03-20
C109967,Customer_109967,37,Female,Gurugram,Haryana,Salaried,836000.0,755,2022-06-10
C109968,Customer_109968,47,Male,Mumbai,Maharashtra,Self-Employed,726000.0,733,2020-03-11
C109969,Customer_109969,65,Female,Bengaluru,Karnataka,Salaried,963000.0,802,2025-11-27
C109970,Customer_109970,48,Male,Hyderabad,Telangana,Salaried,272000.0,582,2019-09-25
C109971,Customer_109971,54,Female,Bengaluru,Karnataka,Salaried,1022000.0,802,2021-11-29
C109972,Customer_109972,64,Female,Hyderabad,Telangana,Self-Employed,612000.0,800,2025-09-15
C109973,Customer_109973,48,Female,Ahmedabad,Gujarat,Salaried,788000.0,738,2023-12-22
C109974,Customer_109974,58,Female,Ahmedabad,Gujarat,Business Owner,1306000.0,754,2018-09-29
C109975,Customer_109975,43,Male,Kolkata,West Bengal,Salaried,1107000.0,759,2025-02-07
C109976,Customer_109976,57,Male,Bengaluru,Karnataka,Salaried,779000.0,661,2020-06-04
C109977,Customer_109977,49,Female,Bengaluru,Karnataka,Salaried,810000.0,724,2023-08-10
C109978,Customer_109978,36,Male,Lucknow,Uttar Pradesh,Self-Employed,250000.0,778,2025-06-07
C109979,Customer_109979,46,Female,Hyderabad,Telangana,Salaried,521000.0,604,2026-02-12
C109980,Customer_109980,36,Male,Mumbai,Maharashtra,Salaried,917000.0,751,2023-03-29
C109981,Customer_109981,38,Male,Pune,Maharashtra,Salaried,544000.0,726,2023-11-17
C109982,Customer_109982,34,Female,Delhi,Delhi,Salaried,319000.0,761,2017-04-16
C109983,Customer_109983,43,Female,Chennai,Tamil Nadu,Salaried,1042000.0,637,2025-11-06
C109984,Customer_109984,36,Female,Noida,Uttar Pradesh,Self-Employed,1373000.0,672,2025-12-09
C109985,Customer_109985,49,Female,Hyderabad,Telangana,Self-Employed,561000.0,629,2019-01-01
C109986,Customer_109986,37,Male,Jaipur,Rajasthan,Salaried,1200000.0,629,2017-07-24
C109987,Customer_109987,43,Female,Pune,Maharashtra,Salaried,1140000.0,774,2025-10-23
C109988,Customer_109988,27,Female,Chennai,Tamil Nadu,Salaried,459000.0,682,2021-11-10
C109989,Customer_109989,38,Female,Ahmedabad,Gujarat,Professional,559000.0,677,2018-08-26
C109990,Customer_109990,37,Male,Ahmedabad,Gujarat,Business Owner,1571000.0,791,2019-04-04
C109991,Customer_109991,64,Female,Hyderabad,Telangana,Salaried,403000.0,698,2023-03-02
C109992,Customer_109992,41,Male,Bengaluru,Karnataka,Professional,606000.0,783,2022-11-19
C109993,Customer_109993,21,Female,Lucknow,Uttar Pradesh,Salaried,1636000.0,652,2022-09-11
C109994,Customer_109994,34,Male,Bengaluru,Karnataka,Salaried,622000.0,697,2019-08-23
C109995,Customer_109995,53,Female,Lucknow,Uttar Pradesh,Professional,1391000.0,661,2024-02-06
C109996,Customer_109996,28,Female,Pune,Maharashtra,Business Owner,441000.0,756,2024-08-11
C109997,Customer_109997,28,Female,Lucknow,Uttar Pradesh,Salaried,905000.0,707,2017-05-20
C109998,Customer_109998,37,Female,Chennai,Tamil Nadu,Self-Employed,1284000.0,768,2022-04-06
C109999,Customer_109999,37,Female,Kolkata,West Bengal,Professional,663000.0,730,2023-07-02
C110000,Customer_110000,42,Male,Ahmedabad,Gujarat,Salaried,890000.0,594,2019-11-30
