Payment_ID,Customer_ID,Card_ID,Payment_Date,Due_Amount,Payment_Amount,Payment_Status,Days_Past_Due
PAY400001,C106238,CARD206835,2025-02-10,3272.82,3272.82,On Time,0
PAY400002,C104333,CARD206359,2025-08-02,13767.02,13767.02,On Time,0
PAY400003,C106207,CARD203389,2026-05-20,7437.67,634.02,Missed,68
PAY400004,C100127,CARD200069,2026-08-28,16721.46,9339.12,Partial,32
PAY400005,C102478,CARD208195,2025-07-07,5012.75,5012.75,On Time,0
PAY400006,C108066,CARD205722,2025-06-21,6226.77,6226.77,On Time,0
PAY400007,C101192,CARD208649,2025-01-14,3266.6,3266.6,On Time,0
PAY400008,C109289,CARD209801,2025-10-16,3824.41,3824.41,On Time,0
PAY400009,C101939,CARD201473,2026-07-09,4107.03,4107.03,On Time,0
PAY400010,C104707,CARD202647,2025-10-23,5480.55,5480.55,On Time,0
PAY400011,C108262,CARD206173,2025-07-27,2469.3,1738.29,Partial,19
PAY400012,C101057,CARD210634,2025-12-26,1873.13,1873.13,On Time,0
PAY400013,C104055,CARD206914,2026-01-07,5985.65,5985.65,On Time,0
PAY400014,C100543,CARD209559,2026-04-18,4939.14,662.47,Missed,117
PAY400015,C101450,CARD208548,2026-07-02,3389.97,3389.97,Late,23
PAY400016,C101112,CARD200362,2025-02-13,31545.26,31545.26,On Time,0
PAY400017,C105057,CARD207637,2025-02-13,4879.44,4879.44,On Time,0
PAY400018,C104771,CARD211001,2026-06-12,5583.61,5583.61,Late,1
PAY400019,C101923,CARD210395,2025-01-21,4504.01,4504.01,Late,20
PAY400020,C106437,CARD211864,2025-09-08,7403.43,7403.43,On Time,0
PAY400021,C105080,CARD210174,2025-08-09,2235.98,2235.98,On Time,0
PAY400022,C104534,CARD208671,2026-05-13,3286.16,3286.16,On Time,0
PAY400023,C104036,CARD201122,2025-05-04,6088.88,6088.88,On Time,0
PAY400024,C104771,CARD211001,2025-10-04,14306.71,14306.71,On Time,0
PAY400025,C103571,CARD200934,2025-11-17,7228.3,7228.3,Late,7
PAY400026,C102818,CARD202665,2025-11-27,1558.85,1558.85,On Time,0
PAY400027,C104323,CARD208051,2025-01-25,7089.1,7089.1,On Time,0
PAY400028,C108612,CARD202615,2026-07-26,10238.19,10238.19,On Time,0
PAY400029,C100449,CARD206707,2025-04-17,10043.68,10043.68,On Time,0
PAY400030,C100271,CARD207156,2025-08-19,7538.87,7538.87,Late,6
PAY400031,C109131,CARD200503,2026-04-25,8643.39,1192.87,Missed,59
PAY400032,C102672,CARD207024,2026-07-25,2557.3,2557.3,On Time,0
PAY400033,C103158,CARD210950,2026-02-14,7081.44,686.28,Missed,112
PAY400034,C104363,CARD209828,2025-08-04,2636.29,2636.29,Late,12
PAY400035,C104878,CARD201315,2026-07-18,6913.25,6913.25,On Time,0
PAY400036,C109693,CARD209903,2025-04-08,8102.28,4658.1,Partial,39
PAY400037,C102588,CARD209080,2026-07-30,3228.35,171.82,Missed,110
PAY400038,C109127,CARD204037,2025-07-26,2282.69,2282.69,On Time,0
PAY400039,C103751,CARD202163,2025-01-04,4070.54,4070.54,On Time,0
PAY400040,C100026,CARD200620,2025-06-01,2961.69,2961.69,On Time,0
PAY400041,C109399,CARD203584,2025-09-24,3654.9,3654.9,On Time,0
PAY400042,C100310,CARD204939,2025-11-03,4499.48,4499.48,On Time,0
PAY400043,C103078,CARD208425,2026-05-13,9542.49,9542.49,On Time,0
PAY400044,C106517,CARD201856,2026-07-26,5577.89,5577.89,On Time,0
PAY400045,C100393,CARD203430,2026-07-20,4543.6,4543.6,On Time,0
PAY400046,C109100,CARD211958,2026-03-15,11128.67,11128.67,Late,17
PAY400047,C107842,CARD201166,2025-09-08,3221.89,3221.89,On Time,0
PAY400048,C108736,CARD209464,2025-12-09,15001.81,6710.11,Partial,25
PAY400049,C100115,CARD203476,2026-06-05,3574.45,1597.18,Partial,59
PAY400050,C108837,CARD205560,2026-01-30,25986.85,25986.85,On Time,0
PAY400051,C109648,CARD207919,2026-04-18,21905.38,21905.38,On Time,0
PAY400052,C101107,CARD205611,2026-03-31,3669.87,3669.87,On Time,0
PAY400053,C105500,CARD207762,2026-03-22,13360.1,13360.1,On Time,0
PAY400054,C108979,CARD205049,2026-01-21,4838.71,4838.71,On Time,0
PAY400055,C106517,CARD201856,2025-04-17,2348.13,2348.13,On Time,0
PAY400056,C105198,CARD201505,2025-07-06,7560.45,7560.45,On Time,0
PAY400057,C106251,CARD202441,2026-02-15,7938.36,7938.36,On Time,0
PAY400058,C105409,CARD205902,2026-07-09,3546.18,3546.18,Late,27
PAY400059,C105676,CARD208279,2025-07-15,13168.32,13168.32,On Time,0
PAY400060,C109750,CARD210091,2026-04-13,3676.48,3676.48,On Time,0
PAY400061,C108137,CARD210668,2025-10-27,21528.78,21528.78,Late,2
PAY400062,C104189,CARD201736,2026-04-16,17895.06,17895.06,On Time,0
PAY400063,C102722,CARD211132,2026-06-17,3068.74,3068.74,On Time,0
PAY400064,C104263,CARD209212,2025-06-24,21653.48,21653.48,On Time,0
PAY400065,C103384,CARD205793,2026-02-20,5050.86,5050.86,On Time,0
PAY400066,C103385,CARD204504,2026-07-13,9219.18,9219.18,On Time,0
PAY400067,C104502,CARD210252,2025-03-22,19965.31,19965.31,On Time,0
PAY400068,C109228,CARD201613,2025-01-12,12374.12,12374.12,On Time,0
PAY400069,C107883,CARD200273,2025-08-24,8837.13,8837.13,On Time,0
PAY400070,C103358,CARD203933,2025-10-04,9779.18,9779.18,On Time,0
PAY400071,C104441,CARD210521,2026-01-16,2652.53,2652.53,On Time,0
PAY400072,C103570,CARD208305,2025-03-15,21349.6,21349.6,On Time,0
PAY400073,C101369,CARD206427,2025-06-12,7449.73,7449.73,Late,19
PAY400074,C104706,CARD209039,2026-05-10,11397.32,11397.32,On Time,0
PAY400075,C100988,CARD201924,2025-12-17,6733.41,6733.41,On Time,0
PAY400076,C108070,CARD208445,2025-11-28,1824.57,1824.57,On Time,0
PAY400077,C109947,CARD210098,2025-03-15,4211.23,4211.23,Late,19
PAY400078,C104769,CARD205331,2025-04-24,7249.08,7249.08,On Time,0
PAY400079,C105164,CARD206971,2025-02-28,8550.18,8550.18,On Time,0
PAY400080,C103778,CARD211062,2025-08-25,9147.07,9147.07,On Time,0
PAY400081,C104958,CARD209649,2025-10-30,10917.23,10917.23,On Time,0
PAY400082,C106877,CARD201523,2026-05-06,7373.94,7373.94,On Time,0
PAY400083,C102527,CARD204535,2026-02-16,6195.08,6195.08,Late,21
PAY400084,C107231,CARD209369,2025-11-05,4021.74,4021.74,On Time,0
PAY400085,C106655,CARD205644,2025-08-31,5621.41,5621.41,On Time,0
PAY400086,C107779,CARD205557,2026-08-02,1518.94,1518.94,Late,20
PAY400087,C102504,CARD201549,2026-03-05,6232.29,6232.29,Late,11
PAY400088,C104333,CARD206359,2025-05-14,15334.44,15334.44,On Time,0
PAY400089,C107496,CARD201026,2026-07-20,4668.07,4668.07,On Time,0
PAY400090,C107647,CARD204792,2025-01-03,10815.4,10815.4,On Time,0
PAY400091,C101296,CARD203144,2025-11-04,5067.27,5067.27,On Time,0
PAY400092,C107947,CARD206741,2026-04-28,1243.46,1243.46,On Time,0
PAY400093,C100505,CARD210157,2025-10-07,12480.4,12480.4,On Time,0
PAY400094,C105346,CARD207634,2026-04-09,5262.18,2980.39,Partial,14
PAY400095,C102888,CARD205024,2025-04-14,5234.75,5234.75,On Time,0
PAY400096,C102328,CARD202055,2025-12-25,5487.33,5487.33,On Time,0
PAY400097,C100532,CARD203478,2025-04-15,6162.0,6162.0,On Time,0
PAY400098,C109331,CARD201912,2026-03-08,4555.99,4555.99,On Time,0
PAY400099,C109824,CARD202449,2025-11-13,4814.87,4814.87,On Time,0
PAY400100,C106740,CARD206834,2026-07-17,9124.69,9124.69,On Time,0
PAY400101,C101292,CARD200617,2026-08-28,2953.33,2953.33,On Time,0
PAY400102,C106044,CARD205832,2026-04-26,2266.56,1462.43,Partial,36
PAY400103,C102967,CARD201157,2026-05-28,11666.02,11666.02,On Time,0
PAY400104,C103866,CARD206738,2025-10-26,2998.79,2998.79,On Time,0
PAY400105,C104898,CARD201554,2025-02-15,16487.2,16487.2,On Time,0
PAY400106,C103267,CARD207865,2026-06-12,2727.04,376.62,Missed,74
PAY400107,C102802,CARD200918,2025-09-15,4533.45,4533.45,On Time,0
PAY400108,C102355,CARD207915,2026-04-16,11502.82,11502.82,On Time,0
PAY400109,C107559,CARD204658,2026-07-03,4937.45,4937.45,Late,3
PAY400110,C102451,CARD201352,2025-06-10,24625.08,24625.08,On Time,0
PAY400111,C100825,CARD203597,2026-04-30,2193.79,2193.79,Late,24
PAY400112,C109223,CARD204480,2025-01-07,14070.97,14070.97,On Time,0
PAY400113,C107411,CARD210629,2026-04-11,7538.22,7538.22,On Time,0
PAY400114,C102456,CARD205105,2025-04-26,6456.71,6456.71,On Time,0
PAY400115,C104040,CARD203796,2025-08-11,2160.67,2160.67,On Time,0
PAY400116,C100260,CARD205174,2025-02-10,9240.66,9240.66,On Time,0
PAY400117,C102558,CARD210510,2026-08-29,20127.83,20127.83,On Time,0
PAY400118,C102408,CARD203130,2025-05-21,9440.19,9440.19,On Time,0
PAY400119,C100055,CARD211607,2025-12-24,31488.44,4206.18,Missed,65
PAY400120,C101616,CARD203771,2025-07-13,8837.6,816.45,Missed,53
PAY400121,C106175,CARD201791,2025-12-09,2880.92,2880.92,Late,25
PAY400122,C102880,CARD207352,2025-01-01,4653.27,627.48,Missed,86
PAY400123,C108797,CARD201106,2026-05-15,20489.27,20489.27,Late,16
PAY400124,C106961,CARD204773,2026-05-19,7493.93,7493.93,On Time,0
PAY400125,C107651,CARD210464,2025-07-06,7750.3,7750.3,On Time,0
PAY400126,C108967,CARD202643,2025-03-04,3473.61,3473.61,On Time,0
PAY400127,C102528,CARD210366,2025-09-13,2938.89,2938.89,Late,26
PAY400128,C102068,CARD202779,2026-03-31,8113.92,8113.92,On Time,0
PAY400129,C101677,CARD202888,2026-05-01,9332.75,9332.75,On Time,0
PAY400130,C109107,CARD202778,2025-11-19,10538.19,10538.19,On Time,0
PAY400131,C106854,CARD204830,2025-05-02,16011.28,16011.28,On Time,0
PAY400132,C104242,CARD204393,2026-02-04,8232.56,986.32,Missed,58
PAY400133,C103786,CARD207998,2025-08-17,2269.57,186.96,Missed,85
PAY400134,C101964,CARD204855,2026-07-12,3687.94,3687.94,On Time,0
PAY400135,C103341,CARD211983,2026-05-17,8227.76,8227.76,Late,7
PAY400136,C104963,CARD204665,2026-07-08,3431.24,3431.24,Late,10
PAY400137,C105764,CARD202701,2026-06-21,1304.61,1046.04,Partial,17
PAY400138,C107951,CARD204337,2026-02-08,16813.91,16813.91,Late,25
PAY400139,C100224,CARD204766,2025-12-17,1871.56,1871.56,On Time,0
PAY400140,C109994,CARD204193,2025-07-21,23542.66,23542.66,On Time,0
PAY400141,C108515,CARD207232,2026-01-07,1966.39,828.23,Partial,48
PAY400142,C107041,CARD203620,2026-02-10,4521.23,4521.23,On Time,0
PAY400143,C104556,CARD204587,2026-01-21,3696.49,3696.49,On Time,0
PAY400144,C107120,CARD207833,2025-05-10,3891.97,3891.97,On Time,0
PAY400145,C109281,CARD210415,2025-06-17,5156.24,5156.24,Late,23
PAY400146,C100193,CARD208981,2026-05-30,6669.74,6669.74,On Time,0
PAY400147,C100804,CARD211369,2025-02-07,16910.37,16910.37,Late,22
PAY400148,C108757,CARD203703,2025-03-16,31128.06,31128.06,On Time,0
PAY400149,C108690,CARD210944,2025-09-03,8242.26,8242.26,On Time,0
PAY400150,C106142,CARD200831,2026-06-14,3173.47,3173.47,Late,5
PAY400151,C105612,CARD208183,2026-02-23,5178.53,5178.53,On Time,0
PAY400152,C107991,CARD201377,2026-07-08,5975.7,5975.7,On Time,0
PAY400153,C105909,CARD208379,2025-12-20,4813.1,4813.1,On Time,0
PAY400154,C101673,CARD200251,2025-05-24,9787.38,9787.38,On Time,0
PAY400155,C105107,CARD204086,2025-10-13,7764.78,7764.78,On Time,0
PAY400156,C101523,CARD201416,2025-02-18,6586.82,6586.82,On Time,0
PAY400157,C101111,CARD206120,2026-03-19,5068.51,1628.69,Partial,39
PAY400158,C108363,CARD204588,2026-02-01,6606.74,1385.98,Partial,29
PAY400159,C102558,CARD210510,2025-08-03,2795.0,2795.0,On Time,0
PAY400160,C105955,CARD203824,2025-10-08,7338.16,7338.16,On Time,0
PAY400161,C108741,CARD209006,2026-01-19,5152.02,5152.02,Late,2
PAY400162,C100187,CARD210772,2025-06-10,8027.85,8027.85,On Time,0
PAY400163,C104835,CARD200915,2025-05-15,4313.08,4313.08,On Time,0
PAY400164,C101218,CARD204096,2026-08-31,16612.42,13889.64,Partial,31
PAY400165,C102681,CARD211099,2025-12-12,4941.08,4941.08,Late,3
PAY400166,C109686,CARD208526,2025-03-03,7640.13,7640.13,On Time,0
PAY400167,C109167,CARD207797,2026-01-15,22084.36,22084.36,On Time,0
PAY400168,C105395,CARD211446,2025-11-29,16220.78,16220.78,On Time,0
PAY400169,C107750,CARD202133,2025-07-07,11347.46,11347.46,On Time,0
PAY400170,C105608,CARD207667,2025-08-19,3890.75,3890.75,On Time,0
PAY400171,C107891,CARD202555,2026-02-16,5354.57,5354.57,On Time,0
PAY400172,C104048,CARD210117,2026-04-16,10248.4,10248.4,On Time,0
PAY400173,C100918,CARD211546,2025-07-03,34794.3,34794.3,Late,28
PAY400174,C100599,CARD210822,2025-11-26,7870.89,7870.89,On Time,0
PAY400175,C100593,CARD208046,2025-07-14,4250.67,4250.67,On Time,0
PAY400176,C104723,CARD202689,2025-10-18,2818.71,2818.71,On Time,0
PAY400177,C101496,CARD210398,2025-06-17,4474.24,4474.24,On Time,0
PAY400178,C104638,CARD206147,2025-06-13,3150.72,3150.72,On Time,0
PAY400179,C103388,CARD200598,2026-05-03,5134.56,5134.56,On Time,0
PAY400180,C101198,CARD206527,2025-03-05,16984.28,16984.28,Late,21
PAY400181,C101966,CARD211019,2025-08-05,10965.65,10965.65,On Time,0
PAY400182,C103717,CARD211156,2026-02-07,1504.84,1504.84,On Time,0
PAY400183,C106640,CARD205445,2026-01-20,1562.98,1562.98,On Time,0
PAY400184,C109716,CARD210548,2026-03-29,2989.72,2989.72,On Time,0
PAY400185,C105421,CARD202984,2026-08-20,2616.45,1744.9,Partial,35
PAY400186,C108287,CARD204014,2025-10-22,3438.24,1425.25,Partial,15
PAY400187,C108432,CARD208518,2026-07-12,2445.28,2445.28,On Time,0
PAY400188,C108500,CARD202595,2026-03-15,2812.41,2812.41,Late,9
PAY400189,C105050,CARD204879,2026-03-03,7794.11,7794.11,On Time,0
PAY400190,C103750,CARD208239,2025-09-08,1708.08,1708.08,On Time,0
PAY400191,C100394,CARD205779,2025-06-27,32741.03,2405.89,Missed,37
PAY400192,C102391,CARD202319,2025-11-29,14087.37,11102.77,Partial,49
PAY400193,C109218,CARD211351,2025-07-26,3827.33,3827.33,On Time,0
PAY400194,C108061,CARD205972,2025-12-10,5483.78,5483.78,On Time,0
PAY400195,C102442,CARD209852,2026-07-09,2249.6,52.14,Missed,58
PAY400196,C100259,CARD209729,2025-10-27,14752.19,14752.19,On Time,0
PAY400197,C105655,CARD200350,2026-08-12,13181.24,13181.24,Late,8
PAY400198,C107033,CARD211906,2026-08-30,8527.45,8527.45,Late,10
PAY400199,C101179,CARD211653,2025-03-23,9379.35,9379.35,On Time,0
PAY400200,C103829,CARD203740,2025-02-01,7604.16,4419.74,Partial,31
PAY400201,C108312,CARD201312,2025-03-26,10650.07,4602.95,Partial,30
PAY400202,C105689,CARD203371,2026-08-03,10445.76,10445.76,On Time,0
PAY400203,C101693,CARD207962,2026-01-31,3363.95,3363.95,On Time,0
PAY400204,C105780,CARD208366,2025-02-06,7173.62,7173.62,On Time,0
PAY400205,C100349,CARD210256,2026-03-15,2454.16,2454.16,On Time,0
PAY400206,C104694,CARD202507,2026-02-13,10400.56,10400.56,On Time,0
PAY400207,C102269,CARD211091,2025-07-24,8142.45,8142.45,On Time,0
PAY400208,C109751,CARD211860,2026-01-09,13777.26,13777.26,Late,7
PAY400209,C104890,CARD204144,2025-03-29,1855.87,1855.87,On Time,0
PAY400210,C100465,CARD205253,2025-04-24,6653.44,6653.44,On Time,0
PAY400211,C101988,CARD207246,2025-11-19,4972.4,4972.4,On Time,0
PAY400212,C103761,CARD207309,2025-02-25,11342.63,11342.63,On Time,0
PAY400213,C100840,CARD208571,2026-02-04,18248.7,18248.7,Late,10
PAY400214,C106970,CARD203900,2026-04-30,2454.32,2454.32,On Time,0
PAY400215,C102625,CARD200384,2026-04-12,17871.95,13788.85,Partial,12
PAY400216,C107195,CARD211756,2025-04-02,4149.04,4149.04,On Time,0
PAY400217,C104618,CARD208463,2026-07-05,12099.49,12099.49,On Time,0
PAY400218,C105217,CARD211235,2026-05-28,4843.47,4843.47,On Time,0
PAY400219,C108418,CARD211272,2025-07-29,13207.95,13207.95,On Time,0
PAY400220,C105438,CARD200817,2025-09-11,9071.33,5044.9,Partial,14
PAY400221,C107823,CARD206653,2025-12-31,16238.94,16238.94,Late,2
PAY400222,C103426,CARD205723,2025-03-22,5493.57,5493.57,On Time,0
PAY400223,C100848,CARD211084,2026-07-29,14455.57,3710.71,Partial,19
PAY400224,C107460,CARD208160,2026-03-23,1000.0,1000.0,On Time,0
PAY400225,C106948,CARD202024,2025-04-18,9122.35,9122.35,On Time,0
PAY400226,C107307,CARD203413,2026-05-22,4786.83,4786.83,On Time,0
PAY400227,C102830,CARD209009,2025-11-23,5197.65,5197.65,On Time,0
PAY400228,C106398,CARD207051,2025-03-26,4931.64,4931.64,On Time,0
PAY400229,C100014,CARD203918,2025-05-11,6581.17,943.44,Missed,59
PAY400230,C100698,CARD205265,2025-03-28,1382.32,1382.32,On Time,0
PAY400231,C104779,CARD202084,2025-08-17,1839.5,1839.5,On Time,0
PAY400232,C109204,CARD208586,2025-06-30,15629.93,15629.93,On Time,0
PAY400233,C106206,CARD203297,2025-09-15,7180.29,7180.29,On Time,0
PAY400234,C101033,CARD209716,2026-03-22,4023.65,4023.65,On Time,0
PAY400235,C103227,CARD209419,2025-10-24,4625.03,2916.32,Partial,44
PAY400236,C100017,CARD211549,2025-10-19,7260.25,7260.25,On Time,0
PAY400237,C109151,CARD208341,2026-01-26,2164.45,2164.45,On Time,0
PAY400238,C100975,CARD201591,2026-07-30,8256.79,4375.61,Partial,58
PAY400239,C109065,CARD208126,2026-04-30,9112.36,9112.36,Late,8
PAY400240,C101794,CARD211065,2025-07-22,2505.43,2505.43,On Time,0
PAY400241,C106639,CARD201513,2025-05-21,11106.16,11106.16,On Time,0
PAY400242,C108847,CARD207581,2026-08-23,8053.95,8053.95,On Time,0
PAY400243,C103926,CARD207658,2026-06-15,9907.68,9907.68,Late,11
PAY400244,C106130,CARD207032,2026-06-25,1360.43,1360.43,On Time,0
PAY400245,C108959,CARD210145,2025-01-08,5363.68,5363.68,On Time,0
PAY400246,C106588,CARD210055,2025-11-15,9416.7,9416.7,On Time,0
PAY400247,C107159,CARD211890,2025-10-10,14088.45,14088.45,On Time,0
PAY400248,C100589,CARD203621,2025-05-09,4842.47,4842.47,On Time,0
PAY400249,C106180,CARD203619,2025-02-08,25562.86,25562.86,On Time,0
PAY400250,C106817,CARD209439,2026-01-19,11732.48,11732.48,On Time,0
PAY400251,C101408,CARD203380,2026-07-19,25823.91,25823.91,On Time,0
PAY400252,C109682,CARD209249,2026-04-18,11882.72,11882.72,On Time,0
PAY400253,C103326,CARD203709,2025-09-26,15856.73,15856.73,On Time,0
PAY400254,C109727,CARD205390,2025-08-26,19596.81,19596.81,On Time,0
PAY400255,C109095,CARD200019,2025-07-17,2393.51,211.98,Missed,38
PAY400256,C102013,CARD211783,2026-07-24,2283.35,2283.35,On Time,0
PAY400257,C105110,CARD209950,2026-07-25,4105.52,831.24,Partial,11
PAY400258,C109068,CARD207588,2026-05-19,5695.06,5695.06,Late,10
PAY400259,C103117,CARD209156,2026-06-23,4961.29,4961.29,On Time,0
PAY400260,C108734,CARD210492,2025-12-01,11481.71,156.83,Missed,72
PAY400261,C103357,CARD202673,2025-03-29,12829.73,12829.73,On Time,0
PAY400262,C101020,CARD206976,2025-11-23,5484.01,5484.01,On Time,0
PAY400263,C103093,CARD207034,2026-08-25,5925.14,5925.14,On Time,0
PAY400264,C104872,CARD207693,2025-12-19,16611.65,16611.65,Late,26
PAY400265,C106688,CARD210049,2025-09-28,12777.8,12777.8,On Time,0
PAY400266,C105541,CARD209757,2025-06-13,8145.44,8145.44,On Time,0
PAY400267,C109217,CARD206373,2025-08-22,12513.48,1316.37,Missed,98
PAY400268,C103918,CARD200540,2026-04-09,1216.24,1216.24,On Time,0
PAY400269,C107586,CARD210946,2025-10-26,13867.89,13867.89,On Time,0
PAY400270,C102376,CARD211554,2026-03-24,2150.54,2150.54,On Time,0
PAY400271,C109125,CARD206502,2025-09-27,3835.57,3835.57,On Time,0
PAY400272,C100267,CARD206880,2025-01-30,6537.41,6537.41,On Time,0
PAY400273,C105203,CARD204872,2026-02-19,1885.56,1885.56,On Time,0
PAY400274,C102598,CARD211450,2025-01-18,7235.24,7235.24,On Time,0
PAY400275,C104091,CARD201005,2026-01-30,3083.29,3083.29,On Time,0
PAY400276,C102803,CARD211886,2025-11-14,8568.77,8568.77,On Time,0
PAY400277,C104791,CARD207534,2025-11-24,6041.93,6041.93,On Time,0
PAY400278,C109062,CARD204865,2025-12-24,2963.77,2963.77,On Time,0
PAY400279,C107155,CARD203744,2025-06-16,5605.76,5605.76,On Time,0
PAY400280,C106086,CARD206799,2026-08-04,14579.15,14579.15,On Time,0
PAY400281,C102848,CARD202128,2025-10-26,7163.81,7163.81,On Time,0
PAY400282,C105670,CARD206409,2025-07-04,7951.51,7951.51,Late,22
PAY400283,C100331,CARD201686,2026-05-28,5038.18,497.68,Missed,94
PAY400284,C105080,CARD210174,2026-02-05,8853.67,8853.67,On Time,0
PAY400285,C100202,CARD207551,2025-09-26,11439.73,11439.73,Late,25
PAY400286,C101102,CARD203026,2026-05-17,5743.43,5743.43,On Time,0
PAY400287,C104677,CARD206158,2025-12-21,3505.67,3505.67,Late,8
PAY400288,C102055,CARD202181,2025-07-06,4269.54,86.17,Missed,88
PAY400289,C100243,CARD208881,2026-03-25,6803.42,4230.55,Partial,4
PAY400290,C106812,CARD207909,2025-10-05,17337.39,17337.39,On Time,0
PAY400291,C102299,CARD210928,2025-12-09,2946.35,2946.35,On Time,0
PAY400292,C105316,CARD201825,2026-03-10,4160.29,4160.29,On Time,0
PAY400293,C105804,CARD211000,2026-02-25,2870.07,2870.07,On Time,0
PAY400294,C103813,CARD203569,2025-09-21,4075.32,4075.32,On Time,0
PAY400295,C105872,CARD207480,2026-08-18,17465.63,17465.63,On Time,0
PAY400296,C100560,CARD209442,2026-02-06,10309.39,10309.39,On Time,0
PAY400297,C104596,CARD203186,2026-04-26,6122.32,6122.32,On Time,0
PAY400298,C107061,CARD207724,2025-09-07,3336.51,3336.51,On Time,0
PAY400299,C108162,CARD200509,2025-11-13,2321.77,2321.77,On Time,0
PAY400300,C102168,CARD200534,2025-06-17,3624.47,276.46,Missed,32
PAY400301,C101763,CARD201664,2026-03-13,5491.88,5491.88,Late,8
PAY400302,C104979,CARD200351,2026-08-20,26590.11,26590.11,Late,1
PAY400303,C104755,CARD205647,2025-09-27,2579.85,2579.85,On Time,0
PAY400304,C105409,CARD205902,2025-09-21,6157.96,6157.96,On Time,0
PAY400305,C102485,CARD209339,2026-04-11,17698.21,12548.66,Partial,29
PAY400306,C109147,CARD204290,2025-11-17,4180.8,4180.8,On Time,0
PAY400307,C100038,CARD205755,2025-03-04,20844.62,20844.62,Late,11
PAY400308,C106013,CARD207614,2025-11-10,10643.58,10643.58,On Time,0
PAY400309,C104399,CARD204250,2025-01-12,8308.72,8308.72,On Time,0
PAY400310,C106218,CARD207259,2026-05-06,13499.83,13499.83,On Time,0
PAY400311,C100358,CARD209967,2026-04-22,7879.38,7879.38,On Time,0
PAY400312,C102355,CARD207915,2025-05-22,9716.43,883.31,Missed,57
PAY400313,C105978,CARD209613,2025-07-19,1384.75,890.17,Partial,53
PAY400314,C109574,CARD206189,2026-04-17,3724.03,3724.03,On Time,0
PAY400315,C108781,CARD200112,2025-02-18,11807.69,11807.69,On Time,0
PAY400316,C105289,CARD208168,2025-10-31,4932.32,3398.58,Partial,51
PAY400317,C104377,CARD208588,2026-01-29,8079.75,8079.75,On Time,0
PAY400318,C103006,CARD207901,2026-08-21,1470.75,1470.75,On Time,0
PAY400319,C101989,CARD211325,2025-04-25,10037.2,10037.2,On Time,0
PAY400320,C109861,CARD207989,2025-09-16,9547.06,9547.06,On Time,0
PAY400321,C106025,CARD200628,2026-01-26,3311.91,3311.91,On Time,0
PAY400322,C102950,CARD200088,2026-07-26,3322.59,3322.59,On Time,0
PAY400323,C106808,CARD208877,2026-07-07,2880.32,2880.32,Late,5
PAY400324,C100490,CARD209587,2026-01-03,3396.69,3396.69,On Time,0
PAY400325,C106079,CARD202475,2026-03-15,4736.07,4736.07,On Time,0
PAY400326,C105493,CARD206476,2026-04-16,4248.56,4248.56,On Time,0
PAY400327,C104049,CARD208528,2025-09-23,13228.54,13228.54,Late,13
PAY400328,C106996,CARD202240,2026-02-20,1380.72,1380.72,On Time,0
PAY400329,C103771,CARD201753,2025-09-12,3708.74,3708.74,On Time,0
PAY400330,C109003,CARD201339,2025-10-31,5747.59,5747.59,On Time,0
PAY400331,C105776,CARD205323,2025-07-13,3191.69,3191.69,On Time,0
PAY400332,C109760,CARD201923,2025-09-09,11403.64,11403.64,On Time,0
PAY400333,C102402,CARD201282,2025-08-30,8340.72,565.97,Missed,61
PAY400334,C108309,CARD210476,2025-06-03,2938.34,2938.34,On Time,0
PAY400335,C100383,CARD211577,2025-07-09,11508.61,11508.61,On Time,0
PAY400336,C102365,CARD200340,2025-12-12,2414.42,2414.42,On Time,0
PAY400337,C100880,CARD205318,2026-05-21,3278.42,3278.42,On Time,0
PAY400338,C103482,CARD205444,2026-02-25,21819.9,21819.9,On Time,0
PAY400339,C104461,CARD203541,2025-10-25,8421.08,8421.08,Late,29
PAY400340,C109466,CARD200115,2025-05-10,2975.46,2148.14,Partial,18
PAY400341,C104472,CARD207661,2026-03-18,1761.2,1761.2,On Time,0
PAY400342,C103349,CARD201739,2025-04-21,12231.67,12231.67,On Time,0
PAY400343,C107132,CARD202849,2025-12-16,31160.62,14738.68,Partial,43
PAY400344,C107032,CARD210309,2025-08-04,17069.78,17069.78,Late,28
PAY400345,C103472,CARD207428,2025-08-19,10271.77,10271.77,On Time,0
PAY400346,C104327,CARD208622,2026-03-08,2160.19,278.71,Missed,78
PAY400347,C109530,CARD206199,2025-02-20,7149.89,1013.9,Missed,103
PAY400348,C101883,CARD200431,2025-01-25,1088.17,1088.17,On Time,0
PAY400349,C104608,CARD201636,2025-07-22,3241.98,3241.98,On Time,0
PAY400350,C102834,CARD201230,2026-08-22,6153.17,6153.17,On Time,0
PAY400351,C101265,CARD202081,2025-07-26,11695.18,11695.18,On Time,0
PAY400352,C108274,CARD202058,2026-05-24,6542.48,6542.48,On Time,0
PAY400353,C102644,CARD209144,2026-05-31,17632.83,17632.83,On Time,0
PAY400354,C107980,CARD204711,2025-08-13,10328.42,10328.42,On Time,0
PAY400355,C107728,CARD200926,2026-04-09,10184.41,10184.41,On Time,0
PAY400356,C109551,CARD201172,2026-07-19,26514.77,26514.77,Late,30
PAY400357,C108499,CARD208461,2025-10-05,9722.48,9722.48,On Time,0
PAY400358,C109968,CARD207666,2026-03-21,17461.41,6929.56,Partial,9
PAY400359,C101828,CARD205583,2025-07-26,4944.11,464.92,Missed,94
PAY400360,C105376,CARD200353,2026-03-22,4140.14,4140.14,On Time,0
PAY400361,C101265,CARD202081,2025-08-05,2846.88,2846.88,On Time,0
PAY400362,C101950,CARD206808,2026-04-29,4837.76,4837.76,Late,19
PAY400363,C106284,CARD209891,2025-10-16,5501.05,5501.05,On Time,0
PAY400364,C101177,CARD206615,2025-09-27,10011.6,10011.6,On Time,0
PAY400365,C106920,CARD208936,2026-08-24,13344.1,13344.1,On Time,0
PAY400366,C100251,CARD206410,2025-03-19,8209.84,3969.12,Partial,34
PAY400367,C106628,CARD206607,2025-10-02,19730.41,19730.41,On Time,0
PAY400368,C106377,CARD206699,2026-05-01,7450.79,7450.79,On Time,0
PAY400369,C107725,CARD207869,2025-08-04,9856.03,9856.03,On Time,0
PAY400370,C107867,CARD211092,2026-07-11,3127.16,3127.16,On Time,0
PAY400371,C108032,CARD205404,2025-06-20,2257.73,2257.73,On Time,0
PAY400372,C103475,CARD202940,2025-08-01,8958.71,8958.71,On Time,0
PAY400373,C108297,CARD201885,2026-07-16,23219.36,23219.36,On Time,0
PAY400374,C100827,CARD201747,2025-12-26,1805.57,377.81,Partial,50
PAY400375,C100174,CARD207256,2025-01-10,3704.21,3704.21,On Time,0
PAY400376,C103622,CARD206579,2025-12-12,5322.37,5322.37,On Time,0
PAY400377,C101484,CARD208196,2026-03-10,6112.05,3923.9,Partial,22
PAY400378,C107893,CARD208843,2026-05-03,8226.9,8226.9,On Time,0
PAY400379,C104600,CARD201482,2026-06-27,16687.46,16687.46,On Time,0
PAY400380,C106341,CARD203506,2026-02-24,6415.91,6415.91,On Time,0
PAY400381,C100781,CARD206682,2025-12-27,10822.1,10822.1,On Time,0
PAY400382,C108263,CARD208477,2026-06-04,17292.55,17292.55,Late,24
PAY400383,C108581,CARD202239,2025-12-03,7049.65,3938.3,Partial,31
PAY400384,C100453,CARD208008,2026-04-26,7596.41,7596.41,On Time,0
PAY400385,C104705,CARD200409,2025-08-23,4178.71,4178.71,On Time,0
PAY400386,C108909,CARD202594,2025-09-22,30866.35,30866.35,On Time,0
PAY400387,C100211,CARD203493,2026-08-16,7196.19,7196.19,On Time,0
PAY400388,C102169,CARD211863,2026-08-11,17244.38,17244.38,On Time,0
PAY400389,C100513,CARD201667,2026-07-03,21763.86,21763.86,On Time,0
PAY400390,C106314,CARD210260,2026-05-17,5089.07,5089.07,On Time,0
PAY400391,C101783,CARD206172,2025-09-20,5110.46,5110.46,Late,17
PAY400392,C102388,CARD209252,2025-11-26,1892.91,1892.91,On Time,0
PAY400393,C108955,CARD206027,2026-07-11,7919.68,7919.68,On Time,0
PAY400394,C107721,CARD202268,2026-01-13,5499.04,5499.04,On Time,0
PAY400395,C101957,CARD209293,2026-01-28,7451.31,7451.31,On Time,0
PAY400396,C108643,CARD209763,2026-01-23,8102.7,8102.7,On Time,0
PAY400397,C100147,CARD206104,2026-07-14,3155.6,3155.6,On Time,0
PAY400398,C106197,CARD201700,2026-05-23,2859.08,2859.08,On Time,0
PAY400399,C109755,CARD201820,2026-03-16,10212.16,10212.16,On Time,0
PAY400400,C101120,CARD205569,2026-06-06,32969.33,32969.33,On Time,0
PAY400401,C106567,CARD211056,2025-03-15,2935.25,2935.25,On Time,0
PAY400402,C106744,CARD209783,2026-06-11,1820.67,1820.67,On Time,0
PAY400403,C100498,CARD207763,2025-05-25,8412.24,8412.24,On Time,0
PAY400404,C103711,CARD201944,2026-08-29,3490.14,3490.14,On Time,0
PAY400405,C104747,CARD210967,2025-01-31,7862.37,7862.37,On Time,0
PAY400406,C101216,CARD200402,2026-03-03,5203.46,5203.46,On Time,0
PAY400407,C102424,CARD207960,2026-03-17,23143.05,23143.05,On Time,0
PAY400408,C109042,CARD208438,2025-09-21,6160.67,6160.67,On Time,0
PAY400409,C106790,CARD201756,2026-01-11,10039.77,10039.77,On Time,0
PAY400410,C101847,CARD210274,2025-11-27,1875.66,1875.66,On Time,0
PAY400411,C107651,CARD210464,2025-07-18,4985.68,4985.68,On Time,0
PAY400412,C109846,CARD201792,2025-09-29,4777.31,4777.31,On Time,0
PAY400413,C103668,CARD202906,2025-10-22,5811.26,5811.26,On Time,0
PAY400414,C103878,CARD203898,2026-05-21,2861.55,2861.55,On Time,0
PAY400415,C103152,CARD200610,2025-07-06,5623.86,5623.86,Late,17
PAY400416,C107003,CARD202107,2025-03-26,10762.33,10762.33,On Time,0
PAY400417,C108305,CARD207819,2025-08-07,7651.87,7651.87,Late,2
PAY400418,C106501,CARD209849,2025-11-17,3674.7,3674.7,On Time,0
PAY400419,C105358,CARD204469,2026-03-08,4370.65,4370.65,On Time,0
PAY400420,C101846,CARD201715,2025-09-15,6436.79,6436.79,On Time,0
PAY400421,C102216,CARD211805,2025-10-03,10540.89,10540.89,On Time,0
PAY400422,C103717,CARD211156,2026-02-07,10481.18,10481.18,Late,27
PAY400423,C109119,CARD204435,2026-07-28,6993.79,6993.79,On Time,0
PAY400424,C107053,CARD207511,2025-09-21,1463.96,1463.96,Late,21
PAY400425,C106211,CARD204690,2025-11-09,21913.89,21913.89,On Time,0
PAY400426,C105302,CARD210054,2025-04-29,21616.54,21616.54,On Time,0
PAY400427,C109989,CARD209312,2025-11-26,5966.94,5966.94,On Time,0
PAY400428,C108150,CARD201776,2025-01-04,2321.1,2321.1,On Time,0
PAY400429,C109067,CARD209337,2026-02-27,9526.96,9526.96,On Time,0
PAY400430,C104445,CARD203334,2026-08-18,15867.06,15867.06,On Time,0
PAY400431,C106265,CARD208472,2026-07-14,3291.08,1513.49,Partial,16
PAY400432,C108157,CARD200680,2026-05-31,9179.18,9179.18,On Time,0
PAY400433,C102369,CARD200301,2026-05-16,6998.62,6998.62,On Time,0
PAY400434,C101138,CARD205228,2026-02-14,3169.35,3169.35,On Time,0
PAY400435,C100812,CARD206375,2026-05-24,7762.23,5386.54,Partial,38
PAY400436,C108144,CARD209856,2025-01-12,2937.11,2937.11,On Time,0
PAY400437,C105941,CARD202990,2025-08-01,5465.38,3996.3,Partial,15
PAY400438,C109625,CARD206307,2026-01-27,2781.88,2781.88,On Time,0
PAY400439,C109979,CARD204838,2026-04-16,4281.97,4281.97,Late,9
PAY400440,C101690,CARD200479,2025-09-21,15124.87,15124.87,On Time,0
PAY400441,C104209,CARD201139,2025-11-06,5693.36,5693.36,On Time,0
PAY400442,C105835,CARD203778,2026-03-22,7931.47,1144.29,Missed,49
PAY400443,C107478,CARD202361,2026-02-13,3467.06,3467.06,On Time,0
PAY400444,C108436,CARD204439,2025-07-05,27806.84,27806.84,On Time,0
PAY400445,C109296,CARD207162,2025-06-24,5391.09,5391.09,On Time,0
PAY400446,C107593,CARD207881,2026-05-23,7568.27,7568.27,Late,29
PAY400447,C109884,CARD201082,2025-02-19,29374.41,29374.41,On Time,0
PAY400448,C100582,CARD211101,2026-06-01,7066.76,7066.76,On Time,0
PAY400449,C103311,CARD205693,2025-12-02,6564.7,6564.7,Late,27
PAY400450,C108231,CARD203798,2026-07-11,4304.31,4304.31,On Time,0
PAY400451,C100961,CARD206283,2025-01-25,8361.56,6470.58,Partial,5
PAY400452,C105344,CARD201033,2026-04-18,8299.28,8299.28,On Time,0
PAY400453,C102438,CARD210746,2025-12-28,10224.8,10224.8,On Time,0
PAY400454,C106739,CARD201065,2026-07-06,2785.7,2785.7,On Time,0
PAY400455,C106481,CARD207628,2026-02-02,4803.96,4803.96,On Time,0
PAY400456,C101296,CARD203144,2025-04-13,3166.12,3166.12,On Time,0
PAY400457,C100710,CARD201177,2025-03-30,7083.14,7083.14,On Time,0
PAY400458,C105527,CARD209038,2025-11-10,4420.4,4420.4,On Time,0
PAY400459,C101061,CARD209585,2025-05-04,11918.43,11918.43,On Time,0
PAY400460,C108840,CARD206262,2026-03-16,4763.47,1608.94,Partial,30
PAY400461,C107708,CARD208569,2025-03-21,8265.6,8265.6,On Time,0
PAY400462,C107521,CARD204406,2025-01-13,21575.9,21575.9,On Time,0
PAY400463,C100517,CARD206276,2025-11-27,3393.84,3393.84,On Time,0
PAY400464,C104425,CARD203322,2026-08-23,4786.6,4786.6,On Time,0
PAY400465,C100420,CARD203287,2025-10-11,2584.85,2584.85,On Time,0
PAY400466,C101530,CARD211771,2026-05-21,17732.81,17732.81,On Time,0
PAY400467,C103999,CARD209461,2026-06-27,10616.42,10616.42,On Time,0
PAY400468,C107306,CARD201240,2026-04-24,4141.48,4141.48,On Time,0
PAY400469,C100461,CARD206411,2025-07-04,16270.44,16270.44,Late,23
PAY400470,C108562,CARD200989,2025-03-22,4308.12,4308.12,On Time,0
PAY400471,C108901,CARD209964,2025-09-02,2434.06,2434.06,On Time,0
PAY400472,C108877,CARD206937,2026-06-09,38851.15,38851.15,On Time,0
PAY400473,C109858,CARD211109,2026-05-14,4987.48,4987.48,On Time,0
PAY400474,C109227,CARD201785,2025-10-24,2242.71,923.31,Partial,2
PAY400475,C100193,CARD208981,2025-07-27,1755.17,1755.17,Late,7
PAY400476,C102635,CARD203115,2026-03-23,6076.45,6076.45,On Time,0
PAY400477,C100299,CARD203461,2026-05-25,4358.74,4358.74,Late,10
PAY400478,C106074,CARD205420,2025-04-28,3619.27,3619.27,On Time,0
PAY400479,C106750,CARD206547,2026-01-18,8244.9,8244.9,Late,20
PAY400480,C100208,CARD209978,2026-03-30,3000.32,3000.32,On Time,0
PAY400481,C103963,CARD211646,2026-06-26,17409.85,17409.85,On Time,0
PAY400482,C104951,CARD205178,2025-10-21,2442.26,2442.26,On Time,0
PAY400483,C108190,CARD211120,2025-06-13,7494.97,7494.97,On Time,0
PAY400484,C105731,CARD204604,2025-05-09,7996.64,7996.64,Late,17
PAY400485,C109308,CARD211266,2025-02-11,27406.51,27406.51,Late,17
PAY400486,C102991,CARD202763,2026-06-04,9715.19,9715.19,On Time,0
PAY400487,C102690,CARD205211,2025-07-16,6484.07,6484.07,On Time,0
PAY400488,C102879,CARD203668,2026-01-08,18739.7,12767.91,Partial,47
PAY400489,C105393,CARD200907,2025-07-19,3942.74,3942.74,Late,2
PAY400490,C100789,CARD210490,2025-05-19,4192.24,4192.24,On Time,0
PAY400491,C101841,CARD202810,2025-05-10,11277.88,11277.88,On Time,0
PAY400492,C109656,CARD207241,2025-12-17,3011.23,404.76,Missed,81
PAY400493,C108523,CARD204886,2025-02-09,5302.54,5302.54,Late,13
PAY400494,C108031,CARD206338,2026-01-06,15801.52,15801.52,On Time,0
PAY400495,C107295,CARD207135,2026-02-17,1667.65,1667.65,On Time,0
PAY400496,C107098,CARD202696,2026-08-23,7824.96,7824.96,On Time,0
PAY400497,C105773,CARD203583,2025-04-14,7954.4,7954.4,On Time,0
PAY400498,C108659,CARD205795,2025-05-27,4662.19,4662.19,On Time,0
PAY400499,C105564,CARD207089,2025-02-23,8120.34,8120.34,On Time,0
PAY400500,C107806,CARD204748,2026-06-28,2423.46,2022.14,Partial,11
PAY400501,C100112,CARD200859,2025-08-25,6446.66,6446.66,On Time,0
PAY400502,C104784,CARD205596,2025-11-27,2505.74,2505.74,On Time,0
PAY400503,C108954,CARD206784,2026-02-18,6752.81,6752.81,Late,26
PAY400504,C109641,CARD207902,2025-12-08,18166.76,18166.76,On Time,0
PAY400505,C101924,CARD206055,2025-10-23,10982.96,10982.96,On Time,0
PAY400506,C105298,CARD203779,2025-03-21,4754.86,4754.86,On Time,0
PAY400507,C103932,CARD204737,2025-08-19,15129.65,15129.65,Late,22
PAY400508,C104621,CARD204416,2025-12-16,6977.66,6977.66,On Time,0
PAY400509,C101885,CARD202238,2026-03-19,2434.55,2434.55,On Time,0
PAY400510,C100220,CARD203525,2026-04-13,5634.76,3200.71,Partial,43
PAY400511,C106008,CARD205398,2026-07-05,8886.41,8886.41,On Time,0
PAY400512,C104699,CARD211613,2026-01-11,6279.15,6279.15,On Time,0
PAY400513,C101680,CARD202486,2025-01-17,22888.44,7902.15,Partial,1
PAY400514,C104532,CARD205047,2026-08-01,3923.32,3923.32,On Time,0
PAY400515,C106436,CARD203415,2025-10-08,2969.94,2969.94,On Time,0
PAY400516,C100868,CARD205399,2026-04-06,8809.12,8809.12,On Time,0
PAY400517,C104822,CARD206266,2026-05-09,9361.78,3828.02,Partial,54
PAY400518,C105893,CARD201338,2026-07-19,29683.56,29683.56,On Time,0
PAY400519,C101395,CARD209678,2026-04-12,36019.9,36019.9,On Time,0
PAY400520,C100136,CARD206198,2026-06-22,7223.82,7223.82,On Time,0
PAY400521,C106948,CARD202024,2026-08-04,6623.36,6623.36,On Time,0
PAY400522,C109491,CARD210994,2026-07-13,14705.66,14705.66,On Time,0
PAY400523,C107663,CARD200666,2026-07-14,8583.49,8583.49,On Time,0
PAY400524,C105768,CARD205612,2025-01-10,5055.19,5055.19,Late,4
PAY400525,C102427,CARD207678,2026-08-10,2584.28,2584.28,On Time,0
PAY400526,C104714,CARD200791,2025-09-14,9686.3,9686.3,On Time,0
PAY400527,C101259,CARD209706,2025-03-10,4886.56,4886.56,On Time,0
PAY400528,C102946,CARD209173,2025-03-18,14162.26,14162.26,On Time,0
PAY400529,C105260,CARD211182,2026-01-31,15939.73,6139.53,Partial,17
PAY400530,C108902,CARD206606,2026-03-31,6578.71,6578.71,On Time,0
PAY400531,C102281,CARD202931,2025-07-22,6571.37,6571.37,On Time,0
PAY400532,C107533,CARD209570,2025-07-25,8592.63,8592.63,On Time,0
PAY400533,C100186,CARD208719,2025-04-10,3936.88,3936.88,On Time,0
PAY400534,C109433,CARD207249,2026-01-31,2407.4,2407.4,On Time,0
PAY400535,C106669,CARD206215,2025-08-22,7683.01,5609.46,Partial,41
PAY400536,C103857,CARD206772,2026-08-30,4739.47,4739.47,On Time,0
PAY400537,C109869,CARD209216,2025-05-28,2642.2,2642.2,On Time,0
PAY400538,C107036,CARD207222,2026-01-20,5970.78,5970.78,On Time,0
PAY400539,C108213,CARD210684,2025-12-28,4039.36,4039.36,On Time,0
PAY400540,C100818,CARD200445,2025-01-24,15003.17,15003.17,On Time,0
PAY400541,C102949,CARD202966,2026-02-11,10653.78,10653.78,On Time,0
PAY400542,C105065,CARD204238,2026-04-24,4610.89,4610.89,On Time,0
PAY400543,C106949,CARD204099,2025-06-04,9337.92,9337.92,On Time,0
PAY400544,C104746,CARD200073,2026-06-14,4119.14,4119.14,On Time,0
PAY400545,C102971,CARD209084,2025-03-17,6441.02,6441.02,On Time,0
PAY400546,C109294,CARD208499,2025-07-02,4240.52,4240.52,On Time,0
PAY400547,C100856,CARD204670,2025-11-10,6676.78,6676.78,On Time,0
PAY400548,C105748,CARD210830,2026-06-07,3807.67,3807.67,On Time,0
PAY400549,C108215,CARD208253,2025-04-24,11452.89,11452.89,Late,30
PAY400550,C102621,CARD211431,2025-11-20,4133.26,4133.26,Late,17
PAY400551,C101301,CARD209301,2026-08-22,11354.71,11354.71,On Time,0
PAY400552,C109245,CARD208863,2026-01-19,4279.59,4279.59,On Time,0
PAY400553,C109965,CARD200166,2026-04-15,1602.27,12.01,Missed,77
PAY400554,C105082,CARD207947,2025-11-21,9998.67,9998.67,On Time,0
PAY400555,C102278,CARD205521,2025-11-20,9173.97,9173.97,On Time,0
PAY400556,C104364,CARD201955,2025-08-15,13664.33,13664.33,On Time,0
PAY400557,C102812,CARD206327,2025-03-10,8787.49,8787.49,On Time,0
PAY400558,C100909,CARD202346,2025-09-14,5277.25,5277.25,On Time,0
PAY400559,C107375,CARD209864,2026-07-20,1590.17,1590.17,Late,5
PAY400560,C106486,CARD209104,2025-08-29,4624.13,4624.13,On Time,0
PAY400561,C107753,CARD210282,2025-11-04,3534.98,3534.98,On Time,0
PAY400562,C106099,CARD210756,2026-03-16,5299.58,5299.58,On Time,0
PAY400563,C105799,CARD200038,2025-05-07,8786.28,8786.28,On Time,0
PAY400564,C106577,CARD202060,2026-02-04,5226.76,5226.76,On Time,0
PAY400565,C105661,CARD210584,2025-01-18,3446.54,3446.54,On Time,0
PAY400566,C107858,CARD205826,2025-12-31,12027.44,12027.44,On Time,0
PAY400567,C105396,CARD200973,2026-01-02,13594.14,13594.14,On Time,0
PAY400568,C105008,CARD211618,2026-06-01,4117.24,4117.24,On Time,0
PAY400569,C103292,CARD210876,2026-08-14,6242.32,6242.32,On Time,0
PAY400570,C104995,CARD207242,2025-07-06,1851.05,1851.05,On Time,0
PAY400571,C107862,CARD210627,2025-07-06,4726.8,4726.8,On Time,0
PAY400572,C106572,CARD203383,2025-01-06,13058.97,13058.97,On Time,0
PAY400573,C104719,CARD211295,2025-10-27,3755.04,3755.04,On Time,0
PAY400574,C105000,CARD207629,2026-01-01,7471.32,7471.32,On Time,0
PAY400575,C105979,CARD207229,2025-11-29,12089.87,12089.87,Late,3
PAY400576,C105477,CARD211992,2026-02-28,8332.45,8332.45,On Time,0
PAY400577,C104646,CARD206278,2026-07-29,7204.13,5155.27,Partial,27
PAY400578,C107643,CARD201850,2025-11-29,5435.27,5435.27,On Time,0
PAY400579,C105218,CARD205601,2026-04-05,9912.2,9912.2,Late,12
PAY400580,C101760,CARD203404,2025-11-04,2938.66,265.54,Missed,87
PAY400581,C106713,CARD206644,2025-07-30,3043.32,3043.32,On Time,0
PAY400582,C101192,CARD208649,2025-01-18,1950.54,1950.54,On Time,0
PAY400583,C102180,CARD211683,2025-03-31,18481.0,18481.0,On Time,0
PAY400584,C106747,CARD209775,2025-08-15,5632.48,5632.48,On Time,0
PAY400585,C105445,CARD202678,2025-09-15,8748.03,8748.03,On Time,0
PAY400586,C101596,CARD202738,2025-10-17,3046.62,3046.62,On Time,0
PAY400587,C109877,CARD209930,2025-04-30,7215.64,7215.64,On Time,0
PAY400588,C101043,CARD204870,2025-11-04,6578.11,6578.11,On Time,0
PAY400589,C107028,CARD207563,2026-03-08,5003.53,5003.53,On Time,0
PAY400590,C107720,CARD211612,2026-07-28,1957.81,1957.81,Late,26
PAY400591,C104470,CARD205925,2025-03-09,14050.6,3293.4,Partial,60
PAY400592,C106503,CARD208664,2025-05-09,8006.17,8006.17,On Time,0
PAY400593,C105752,CARD211763,2025-06-03,1807.0,1807.0,On Time,0
PAY400594,C106182,CARD211362,2025-10-25,15249.94,15249.94,On Time,0
PAY400595,C105380,CARD201675,2026-02-14,8284.18,8284.18,On Time,0
PAY400596,C109968,CARD207666,2025-04-11,5083.37,5083.37,On Time,0
PAY400597,C109154,CARD210171,2026-04-03,20857.31,20857.31,On Time,0
PAY400598,C101247,CARD211376,2025-04-03,2802.19,2802.19,On Time,0
PAY400599,C108450,CARD203168,2026-07-21,9470.11,9470.11,Late,8
PAY400600,C103653,CARD206042,2026-04-13,1772.42,1772.42,Late,21
PAY400601,C106396,CARD202605,2025-05-29,2417.86,2417.86,On Time,0
PAY400602,C101110,CARD202298,2025-05-09,27252.26,27252.26,On Time,0
PAY400603,C101733,CARD207048,2026-08-11,3616.1,3616.1,On Time,0
PAY400604,C108848,CARD211575,2025-10-13,6081.44,4678.54,Partial,35
PAY400605,C102556,CARD205433,2026-04-23,4749.95,480.55,Missed,80
PAY400606,C108380,CARD210014,2025-03-22,5807.51,3963.41,Partial,16
PAY400607,C101644,CARD201855,2026-04-08,4481.41,4481.41,On Time,0
PAY400608,C100596,CARD210119,2026-05-02,8469.56,8469.56,On Time,0
PAY400609,C108549,CARD208657,2025-08-01,2711.28,2711.28,On Time,0
PAY400610,C102474,CARD200369,2025-07-21,6365.13,6365.13,Late,6
PAY400611,C105276,CARD208942,2026-02-20,10381.18,240.42,Missed,47
PAY400612,C107996,CARD209171,2025-06-17,14199.32,14199.32,On Time,0
PAY400613,C105159,CARD200932,2025-11-28,7914.11,7914.11,On Time,0
PAY400614,C101917,CARD200673,2026-04-18,7431.36,6100.73,Partial,18
PAY400615,C102330,CARD205885,2025-10-19,2192.58,2192.58,On Time,0
PAY400616,C109708,CARD207703,2025-03-24,2497.78,2497.78,On Time,0
PAY400617,C103583,CARD201198,2026-01-15,9038.27,9038.27,On Time,0
PAY400618,C102090,CARD205243,2026-08-04,7232.59,7232.59,On Time,0
PAY400619,C106314,CARD210260,2025-05-24,4619.82,4619.82,On Time,0
PAY400620,C109478,CARD211104,2026-07-09,1259.67,1259.67,On Time,0
PAY400621,C103446,CARD208068,2026-03-09,4954.29,4954.29,On Time,0
PAY400622,C103957,CARD202821,2025-07-22,4868.88,4868.88,On Time,0
PAY400623,C105732,CARD209406,2025-11-27,5880.66,4777.36,Partial,50
PAY400624,C106703,CARD203315,2025-09-12,5118.09,5118.09,On Time,0
PAY400625,C103957,CARD202821,2025-12-30,6556.9,6556.9,On Time,0
PAY400626,C102943,CARD211635,2025-01-12,7894.16,7894.16,On Time,0
PAY400627,C100354,CARD205760,2025-12-20,2746.77,2746.77,On Time,0
PAY400628,C105985,CARD209188,2025-03-03,9908.11,9908.11,Late,6
PAY400629,C106752,CARD211086,2025-01-13,10243.09,10243.09,On Time,0
PAY400630,C109016,CARD209200,2025-01-06,5921.8,4497.78,Partial,36
PAY400631,C107227,CARD202967,2026-07-22,4762.25,4762.25,Late,22
PAY400632,C103651,CARD204017,2026-07-03,1403.87,1403.87,On Time,0
PAY400633,C106895,CARD206150,2025-07-12,8522.06,8522.06,On Time,0
PAY400634,C108853,CARD201017,2025-06-27,6084.42,6084.42,On Time,0
PAY400635,C100007,CARD205634,2025-02-10,16192.96,16192.96,On Time,0
PAY400636,C105813,CARD205028,2026-06-27,4527.12,4527.12,Late,5
PAY400637,C102421,CARD210770,2025-11-26,9726.73,9726.73,Late,30
PAY400638,C104920,CARD203076,2026-08-11,8418.99,8418.99,On Time,0
PAY400639,C109443,CARD211664,2025-09-25,7002.03,7002.03,On Time,0
PAY400640,C103992,CARD201361,2025-10-11,2770.49,2770.49,Late,25
PAY400641,C101473,CARD203436,2026-02-06,2030.96,2030.96,On Time,0
PAY400642,C102401,CARD208073,2026-04-15,16697.66,16697.66,On Time,0
PAY400643,C105908,CARD208076,2026-03-28,4589.56,4589.56,On Time,0
PAY400644,C102358,CARD200861,2025-12-21,3623.1,3623.1,On Time,0
PAY400645,C101037,CARD203539,2025-08-24,5682.56,5682.56,On Time,0
PAY400646,C102322,CARD210777,2025-03-23,24255.2,24255.2,On Time,0
PAY400647,C102215,CARD208210,2026-03-23,6104.87,6104.87,Late,16
PAY400648,C102630,CARD203025,2025-06-16,6456.94,6456.94,On Time,0
PAY400649,C105733,CARD200702,2025-09-01,4902.84,4902.84,Late,21
PAY400650,C103419,CARD209504,2025-03-13,4035.67,2231.53,Partial,45
PAY400651,C105728,CARD207684,2025-02-27,2472.74,2472.74,Late,14
PAY400652,C103716,CARD200856,2025-09-02,10534.12,10534.12,On Time,0
PAY400653,C105331,CARD202161,2026-03-16,9435.61,9435.61,On Time,0
PAY400654,C100465,CARD205253,2026-06-04,20389.22,20389.22,Late,8
PAY400655,C107448,CARD201547,2025-05-06,7526.9,7526.9,On Time,0
PAY400656,C101173,CARD203309,2025-05-27,3536.86,3536.86,Late,9
PAY400657,C103336,CARD209748,2026-02-04,22255.65,22255.65,On Time,0
PAY400658,C100897,CARD203087,2025-08-08,6579.44,6579.44,On Time,0
PAY400659,C102740,CARD210827,2025-09-20,7510.44,7510.44,On Time,0
PAY400660,C106374,CARD205345,2025-05-18,4395.3,4395.3,On Time,0
PAY400661,C101097,CARD204781,2026-04-20,5918.88,5918.88,Late,7
PAY400662,C101518,CARD201848,2026-06-10,6223.43,6223.43,On Time,0
PAY400663,C100070,CARD203280,2025-12-16,6621.84,6621.84,On Time,0
PAY400664,C105688,CARD204468,2025-01-14,1034.32,1034.32,On Time,0
PAY400665,C108341,CARD201235,2026-05-19,3627.04,3627.04,On Time,0
PAY400666,C102425,CARD208893,2025-07-29,12892.63,12892.63,On Time,0
PAY400667,C102741,CARD202324,2026-08-30,4917.83,4917.83,On Time,0
PAY400668,C102579,CARD209149,2025-09-19,3158.23,3158.23,On Time,0
PAY400669,C108492,CARD202526,2025-11-01,8198.4,8198.4,On Time,0
PAY400670,C100508,CARD210972,2025-03-25,8280.56,8280.56,On Time,0
PAY400671,C109754,CARD202111,2026-02-28,9397.11,9397.11,On Time,0
PAY400672,C104678,CARD208287,2025-04-17,4838.11,4838.11,On Time,0
PAY400673,C108602,CARD203312,2026-05-10,13350.37,13350.37,On Time,0
PAY400674,C102066,CARD209894,2025-09-12,13739.37,13739.37,On Time,0
PAY400675,C104208,CARD202695,2026-05-28,14482.35,14482.35,Late,28
PAY400676,C102253,CARD211839,2026-05-12,2614.53,2614.53,On Time,0
PAY400677,C104826,CARD209214,2026-01-11,15956.51,15956.51,On Time,0
PAY400678,C101798,CARD202867,2026-02-04,44365.7,44365.7,On Time,0
PAY400679,C102799,CARD206139,2025-02-15,3365.61,3365.61,Late,7
PAY400680,C101861,CARD210422,2025-01-11,12306.36,12306.36,On Time,0
PAY400681,C109551,CARD201172,2025-11-20,1986.56,1986.56,On Time,0
PAY400682,C103677,CARD203572,2026-01-14,6549.34,6549.34,On Time,0
PAY400683,C107612,CARD204309,2026-02-24,8239.39,8239.39,On Time,0
PAY400684,C104648,CARD210869,2025-03-16,6423.91,6423.91,Late,27
PAY400685,C101186,CARD204185,2026-03-12,2179.09,2179.09,On Time,0
PAY400686,C104728,CARD203940,2025-08-24,4189.66,4189.66,On Time,0
PAY400687,C101789,CARD209571,2025-01-19,1483.08,1483.08,On Time,0
PAY400688,C100477,CARD205886,2025-05-04,5461.35,5461.35,On Time,0
PAY400689,C107231,CARD209369,2025-06-01,1141.86,1141.86,On Time,0
PAY400690,C104540,CARD209943,2026-07-17,6082.88,3655.39,Partial,10
PAY400691,C107574,CARD200027,2025-02-01,2717.09,2717.09,On Time,0
PAY400692,C105759,CARD207707,2025-05-18,16104.92,16104.92,On Time,0
PAY400693,C106743,CARD209478,2025-11-21,3211.11,3211.11,On Time,0
PAY400694,C109682,CARD204062,2025-03-02,14346.61,14346.61,On Time,0
PAY400695,C103573,CARD202343,2026-02-21,8182.01,8182.01,Late,27
PAY400696,C107036,CARD207222,2026-01-20,6371.55,6371.55,On Time,0
PAY400697,C106043,CARD210675,2026-06-15,5852.83,5852.83,On Time,0
PAY400698,C104987,CARD202562,2025-09-30,11016.11,11016.11,Late,25
PAY400699,C102521,CARD202437,2025-02-09,3832.78,3832.78,On Time,0
PAY400700,C107222,CARD207239,2025-10-03,5725.36,176.72,Missed,59
PAY400701,C102852,CARD206713,2026-03-10,2995.91,2995.91,On Time,0
PAY400702,C108430,CARD205919,2025-06-08,2196.74,2196.74,Late,23
PAY400703,C107922,CARD205494,2026-04-01,1000.0,1000.0,On Time,0
PAY400704,C100469,CARD202709,2025-06-08,4550.31,4550.31,On Time,0
PAY400705,C102716,CARD206018,2025-07-03,4200.56,4200.56,On Time,0
PAY400706,C101122,CARD208460,2025-07-21,6614.49,6614.49,On Time,0
PAY400707,C102272,CARD208634,2025-11-29,3742.43,3742.43,On Time,0
PAY400708,C106106,CARD202139,2026-03-19,10928.16,10928.16,On Time,0
PAY400709,C108392,CARD209498,2026-05-09,8161.56,3006.34,Partial,6
PAY400710,C103749,CARD207657,2025-12-17,2881.04,2881.04,On Time,0
PAY400711,C100055,CARD211607,2025-11-27,2958.19,2958.19,On Time,0
PAY400712,C104128,CARD201698,2026-07-04,2380.57,2380.57,On Time,0
PAY400713,C108357,CARD210714,2026-04-21,1616.08,1616.08,Late,28
PAY400714,C100641,CARD211503,2025-06-07,7636.2,7636.2,On Time,0
PAY400715,C109735,CARD209257,2026-04-04,6643.47,6643.47,Late,5
PAY400716,C107518,CARD203398,2025-01-06,13522.09,13522.09,On Time,0
PAY400717,C101640,CARD205252,2026-04-20,13342.56,723.35,Missed,57
PAY400718,C100446,CARD202365,2025-11-13,4410.37,4410.37,On Time,0
PAY400719,C100911,CARD200810,2025-06-08,56812.36,56812.36,On Time,0
PAY400720,C102419,CARD206809,2026-06-28,8624.75,8624.75,On Time,0
PAY400721,C109021,CARD203948,2026-07-21,6457.1,6457.1,On Time,0
PAY400722,C107543,CARD209735,2025-03-30,7321.46,2202.42,Partial,59
PAY400723,C103210,CARD204080,2026-02-13,25596.6,25596.6,On Time,0
PAY400724,C102277,CARD200296,2025-07-12,5253.76,5253.76,On Time,0
PAY400725,C100126,CARD208605,2025-03-09,14344.64,14344.64,On Time,0
PAY400726,C108075,CARD208728,2026-01-23,2283.23,2283.23,On Time,0
PAY400727,C106202,CARD211475,2025-07-28,1706.23,1706.23,On Time,0
PAY400728,C101377,CARD204746,2025-10-19,5086.41,1575.07,Partial,41
PAY400729,C107244,CARD208092,2025-05-21,8671.32,8671.32,Late,2
PAY400730,C106150,CARD200755,2026-01-20,3591.02,3591.02,Late,15
PAY400731,C107750,CARD202133,2025-02-04,7608.59,7608.59,On Time,0
PAY400732,C106425,CARD203874,2026-07-16,5536.84,5536.84,Late,23
PAY400733,C102255,CARD205698,2026-01-03,2889.41,2889.41,On Time,0
PAY400734,C106222,CARD206247,2026-08-14,4500.11,4500.11,Late,14
PAY400735,C103149,CARD211514,2026-03-10,2902.93,2902.93,On Time,0
PAY400736,C101169,CARD209945,2025-10-15,10900.02,10900.02,On Time,0
PAY400737,C102419,CARD206809,2026-05-03,5618.43,5618.43,On Time,0
PAY400738,C103497,CARD206925,2025-04-02,2533.28,2533.28,On Time,0
PAY400739,C101375,CARD210983,2025-08-07,6491.6,852.94,Missed,72
PAY400740,C109972,CARD205984,2025-01-12,6787.31,6787.31,On Time,0
PAY400741,C100189,CARD208182,2025-04-30,33276.79,33276.79,Late,7
PAY400742,C108182,CARD210188,2025-06-17,7433.52,7433.52,On Time,0
PAY400743,C107764,CARD200565,2026-05-19,4016.57,4016.57,On Time,0
PAY400744,C104278,CARD203033,2025-12-08,9251.07,9251.07,On Time,0
PAY400745,C107060,CARD209064,2025-08-19,3035.67,3035.67,On Time,0
PAY400746,C101050,CARD211884,2025-05-11,8620.7,8620.7,On Time,0
PAY400747,C103142,CARD202029,2026-05-02,11962.87,11962.87,On Time,0
PAY400748,C101027,CARD201254,2025-09-13,3484.57,3484.57,Late,10
PAY400749,C103415,CARD204908,2026-01-04,6830.17,2401.24,Partial,59
PAY400750,C101686,CARD207316,2026-04-24,19671.17,19671.17,On Time,0
PAY400751,C103716,CARD200856,2026-02-18,16494.06,16494.06,Late,4
PAY400752,C101257,CARD211173,2025-04-05,9950.99,9950.99,On Time,0
PAY400753,C101877,CARD204483,2025-02-07,3505.38,3505.38,On Time,0
PAY400754,C103382,CARD206141,2026-02-11,6112.02,6112.02,On Time,0
PAY400755,C100955,CARD204812,2026-08-08,16462.25,16462.25,Late,4
PAY400756,C103812,CARD206555,2026-02-26,4090.75,4090.75,On Time,0
PAY400757,C100608,CARD205402,2025-03-16,4124.41,4124.41,On Time,0
PAY400758,C102579,CARD209149,2026-07-28,5407.56,5407.56,On Time,0
PAY400759,C107572,CARD200985,2025-08-06,9909.07,9909.07,On Time,0
PAY400760,C106935,CARD200893,2025-11-02,6624.78,6624.78,On Time,0
PAY400761,C109368,CARD203047,2025-05-14,3344.83,3344.83,On Time,0
PAY400762,C104316,CARD201670,2025-07-08,5734.0,5734.0,On Time,0
PAY400763,C101231,CARD206790,2026-04-08,10425.06,10425.06,On Time,0
PAY400764,C102937,CARD200085,2026-06-13,14192.91,14192.91,On Time,0
PAY400765,C107729,CARD207205,2026-07-29,5613.3,5613.3,Late,27
PAY400766,C100332,CARD200178,2025-08-26,8654.41,8654.41,On Time,0
PAY400767,C106794,CARD202879,2025-08-07,7598.27,7598.27,Late,5
PAY400768,C101737,CARD207560,2026-03-06,4188.93,4188.93,On Time,0
PAY400769,C102206,CARD209774,2025-04-18,6294.73,6294.73,On Time,0
PAY400770,C108620,CARD201490,2025-12-26,4443.4,4443.4,Late,25
PAY400771,C102460,CARD209254,2026-01-04,16553.15,16553.15,On Time,0
PAY400772,C103200,CARD200425,2025-12-24,17069.31,17069.31,On Time,0
PAY400773,C105109,CARD202822,2026-03-25,5690.86,5690.86,Late,13
PAY400774,C102500,CARD206148,2026-08-31,4436.31,4436.31,On Time,0
PAY400775,C103531,CARD201075,2025-01-20,7113.96,5080.62,Partial,38
PAY400776,C101481,CARD206000,2026-01-07,16262.54,16262.54,On Time,0
PAY400777,C103380,CARD202556,2025-03-16,1598.36,1598.36,Late,7
PAY400778,C101133,CARD203432,2025-10-05,4866.48,4866.48,On Time,0
PAY400779,C105222,CARD208063,2026-02-05,3437.75,3437.75,On Time,0
PAY400780,C106116,CARD203534,2026-08-04,2704.24,2704.24,Late,12
PAY400781,C108245,CARD209404,2025-05-25,5268.92,5268.92,On Time,0
PAY400782,C109616,CARD200040,2025-05-07,13087.12,13087.12,On Time,0
PAY400783,C100380,CARD205496,2025-06-16,3832.6,3832.6,On Time,0
PAY400784,C109475,CARD200754,2026-05-05,7029.68,7029.68,Late,21
PAY400785,C103772,CARD206696,2026-08-11,6605.17,6605.17,On Time,0
PAY400786,C103698,CARD203107,2025-07-12,2434.26,2434.26,On Time,0
PAY400787,C105879,CARD200003,2025-08-30,7821.46,3240.14,Partial,25
PAY400788,C101936,CARD202164,2025-12-03,4932.57,4932.57,On Time,0
PAY400789,C101327,CARD201713,2026-01-29,8064.51,8064.51,On Time,0
PAY400790,C105190,CARD200370,2025-10-04,6224.91,6224.91,On Time,0
PAY400791,C105552,CARD211770,2026-05-19,9667.6,9667.6,On Time,0
PAY400792,C102297,CARD209418,2025-09-20,10381.36,10381.36,On Time,0
PAY400793,C102368,CARD211949,2025-05-05,1800.1,528.42,Partial,28
PAY400794,C109967,CARD205536,2026-07-05,3729.61,3729.61,On Time,0
PAY400795,C100254,CARD205510,2025-05-24,4020.58,1022.98,Partial,12
PAY400796,C103037,CARD207286,2025-10-31,11767.65,69.46,Missed,119
PAY400797,C101951,CARD204550,2026-04-06,5517.83,5517.83,On Time,0
PAY400798,C100191,CARD201733,2026-05-04,8690.74,8690.74,On Time,0
PAY400799,C101636,CARD205873,2026-07-29,4372.82,4372.82,On Time,0
PAY400800,C102226,CARD209087,2025-01-26,8953.85,8953.85,On Time,0
PAY400801,C101951,CARD204550,2026-04-06,3323.69,3323.69,On Time,0
PAY400802,C100141,CARD210428,2025-08-04,9865.91,9865.91,On Time,0
PAY400803,C101594,CARD211929,2026-08-30,5400.32,5400.32,Late,8
PAY400804,C107760,CARD211994,2026-04-30,7511.67,7511.67,On Time,0
PAY400805,C107466,CARD206083,2026-05-14,9426.46,9426.46,On Time,0
PAY400806,C106019,CARD200039,2026-04-09,14041.13,886.38,Missed,110
PAY400807,C101840,CARD210034,2025-11-15,7085.13,7085.13,On Time,0
PAY400808,C104728,CARD203940,2026-06-29,4950.68,4950.68,On Time,0
PAY400809,C106522,CARD205263,2025-09-25,3414.07,3414.07,On Time,0
PAY400810,C106979,CARD208296,2026-06-25,13391.28,13391.28,On Time,0
PAY400811,C109778,CARD209395,2026-07-12,8342.93,8342.93,On Time,0
PAY400812,C103744,CARD207237,2025-01-25,7531.48,6172.33,Partial,18
PAY400813,C107439,CARD204298,2026-05-01,6982.24,4830.42,Partial,19
PAY400814,C102807,CARD211146,2025-08-31,1594.33,1594.33,On Time,0
PAY400815,C105982,CARD209182,2025-11-18,4366.21,4366.21,On Time,0
PAY400816,C103648,CARD201129,2025-02-19,4704.17,4704.17,On Time,0
PAY400817,C103220,CARD205184,2026-03-18,4476.26,4476.26,On Time,0
PAY400818,C104063,CARD206459,2026-05-13,7290.69,7290.69,Late,12
PAY400819,C104854,CARD211385,2025-12-08,9520.18,9520.18,On Time,0
PAY400820,C107409,CARD203538,2025-04-06,10073.86,778.92,Missed,61
PAY400821,C101857,CARD210421,2026-05-18,6143.83,6143.83,On Time,0
PAY400822,C105506,CARD211242,2026-06-18,4164.93,4164.93,On Time,0
PAY400823,C101891,CARD201359,2026-04-19,10154.48,582.38,Missed,40
PAY400824,C101328,CARD208655,2026-07-16,4820.53,4820.53,On Time,0
PAY400825,C109393,CARD207746,2025-08-07,9587.28,9587.28,On Time,0
PAY400826,C106007,CARD200518,2025-01-31,6572.85,6572.85,On Time,0
PAY400827,C107797,CARD201161,2025-03-23,15471.61,15471.61,Late,2
PAY400828,C103644,CARD200507,2025-07-04,5332.41,5332.41,On Time,0
PAY400829,C109085,CARD201458,2026-01-30,5848.96,5848.96,On Time,0
PAY400830,C104674,CARD209909,2025-12-06,7343.84,7343.84,Late,23
PAY400831,C106633,CARD206402,2025-11-18,1952.94,1952.94,On Time,0
PAY400832,C104437,CARD201030,2026-04-01,6506.75,6506.75,On Time,0
PAY400833,C103350,CARD200043,2025-04-29,8891.69,8891.69,Late,15
PAY400834,C109251,CARD204574,2025-02-16,2439.49,2439.49,On Time,0
PAY400835,C103617,CARD209045,2025-09-30,1973.02,1973.02,On Time,0
PAY400836,C103884,CARD208653,2025-06-23,6185.3,6185.3,On Time,0
PAY400837,C105780,CARD208366,2026-08-29,2088.55,2088.55,On Time,0
PAY400838,C102560,CARD207773,2026-07-31,6256.76,6256.76,On Time,0
PAY400839,C101755,CARD207434,2026-03-26,4824.1,409.36,Missed,57
PAY400840,C107314,CARD204304,2025-07-02,6803.22,6803.22,On Time,0
PAY400841,C108822,CARD203434,2025-03-03,30269.49,30269.49,On Time,0
PAY400842,C104726,CARD207977,2025-08-27,3457.0,3457.0,On Time,0
PAY400843,C102763,CARD204898,2025-03-05,3091.67,3091.67,On Time,0
PAY400844,C107090,CARD207549,2026-06-11,10607.9,10607.9,On Time,0
PAY400845,C102925,CARD208882,2026-05-23,7887.02,7887.02,On Time,0
PAY400846,C102791,CARD203382,2026-01-09,13829.16,13829.16,On Time,0
PAY400847,C107166,CARD210925,2026-08-10,10751.46,10751.46,On Time,0
PAY400848,C109547,CARD206621,2025-10-14,13046.78,13046.78,On Time,0
PAY400849,C104559,CARD206128,2025-05-21,6409.94,6409.94,On Time,0
PAY400850,C106316,CARD210635,2026-08-16,16887.37,16887.37,Late,13
PAY400851,C100340,CARD207464,2026-08-06,10357.3,10357.3,On Time,0
PAY400852,C106287,CARD206245,2025-09-24,8415.94,8415.94,On Time,0
PAY400853,C101085,CARD204509,2026-03-22,5436.31,5436.31,On Time,0
PAY400854,C108037,CARD202168,2025-12-16,4499.57,4499.57,Late,6
PAY400855,C100619,CARD205321,2026-06-28,2682.75,2682.75,Late,18
PAY400856,C108494,CARD210314,2025-01-29,2796.18,2796.18,On Time,0
PAY400857,C105076,CARD203952,2026-01-08,6337.65,6337.65,Late,1
PAY400858,C103334,CARD205508,2025-03-24,3059.94,3059.94,On Time,0
PAY400859,C102097,CARD209615,2025-11-22,7518.43,7518.43,On Time,0
PAY400860,C100050,CARD206565,2025-09-06,1398.09,1398.09,On Time,0
PAY400861,C104300,CARD200322,2025-01-07,4285.37,4285.37,On Time,0
PAY400862,C106665,CARD206970,2026-02-22,5960.99,5960.99,Late,26
PAY400863,C100415,CARD206512,2025-05-20,2446.07,2446.07,On Time,0
PAY400864,C102584,CARD200266,2025-08-28,5737.77,5737.77,On Time,0
PAY400865,C108002,CARD206285,2025-12-04,2514.72,2514.72,On Time,0
PAY400866,C102583,CARD207988,2025-05-02,5202.57,5202.57,On Time,0
PAY400867,C109006,CARD203266,2025-11-21,9756.01,9756.01,On Time,0
PAY400868,C108092,CARD210786,2026-06-01,6011.64,6011.64,On Time,0
PAY400869,C105789,CARD211767,2025-02-23,3971.46,3971.46,On Time,0
PAY400870,C101709,CARD209251,2026-02-08,3250.35,3250.35,On Time,0
PAY400871,C104230,CARD200980,2025-11-23,1816.44,1816.44,On Time,0
PAY400872,C102243,CARD203243,2026-06-17,7931.49,7931.49,On Time,0
PAY400873,C106872,CARD205799,2026-08-29,11642.62,11642.62,On Time,0
PAY400874,C109276,CARD208290,2025-01-28,3999.29,1907.25,Partial,19
PAY400875,C105284,CARD206507,2025-07-09,11144.31,11144.31,On Time,0
PAY400876,C101922,CARD204010,2025-01-07,5355.99,5355.99,Late,15
PAY400877,C100920,CARD203662,2025-11-26,3199.22,3199.22,Late,19
PAY400878,C107421,CARD203760,2025-09-20,9433.16,9433.16,On Time,0
PAY400879,C100394,CARD205779,2025-04-04,16297.71,16297.71,On Time,0
PAY400880,C108546,CARD205227,2026-06-02,19916.64,19916.64,Late,6
PAY400881,C109547,CARD202151,2026-04-22,8316.73,8316.73,On Time,0
PAY400882,C102117,CARD204259,2025-09-26,3875.16,3875.16,Late,13
PAY400883,C100745,CARD205371,2025-06-12,4594.43,2826.15,Partial,7
PAY400884,C105315,CARD205292,2025-05-14,11508.47,11508.47,On Time,0
PAY400885,C109920,CARD201086,2026-03-09,6627.25,6627.25,On Time,0
PAY400886,C103055,CARD204380,2025-02-11,9316.35,9316.35,On Time,0
PAY400887,C102710,CARD200010,2026-08-20,5321.6,5321.6,On Time,0
PAY400888,C109195,CARD207610,2025-06-25,7659.97,7659.97,On Time,0
PAY400889,C106967,CARD200487,2026-08-29,3730.26,3730.26,On Time,0
PAY400890,C100525,CARD202243,2025-05-16,2638.73,2638.73,On Time,0
PAY400891,C105613,CARD211593,2025-11-23,2887.81,2887.81,On Time,0
PAY400892,C104239,CARD201452,2026-03-09,8578.43,8578.43,Late,21
PAY400893,C101542,CARD208474,2026-04-05,1854.18,1378.21,Partial,45
PAY400894,C105228,CARD209385,2026-03-28,5340.62,5340.62,On Time,0
PAY400895,C108213,CARD210684,2025-05-12,8259.93,8259.93,On Time,0
PAY400896,C106672,CARD201809,2025-11-01,10795.6,10795.6,On Time,0
PAY400897,C104918,CARD204383,2026-02-25,8494.74,8494.74,On Time,0
PAY400898,C103613,CARD210378,2026-06-24,2315.5,2315.5,On Time,0
PAY400899,C101644,CARD201855,2026-06-19,5534.6,5534.6,On Time,0
PAY400900,C105700,CARD210306,2026-06-04,4589.21,4589.21,On Time,0
PAY400901,C104821,CARD208721,2026-04-21,9366.11,6346.29,Partial,25
PAY400902,C108975,CARD205605,2025-11-13,10104.67,10104.67,On Time,0
PAY400903,C106508,CARD210990,2025-01-05,13065.16,13065.16,On Time,0
PAY400904,C107905,CARD200699,2026-02-13,5370.11,5370.11,On Time,0
PAY400905,C102149,CARD209965,2025-11-14,10147.78,10147.78,On Time,0
PAY400906,C103951,CARD200392,2026-02-05,13443.68,8942.9,Partial,6
PAY400907,C108566,CARD209584,2025-03-28,5814.43,272.78,Missed,75
PAY400908,C104948,CARD208266,2025-08-14,7565.41,7565.41,On Time,0
PAY400909,C102369,CARD200301,2025-03-20,5331.12,5331.12,On Time,0
PAY400910,C107783,CARD203310,2025-08-24,3033.29,3033.29,Late,6
PAY400911,C102851,CARD206034,2025-10-17,2424.5,2424.5,Late,27
PAY400912,C102801,CARD210771,2026-01-11,9002.6,9002.6,On Time,0
PAY400913,C106194,CARD207890,2025-11-03,10748.19,10748.19,On Time,0
PAY400914,C105325,CARD202353,2025-11-21,26717.75,8572.61,Partial,39
PAY400915,C100379,CARD206570,2026-02-20,5156.23,5156.23,On Time,0
PAY400916,C109364,CARD206959,2026-07-29,7539.96,7539.96,On Time,0
PAY400917,C105592,CARD204170,2025-05-18,9936.51,9936.51,On Time,0
PAY400918,C108349,CARD207515,2025-03-11,5040.85,5040.85,On Time,0
PAY400919,C104743,CARD206300,2026-05-14,3508.13,3508.13,On Time,0
PAY400920,C104577,CARD204951,2026-08-06,6597.37,6597.37,On Time,0
PAY400921,C107794,CARD200134,2026-02-12,3810.41,3810.41,Late,10
PAY400922,C101824,CARD207390,2025-09-24,5237.11,5237.11,On Time,0
PAY400923,C106766,CARD209821,2025-06-28,2611.6,2611.6,On Time,0
PAY400924,C102211,CARD207738,2026-08-22,21033.54,21033.54,Late,23
PAY400925,C102158,CARD200977,2025-06-22,6945.01,6945.01,On Time,0
PAY400926,C109831,CARD209394,2025-10-04,6992.11,6992.11,On Time,0
PAY400927,C109581,CARD206494,2025-09-01,7510.57,7510.57,Late,3
PAY400928,C106787,CARD200600,2025-06-20,12326.9,12326.9,On Time,0
PAY400929,C105030,CARD210144,2025-10-05,2271.37,2271.37,On Time,0
PAY400930,C101267,CARD205418,2025-03-31,6610.18,6610.18,On Time,0
PAY400931,C107856,CARD204392,2025-03-21,3828.36,3828.36,On Time,0
PAY400932,C105165,CARD203605,2025-07-17,9275.09,9275.09,Late,26
PAY400933,C109154,CARD210171,2025-01-11,4957.53,4957.53,Late,19
PAY400934,C100750,CARD211457,2026-05-02,5278.49,5278.49,On Time,0
PAY400935,C104649,CARD210653,2025-08-29,8002.52,8002.52,On Time,0
PAY400936,C101391,CARD211123,2025-07-15,5384.32,5384.32,On Time,0
PAY400937,C108909,CARD202594,2025-09-05,1785.8,1785.8,Late,10
PAY400938,C107853,CARD203683,2026-08-03,1862.82,246.04,Missed,103
PAY400939,C105447,CARD203195,2025-01-16,3720.84,3720.84,On Time,0
PAY400940,C103757,CARD200432,2026-03-05,17824.76,17824.76,On Time,0
PAY400941,C103861,CARD209566,2026-07-22,5144.99,5144.99,On Time,0
PAY400942,C107704,CARD207540,2025-07-04,5860.3,5860.3,On Time,0
PAY400943,C108232,CARD208016,2025-04-12,5517.82,5517.82,Late,26
PAY400944,C105521,CARD207220,2026-03-29,3551.69,3551.69,On Time,0
PAY400945,C106897,CARD201018,2026-04-02,1679.6,1679.6,Late,15
PAY400946,C105427,CARD207424,2025-08-12,5894.93,5894.93,Late,29
PAY400947,C108190,CARD211120,2026-06-29,8832.14,8832.14,Late,10
PAY400948,C108587,CARD204654,2026-05-31,7844.29,7844.29,On Time,0
PAY400949,C103439,CARD205874,2025-03-10,2162.49,2162.49,On Time,0
PAY400950,C102250,CARD206035,2026-07-16,3836.42,1688.97,Partial,43
PAY400951,C105941,CARD202990,2025-04-03,5486.11,5486.11,Late,13
PAY400952,C104926,CARD205696,2026-04-29,3631.28,3631.28,Late,12
PAY400953,C103870,CARD210410,2025-10-21,4042.46,2407.71,Partial,40
PAY400954,C102407,CARD209830,2025-08-12,7705.38,7705.38,On Time,0
PAY400955,C100344,CARD201993,2025-03-09,8859.59,8859.59,On Time,0
PAY400956,C107469,CARD208228,2025-04-23,6158.19,6158.19,On Time,0
PAY400957,C106204,CARD204460,2025-07-18,6743.58,6743.58,On Time,0
PAY400958,C100808,CARD201280,2026-03-10,7342.25,7342.25,Late,14
PAY400959,C107864,CARD209040,2025-02-13,8122.21,8122.21,On Time,0
PAY400960,C100748,CARD210809,2026-08-09,5000.2,5000.2,On Time,0
PAY400961,C109827,CARD211023,2025-10-26,10094.69,10094.69,On Time,0
PAY400962,C105427,CARD207424,2026-03-23,7743.87,4380.2,Partial,45
PAY400963,C101860,CARD205817,2026-07-06,1844.0,1844.0,On Time,0
PAY400964,C109363,CARD206006,2025-06-16,10939.69,10939.69,On Time,0
PAY400965,C108927,CARD211509,2026-01-27,11283.26,11283.26,Late,7
PAY400966,C106061,CARD200945,2026-04-22,5788.8,5788.8,Late,3
PAY400967,C100654,CARD210168,2025-08-03,7251.56,7251.56,On Time,0
PAY400968,C101092,CARD210277,2025-11-16,7441.01,784.16,Missed,116
PAY400969,C105712,CARD210468,2026-02-25,6129.41,6129.41,On Time,0
PAY400970,C105128,CARD211343,2025-04-04,9490.13,9490.13,Late,15
PAY400971,C104072,CARD203504,2026-01-18,3401.3,3401.3,On Time,0
PAY400972,C106467,CARD201037,2026-08-23,5599.95,5599.95,Late,16
PAY400973,C103548,CARD208043,2025-08-25,2595.89,869.98,Partial,20
PAY400974,C107316,CARD204925,2026-07-30,3504.12,3504.12,On Time,0
PAY400975,C105485,CARD200712,2025-03-08,10411.19,10411.19,Late,20
PAY400976,C100797,CARD202680,2025-06-03,2769.86,2769.86,On Time,0
PAY400977,C105321,CARD201871,2026-03-29,1533.42,1533.42,On Time,0
PAY400978,C109231,CARD201213,2026-05-01,2632.76,2632.76,On Time,0
PAY400979,C100486,CARD209499,2025-01-28,4749.94,4749.94,Late,5
PAY400980,C109643,CARD208855,2025-03-20,6554.62,6554.62,On Time,0
PAY400981,C102843,CARD209728,2025-07-20,8754.25,8754.25,Late,10
PAY400982,C103907,CARD202767,2025-09-27,4714.49,4714.49,On Time,0
PAY400983,C103833,CARD210087,2025-12-12,6629.1,6629.1,On Time,0
PAY400984,C107548,CARD210922,2025-03-08,7723.0,7723.0,Late,28
PAY400985,C107480,CARD206366,2026-08-31,4904.92,4904.92,On Time,0
PAY400986,C108907,CARD207697,2025-04-30,12841.08,2644.04,Partial,29
PAY400987,C107433,CARD211713,2025-12-11,12881.48,12881.48,On Time,0
PAY400988,C100670,CARD200737,2026-06-16,10057.46,10057.46,On Time,0
PAY400989,C104397,CARD208496,2026-05-04,6183.76,6183.76,On Time,0
PAY400990,C104417,CARD211686,2025-12-09,14065.08,14065.08,On Time,0
PAY400991,C109819,CARD201371,2025-03-12,1000.0,1000.0,On Time,0
PAY400992,C106791,CARD206851,2026-07-09,4591.05,4591.05,On Time,0
PAY400993,C104527,CARD204801,2026-01-18,5027.01,5027.01,Late,30
PAY400994,C101227,CARD200679,2026-07-16,10209.07,6140.49,Partial,3
PAY400995,C103151,CARD205692,2026-07-06,7129.38,7129.38,On Time,0
PAY400996,C105382,CARD211370,2026-01-16,6622.49,2344.54,Partial,9
PAY400997,C101569,CARD211057,2026-01-28,7547.45,7547.45,On Time,0
PAY400998,C108187,CARD207711,2025-12-24,25557.53,25557.53,Late,4
PAY400999,C101900,CARD210074,2025-07-22,2610.23,2610.23,Late,8
PAY401000,C104997,CARD204836,2025-01-19,2600.32,2600.32,On Time,0
PAY401001,C108328,CARD204802,2025-04-08,2094.13,64.13,Missed,114
PAY401002,C105792,CARD206223,2025-04-23,10095.02,10095.02,On Time,0
PAY401003,C104916,CARD210557,2025-06-02,10253.99,721.34,Missed,69
PAY401004,C103120,CARD206793,2025-08-31,3111.76,3111.76,Late,10
PAY401005,C100294,CARD203872,2026-04-17,1000.0,1000.0,On Time,0
PAY401006,C105177,CARD203414,2026-01-10,12577.75,12577.75,On Time,0
PAY401007,C108446,CARD211602,2025-11-06,16525.56,16525.56,On Time,0
PAY401008,C107070,CARD206758,2025-03-08,2659.46,650.13,Partial,3
PAY401009,C103176,CARD207264,2025-09-28,2299.47,2299.47,On Time,0
PAY401010,C108435,CARD203725,2026-01-11,23083.41,23083.41,On Time,0
PAY401011,C102227,CARD211710,2026-05-11,5064.87,5064.87,On Time,0
PAY401012,C105132,CARD205083,2025-09-17,8287.1,8287.1,On Time,0
PAY401013,C100623,CARD206021,2025-08-27,6921.56,4867.24,Partial,48
PAY401014,C109191,CARD202780,2025-12-29,4109.22,4109.22,On Time,0
PAY401015,C103860,CARD200707,2025-09-01,6491.37,4527.72,Partial,1
PAY401016,C109934,CARD200183,2026-05-15,19272.66,19272.66,On Time,0
PAY401017,C109416,CARD201858,2026-07-25,45600.11,45600.11,Late,9
PAY401018,C102621,CARD211431,2026-06-25,1945.42,1945.42,On Time,0
PAY401019,C104422,CARD206001,2026-08-24,6610.56,138.5,Missed,69
PAY401020,C109762,CARD203579,2025-10-06,6362.85,6362.85,On Time,0
PAY401021,C108570,CARD204823,2026-01-21,8957.64,8957.64,On Time,0
PAY401022,C107686,CARD200961,2025-01-14,5089.17,5089.17,Late,8
PAY401023,C105678,CARD200573,2025-04-13,4451.15,4451.15,On Time,0
PAY401024,C103119,CARD203635,2026-03-08,2243.47,2243.47,On Time,0
PAY401025,C101410,CARD210979,2026-01-09,11093.9,11093.9,On Time,0
PAY401026,C108100,CARD205412,2026-05-25,7212.59,7212.59,On Time,0
PAY401027,C107475,CARD210863,2026-06-02,5289.49,5289.49,On Time,0
PAY401028,C109337,CARD210774,2025-05-18,4924.11,443.24,Missed,87
PAY401029,C102815,CARD202201,2025-10-11,14853.74,14853.74,On Time,0
PAY401030,C101142,CARD202999,2025-01-25,10292.41,10292.41,On Time,0
PAY401031,C100782,CARD202762,2025-06-10,5169.84,5169.84,On Time,0
PAY401032,C103183,CARD201626,2025-10-11,33976.22,33976.22,Late,29
PAY401033,C101223,CARD208070,2025-04-14,1621.04,1621.04,On Time,0
PAY401034,C107416,CARD206686,2025-10-10,12183.48,12183.48,On Time,0
PAY401035,C108875,CARD205132,2025-04-04,25866.9,25866.9,On Time,0
PAY401036,C104746,CARD200073,2026-08-12,10766.67,1302.06,Missed,98
PAY401037,C101401,CARD200451,2025-06-03,2961.29,2961.29,On Time,0
PAY401038,C108805,CARD200486,2026-02-08,3483.28,3483.28,On Time,0
PAY401039,C104016,CARD210848,2025-03-17,6471.94,6471.94,On Time,0
PAY401040,C104927,CARD204575,2025-05-22,12682.9,12682.9,On Time,0
PAY401041,C109326,CARD209842,2026-06-06,44504.22,44504.22,On Time,0
PAY401042,C105599,CARD211852,2025-05-15,3747.3,3747.3,On Time,0
PAY401043,C103218,CARD202579,2025-09-24,5171.16,3330.72,Partial,3
PAY401044,C101232,CARD205577,2026-02-01,3815.41,3815.41,On Time,0
PAY401045,C108967,CARD202643,2025-02-18,5446.38,5446.38,On Time,0
PAY401046,C101883,CARD200431,2025-01-20,5903.5,5903.5,On Time,0
PAY401047,C103525,CARD211280,2025-05-15,3265.93,3265.93,On Time,0
PAY401048,C103033,CARD202676,2026-06-28,10904.0,10904.0,On Time,0
PAY401049,C101222,CARD207448,2026-07-15,18180.0,18180.0,On Time,0
PAY401050,C108665,CARD210494,2026-04-09,5837.6,5837.6,Late,15
PAY401051,C102885,CARD208880,2025-01-13,12270.5,12270.5,Late,18
PAY401052,C105696,CARD206485,2025-09-16,8666.83,8666.83,On Time,0
PAY401053,C103629,CARD200005,2025-07-10,7994.0,7994.0,Late,30
PAY401054,C101047,CARD200774,2025-11-02,2144.87,2144.87,On Time,0
PAY401055,C106744,CARD209783,2025-04-05,22972.17,22972.17,On Time,0
PAY401056,C105499,CARD205029,2025-01-14,4754.78,166.46,Missed,48
PAY401057,C106289,CARD208768,2026-03-24,5253.16,5253.16,On Time,0
PAY401058,C108320,CARD203299,2026-04-14,4517.59,2020.11,Partial,36
PAY401059,C102220,CARD207170,2025-01-04,8222.39,8222.39,On Time,0
PAY401060,C107728,CARD208685,2025-11-15,7799.44,7799.44,Late,29
PAY401061,C100576,CARD206358,2025-12-09,3033.1,3033.1,On Time,0
PAY401062,C105148,CARD203028,2025-10-18,6235.59,6235.59,On Time,0
PAY401063,C102804,CARD211957,2025-11-26,20295.46,20295.46,On Time,0
PAY401064,C104111,CARD201586,2025-04-07,5096.51,5096.51,On Time,0
PAY401065,C103391,CARD205714,2025-03-29,13909.19,13909.19,Late,20
PAY401066,C109622,CARD207533,2025-11-11,20548.11,20548.11,On Time,0
PAY401067,C105523,CARD208633,2025-12-03,9874.37,9874.37,On Time,0
PAY401068,C109580,CARD207334,2026-01-19,2238.1,2238.1,On Time,0
PAY401069,C105731,CARD204604,2026-06-14,6493.15,6493.15,On Time,0
PAY401070,C105958,CARD205743,2026-02-17,5258.18,5258.18,On Time,0
PAY401071,C103035,CARD201515,2025-02-09,1847.25,1847.25,On Time,0
PAY401072,C104262,CARD201616,2025-03-04,3921.64,3921.64,On Time,0
PAY401073,C101217,CARD206791,2025-03-19,7395.03,7395.03,On Time,0
PAY401074,C109990,CARD201217,2026-06-24,5055.42,5055.42,On Time,0
PAY401075,C100619,CARD205321,2025-03-13,3306.15,244.55,Missed,49
PAY401076,C103223,CARD202348,2025-10-25,12985.71,12985.71,On Time,0
PAY401077,C103405,CARD200131,2026-03-18,5915.37,5915.37,Late,26
PAY401078,C109771,CARD208987,2025-06-29,13278.2,13278.2,On Time,0
PAY401079,C100376,CARD209696,2026-08-20,9884.62,9884.62,On Time,0
PAY401080,C106864,CARD210498,2026-05-24,4106.43,4106.43,On Time,0
PAY401081,C108121,CARD210646,2025-08-01,22123.28,22123.28,On Time,0
PAY401082,C106531,CARD206952,2026-07-05,8752.01,8752.01,On Time,0
PAY401083,C107102,CARD207487,2026-05-23,5774.52,5774.52,On Time,0
PAY401084,C102776,CARD204240,2026-03-30,3496.15,3496.15,On Time,0
PAY401085,C108911,CARD201119,2025-03-26,5866.34,5866.34,Late,22
PAY401086,C109526,CARD204806,2025-11-05,5943.79,5943.79,On Time,0
PAY401087,C101233,CARD201638,2025-10-25,5803.59,5803.59,On Time,0
PAY401088,C107791,CARD205385,2025-06-09,4004.02,4004.02,On Time,0
PAY401089,C107188,CARD200258,2025-02-06,3873.3,3873.3,On Time,0
PAY401090,C100264,CARD204359,2026-03-28,3694.58,3694.58,On Time,0
PAY401091,C107451,CARD208077,2025-02-28,7612.82,7612.82,On Time,0
PAY401092,C101977,CARD209703,2026-07-10,4636.72,4636.72,On Time,0
PAY401093,C104701,CARD209717,2026-06-20,2504.68,967.72,Partial,12
PAY401094,C109680,CARD202926,2026-07-01,9396.79,9396.79,Late,27
PAY401095,C102338,CARD208648,2025-02-16,6212.98,6212.98,On Time,0
PAY401096,C104382,CARD206980,2025-05-21,2402.61,2402.61,On Time,0
PAY401097,C103384,CARD205793,2025-04-22,4645.14,4645.14,On Time,0
PAY401098,C107285,CARD200753,2025-09-09,9314.78,9314.78,On Time,0
PAY401099,C102751,CARD203955,2026-06-27,5820.28,5820.28,On Time,0
PAY401100,C106291,CARD203492,2025-02-08,4799.04,4799.04,On Time,0
PAY401101,C105371,CARD203218,2026-05-03,6236.09,6236.09,On Time,0
PAY401102,C101779,CARD207353,2026-03-24,3528.58,3528.58,On Time,0
PAY401103,C108942,CARD211666,2025-10-21,6330.09,6330.09,On Time,0
PAY401104,C107203,CARD200920,2025-05-11,3796.35,1734.2,Partial,6
PAY401105,C101942,CARD202108,2025-05-18,2657.71,2657.71,Late,19
PAY401106,C100869,CARD205341,2026-04-20,10987.56,10987.56,Late,22
PAY401107,C109511,CARD208619,2025-04-20,7830.55,7830.55,On Time,0
PAY401108,C108808,CARD202345,2026-08-04,9327.79,9327.79,Late,14
PAY401109,C101470,CARD203945,2025-01-23,1960.78,1960.78,On Time,0
PAY401110,C105402,CARD207332,2026-03-15,2250.44,2250.44,On Time,0
PAY401111,C100899,CARD206015,2026-06-08,1836.85,1836.85,On Time,0
PAY401112,C102100,CARD203332,2025-10-11,9050.75,920.24,Missed,98
PAY401113,C104860,CARD208691,2025-03-24,2084.68,819.82,Partial,53
PAY401114,C107790,CARD204685,2025-02-06,3601.85,3601.85,On Time,0
PAY401115,C102464,CARD209345,2026-03-07,12813.94,12813.94,On Time,0
PAY401116,C101165,CARD209557,2026-03-17,25786.22,25786.22,On Time,0
PAY401117,C106632,CARD211220,2025-03-27,8464.01,8464.01,On Time,0
PAY401118,C106560,CARD202660,2026-03-17,3109.28,1432.92,Partial,60
PAY401119,C108857,CARD202600,2025-08-14,3124.74,3124.74,On Time,0
PAY401120,C103169,CARD205669,2025-09-16,2374.01,2374.01,On Time,0
PAY401121,C101422,CARD201650,2026-05-17,2213.91,2213.91,On Time,0
PAY401122,C101890,CARD206584,2025-06-06,9766.06,9766.06,On Time,0
PAY401123,C102418,CARD206900,2025-09-29,1099.66,1099.66,On Time,0
PAY401124,C101471,CARD206727,2025-01-11,1221.91,1221.91,On Time,0
PAY401125,C103838,CARD207809,2026-02-16,1004.11,1004.11,On Time,0
PAY401126,C103089,CARD211792,2026-01-02,20650.35,20650.35,Late,10
PAY401127,C108569,CARD207929,2025-03-16,5278.37,5278.37,On Time,0
PAY401128,C100713,CARD202312,2025-04-19,4739.68,4739.68,On Time,0
PAY401129,C106818,CARD210266,2026-03-23,1414.57,1414.57,On Time,0
PAY401130,C109016,CARD209200,2026-07-01,3925.57,3925.57,On Time,0
PAY401131,C108941,CARD211125,2026-02-19,4034.49,4034.49,On Time,0
PAY401132,C100069,CARD211047,2025-12-08,3985.28,3985.28,Late,11
PAY401133,C104672,CARD209569,2025-08-19,1003.81,1003.81,On Time,0
PAY401134,C103947,CARD205628,2026-04-19,21965.45,21965.45,On Time,0
PAY401135,C103834,CARD207359,2026-08-23,6259.42,6259.42,On Time,0
PAY401136,C101001,CARD206063,2025-12-19,4352.54,1263.41,Partial,41
PAY401137,C103111,CARD206329,2026-05-26,1555.18,1555.18,On Time,0
PAY401138,C103913,CARD200659,2025-10-31,4142.71,4142.71,On Time,0
PAY401139,C101083,CARD203679,2025-06-22,3127.06,3127.06,On Time,0
PAY401140,C109694,CARD201840,2026-06-04,5000.13,5000.13,On Time,0
PAY401141,C103715,CARD200928,2026-07-02,5979.0,5979.0,On Time,0
PAY401142,C108382,CARD204941,2025-01-03,4040.59,4040.59,On Time,0
PAY401143,C102647,CARD204589,2026-01-25,3159.15,3159.15,On Time,0
PAY401144,C105110,CARD209950,2026-01-28,11315.83,11315.83,On Time,0
PAY401145,C106862,CARD206702,2026-01-13,4811.52,4811.52,On Time,0
PAY401146,C102786,CARD201299,2026-02-10,4163.52,4163.52,On Time,0
PAY401147,C107821,CARD211781,2026-02-03,3967.9,3967.9,On Time,0
PAY401148,C105057,CARD207637,2025-07-11,3665.39,3665.39,On Time,0
PAY401149,C100347,CARD204822,2026-07-27,7395.49,7395.49,On Time,0
PAY401150,C108350,CARD204223,2025-07-25,1319.73,1319.73,On Time,0
PAY401151,C104618,CARD208463,2026-06-02,8762.73,8762.73,Late,3
PAY401152,C105731,CARD204604,2026-05-30,14320.51,14320.51,Late,10
PAY401153,C105402,CARD207332,2026-04-28,1909.22,1909.22,On Time,0
PAY401154,C104431,CARD208744,2026-07-15,5321.36,5321.36,On Time,0
PAY401155,C105823,CARD208191,2026-05-29,3160.3,3160.3,On Time,0
PAY401156,C106772,CARD200942,2026-01-04,12076.03,12076.03,On Time,0
PAY401157,C100026,CARD200620,2026-01-28,2298.28,2298.28,On Time,0
PAY401158,C101870,CARD206235,2025-10-15,8728.85,8728.85,On Time,0
PAY401159,C104440,CARD207182,2026-08-15,26447.69,26447.69,On Time,0
PAY401160,C108452,CARD210132,2025-05-22,22654.67,22654.67,On Time,0
PAY401161,C100134,CARD204803,2025-03-17,3263.74,3263.74,On Time,0
PAY401162,C108113,CARD201989,2025-04-23,6635.66,6635.66,On Time,0
PAY401163,C109723,CARD200387,2025-05-17,8855.9,8855.9,On Time,0
PAY401164,C106354,CARD206894,2025-10-13,18281.9,18281.9,On Time,0
PAY401165,C102936,CARD202549,2026-03-21,3211.15,3211.15,On Time,0
PAY401166,C103676,CARD204633,2026-08-25,11783.9,11783.9,On Time,0
PAY401167,C107085,CARD201070,2026-08-12,9148.01,9148.01,On Time,0
PAY401168,C101418,CARD209980,2025-09-21,6259.38,6259.38,On Time,0
PAY401169,C100642,CARD203763,2025-09-06,8035.36,8035.36,On Time,0
PAY401170,C106532,CARD207081,2025-12-25,5791.18,5791.18,On Time,0
PAY401171,C109786,CARD210394,2025-08-26,11634.23,11634.23,On Time,0
PAY401172,C109468,CARD200748,2025-12-16,5755.79,5755.79,Late,2
PAY401173,C103518,CARD202147,2025-08-13,8610.22,8610.22,On Time,0
PAY401174,C100790,CARD201186,2026-01-31,3940.46,3940.46,On Time,0
PAY401175,C102844,CARD211147,2026-02-24,5806.31,5806.31,On Time,0
PAY401176,C107088,CARD209836,2025-07-10,3473.52,3473.52,On Time,0
PAY401177,C104819,CARD200192,2025-12-19,7994.59,7994.59,On Time,0
PAY401178,C102686,CARD200807,2025-07-02,1370.58,1370.58,On Time,0
PAY401179,C106511,CARD203354,2026-02-27,7231.05,7231.05,On Time,0
PAY401180,C105600,CARD205588,2025-02-03,9926.56,9926.56,On Time,0
PAY401181,C101478,CARD201337,2026-01-08,1912.66,1912.66,Late,27
PAY401182,C100107,CARD203746,2026-03-29,3551.31,3551.31,On Time,0
PAY401183,C101238,CARD210880,2025-09-14,13153.94,13153.94,On Time,0
PAY401184,C109540,CARD200118,2025-09-14,2154.87,2154.87,On Time,0
PAY401185,C100215,CARD203480,2026-03-16,6151.36,6151.36,On Time,0
PAY401186,C104546,CARD201061,2025-10-03,3016.8,3016.8,On Time,0
PAY401187,C103361,CARD204911,2025-02-20,5539.37,5539.37,On Time,0
PAY401188,C100840,CARD208571,2026-07-20,21985.71,21985.71,On Time,0
PAY401189,C104651,CARD209674,2025-03-03,3190.47,3190.47,On Time,0
PAY401190,C107900,CARD200747,2025-11-22,11900.72,11900.72,On Time,0
PAY401191,C109717,CARD200782,2025-01-12,4092.19,4092.19,Late,6
PAY401192,C107004,CARD208336,2025-03-23,11646.68,11646.68,On Time,0
PAY401193,C102149,CARD209965,2025-10-07,7205.84,7205.84,Late,7
PAY401194,C109538,CARD209288,2026-07-16,4407.68,4407.68,On Time,0
PAY401195,C108057,CARD209438,2025-08-08,8470.09,8470.09,On Time,0
PAY401196,C103013,CARD202494,2026-06-26,4043.01,4043.01,On Time,0
PAY401197,C103011,CARD211459,2026-03-01,8087.91,822.12,Missed,54
PAY401198,C101922,CARD206994,2025-12-23,8567.0,8567.0,On Time,0
PAY401199,C102088,CARD203044,2026-03-10,2102.09,2102.09,On Time,0
PAY401200,C103323,CARD204452,2026-03-31,6658.32,6658.32,On Time,0
PAY401201,C106856,CARD203167,2025-02-04,14187.85,14187.85,On Time,0
PAY401202,C108636,CARD208517,2026-04-07,4433.34,4433.34,On Time,0
PAY401203,C108470,CARD202892,2025-04-20,7645.72,7645.72,On Time,0
PAY401204,C108288,CARD211481,2026-04-01,10307.68,10307.68,On Time,0
PAY401205,C106183,CARD208304,2026-02-28,14643.55,14643.55,On Time,0
PAY401206,C102641,CARD207088,2025-08-30,1345.83,1345.83,On Time,0
PAY401207,C102516,CARD206721,2025-11-17,7367.91,7367.91,On Time,0
PAY401208,C101866,CARD205372,2025-03-11,3051.54,3051.54,Late,26
PAY401209,C101224,CARD207801,2026-01-17,39832.77,39832.77,On Time,0
PAY401210,C107190,CARD204267,2026-04-30,8011.97,8011.97,On Time,0
PAY401211,C108073,CARD201749,2025-09-04,19006.21,19006.21,On Time,0
PAY401212,C104338,CARD205288,2026-06-09,5532.87,5532.87,Late,4
PAY401213,C109531,CARD206267,2026-07-26,9504.74,9504.74,On Time,0
PAY401214,C101127,CARD205929,2025-11-04,10018.59,10018.59,On Time,0
PAY401215,C109365,CARD205348,2025-04-12,7493.3,7493.3,Late,3
PAY401216,C104562,CARD204395,2025-07-08,5702.66,5702.66,On Time,0
PAY401217,C105649,CARD211939,2026-01-03,22069.62,22069.62,On Time,0
PAY401218,C106854,CARD204830,2025-10-17,3493.72,3493.72,On Time,0
PAY401219,C109929,CARD205147,2026-08-28,9624.57,5212.35,Partial,25
PAY401220,C101064,CARD207283,2025-03-29,12583.8,12583.8,On Time,0
PAY401221,C104944,CARD205246,2026-03-21,7832.21,7832.21,On Time,0
PAY401222,C105145,CARD200769,2026-01-11,3093.29,3093.29,On Time,0
PAY401223,C109819,CARD201371,2026-07-21,24085.14,24085.14,On Time,0
PAY401224,C101838,CARD205170,2025-05-30,6823.34,6823.34,On Time,0
PAY401225,C107098,CARD202696,2025-04-25,5465.2,5465.2,On Time,0
PAY401226,C105521,CARD207220,2025-01-19,4349.34,242.34,Missed,120
PAY401227,C101064,CARD207283,2026-07-13,2588.83,2588.83,On Time,0
PAY401228,C105908,CARD208076,2026-02-01,4572.72,4572.72,On Time,0
PAY401229,C104219,CARD211430,2025-11-26,7227.29,7227.29,On Time,0
PAY401230,C106033,CARD209423,2025-11-15,7309.55,7309.55,On Time,0
PAY401231,C101956,CARD201264,2025-04-18,5368.81,5368.81,On Time,0
PAY401232,C109662,CARD204346,2026-08-22,7345.73,7345.73,On Time,0
PAY401233,C109699,CARD205107,2026-04-23,8327.84,8327.84,Late,5
PAY401234,C109300,CARD209817,2025-04-06,2387.46,2387.46,Late,1
PAY401235,C100756,CARD205441,2025-07-20,4593.58,4593.58,On Time,0
PAY401236,C109751,CARD211860,2025-05-25,8481.33,8481.33,Late,23
PAY401237,C100895,CARD203165,2025-10-10,5073.69,5073.69,On Time,0
PAY401238,C109617,CARD211204,2025-08-31,1720.91,1720.91,On Time,0
PAY401239,C109990,CARD201217,2026-02-13,2879.22,2879.22,On Time,0
PAY401240,C104118,CARD206114,2026-07-24,6038.95,6038.95,On Time,0
PAY401241,C108818,CARD211499,2025-05-13,6743.26,4365.75,Partial,42
PAY401242,C109880,CARD209455,2025-06-27,3348.49,3348.49,On Time,0
PAY401243,C100369,CARD202142,2025-06-18,5359.8,5359.8,On Time,0
PAY401244,C102105,CARD205330,2025-10-30,7874.88,7874.88,Late,17
PAY401245,C109522,CARD209014,2026-08-01,11027.18,11027.18,On Time,0
PAY401246,C108651,CARD202617,2026-01-17,7251.84,7251.84,On Time,0
PAY401247,C105279,CARD205251,2026-01-19,8068.82,8068.82,On Time,0
PAY401248,C100597,CARD207407,2026-05-11,3204.17,3204.17,On Time,0
PAY401249,C102099,CARD204794,2025-12-07,9088.05,9088.05,On Time,0
PAY401250,C102517,CARD211637,2026-01-17,2556.18,2556.18,On Time,0
PAY401251,C106507,CARD200216,2025-08-01,2807.34,2807.34,On Time,0
PAY401252,C108408,CARD204364,2025-01-12,2075.89,2075.89,On Time,0
PAY401253,C101179,CARD211653,2026-04-05,6754.82,6754.82,On Time,0
PAY401254,C108795,CARD204422,2026-01-22,6428.7,6428.7,On Time,0
PAY401255,C106269,CARD203014,2025-02-17,15833.4,15833.4,On Time,0
PAY401256,C101586,CARD200739,2026-04-07,3443.53,3443.53,Late,7
PAY401257,C107459,CARD201909,2025-08-31,11778.94,11778.94,On Time,0
PAY401258,C104935,CARD207304,2025-07-06,6224.7,6224.7,On Time,0
PAY401259,C100681,CARD211081,2025-10-19,3456.72,3456.72,On Time,0
PAY401260,C107713,CARD208204,2025-11-28,5813.95,5813.95,On Time,0
PAY401261,C102593,CARD200483,2025-08-30,10570.97,10570.97,Late,2
PAY401262,C107418,CARD210782,2025-07-25,15301.6,15301.6,On Time,0
PAY401263,C108159,CARD206078,2026-05-02,3466.29,3466.29,On Time,0
PAY401264,C103017,CARD204153,2025-11-18,9389.23,185.55,Missed,71
PAY401265,C103025,CARD201890,2026-06-03,4846.29,4846.29,On Time,0
PAY401266,C108273,CARD208007,2026-08-09,1692.56,1692.56,On Time,0
PAY401267,C109080,CARD210286,2026-04-11,3511.4,3511.4,Late,23
PAY401268,C105159,CARD200932,2025-05-31,2369.85,2369.85,On Time,0
PAY401269,C106648,CARD208356,2025-12-01,2021.09,2021.09,On Time,0
PAY401270,C106672,CARD201809,2025-07-16,10327.34,10327.34,On Time,0
PAY401271,C105467,CARD206961,2026-08-23,7181.54,7181.54,On Time,0
PAY401272,C100787,CARD211461,2025-05-28,14417.16,14417.16,Late,13
PAY401273,C106165,CARD204198,2025-09-01,1643.0,737.2,Partial,38
PAY401274,C101355,CARD209396,2025-05-11,6582.89,6582.89,On Time,0
PAY401275,C104094,CARD209975,2026-02-15,5377.33,5377.33,On Time,0
PAY401276,C108462,CARD201472,2025-05-09,3075.4,3075.4,On Time,0
PAY401277,C105677,CARD202518,2026-05-24,19644.24,19644.24,On Time,0
PAY401278,C105258,CARD209632,2025-03-20,7059.99,7059.99,On Time,0
PAY401279,C105576,CARD203637,2025-11-06,14780.18,14780.18,On Time,0
PAY401280,C109292,CARD202538,2025-09-22,16094.18,16094.18,Late,1
PAY401281,C106765,CARD211654,2026-05-16,9506.0,9506.0,On Time,0
PAY401282,C104093,CARD201894,2026-06-13,7743.07,7743.07,Late,7
PAY401283,C106065,CARD202012,2025-12-14,13710.09,13710.09,On Time,0
PAY401284,C107784,CARD211909,2025-05-01,2431.87,2431.87,On Time,0
PAY401285,C100021,CARD203015,2025-07-22,3788.39,3788.39,On Time,0
PAY401286,C103557,CARD205751,2025-10-10,20091.09,20091.09,On Time,0
PAY401287,C100381,CARD201610,2026-05-08,2244.68,970.51,Partial,28
PAY401288,C108766,CARD202971,2025-01-07,3703.72,3703.72,Late,16
PAY401289,C106478,CARD211130,2025-04-18,7963.87,7963.87,On Time,0
PAY401290,C105501,CARD202020,2026-03-26,2464.0,2464.0,Late,19
PAY401291,C102614,CARD202574,2025-08-24,4806.25,4806.25,Late,8
PAY401292,C101939,CARD201473,2025-06-21,7077.94,7077.94,On Time,0
PAY401293,C104891,CARD208206,2025-03-16,32022.62,32022.62,On Time,0
PAY401294,C100156,CARD211773,2026-07-09,2851.0,2851.0,On Time,0
PAY401295,C102586,CARD200113,2025-07-29,6822.91,6822.91,Late,18
PAY401296,C101327,CARD201713,2025-03-26,2634.05,2634.05,On Time,0
PAY401297,C101832,CARD203017,2025-02-04,12247.38,12247.38,On Time,0
PAY401298,C109631,CARD207756,2025-08-12,9986.93,9986.93,On Time,0
PAY401299,C104025,CARD211624,2025-02-03,6779.81,6779.81,Late,19
PAY401300,C100859,CARD203686,2025-05-31,1713.12,1713.12,On Time,0
PAY401301,C104165,CARD203339,2025-01-22,6023.71,3783.74,Partial,44
PAY401302,C101401,CARD200451,2025-10-23,6982.74,6982.74,On Time,0
PAY401303,C103318,CARD207556,2025-05-08,3408.76,3408.76,Late,8
PAY401304,C104839,CARD200239,2026-05-22,1788.83,195.38,Missed,108
PAY401305,C104586,CARD209645,2026-06-13,1739.26,1739.26,Late,27
PAY401306,C100131,CARD202583,2026-06-29,6184.11,6184.11,On Time,0
PAY401307,C109435,CARD206528,2025-02-10,11188.77,11188.77,On Time,0
PAY401308,C102880,CARD207352,2025-08-02,4775.42,4775.42,On Time,0
PAY401309,C100219,CARD207521,2026-03-24,13740.07,13740.07,On Time,0
PAY401310,C105096,CARD203265,2025-05-12,10451.65,10451.65,On Time,0
PAY401311,C100809,CARD204258,2025-12-13,3629.94,3629.94,On Time,0
PAY401312,C107446,CARD209131,2025-05-10,4032.68,4032.68,On Time,0
PAY401313,C108996,CARD201450,2025-10-06,9497.87,9497.87,On Time,0
PAY401314,C107093,CARD204539,2025-06-12,5506.92,5506.92,On Time,0
PAY401315,C100337,CARD204549,2026-06-08,7999.43,7999.43,On Time,0
PAY401316,C104387,CARD206286,2025-11-23,2368.06,565.18,Partial,44
PAY401317,C107667,CARD209340,2025-07-18,8822.91,8822.91,On Time,0
PAY401318,C101791,CARD202229,2026-03-05,6335.03,6335.03,On Time,0
PAY401319,C107271,CARD200305,2025-02-17,12350.44,12350.44,On Time,0
PAY401320,C104543,CARD208824,2025-04-05,11202.62,11202.62,On Time,0
PAY401321,C106734,CARD200256,2025-04-17,16154.25,16154.25,On Time,0
PAY401322,C108676,CARD201908,2025-12-31,4348.37,4348.37,On Time,0
PAY401323,C100630,CARD202109,2025-08-31,4689.78,4689.78,On Time,0
PAY401324,C106965,CARD204526,2025-05-05,7136.67,7136.67,Late,3
PAY401325,C108560,CARD201393,2025-06-13,6683.77,6683.77,On Time,0
PAY401326,C100907,CARD209732,2026-02-01,4093.76,4093.76,Late,12
PAY401327,C104336,CARD200106,2025-08-03,9400.28,3960.71,Partial,15
PAY401328,C105080,CARD210174,2026-05-13,5924.8,5924.8,On Time,0
PAY401329,C105462,CARD210154,2026-01-23,4414.76,4414.76,On Time,0
PAY401330,C109762,CARD203579,2026-05-23,5309.68,5309.68,On Time,0
PAY401331,C100006,CARD202985,2026-07-13,1420.39,1420.39,On Time,0
PAY401332,C101530,CARD211771,2025-06-13,11370.2,11370.2,On Time,0
PAY401333,C103605,CARD207131,2026-07-04,4379.86,2381.03,Partial,11
PAY401334,C107400,CARD208862,2026-06-07,3562.84,3562.84,On Time,0
PAY401335,C104636,CARD200803,2026-07-26,8659.7,5303.8,Partial,31
PAY401336,C106938,CARD209769,2025-10-17,2814.36,2814.36,On Time,0
PAY401337,C103896,CARD208349,2025-04-29,2468.25,2468.25,On Time,0
PAY401338,C105500,CARD207762,2025-07-24,2669.3,2669.3,On Time,0
PAY401339,C104744,CARD206856,2025-12-03,12613.17,4194.82,Partial,26
PAY401340,C108828,CARD204647,2026-08-06,2750.26,2226.94,Partial,11
PAY401341,C103802,CARD205797,2026-01-22,6475.51,6475.51,On Time,0
PAY401342,C105408,CARD208352,2026-05-13,2614.51,2614.51,Late,10
PAY401343,C103998,CARD202897,2025-04-22,10854.77,10854.77,On Time,0
PAY401344,C108803,CARD200002,2025-07-10,6677.17,6677.17,On Time,0
PAY401345,C100190,CARD200663,2026-07-11,2465.72,2465.72,On Time,0
PAY401346,C106688,CARD210049,2025-05-18,2478.61,2478.61,On Time,0
PAY401347,C108316,CARD202713,2026-02-24,4593.72,4593.72,On Time,0
PAY401348,C101962,CARD206911,2026-02-14,6979.99,6979.99,Late,19
PAY401349,C109849,CARD202104,2025-12-28,25222.35,25222.35,Late,26
PAY401350,C109611,CARD206602,2026-05-08,1000.0,1000.0,On Time,0
PAY401351,C103766,CARD201896,2025-03-09,21544.19,21544.19,On Time,0
PAY401352,C107250,CARD203813,2025-06-13,7325.38,7325.38,Late,30
PAY401353,C103166,CARD208556,2025-04-01,23770.02,23770.02,On Time,0
PAY401354,C100815,CARD208917,2026-04-16,4224.64,4224.64,On Time,0
PAY401355,C100697,CARD204655,2025-04-18,1296.47,1296.47,On Time,0
PAY401356,C104794,CARD207050,2026-07-05,12618.16,12618.16,On Time,0
PAY401357,C107754,CARD210414,2025-02-01,6032.03,6032.03,On Time,0
PAY401358,C108052,CARD208219,2025-09-15,15165.96,5551.22,Partial,39
PAY401359,C102477,CARD201889,2025-10-18,5908.35,5908.35,On Time,0
PAY401360,C102555,CARD202374,2025-04-11,8013.35,8013.35,On Time,0
PAY401361,C103931,CARD205997,2026-04-01,5423.21,1355.01,Partial,17
PAY401362,C109283,CARD201475,2025-01-16,5560.69,5560.69,Late,19
PAY401363,C107114,CARD209053,2025-05-19,12364.95,12364.95,On Time,0
PAY401364,C100656,CARD203267,2025-04-30,8567.22,8567.22,On Time,0
PAY401365,C106339,CARD203466,2025-02-21,4353.76,4353.76,On Time,0
PAY401366,C107182,CARD202299,2026-08-11,3116.7,1851.89,Partial,44
PAY401367,C107780,CARD210321,2026-08-13,1609.87,1230.09,Partial,8
PAY401368,C106975,CARD203648,2025-01-23,6891.14,6891.14,On Time,0
PAY401369,C105537,CARD202743,2026-03-01,4968.42,4968.42,On Time,0
PAY401370,C107902,CARD202071,2026-03-03,2170.3,2170.3,On Time,0
PAY401371,C105463,CARD204516,2025-08-08,15898.02,15898.02,On Time,0
PAY401372,C104448,CARD211394,2025-06-12,23514.84,23514.84,On Time,0
PAY401373,C107943,CARD205470,2025-02-05,3195.74,3195.74,On Time,0
PAY401374,C100330,CARD204243,2026-01-22,8929.1,8929.1,On Time,0
PAY401375,C109471,CARD204676,2025-11-28,12347.41,12347.41,On Time,0
PAY401376,C101116,CARD208114,2026-08-30,14700.6,14700.6,On Time,0
PAY401377,C109227,CARD201785,2025-12-20,7324.12,7324.12,On Time,0
PAY401378,C105891,CARD204333,2025-02-03,2700.99,2700.99,On Time,0
PAY401379,C101980,CARD202056,2026-05-20,4254.85,4254.85,Late,7
PAY401380,C103686,CARD200243,2025-09-21,6285.68,6285.68,On Time,0
PAY401381,C102373,CARD208867,2026-07-17,2180.52,485.84,Partial,10
PAY401382,C105474,CARD209573,2025-01-31,3808.01,3808.01,On Time,0
PAY401383,C100796,CARD208866,2025-09-22,11249.07,11249.07,On Time,0
PAY401384,C109433,CARD207249,2025-04-27,6225.13,6225.13,On Time,0
PAY401385,C103157,CARD208675,2026-08-01,6659.28,6659.28,On Time,0
PAY401386,C100553,CARD211690,2025-09-14,2256.63,2256.63,On Time,0
PAY401387,C108178,CARD201333,2026-05-23,3768.77,3768.77,On Time,0
PAY401388,C109911,CARD201635,2025-09-04,9300.31,9300.31,On Time,0
PAY401389,C103420,CARD203502,2025-10-26,7498.45,7498.45,Late,28
PAY401390,C108383,CARD204644,2025-08-06,17576.88,17576.88,On Time,0
PAY401391,C101866,CARD205372,2025-10-09,3666.81,3666.81,On Time,0
PAY401392,C105514,CARD200674,2026-03-08,14661.82,11903.64,Partial,20
PAY401393,C100184,CARD205231,2025-04-07,3658.06,3658.06,On Time,0
PAY401394,C105677,CARD210735,2025-07-09,7726.88,7726.88,On Time,0
PAY401395,C105965,CARD208466,2025-07-03,3249.28,3249.28,Late,29
PAY401396,C106253,CARD200642,2026-02-22,2030.99,2030.99,On Time,0
PAY401397,C100778,CARD203399,2025-12-30,11395.44,11395.44,On Time,0
PAY401398,C109305,CARD211985,2025-03-17,12231.3,12231.3,On Time,0
PAY401399,C104404,CARD200771,2025-07-12,5300.22,5300.22,On Time,0
PAY401400,C106964,CARD203429,2026-01-15,5511.07,4222.7,Partial,3
PAY401401,C104653,CARD203269,2026-03-18,3563.73,3563.73,On Time,0
PAY401402,C107823,CARD206653,2025-05-29,2378.59,2378.59,Late,13
PAY401403,C104976,CARD203237,2026-04-28,15044.0,15044.0,On Time,0
PAY401404,C103343,CARD208095,2025-05-03,2545.42,2545.42,On Time,0
PAY401405,C102061,CARD201002,2026-01-15,5873.23,5873.23,On Time,0
PAY401406,C109674,CARD201738,2025-05-08,6602.95,6602.95,On Time,0
PAY401407,C100237,CARD208561,2025-01-15,27770.67,27770.67,On Time,0
PAY401408,C109126,CARD202467,2025-06-24,15009.26,15009.26,On Time,0
PAY401409,C106321,CARD208136,2025-10-10,12280.98,12280.98,On Time,0
PAY401410,C104814,CARD204985,2026-04-13,7934.77,7934.77,On Time,0
PAY401411,C107128,CARD204847,2026-02-21,11606.02,11606.02,On Time,0
PAY401412,C102136,CARD206399,2026-04-03,8277.13,8277.13,On Time,0
PAY401413,C109002,CARD210834,2026-03-09,6694.2,6694.2,Late,18
PAY401414,C105813,CARD205028,2026-04-13,5091.16,5091.16,On Time,0
PAY401415,C106218,CARD207259,2026-06-13,7531.79,7531.79,On Time,0
PAY401416,C106140,CARD204076,2025-04-16,18198.02,18198.02,On Time,0
PAY401417,C102129,CARD209637,2025-11-25,2081.8,2081.8,On Time,0
PAY401418,C101248,CARD209590,2025-11-13,5013.05,2152.31,Partial,3
PAY401419,C106933,CARD209192,2025-12-13,1908.98,1908.98,On Time,0
PAY401420,C107858,CARD205826,2025-01-23,4452.33,4452.33,On Time,0
PAY401421,C107180,CARD204187,2026-05-23,2244.78,2244.78,On Time,0
PAY401422,C105358,CARD204469,2025-07-27,1351.04,1351.04,On Time,0
PAY401423,C100037,CARD201937,2026-08-14,12400.05,12400.05,Late,3
PAY401424,C100079,CARD211113,2025-04-10,12365.26,12365.26,Late,23
PAY401425,C104165,CARD203339,2025-02-03,5663.51,5663.51,On Time,0
PAY401426,C107244,CARD208092,2026-01-05,3814.13,3814.13,On Time,0
PAY401427,C108133,CARD202757,2025-03-17,1975.16,1975.16,On Time,0
PAY401428,C101960,CARD210745,2026-08-29,7720.56,7720.56,On Time,0
PAY401429,C104869,CARD201497,2026-05-24,6903.12,6903.12,On Time,0
PAY401430,C109032,CARD207930,2025-11-30,9385.97,4568.88,Partial,6
PAY401431,C106417,CARD200512,2025-10-11,14266.52,6925.87,Partial,37
PAY401432,C108817,CARD200200,2025-03-07,1147.33,1147.33,On Time,0
PAY401433,C106621,CARD204929,2025-10-20,3842.6,2986.57,Partial,60
PAY401434,C106587,CARD209883,2025-08-23,22820.44,22820.44,Late,26
PAY401435,C101356,CARD204043,2025-10-20,15310.01,2234.65,Missed,35
PAY401436,C100734,CARD203021,2025-02-17,8175.41,8175.41,On Time,0
PAY401437,C109887,CARD207883,2026-06-08,6307.4,6307.4,Late,3
PAY401438,C108747,CARD209238,2025-07-03,4309.75,4309.75,On Time,0
PAY401439,C103268,CARD201115,2026-07-20,11417.57,11417.57,On Time,0
PAY401440,C104911,CARD204768,2026-06-05,3168.42,1633.8,Partial,53
PAY401441,C104128,CARD201698,2026-03-22,16334.41,16334.41,On Time,0
PAY401442,C100776,CARD211171,2025-01-17,3892.27,3892.27,On Time,0
PAY401443,C103284,CARD205749,2026-08-01,13462.44,13462.44,On Time,0
PAY401444,C103343,CARD208095,2026-02-15,9740.28,9740.28,On Time,0
PAY401445,C106398,CARD207051,2026-06-16,4242.47,4242.47,On Time,0
PAY401446,C106068,CARD200062,2025-11-11,7843.83,576.97,Missed,96
PAY401447,C104967,CARD211458,2026-06-28,4447.29,4447.29,Late,16
PAY401448,C106755,CARD207129,2026-05-11,6546.72,6546.72,On Time,0
PAY401449,C100991,CARD201238,2026-02-20,1979.28,1979.28,On Time,0
PAY401450,C109285,CARD205118,2025-02-25,3559.57,3559.57,On Time,0
PAY401451,C103496,CARD201516,2025-11-21,2397.23,2397.23,On Time,0
PAY401452,C106521,CARD203512,2025-11-09,9784.87,9784.87,On Time,0
PAY401453,C103420,CARD203502,2026-08-13,26991.56,26991.56,On Time,0
PAY401454,C106339,CARD203466,2026-02-18,3559.55,3559.55,On Time,0
PAY401455,C103887,CARD206818,2026-07-12,2854.44,2854.44,On Time,0
PAY401456,C104866,CARD210426,2026-07-17,6422.14,6422.14,On Time,0
PAY401457,C101189,CARD205280,2026-05-06,5100.99,5100.99,On Time,0
PAY401458,C103604,CARD201774,2026-04-12,23245.79,23245.79,Late,13
PAY401459,C100653,CARD209885,2026-03-23,3052.13,3052.13,On Time,0
PAY401460,C101387,CARD204374,2026-08-06,5463.29,5463.29,On Time,0
PAY401461,C101148,CARD209937,2025-08-27,6207.16,6207.16,On Time,0
PAY401462,C108433,CARD211264,2025-11-29,14461.24,14461.24,On Time,0
PAY401463,C102440,CARD211545,2025-05-21,4344.51,4344.51,On Time,0
PAY401464,C108154,CARD200054,2026-08-10,3872.36,3872.36,On Time,0
PAY401465,C107830,CARD205995,2025-01-23,10479.01,3259.08,Partial,6
PAY401466,C106896,CARD201517,2026-07-20,8618.58,8618.58,On Time,0
PAY401467,C103976,CARD208650,2026-06-13,1916.74,1916.74,On Time,0
PAY401468,C102765,CARD205122,2026-04-15,11134.68,11134.68,On Time,0
PAY401469,C106274,CARD211513,2026-04-10,9554.86,9554.86,On Time,0
PAY401470,C105798,CARD204042,2025-05-12,11764.11,11764.11,On Time,0
PAY401471,C109209,CARD207539,2026-05-16,7867.39,7867.39,On Time,0
PAY401472,C103666,CARD208275,2025-07-07,3734.52,3734.52,On Time,0
PAY401473,C108303,CARD201456,2026-01-16,4534.19,1207.75,Partial,21
PAY401474,C106666,CARD201212,2025-10-19,4960.82,4960.82,On Time,0
PAY401475,C106480,CARD200394,2025-02-27,4398.61,4398.61,On Time,0
PAY401476,C108021,CARD200947,2025-09-27,8275.37,8275.37,On Time,0
PAY401477,C109358,CARD207002,2025-12-07,5637.07,5637.07,On Time,0
PAY401478,C105960,CARD200966,2025-10-31,3570.23,3570.23,On Time,0
PAY401479,C108449,CARD202231,2026-05-25,4309.16,4309.16,On Time,0
PAY401480,C100949,CARD208741,2026-04-02,7486.62,5331.34,Partial,19
PAY401481,C100736,CARD209265,2026-02-11,9608.91,9608.91,Late,27
PAY401482,C103578,CARD204682,2025-06-06,4348.11,4348.11,On Time,0
PAY401483,C107333,CARD202396,2025-06-23,3761.21,3761.21,On Time,0
PAY401484,C106152,CARD211736,2026-01-21,10197.13,10197.13,On Time,0
PAY401485,C103007,CARD210450,2025-05-04,6757.82,6757.82,On Time,0
PAY401486,C107071,CARD200023,2025-03-29,7051.54,7051.54,On Time,0
PAY401487,C101664,CARD205567,2025-06-14,11530.42,11530.42,On Time,0
PAY401488,C109218,CARD211351,2026-06-29,10217.01,10217.01,On Time,0
PAY401489,C106496,CARD210349,2026-06-17,14189.4,14189.4,On Time,0
PAY401490,C108004,CARD207477,2026-06-29,15333.78,15333.78,On Time,0
PAY401491,C105242,CARD203449,2026-03-06,2819.04,2819.04,Late,26
PAY401492,C104313,CARD208277,2026-03-28,9358.99,9358.99,On Time,0
PAY401493,C108154,CARD200054,2026-05-01,3723.6,3723.6,On Time,0
PAY401494,C109408,CARD208100,2026-03-20,3592.55,3592.55,On Time,0
PAY401495,C100992,CARD202688,2026-03-02,2194.68,2194.68,On Time,0
PAY401496,C104533,CARD211608,2025-11-09,4514.93,4514.93,On Time,0
PAY401497,C104906,CARD204091,2026-06-06,9409.46,9409.46,On Time,0
PAY401498,C100443,CARD206354,2025-05-11,6628.57,6628.57,On Time,0
PAY401499,C103424,CARD202996,2026-06-16,4003.29,4003.29,On Time,0
PAY401500,C101579,CARD203598,2026-06-05,13793.82,13793.82,On Time,0
PAY401501,C103723,CARD201701,2025-02-16,4165.63,4165.63,On Time,0
PAY401502,C101681,CARD204478,2025-10-18,4456.81,4456.81,On Time,0
PAY401503,C108724,CARD210574,2026-03-09,4824.94,4824.94,On Time,0
PAY401504,C104411,CARD201415,2025-03-13,6557.29,6557.29,On Time,0
PAY401505,C105622,CARD207520,2025-04-30,8740.17,8740.17,On Time,0
PAY401506,C101525,CARD207196,2026-03-31,6319.59,6319.59,On Time,0
PAY401507,C106645,CARD204991,2025-04-06,2046.12,2046.12,Late,5
PAY401508,C109328,CARD210093,2026-04-12,2047.93,2047.93,On Time,0
PAY401509,C101617,CARD208747,2026-04-27,3947.02,3947.02,Late,19
PAY401510,C105147,CARD209941,2026-06-27,9601.94,9601.94,On Time,0
PAY401511,C108727,CARD201534,2025-11-24,12588.27,12588.27,On Time,0
PAY401512,C102643,CARD209420,2026-02-09,4404.22,4404.22,On Time,0
PAY401513,C105163,CARD210604,2025-05-23,2623.65,2623.65,On Time,0
PAY401514,C101573,CARD208023,2026-03-11,7415.55,7415.55,On Time,0
PAY401515,C105818,CARD203479,2026-03-08,10142.73,10142.73,On Time,0
PAY401516,C101848,CARD209683,2025-07-12,1790.67,1790.67,On Time,0
PAY401517,C103752,CARD207631,2025-07-03,8399.33,8399.33,On Time,0
PAY401518,C104175,CARD201480,2026-04-15,3853.35,3853.35,On Time,0
PAY401519,C109158,CARD207053,2025-03-08,1687.15,1687.15,On Time,0
PAY401520,C109534,CARD208750,2025-06-01,5029.85,5029.85,On Time,0
PAY401521,C101639,CARD202741,2025-04-11,1884.04,1884.04,Late,22
PAY401522,C109851,CARD203649,2025-06-29,4567.05,4567.05,On Time,0
PAY401523,C107469,CARD208228,2026-04-15,1287.48,1287.48,On Time,0
PAY401524,C108036,CARD204888,2025-04-04,7099.31,7099.31,Late,1
PAY401525,C101073,CARD208800,2025-07-29,3417.04,3417.04,On Time,0
PAY401526,C109761,CARD203653,2025-01-06,6776.99,6776.99,On Time,0
PAY401527,C106862,CARD206702,2025-03-08,5722.47,5722.47,Late,30
PAY401528,C103700,CARD210892,2026-06-23,15316.46,15316.46,On Time,0
PAY401529,C105798,CARD204042,2026-03-02,10639.93,10639.93,On Time,0
PAY401530,C106075,CARD200352,2026-05-22,9763.26,9763.26,On Time,0
PAY401531,C101999,CARD206910,2025-03-03,2573.68,2573.68,On Time,0
PAY401532,C104261,CARD204553,2026-03-10,4530.95,4530.95,Late,24
PAY401533,C101653,CARD207748,2025-03-31,1549.28,1549.28,Late,13
PAY401534,C108039,CARD209202,2025-02-03,4370.19,4370.19,On Time,0
PAY401535,C100942,CARD201216,2025-09-30,7097.72,7097.72,On Time,0
PAY401536,C100475,CARD211066,2025-07-19,12134.06,12134.06,On Time,0
PAY401537,C108683,CARD204321,2025-07-22,4778.0,3469.23,Partial,4
PAY401538,C104574,CARD207079,2026-08-30,6766.83,6766.83,On Time,0
PAY401539,C104415,CARD202145,2026-04-17,5188.03,5188.03,On Time,0
PAY401540,C100671,CARD207674,2026-04-27,12398.23,935.23,Missed,32
PAY401541,C106609,CARD207126,2025-04-21,7974.91,7974.91,On Time,0
PAY401542,C109377,CARD205936,2025-05-25,4270.5,4270.5,On Time,0
PAY401543,C109964,CARD201355,2025-06-15,4760.34,4760.34,On Time,0
PAY401544,C108763,CARD210017,2025-11-22,8512.71,18.43,Missed,82
PAY401545,C106215,CARD201775,2025-01-29,2987.81,2987.81,On Time,0
PAY401546,C100600,CARD202799,2026-05-29,8001.06,8001.06,On Time,0
PAY401547,C107727,CARD204795,2025-09-10,9653.26,9653.26,On Time,0
PAY401548,C104776,CARD203950,2026-07-13,12160.47,12160.47,On Time,0
PAY401549,C102808,CARD207868,2025-02-05,3341.39,3341.39,On Time,0
PAY401550,C103220,CARD205184,2025-06-07,3232.7,3232.7,On Time,0
PAY401551,C101584,CARD201142,2025-04-29,3721.16,3721.16,Late,18
PAY401552,C106644,CARD209805,2026-03-10,3051.88,3051.88,On Time,0
PAY401553,C103299,CARD210936,2026-04-11,15893.83,15893.83,On Time,0
PAY401554,C101433,CARD205606,2026-03-18,13182.0,13182.0,On Time,0
PAY401555,C105095,CARD204793,2026-01-01,4884.88,4884.88,On Time,0
PAY401556,C100784,CARD203939,2025-08-22,7091.55,7091.55,On Time,0
PAY401557,C102728,CARD200337,2025-04-23,5785.98,5785.98,On Time,0
PAY401558,C105762,CARD209616,2025-08-16,7659.8,7659.8,On Time,0
PAY401559,C103311,CARD205693,2026-08-23,10680.55,10680.55,On Time,0
PAY401560,C102871,CARD201130,2025-03-10,4153.96,4153.96,On Time,0
PAY401561,C107308,CARD210931,2025-03-26,14657.66,14657.66,On Time,0
PAY401562,C104692,CARD202125,2025-04-21,38934.83,20362.93,Partial,26
PAY401563,C105516,CARD210726,2025-11-03,5890.51,5890.51,On Time,0
PAY401564,C106190,CARD203121,2025-06-01,4461.39,4461.39,On Time,0
PAY401565,C103179,CARD201399,2026-08-03,1064.62,1064.62,On Time,0
PAY401566,C106755,CARD207129,2025-04-12,19637.43,19637.43,On Time,0
PAY401567,C107345,CARD208015,2025-08-28,5778.05,5778.05,On Time,0
PAY401568,C109135,CARD201730,2025-05-07,4793.68,4793.68,Late,25
PAY401569,C107748,CARD208927,2026-01-11,4806.38,4806.38,Late,6
PAY401570,C104359,CARD202426,2025-08-31,3731.38,2805.37,Partial,41
PAY401571,C100503,CARD205295,2025-03-02,2913.96,1081.05,Partial,41
PAY401572,C104754,CARD208385,2025-02-05,3965.33,3965.33,On Time,0
PAY401573,C104741,CARD208388,2026-08-03,2040.2,2040.2,On Time,0
PAY401574,C109773,CARD205856,2025-12-16,5813.62,5813.62,Late,23
PAY401575,C107011,CARD206023,2025-01-08,2798.5,2798.5,On Time,0
PAY401576,C104058,CARD201628,2025-10-20,6947.55,6947.55,On Time,0
PAY401577,C105018,CARD202817,2025-07-04,2420.78,2420.78,Late,22
PAY401578,C100351,CARD211817,2025-03-13,6500.25,6500.25,On Time,0
PAY401579,C103676,CARD204633,2025-12-05,8179.05,8179.05,On Time,0
PAY401580,C100597,CARD207407,2025-12-09,7976.98,7976.98,On Time,0
PAY401581,C107844,CARD203802,2025-02-15,4904.96,4904.96,On Time,0
PAY401582,C105259,CARD210680,2025-06-23,4719.13,4719.13,On Time,0
PAY401583,C101593,CARD201160,2025-11-24,5786.51,4825.43,Partial,1
PAY401584,C109815,CARD207358,2026-03-24,14519.67,14519.67,On Time,0
PAY401585,C106447,CARD211587,2025-10-05,15408.41,15408.41,Late,28
PAY401586,C107278,CARD201645,2025-08-31,6525.55,6525.55,On Time,0
PAY401587,C108378,CARD202512,2026-03-01,18252.72,18252.72,On Time,0
PAY401588,C105738,CARD202848,2026-01-11,5181.72,5181.72,On Time,0
PAY401589,C108235,CARD210717,2025-07-10,3721.55,3721.55,On Time,0
PAY401590,C100977,CARD207876,2025-12-02,2671.24,2671.24,On Time,0
PAY401591,C104319,CARD201430,2025-03-27,12105.59,12105.59,On Time,0
PAY401592,C107000,CARD200828,2026-03-25,11605.25,1383.55,Missed,84
PAY401593,C105879,CARD200003,2025-09-20,4877.97,4877.97,On Time,0
PAY401594,C105982,CARD209182,2026-07-21,8353.06,8353.06,On Time,0
PAY401595,C103025,CARD201890,2025-12-26,2404.42,2404.42,On Time,0
PAY401596,C103143,CARD206515,2026-08-09,2474.65,2474.65,On Time,0
PAY401597,C108916,CARD210419,2026-02-09,4849.69,4849.69,On Time,0
PAY401598,C102768,CARD211347,2025-09-06,6224.58,6224.58,Late,5
PAY401599,C104394,CARD200506,2025-07-26,9224.99,9224.99,On Time,0
PAY401600,C102442,CARD209852,2025-06-29,5352.87,5352.87,On Time,0
PAY401601,C107659,CARD206532,2026-07-13,9482.07,9482.07,On Time,0
PAY401602,C106514,CARD205595,2025-11-14,4367.24,4367.24,Late,4
PAY401603,C101267,CARD200632,2025-03-16,13538.4,13538.4,On Time,0
PAY401604,C105839,CARD206692,2025-01-11,2732.13,2732.13,On Time,0
PAY401605,C103524,CARD211087,2026-01-24,5206.25,5206.25,On Time,0
PAY401606,C104296,CARD202329,2025-09-19,7179.95,7179.95,On Time,0
PAY401607,C104979,CARD200351,2025-12-28,12244.12,12244.12,On Time,0
PAY401608,C107703,CARD210654,2026-08-02,6761.85,6761.85,On Time,0
PAY401609,C102048,CARD209795,2026-03-03,6608.74,6608.74,On Time,0
PAY401610,C102288,CARD207955,2025-02-26,4486.36,4486.36,On Time,0
PAY401611,C107597,CARD206099,2026-06-05,7123.64,7123.64,On Time,0
PAY401612,C101239,CARD201759,2026-04-02,13105.04,13105.04,Late,19
PAY401613,C103299,CARD210936,2025-10-18,3424.48,2895.69,Partial,2
PAY401614,C109174,CARD204903,2026-07-09,2506.7,2105.47,Partial,2
PAY401615,C104905,CARD211524,2026-08-16,8703.52,8703.52,On Time,0
PAY401616,C106500,CARD204761,2026-05-24,5700.63,575.07,Missed,39
PAY401617,C106179,CARD211140,2025-09-13,1905.92,1905.92,On Time,0
PAY401618,C100817,CARD206967,2025-01-01,5806.81,5806.81,On Time,0
PAY401619,C107901,CARD204780,2025-03-17,3639.28,2631.8,Partial,54
PAY401620,C106634,CARD206413,2025-02-18,4439.51,4439.51,On Time,0
PAY401621,C106454,CARD210810,2025-03-28,5943.15,4163.72,Partial,32
PAY401622,C107927,CARD205117,2025-03-12,3428.54,3428.54,Late,16
PAY401623,C103791,CARD210138,2026-05-29,6073.65,4394.7,Partial,43
PAY401624,C104819,CARD200192,2025-04-05,4856.76,4856.76,Late,9
PAY401625,C101226,CARD203577,2026-02-15,3286.81,3286.81,On Time,0
PAY401626,C107602,CARD207879,2025-03-04,8982.3,8982.3,On Time,0
PAY401627,C103715,CARD200928,2025-03-31,5651.49,5651.49,On Time,0
PAY401628,C108344,CARD210529,2026-03-16,4721.07,4721.07,On Time,0
PAY401629,C103579,CARD201009,2025-07-18,2754.13,261.04,Missed,73
PAY401630,C106813,CARD208784,2025-12-21,7435.19,7435.19,Late,4
PAY401631,C106582,CARD211364,2025-05-07,7663.83,7663.83,On Time,0
PAY401632,C107611,CARD202544,2025-01-15,8264.54,8264.54,Late,1
PAY401633,C106240,CARD201544,2025-09-13,3294.01,3294.01,On Time,0
PAY401634,C102807,CARD211146,2025-07-03,6360.57,6360.57,On Time,0
PAY401635,C105917,CARD203282,2025-11-20,13320.6,13320.6,Late,18
PAY401636,C105711,CARD201407,2026-03-23,5413.76,3421.67,Partial,35
PAY401637,C108575,CARD204914,2025-06-19,7290.33,7290.33,Late,20
PAY401638,C103702,CARD204236,2026-07-05,4394.32,4394.32,Late,1
PAY401639,C103080,CARD209731,2025-12-30,4042.11,4042.11,On Time,0
PAY401640,C105933,CARD200979,2025-04-08,2487.88,2487.88,On Time,0
PAY401641,C103776,CARD209530,2025-10-08,8313.88,8313.88,On Time,0
PAY401642,C103028,CARD209707,2025-03-25,5357.7,5357.7,Late,27
PAY401643,C109761,CARD203653,2026-02-10,2683.81,2683.81,On Time,0
PAY401644,C103836,CARD202446,2026-01-11,2222.98,2222.98,On Time,0
PAY401645,C104895,CARD206968,2025-03-05,23453.44,23453.44,On Time,0
PAY401646,C103256,CARD200297,2025-01-06,4533.05,4533.05,On Time,0
PAY401647,C109236,CARD200470,2025-01-07,4566.31,4566.31,On Time,0
PAY401648,C106141,CARD203630,2026-06-01,31196.02,31196.02,On Time,0
PAY401649,C105209,CARD211387,2026-02-24,5459.81,5459.81,Late,7
PAY401650,C109496,CARD205783,2026-01-05,3082.79,3082.79,On Time,0
PAY401651,C108450,CARD203168,2026-01-26,3892.19,3892.19,On Time,0
PAY401652,C105043,CARD201653,2025-11-12,6581.09,6581.09,On Time,0
PAY401653,C109735,CARD209257,2025-07-21,1768.8,1768.8,On Time,0
PAY401654,C103568,CARD210163,2025-01-01,8178.41,8178.41,On Time,0
PAY401655,C101159,CARD202916,2025-01-23,5591.96,5591.96,Late,23
PAY401656,C104700,CARD211044,2025-08-23,2538.87,1225.61,Partial,24
PAY401657,C101039,CARD206519,2026-03-26,6234.08,6234.08,On Time,0
PAY401658,C107651,CARD201040,2025-05-16,7771.98,583.65,Missed,70
PAY401659,C101525,CARD203984,2025-01-20,4105.62,4105.62,On Time,0
PAY401660,C103312,CARD200185,2025-07-24,6377.37,6377.37,On Time,0
PAY401661,C104887,CARD203402,2025-04-24,3865.41,3865.41,On Time,0
PAY401662,C105084,CARD207512,2026-08-06,5942.96,5942.96,Late,29
PAY401663,C104815,CARD203408,2026-04-26,2090.71,2090.71,On Time,0
PAY401664,C107057,CARD203002,2025-08-25,5701.3,5701.3,On Time,0
PAY401665,C107206,CARD208042,2026-06-16,4718.51,4718.51,On Time,0
PAY401666,C105141,CARD200744,2026-07-08,3699.92,3699.92,On Time,0
PAY401667,C107415,CARD210670,2025-01-30,6007.6,6007.6,Late,2
PAY401668,C106308,CARD206143,2025-06-09,7596.46,7596.46,On Time,0
PAY401669,C105282,CARD204935,2025-01-31,2366.41,2366.41,On Time,0
PAY401670,C105663,CARD209383,2025-01-11,4942.14,4942.14,On Time,0
PAY401671,C106217,CARD202250,2026-06-25,9198.75,7517.39,Partial,39
PAY401672,C100454,CARD206827,2026-06-25,4781.79,4781.79,On Time,0
PAY401673,C109308,CARD211266,2026-04-04,3564.2,3564.2,On Time,0
PAY401674,C108114,CARD206921,2025-10-26,4093.94,4093.94,Late,3
PAY401675,C103021,CARD207553,2026-03-13,9779.91,9779.91,On Time,0
PAY401676,C107998,CARD200319,2025-09-29,19271.21,19271.21,On Time,0
PAY401677,C100309,CARD208635,2026-07-02,13972.61,13972.61,On Time,0
PAY401678,C101023,CARD208013,2025-07-23,5497.49,5497.49,On Time,0
PAY401679,C109041,CARD204583,2025-01-09,17382.16,17382.16,Late,10
PAY401680,C105872,CARD207480,2025-04-02,36468.24,36468.24,On Time,0
PAY401681,C108384,CARD209347,2026-03-20,1976.75,1976.75,On Time,0
PAY401682,C104704,CARD207275,2026-06-23,1863.53,1863.53,On Time,0
PAY401683,C100230,CARD211477,2025-09-19,2665.02,2665.02,On Time,0
PAY401684,C104273,CARD209878,2026-07-04,3599.39,3599.39,On Time,0
PAY401685,C108140,CARD201252,2026-07-07,15042.01,15042.01,On Time,0
PAY401686,C100146,CARD204275,2025-07-04,6643.12,6643.12,On Time,0
PAY401687,C101454,CARD211880,2026-07-22,6146.43,6146.43,On Time,0
PAY401688,C104627,CARD204074,2025-11-30,1000.0,1000.0,On Time,0
PAY401689,C100789,CARD210490,2025-06-26,10579.09,10579.09,On Time,0
PAY401690,C108394,CARD206896,2026-08-09,6810.17,6810.17,Late,1
PAY401691,C105507,CARD207336,2026-03-05,6912.71,6912.71,On Time,0
PAY401692,C107384,CARD211071,2026-04-10,7940.05,7940.05,On Time,0
PAY401693,C105846,CARD210030,2026-04-04,1773.71,1773.71,Late,30
PAY401694,C101801,CARD211029,2026-01-22,8279.25,8279.25,On Time,0
PAY401695,C104315,CARD210806,2025-03-29,16086.89,16086.89,On Time,0
PAY401696,C104774,CARD208816,2026-01-05,15911.19,15911.19,On Time,0
PAY401697,C100520,CARD206486,2026-06-05,4041.73,4041.73,On Time,0
PAY401698,C104060,CARD211411,2025-10-30,23003.25,23003.25,On Time,0
PAY401699,C100723,CARD210255,2026-05-04,2305.05,2305.05,On Time,0
PAY401700,C104519,CARD202923,2025-10-16,6129.73,6129.73,On Time,0
PAY401701,C107608,CARD207569,2025-02-22,6900.86,6900.86,Late,20
PAY401702,C108137,CARD210668,2025-09-18,3706.21,2290.44,Partial,51
PAY401703,C109075,CARD205593,2025-07-24,5528.51,5528.51,On Time,0
PAY401704,C103661,CARD206020,2025-02-27,4608.57,4608.57,On Time,0
PAY401705,C102306,CARD205007,2026-03-14,17761.75,17761.75,On Time,0
PAY401706,C103742,CARD211887,2025-11-06,7277.1,7277.1,On Time,0
PAY401707,C104731,CARD201934,2025-11-03,5000.31,5000.31,Late,12
PAY401708,C102393,CARD210505,2025-09-10,4369.99,4369.99,On Time,0
PAY401709,C109428,CARD210477,2026-04-19,14485.73,14485.73,On Time,0
PAY401710,C105120,CARD200380,2025-10-05,10875.12,6806.47,Partial,39
PAY401711,C104417,CARD211686,2026-06-02,4274.53,4274.53,On Time,0
PAY401712,C100316,CARD203073,2025-07-10,7053.68,7053.68,Late,18
PAY401713,C102183,CARD208952,2025-04-29,2655.09,2655.09,On Time,0
PAY401714,C107820,CARD202196,2026-07-04,7489.07,3997.98,Partial,56
PAY401715,C104683,CARD200426,2026-04-16,1553.71,1553.71,On Time,0
PAY401716,C105758,CARD211304,2025-04-17,4594.31,4594.31,On Time,0
PAY401717,C106339,CARD203466,2026-03-27,8540.55,8540.55,Late,13
PAY401718,C100166,CARD210210,2026-07-01,8991.63,8991.63,On Time,0
PAY401719,C108685,CARD210999,2025-07-21,21962.49,21962.49,On Time,0
PAY401720,C105200,CARD205096,2025-12-28,5132.24,5132.24,On Time,0
PAY401721,C100798,CARD208804,2025-02-23,5822.44,4112.74,Partial,20
PAY401722,C107409,CARD203538,2026-01-17,2600.11,2600.11,On Time,0
PAY401723,C100015,CARD206112,2026-06-11,13949.25,13949.25,On Time,0
PAY401724,C103666,CARD208275,2025-06-14,4923.43,4923.43,On Time,0
PAY401725,C101919,CARD211655,2026-08-03,3898.63,3898.63,On Time,0
PAY401726,C107789,CARD201494,2025-09-03,4565.5,4565.5,On Time,0
PAY401727,C108415,CARD200799,2025-02-08,8716.09,8716.09,On Time,0
PAY401728,C106341,CARD203506,2026-03-31,2173.2,2173.2,On Time,0
PAY401729,C108531,CARD211716,2025-05-04,2786.51,2786.51,Late,24
PAY401730,C109839,CARD208122,2026-01-15,2559.03,2559.03,On Time,0
PAY401731,C101521,CARD206171,2026-03-22,3604.82,3604.82,On Time,0
PAY401732,C107284,CARD202604,2026-02-13,4387.17,1037.46,Partial,18
PAY401733,C102830,CARD209009,2025-07-17,6266.56,6266.56,On Time,0
PAY401734,C108921,CARD201276,2025-01-10,2035.79,2035.79,On Time,0
PAY401735,C107260,CARD209451,2026-02-26,2074.07,2074.07,On Time,0
PAY401736,C104459,CARD209917,2026-06-04,6383.2,6383.2,On Time,0
PAY401737,C109880,CARD209455,2026-04-24,10784.53,10784.53,On Time,0
PAY401738,C105404,CARD201220,2026-03-20,5412.47,5412.47,On Time,0
PAY401739,C101230,CARD201272,2026-06-05,5667.49,5667.49,On Time,0
PAY401740,C107107,CARD211925,2025-07-29,2966.02,2966.02,On Time,0
PAY401741,C108639,CARD204376,2025-06-17,3061.43,3061.43,On Time,0
PAY401742,C106065,CARD202012,2026-02-19,9057.34,9057.34,On Time,0
PAY401743,C104229,CARD206734,2025-02-10,5437.58,5437.58,Late,2
PAY401744,C108901,CARD209964,2026-03-13,4626.1,3203.79,Partial,2
PAY401745,C101992,CARD205909,2025-04-16,7306.08,7306.08,On Time,0
PAY401746,C104336,CARD200106,2026-05-20,7292.54,7292.54,On Time,0
PAY401747,C102420,CARD207271,2026-08-24,3349.6,3349.6,On Time,0
PAY401748,C103828,CARD203614,2025-12-27,13639.52,13639.52,On Time,0
PAY401749,C102841,CARD200050,2026-07-05,4959.19,4959.19,On Time,0
PAY401750,C104933,CARD207682,2025-01-04,8640.55,8640.55,On Time,0
PAY401751,C107782,CARD204786,2025-02-12,1000.0,735.12,Partial,35
PAY401752,C104108,CARD203886,2026-01-01,45317.02,45317.02,On Time,0
PAY401753,C108746,CARD209269,2025-10-15,7308.64,7308.64,On Time,0
PAY401754,C104432,CARD205320,2025-09-13,2636.65,1989.78,Partial,60
PAY401755,C105137,CARD210969,2026-06-06,2297.18,2297.18,On Time,0
PAY401756,C107675,CARD203348,2025-05-26,5989.66,406.92,Missed,71
PAY401757,C101435,CARD204371,2025-02-12,3629.91,3629.91,Late,25
PAY401758,C106295,CARD204558,2026-06-02,8185.91,5309.83,Partial,3
PAY401759,C109412,CARD209079,2026-05-23,15391.29,15391.29,On Time,0
PAY401760,C108616,CARD201331,2025-06-07,16377.13,16377.13,Late,10
PAY401761,C103519,CARD202297,2025-01-01,5552.84,5552.84,On Time,0
PAY401762,C106259,CARD202870,2025-12-22,7265.6,7265.6,On Time,0
PAY401763,C100469,CARD202709,2025-02-21,5957.61,5957.61,Late,15
PAY401764,C106331,CARD207374,2025-04-29,16187.14,16187.14,On Time,0
PAY401765,C102981,CARD202436,2025-12-29,5857.62,635.43,Missed,85
PAY401766,C102111,CARD206153,2025-01-20,1000.0,1000.0,On Time,0
PAY401767,C104588,CARD210906,2025-09-29,12791.71,8376.36,Partial,3
PAY401768,C107228,CARD204215,2026-07-23,13339.58,3112.36,Partial,44
PAY401769,C108403,CARD209479,2025-11-13,12478.76,12478.76,On Time,0
PAY401770,C100235,CARD204758,2026-03-02,1723.98,1723.98,On Time,0
PAY401771,C104736,CARD210478,2025-03-09,18653.77,18653.77,On Time,0
PAY401772,C103873,CARD203456,2026-02-24,4237.47,4237.47,Late,17
PAY401773,C104713,CARD204211,2026-03-28,1936.07,1936.07,On Time,0
PAY401774,C101735,CARD210160,2025-10-28,11314.97,11314.97,On Time,0
PAY401775,C102242,CARD201270,2025-03-08,14566.52,14566.52,Late,28
PAY401776,C101431,CARD209657,2025-12-05,3667.16,3667.16,On Time,0
PAY401777,C109839,CARD208122,2026-05-06,26528.87,13962.9,Partial,20
PAY401778,C101289,CARD201237,2025-10-18,11441.55,11441.55,On Time,0
PAY401779,C103457,CARD209620,2025-11-27,29430.87,29430.87,On Time,0
PAY401780,C100877,CARD207026,2025-06-28,7530.72,7530.72,On Time,0
PAY401781,C107199,CARD211040,2025-01-30,21701.57,16557.67,Partial,8
PAY401782,C106457,CARD209958,2026-08-03,1690.01,1690.01,Late,22
PAY401783,C100331,CARD201686,2025-12-31,6010.01,6010.01,On Time,0
PAY401784,C101748,CARD204860,2026-02-17,2743.13,2743.13,On Time,0
PAY401785,C103452,CARD204976,2025-09-24,8035.48,8035.48,Late,23
PAY401786,C109940,CARD201876,2025-12-24,1000.0,1000.0,Late,4
PAY401787,C106035,CARD205349,2026-03-25,13924.08,13924.08,On Time,0
PAY401788,C103766,CARD201896,2025-03-26,1444.21,1444.21,On Time,0
PAY401789,C105274,CARD208357,2026-02-04,23081.95,23081.95,On Time,0
PAY401790,C106679,CARD208244,2025-09-02,13967.8,13967.8,On Time,0
PAY401791,C106907,CARD202173,2026-07-20,4320.06,4320.06,On Time,0
PAY401792,C109632,CARD206344,2026-04-11,4007.51,4007.51,On Time,0
PAY401793,C105341,CARD204138,2025-10-13,7552.78,7552.78,On Time,0
PAY401794,C100839,CARD206454,2025-04-01,6565.15,6565.15,On Time,0
PAY401795,C101699,CARD203117,2026-06-06,6185.0,4499.94,Partial,55
PAY401796,C107521,CARD204406,2026-05-29,3551.03,3551.03,Late,22
PAY401797,C100262,CARD203501,2026-03-25,3111.39,3111.39,On Time,0
PAY401798,C109073,CARD200704,2026-06-25,3046.35,3046.35,Late,21
PAY401799,C108579,CARD201493,2025-01-05,10980.41,10980.41,On Time,0
PAY401800,C103103,CARD204146,2026-08-29,5230.89,5230.89,On Time,0
PAY401801,C106686,CARD211438,2026-04-24,1171.56,1171.56,On Time,0
PAY401802,C100006,CARD202985,2026-08-21,5188.37,5188.37,On Time,0
PAY401803,C102946,CARD209173,2025-01-25,8078.72,1734.79,Partial,24
PAY401804,C108028,CARD210032,2025-08-13,9954.63,9954.63,On Time,0
PAY401805,C106399,CARD208209,2025-02-08,14827.11,14827.11,On Time,0
PAY401806,C103413,CARD210249,2025-08-15,2858.38,2858.38,On Time,0
PAY401807,C106410,CARD206379,2025-12-27,6724.8,4947.38,Partial,15
PAY401808,C102480,CARD210246,2026-02-04,25857.36,25857.36,On Time,0
PAY401809,C102327,CARD207014,2025-12-14,7932.64,7932.64,On Time,0
PAY401810,C105454,CARD201818,2025-01-23,5078.09,5078.09,On Time,0
PAY401811,C107316,CARD204925,2025-04-12,4289.66,4289.66,Late,5
PAY401812,C107553,CARD200571,2025-05-18,4157.63,4157.63,On Time,0
PAY401813,C103718,CARD207574,2025-06-02,4191.09,4191.09,On Time,0
PAY401814,C102442,CARD209852,2026-06-10,5496.57,146.75,Missed,75
PAY401815,C109013,CARD209988,2025-03-02,1478.09,1478.09,On Time,0
PAY401816,C104547,CARD208651,2025-11-24,11103.03,11103.03,On Time,0
PAY401817,C109780,CARD206303,2026-04-03,5740.39,5740.39,On Time,0
PAY401818,C106606,CARD202267,2025-12-09,4525.93,4525.93,On Time,0
PAY401819,C100715,CARD203158,2026-01-20,4091.59,4091.59,On Time,0
PAY401820,C107879,CARD207884,2026-06-11,13808.3,13808.3,On Time,0
PAY401821,C100137,CARD202668,2026-06-02,7432.13,6106.71,Partial,46
PAY401822,C105587,CARD200008,2026-02-23,23116.18,23116.18,On Time,0
PAY401823,C100118,CARD210259,2025-06-09,19360.11,19360.11,On Time,0
PAY401824,C106728,CARD205672,2026-02-01,4565.51,4565.51,On Time,0
PAY401825,C100574,CARD203385,2026-07-22,1970.38,411.62,Partial,11
PAY401826,C101828,CARD205583,2026-06-22,4602.09,4602.09,On Time,0
PAY401827,C103367,CARD201532,2026-08-30,6735.64,6735.64,On Time,0
PAY401828,C103024,CARD207478,2026-07-29,5765.33,5765.33,On Time,0
PAY401829,C104812,CARD210511,2026-01-06,7039.36,7039.36,On Time,0
PAY401830,C106914,CARD201980,2025-06-11,12331.99,12331.99,On Time,0
PAY401831,C102478,CARD208195,2026-03-15,1091.63,1091.63,On Time,0
PAY401832,C107600,CARD202954,2026-08-04,4970.48,4970.48,On Time,0
PAY401833,C101357,CARD206310,2026-06-05,6715.13,4954.08,Partial,45
PAY401834,C104504,CARD201886,2025-04-14,4679.35,4679.35,On Time,0
PAY401835,C105538,CARD211259,2025-04-23,21627.21,21627.21,On Time,0
PAY401836,C105274,CARD208357,2025-08-10,3860.35,3860.35,On Time,0
PAY401837,C106960,CARD205137,2025-08-06,8925.36,8925.36,On Time,0
PAY401838,C104721,CARD208902,2025-06-16,4800.24,4800.24,On Time,0
PAY401839,C109281,CARD210415,2026-04-18,4677.19,4677.19,On Time,0
PAY401840,C109945,CARD209088,2026-03-23,3219.11,3219.11,On Time,0
PAY401841,C106414,CARD208839,2025-02-01,3052.26,2101.99,Partial,25
PAY401842,C100520,CARD206486,2025-11-02,17374.51,17374.51,On Time,0
PAY401843,C107711,CARD210385,2026-01-17,14414.66,14414.66,On Time,0
PAY401844,C108388,CARD209867,2025-02-21,2667.63,266.94,Missed,119
PAY401845,C109694,CARD201840,2025-08-11,3286.69,3286.69,On Time,0
PAY401846,C103754,CARD206752,2025-08-03,3652.23,3652.23,On Time,0
PAY401847,C105129,CARD207101,2025-12-19,3973.8,3973.8,On Time,0
PAY401848,C104425,CARD203322,2025-09-15,2597.55,2597.55,On Time,0
PAY401849,C101682,CARD205541,2026-03-13,19501.24,19501.24,On Time,0
PAY401850,C108975,CARD205605,2025-04-15,2459.48,2459.48,On Time,0
PAY401851,C107220,CARD209888,2025-08-31,9860.19,9860.19,Late,17
PAY401852,C107073,CARD201536,2025-03-01,13272.94,1752.45,Missed,96
PAY401853,C101691,CARD203697,2025-11-16,3906.53,3906.53,On Time,0
PAY401854,C103314,CARD202619,2026-07-03,4505.21,4505.21,On Time,0
PAY401855,C103524,CARD211087,2025-04-30,4676.0,4676.0,On Time,0
PAY401856,C101918,CARD201479,2025-07-01,8365.77,2632.25,Partial,31
PAY401857,C107686,CARD200961,2025-05-17,5425.64,5425.64,On Time,0
PAY401858,C105171,CARD210741,2026-07-21,8046.5,8046.5,On Time,0
PAY401859,C100176,CARD203759,2026-02-15,6918.11,6918.11,On Time,0
PAY401860,C108327,CARD202739,2025-04-27,3683.7,3683.7,Late,16
PAY401861,C100816,CARD210807,2025-11-24,1755.82,1755.82,On Time,0
PAY401862,C106527,CARD208040,2025-11-24,9524.82,9524.82,On Time,0
PAY401863,C108318,CARD211153,2025-10-16,8753.66,8753.66,On Time,0
PAY401864,C104387,CARD206286,2026-08-27,4259.63,2420.86,Partial,2
PAY401865,C108869,CARD204894,2026-05-07,15360.09,15360.09,On Time,0
PAY401866,C108119,CARD202682,2025-07-23,6825.51,6825.51,On Time,0
PAY401867,C104060,CARD211411,2025-03-13,1970.57,1970.57,On Time,0
PAY401868,C100049,CARD202874,2026-04-15,9063.2,9063.2,On Time,0
PAY401869,C108447,CARD204200,2026-02-09,11923.72,11923.72,On Time,0
PAY401870,C101074,CARD202715,2025-10-26,10775.95,10775.95,On Time,0
PAY401871,C104665,CARD203917,2026-05-20,4178.24,4178.24,On Time,0
PAY401872,C104748,CARD200252,2026-02-09,3101.49,3101.49,On Time,0
PAY401873,C103894,CARD203905,2025-05-14,1055.38,1055.38,On Time,0
PAY401874,C102394,CARD205267,2026-08-12,4307.8,4307.8,Late,6
PAY401875,C100287,CARD202679,2025-04-26,11743.57,11743.57,Late,13
PAY401876,C102123,CARD204417,2025-12-16,5321.7,5321.7,On Time,0
PAY401877,C103037,CARD207286,2026-03-02,5506.74,3283.72,Partial,57
PAY401878,C107293,CARD201390,2026-05-10,2490.53,2490.53,On Time,0
PAY401879,C105240,CARD210503,2026-04-25,6964.74,6964.74,On Time,0
PAY401880,C100188,CARD201302,2025-03-13,9941.27,9941.27,On Time,0
PAY401881,C106216,CARD206312,2025-09-30,4998.64,4998.64,On Time,0
PAY401882,C107836,CARD205650,2026-07-21,4210.85,4210.85,On Time,0
PAY401883,C103641,CARD202716,2026-05-24,3478.7,3478.7,Late,20
PAY401884,C100088,CARD211730,2025-07-19,12820.98,12820.98,On Time,0
PAY401885,C106801,CARD211241,2026-01-08,15498.22,15498.22,On Time,0
PAY401886,C100116,CARD202373,2025-05-08,17616.65,17616.65,On Time,0
PAY401887,C109892,CARD211312,2026-02-18,4656.24,4656.24,Late,11
PAY401888,C106739,CARD201065,2025-03-22,7070.16,7070.16,On Time,0
PAY401889,C109196,CARD204316,2026-06-19,5584.06,5584.06,On Time,0
PAY401890,C105093,CARD211448,2025-08-18,6455.99,6455.99,On Time,0
PAY401891,C102935,CARD206975,2025-05-24,5558.83,5558.83,Late,22
PAY401892,C106641,CARD208102,2025-07-12,7255.8,7255.8,Late,22
PAY401893,C100540,CARD202733,2026-06-11,1749.59,513.62,Partial,43
PAY401894,C104669,CARD200936,2025-08-29,12292.41,12292.41,On Time,0
PAY401895,C104054,CARD207848,2026-02-11,4436.08,4436.08,On Time,0
PAY401896,C105972,CARD209619,2026-06-03,4950.1,4950.1,On Time,0
PAY401897,C107425,CARD205453,2025-11-21,9107.9,9107.9,On Time,0
PAY401898,C100767,CARD207660,2026-05-11,8069.18,8069.18,On Time,0
PAY401899,C100759,CARD201258,2025-12-13,17272.07,17272.07,On Time,0
PAY401900,C102912,CARD208072,2025-06-18,5216.68,5216.68,On Time,0
PAY401901,C102043,CARD203904,2025-07-04,5621.42,5621.42,On Time,0
PAY401902,C106463,CARD211650,2025-11-16,1845.92,708.16,Partial,35
PAY401903,C108059,CARD204028,2026-01-23,3644.43,3644.43,Late,16
PAY401904,C103650,CARD206412,2026-01-20,9988.9,9988.9,On Time,0
PAY401905,C102622,CARD206941,2025-10-08,4031.07,2707.29,Partial,4
PAY401906,C107776,CARD211780,2026-06-07,1946.51,1946.51,On Time,0
PAY401907,C104333,CARD206359,2025-11-13,15730.4,15730.4,On Time,0
PAY401908,C107073,CARD201536,2025-02-28,15097.94,15097.94,On Time,0
PAY401909,C102090,CARD205243,2026-07-07,4110.85,4110.85,On Time,0
PAY401910,C103384,CARD205793,2025-02-17,15254.62,15254.62,On Time,0
PAY401911,C109106,CARD209217,2025-10-31,5327.98,5327.98,Late,3
PAY401912,C105276,CARD208942,2025-01-29,1233.95,1233.95,Late,22
PAY401913,C109244,CARD203875,2025-02-18,12275.17,12275.17,Late,24
PAY401914,C109278,CARD205810,2025-11-24,10824.42,10824.42,On Time,0
PAY401915,C109333,CARD207914,2025-08-03,8054.97,8054.97,Late,11
PAY401916,C101970,CARD204027,2026-04-15,3715.79,3715.79,On Time,0
PAY401917,C107742,CARD203323,2025-07-30,2883.46,2883.46,Late,28
PAY401918,C106712,CARD202355,2026-05-28,3498.17,3498.17,On Time,0
PAY401919,C100573,CARD201541,2025-07-15,8730.1,8730.1,On Time,0
PAY401920,C108094,CARD210702,2025-01-17,10882.88,10882.88,On Time,0
PAY401921,C106582,CARD211364,2026-01-07,4548.31,4548.31,Late,20
PAY401922,C108614,CARD205758,2025-09-13,8352.26,8352.26,On Time,0
PAY401923,C100450,CARD209294,2026-03-07,3244.45,3244.45,On Time,0
PAY401924,C106154,CARD202092,2026-06-06,8875.29,8875.29,On Time,0
PAY401925,C107112,CARD204561,2026-04-06,3896.53,3896.53,On Time,0
PAY401926,C102084,CARD206657,2025-03-06,5730.13,5730.13,On Time,0
PAY401927,C105911,CARD206053,2025-05-06,29644.87,29644.87,On Time,0
PAY401928,C109008,CARD208813,2025-07-07,6794.87,6794.87,On Time,0
PAY401929,C100572,CARD210198,2025-12-02,10313.29,10313.29,On Time,0
PAY401930,C103224,CARD207160,2026-07-03,4486.68,4486.68,On Time,0
PAY401931,C102429,CARD202009,2025-04-14,14035.94,14035.94,On Time,0
PAY401932,C105328,CARD207463,2026-07-16,3739.19,3739.19,On Time,0
PAY401933,C103099,CARD210391,2025-09-21,4679.02,4679.02,Late,21
PAY401934,C101502,CARD209044,2026-01-26,3322.35,3322.35,On Time,0
PAY401935,C107977,CARD207996,2025-11-26,13134.83,13134.83,On Time,0
PAY401936,C109593,CARD209476,2025-08-20,3963.67,3963.67,On Time,0
PAY401937,C106512,CARD211045,2026-05-06,5248.16,5248.16,On Time,0
PAY401938,C108666,CARD206714,2026-06-25,4406.14,4406.14,On Time,0
PAY401939,C104341,CARD210231,2026-03-30,9046.76,9046.76,Late,15
PAY401940,C107315,CARD202913,2025-07-15,12389.97,12389.97,On Time,0
PAY401941,C106557,CARD208057,2026-03-23,3780.57,3780.57,On Time,0
PAY401942,C105050,CARD204879,2025-04-30,3342.72,2698.39,Partial,58
PAY401943,C107455,CARD209799,2025-08-23,20317.07,20317.07,On Time,0
PAY401944,C106297,CARD203988,2025-11-04,1816.49,1816.49,On Time,0
PAY401945,C102592,CARD202994,2025-11-27,4412.22,4412.22,On Time,0
PAY401946,C109534,CARD208750,2025-11-11,12839.92,12839.92,Late,25
PAY401947,C108933,CARD208479,2025-01-09,8118.69,8118.69,On Time,0
PAY401948,C106054,CARD207644,2026-05-18,8899.82,8899.82,On Time,0
PAY401949,C105695,CARD207864,2025-08-06,2602.51,2602.51,On Time,0
PAY401950,C106657,CARD207364,2025-01-12,11686.57,11686.57,On Time,0
PAY401951,C105014,CARD209124,2026-07-06,14670.16,14670.16,On Time,0
PAY401952,C108849,CARD204190,2026-05-31,3663.34,3663.34,On Time,0
PAY401953,C100655,CARD208845,2026-01-20,1432.46,800.57,Partial,4
PAY401954,C107186,CARD207076,2025-07-31,6224.72,6224.72,On Time,0
PAY401955,C107370,CARD202478,2026-01-16,15467.19,1728.25,Missed,101
PAY401956,C105093,CARD208911,2025-05-12,16797.92,25.87,Missed,120
PAY401957,C106958,CARD210451,2025-06-16,10249.03,10249.03,On Time,0
PAY401958,C101173,CARD203309,2025-10-06,15233.4,10672.01,Partial,51
PAY401959,C106205,CARD210875,2026-08-11,18533.54,18533.54,On Time,0
PAY401960,C103534,CARD210441,2025-12-31,5378.47,5378.47,On Time,0
PAY401961,C101181,CARD209807,2026-03-15,8293.55,2081.01,Partial,52
PAY401962,C104897,CARD203678,2025-07-30,6201.15,6201.15,Late,3
PAY401963,C105923,CARD206479,2025-08-17,7187.43,7187.43,On Time,0
PAY401964,C104139,CARD210010,2026-02-25,8525.96,8525.96,Late,19
PAY401965,C107669,CARD206551,2025-07-02,5640.16,5640.16,On Time,0
PAY401966,C103383,CARD210103,2025-12-28,5185.55,5185.55,On Time,0
PAY401967,C101434,CARD203109,2025-03-17,6905.71,6905.71,On Time,0
PAY401968,C102154,CARD202483,2026-03-29,6796.16,6796.16,Late,1
PAY401969,C108720,CARD203559,2025-02-21,14889.53,14889.53,On Time,0
PAY401970,C100736,CARD205085,2025-07-22,5883.62,5883.62,On Time,0
PAY401971,C104085,CARD211193,2025-07-02,3402.92,3402.92,On Time,0
PAY401972,C100848,CARD211084,2026-08-19,4920.29,4920.29,On Time,0
PAY401973,C103387,CARD209940,2025-01-13,2263.95,2263.95,Late,3
PAY401974,C109128,CARD204609,2025-07-19,5452.17,70.96,Missed,109
PAY401975,C108221,CARD200887,2025-05-23,3527.91,3527.91,On Time,0
PAY401976,C107578,CARD209667,2025-05-07,15784.54,15784.54,Late,14
PAY401977,C104273,CARD209878,2025-09-18,2732.89,2121.58,Partial,38
PAY401978,C105977,CARD208565,2025-10-21,8194.49,8194.49,On Time,0
PAY401979,C101823,CARD205896,2026-08-13,2463.82,2463.82,On Time,0
PAY401980,C101450,CARD208548,2025-04-30,6304.04,6304.04,On Time,0
PAY401981,C108815,CARD206122,2025-12-15,2572.99,2572.99,On Time,0
PAY401982,C109560,CARD205440,2026-08-07,3639.77,3639.77,On Time,0
PAY401983,C106018,CARD205070,2025-12-05,14116.9,14116.9,On Time,0
PAY401984,C104255,CARD203983,2025-11-28,6563.91,6563.91,On Time,0
PAY401985,C103193,CARD208367,2025-01-08,5011.88,5011.88,On Time,0
PAY401986,C106756,CARD200885,2025-04-23,6492.29,6492.29,On Time,0
PAY401987,C106029,CARD200292,2025-08-10,4396.1,4396.1,On Time,0
PAY401988,C102070,CARD209317,2026-03-15,6459.2,6459.2,Late,19
PAY401989,C108965,CARD207731,2025-04-30,7613.18,5683.21,Partial,12
PAY401990,C103671,CARD201224,2026-02-19,5191.51,5191.51,On Time,0
PAY401991,C107156,CARD205159,2026-03-04,13916.81,13916.81,On Time,0
PAY401992,C100877,CARD200373,2026-08-22,5349.66,5349.66,On Time,0
PAY401993,C108032,CARD205404,2025-02-28,4665.89,364.88,Missed,74
PAY401994,C100652,CARD211685,2026-02-20,2505.58,2505.58,On Time,0
PAY401995,C102532,CARD207188,2025-09-26,11382.33,11382.33,On Time,0
PAY401996,C104183,CARD202910,2026-06-20,11398.27,11398.27,On Time,0
PAY401997,C109252,CARD210546,2025-05-24,8034.05,8034.05,On Time,0
PAY401998,C103416,CARD207128,2025-12-30,6635.94,6635.94,On Time,0
PAY401999,C104286,CARD210785,2025-06-02,10529.91,10529.91,On Time,0
PAY402000,C109852,CARD207578,2026-03-17,5654.7,5654.7,On Time,0
PAY402001,C101036,CARD211011,2026-07-18,12982.42,12982.42,Late,23
PAY402002,C109607,CARD206365,2025-10-07,4349.98,4349.98,On Time,0
PAY402003,C103690,CARD209237,2025-06-12,5069.92,5069.92,On Time,0
PAY402004,C103037,CARD207286,2026-04-26,7425.37,323.3,Missed,51
PAY402005,C108930,CARD205840,2025-01-18,3738.58,3738.58,On Time,0
PAY402006,C101969,CARD207281,2026-07-31,2601.0,2601.0,On Time,0
PAY402007,C105932,CARD207031,2026-08-09,2855.13,2855.13,On Time,0
PAY402008,C105954,CARD205969,2025-12-29,5980.76,5980.76,Late,19
PAY402009,C105460,CARD204666,2025-03-22,7662.05,7662.05,On Time,0
PAY402010,C108815,CARD206122,2025-10-01,3394.25,3394.25,On Time,0
PAY402011,C103732,CARD211356,2026-04-08,7095.58,7095.58,On Time,0
PAY402012,C107105,CARD210730,2025-08-20,3763.08,3763.08,On Time,0
PAY402013,C100291,CARD203844,2025-08-30,10506.21,10506.21,On Time,0
PAY402014,C101642,CARD207878,2026-03-17,8820.76,8820.76,Late,5
PAY402015,C102702,CARD208535,2025-06-02,12470.31,12470.31,On Time,0
PAY402016,C106107,CARD202368,2025-12-14,2923.81,2923.81,On Time,0
PAY402017,C109294,CARD208499,2026-07-02,2640.87,2640.87,On Time,0
PAY402018,C104313,CARD208277,2026-05-21,8607.59,8607.59,On Time,0
PAY402019,C109829,CARD210905,2025-05-18,12169.51,12169.51,On Time,0
PAY402020,C103829,CARD210685,2026-04-04,11975.61,11975.61,Late,16
PAY402021,C102254,CARD211881,2025-06-07,4843.87,4843.87,On Time,0
PAY402022,C109688,CARD204527,2025-10-28,1799.51,1799.51,On Time,0
PAY402023,C109328,CARD210093,2025-03-05,10605.43,10605.43,On Time,0
PAY402024,C102060,CARD203007,2025-10-23,12846.7,12846.7,On Time,0
PAY402025,C109193,CARD201192,2026-06-10,12022.73,12022.73,On Time,0
PAY402026,C103651,CARD204017,2026-03-26,4883.53,4883.53,Late,18
PAY402027,C105823,CARD208191,2025-04-09,5932.89,5932.89,On Time,0
PAY402028,C100434,CARD208241,2026-06-15,3569.68,3569.68,On Time,0
PAY402029,C108626,CARD208690,2026-03-18,2621.68,2621.68,Late,19
PAY402030,C100660,CARD200226,2026-04-07,4249.14,4249.14,On Time,0
PAY402031,C102015,CARD210388,2026-05-09,8471.7,8471.7,On Time,0
PAY402032,C109556,CARD201185,2026-05-23,7494.69,7494.69,Late,28
PAY402033,C101351,CARD201148,2026-03-05,5047.87,5047.87,On Time,0
PAY402034,C105293,CARD204973,2025-01-25,6746.01,6746.01,On Time,0
PAY402035,C102327,CARD207014,2025-01-28,7395.71,7395.71,On Time,0
PAY402036,C106838,CARD202438,2025-08-05,1807.64,1807.64,Late,10
PAY402037,C102933,CARD208439,2025-12-09,7352.21,7352.21,On Time,0
PAY402038,C107568,CARD202509,2026-01-29,12791.93,12791.93,On Time,0
PAY402039,C107082,CARD200466,2026-05-07,22642.03,22642.03,On Time,0
PAY402040,C108228,CARD204299,2025-05-29,5745.28,5745.28,On Time,0
PAY402041,C109602,CARD209355,2026-02-03,3646.17,3646.17,On Time,0
PAY402042,C106875,CARD201158,2025-07-29,13804.81,13804.81,Late,12
PAY402043,C104352,CARD205336,2025-10-01,30446.48,30446.48,On Time,0
PAY402044,C100029,CARD209218,2025-01-20,4998.52,4998.52,On Time,0
PAY402045,C106601,CARD203123,2025-08-30,6025.63,6025.63,On Time,0
PAY402046,C102649,CARD208865,2025-12-08,4545.0,4545.0,Late,4
PAY402047,C102818,CARD202665,2026-02-10,7419.75,7419.75,On Time,0
PAY402048,C104842,CARD200245,2025-03-17,5174.56,5174.56,On Time,0
PAY402049,C102476,CARD202132,2026-03-20,3112.88,3112.88,On Time,0
PAY402050,C109944,CARD208423,2026-04-20,8414.76,5162.43,Partial,40
PAY402051,C101812,CARD207725,2026-06-27,2634.42,2046.44,Partial,33
PAY402052,C107604,CARD208842,2025-07-16,11848.66,11848.66,On Time,0
PAY402053,C101508,CARD202306,2025-03-12,10291.61,10291.61,On Time,0
PAY402054,C100752,CARD203860,2025-12-21,9822.3,9822.3,On Time,0
PAY402055,C101934,CARD206990,2025-05-24,14087.52,14087.52,On Time,0
PAY402056,C101789,CARD209571,2026-04-06,6359.67,6359.67,On Time,0
PAY402057,C107058,CARD205006,2026-08-29,7461.04,156.1,Missed,31
PAY402058,C100937,CARD203843,2025-01-04,4461.78,4461.78,On Time,0
PAY402059,C108578,CARD208174,2025-12-22,9084.07,3902.37,Partial,43
PAY402060,C101956,CARD201264,2025-08-17,4419.88,4419.88,On Time,0
PAY402061,C108179,CARD210700,2025-05-31,5299.04,5299.04,On Time,0
PAY402062,C102020,CARD207559,2026-02-26,3828.92,3828.92,Late,28
PAY402063,C109555,CARD209723,2025-01-28,2923.94,2923.94,On Time,0
PAY402064,C108307,CARD202262,2026-01-20,1018.02,1018.02,On Time,0
PAY402065,C107294,CARD200692,2025-04-10,10205.38,10205.38,On Time,0
PAY402066,C107847,CARD211606,2026-05-02,4877.18,4877.18,On Time,0
PAY402067,C105651,CARD208264,2025-04-09,4251.34,4251.34,On Time,0
PAY402068,C101712,CARD205022,2026-01-03,3812.0,3812.0,On Time,0
PAY402069,C105056,CARD204352,2026-08-24,19075.4,1653.29,Missed,74
PAY402070,C104238,CARD200269,2025-04-13,5939.53,5939.53,On Time,0
PAY402071,C107887,CARD202185,2026-03-27,16173.11,16173.11,On Time,0
PAY402072,C101054,CARD201707,2026-07-19,15752.04,15752.04,On Time,0
PAY402073,C105602,CARD201328,2025-09-04,8965.6,8965.6,On Time,0
PAY402074,C101374,CARD200830,2025-04-10,4102.63,4102.63,Late,1
PAY402075,C100922,CARD209307,2026-04-14,4996.12,4996.12,On Time,0
PAY402076,C104816,CARD203550,2025-05-03,7293.23,7293.23,On Time,0
PAY402077,C105455,CARD202703,2026-08-08,11048.84,11048.84,On Time,0
PAY402078,C103593,CARD204736,2026-01-29,25119.25,25119.25,On Time,0
PAY402079,C102215,CARD208210,2026-03-23,8178.31,8178.31,On Time,0
PAY402080,C109142,CARD211590,2025-04-17,6508.8,6508.8,On Time,0
PAY402081,C105495,CARD201741,2026-02-04,9156.81,3183.29,Partial,60
PAY402082,C102033,CARD203474,2026-08-08,12414.09,12414.09,On Time,0
PAY402083,C105408,CARD208352,2025-01-29,8248.86,8248.86,On Time,0
PAY402084,C107169,CARD202706,2026-08-06,12130.44,12130.44,Late,12
PAY402085,C102706,CARD201926,2025-10-29,6173.4,779.88,Missed,85
PAY402086,C105846,CARD210030,2025-01-24,7669.35,7669.35,On Time,0
PAY402087,C109958,CARD202950,2025-11-17,3363.41,3363.41,On Time,0
PAY402088,C109166,CARD201782,2025-07-22,7367.06,7367.06,On Time,0
PAY402089,C107051,CARD211201,2025-12-17,2611.91,1003.95,Partial,26
PAY402090,C104139,CARD210010,2025-11-28,2880.48,1189.12,Partial,26
PAY402091,C105540,CARD211820,2025-01-14,6383.0,5239.2,Partial,13
PAY402092,C108701,CARD206840,2025-01-27,8036.91,8036.91,On Time,0
PAY402093,C106872,CARD205799,2025-01-25,1970.66,862.56,Partial,52
PAY402094,C107822,CARD203302,2025-05-13,4100.33,4100.33,On Time,0
PAY402095,C104290,CARD208257,2026-04-16,6311.39,6311.39,On Time,0
PAY402096,C101174,CARD211357,2025-04-05,44686.48,44686.48,On Time,0
PAY402097,C106770,CARD211558,2026-07-28,2380.35,2380.35,On Time,0
PAY402098,C108577,CARD210542,2025-06-25,7953.85,7953.85,On Time,0
PAY402099,C107648,CARD204249,2025-01-01,9965.72,9965.72,On Time,0
PAY402100,C105553,CARD208139,2025-06-27,7898.38,7898.38,On Time,0
PAY402101,C103447,CARD201911,2025-07-12,2198.81,2198.81,On Time,0
PAY402102,C103033,CARD202676,2026-02-01,6606.26,2645.54,Partial,50
PAY402103,C100064,CARD201767,2025-03-02,22361.66,22361.66,On Time,0
PAY402104,C106037,CARD206347,2026-02-20,17842.84,17842.84,On Time,0
PAY402105,C101363,CARD207437,2026-05-21,9492.28,9492.28,On Time,0
PAY402106,C101357,CARD206310,2026-08-26,7783.58,7783.58,On Time,0
PAY402107,C109448,CARD209032,2025-04-14,2818.72,2818.72,Late,26
PAY402108,C109245,CARD208863,2026-01-05,3382.41,3382.41,On Time,0
PAY402109,C104404,CARD200771,2025-07-21,3280.11,3280.11,On Time,0
PAY402110,C109859,CARD203373,2026-05-16,4946.48,4946.48,On Time,0
PAY402111,C107146,CARD209211,2025-05-11,6923.14,6923.14,On Time,0
PAY402112,C102666,CARD203806,2026-06-29,2315.8,1239.81,Partial,49
PAY402113,C101685,CARD207322,2025-07-16,21208.95,21208.95,On Time,0
PAY402114,C107529,CARD208575,2026-02-26,6433.23,4929.76,Partial,2
PAY402115,C104922,CARD211656,2025-04-30,10845.88,10845.88,On Time,0
PAY402116,C107098,CARD206743,2025-01-07,10318.08,10318.08,On Time,0
PAY402117,C106415,CARD203391,2026-05-27,16571.48,16571.48,On Time,0
PAY402118,C106980,CARD204739,2025-02-09,10803.87,10803.87,On Time,0
PAY402119,C103604,CARD200172,2026-05-21,11426.45,11426.45,On Time,0
PAY402120,C108394,CARD206896,2026-02-15,3451.88,3451.88,On Time,0
PAY402121,C107332,CARD204385,2025-02-23,3142.26,3142.26,On Time,0
PAY402122,C102884,CARD211765,2025-04-03,1949.85,1949.85,On Time,0
PAY402123,C108462,CARD201472,2025-12-16,8886.86,8886.86,On Time,0
PAY402124,C101283,CARD207965,2025-03-04,5873.45,243.35,Missed,81
PAY402125,C100729,CARD206829,2026-02-28,9411.58,9411.58,On Time,0
PAY402126,C102268,CARD204381,2025-10-03,8046.77,8046.77,On Time,0
PAY402127,C105593,CARD208693,2025-08-27,1949.3,1949.3,On Time,0
PAY402128,C100511,CARD208669,2025-12-13,6922.72,4762.65,Partial,35
PAY402129,C107128,CARD201964,2025-05-17,8240.92,8240.92,On Time,0
PAY402130,C106742,CARD203664,2025-05-27,4718.97,4718.97,On Time,0
PAY402131,C102396,CARD202769,2025-10-23,11843.84,11843.84,On Time,0
PAY402132,C107971,CARD210084,2025-01-14,3120.62,3120.62,On Time,0
PAY402133,C104630,CARD203947,2025-09-06,5454.98,5454.98,Late,11
PAY402134,C103771,CARD201753,2026-05-30,3052.96,3052.96,On Time,0
PAY402135,C100809,CARD204258,2025-10-08,6260.96,6260.96,On Time,0
PAY402136,C107114,CARD209053,2025-01-23,2545.36,2545.36,On Time,0
PAY402137,C107158,CARD207155,2026-05-25,6908.87,6908.87,On Time,0
PAY402138,C107449,CARD204340,2026-02-21,7567.13,7567.13,On Time,0
PAY402139,C109392,CARD200691,2025-06-25,2513.37,2513.37,On Time,0
PAY402140,C103995,CARD209796,2026-05-01,4622.27,4622.27,On Time,0
PAY402141,C107855,CARD203849,2025-12-05,9905.61,9905.61,On Time,0
PAY402142,C105598,CARD203252,2025-03-14,3215.92,3215.92,On Time,0
PAY402143,C108397,CARD209426,2025-04-22,5646.07,5646.07,On Time,0
PAY402144,C107312,CARD209208,2025-12-23,6929.33,6929.33,Late,20
PAY402145,C101192,CARD208649,2025-02-01,2301.09,2301.09,On Time,0
PAY402146,C103881,CARD204339,2025-06-07,5475.51,2364.88,Partial,21
PAY402147,C102526,CARD203694,2025-12-03,11471.31,5695.45,Partial,32
PAY402148,C106368,CARD210177,2025-02-21,11657.06,11657.06,On Time,0
PAY402149,C102228,CARD203204,2026-03-02,20321.2,20321.2,On Time,0
PAY402150,C103406,CARD210329,2026-08-14,3081.6,3081.6,On Time,0
PAY402151,C106633,CARD206402,2025-11-18,3005.49,1085.03,Partial,16
PAY402152,C103013,CARD202494,2026-05-16,11388.98,11388.98,On Time,0
PAY402153,C104554,CARD210327,2025-12-05,2110.49,2110.49,Late,26
PAY402154,C109202,CARD202868,2025-10-26,5586.27,5586.27,On Time,0
PAY402155,C100012,CARD201815,2026-02-17,3135.24,3135.24,On Time,0
PAY402156,C101466,CARD204253,2025-11-04,3381.0,3381.0,Late,7
PAY402157,C100878,CARD211732,2026-01-22,6964.79,6964.79,On Time,0
PAY402158,C103166,CARD208556,2026-02-19,5363.64,5363.64,On Time,0
PAY402159,C106765,CARD211654,2025-04-24,6762.26,6762.26,On Time,0
PAY402160,C102737,CARD205472,2026-01-30,9239.44,9239.44,Late,3
PAY402161,C107327,CARD201868,2026-07-08,6504.18,6504.18,On Time,0
PAY402162,C104667,CARD210599,2025-09-10,4380.42,4380.42,Late,24
PAY402163,C109167,CARD207797,2025-08-09,3209.68,2284.25,Partial,47
PAY402164,C101716,CARD203896,2025-08-01,2697.25,2697.25,On Time,0
PAY402165,C105531,CARD202793,2025-05-01,11659.51,11659.51,On Time,0
PAY402166,C101704,CARD209887,2026-07-31,23480.66,23480.66,On Time,0
PAY402167,C104051,CARD201535,2025-03-24,18415.07,18415.07,On Time,0
PAY402168,C102255,CARD205698,2025-04-02,4193.28,4193.28,On Time,0
PAY402169,C107036,CARD207222,2026-06-02,9933.78,9933.78,On Time,0
PAY402170,C104930,CARD211747,2025-12-13,1358.5,1358.5,On Time,0
PAY402171,C107522,CARD207745,2026-03-08,9149.12,5710.11,Partial,22
PAY402172,C100719,CARD209595,2026-03-18,2671.03,2671.03,On Time,0
PAY402173,C102500,CARD206148,2025-10-05,2879.72,2879.72,On Time,0
PAY402174,C100043,CARD202103,2025-08-18,30255.51,30255.51,On Time,0
PAY402175,C103326,CARD203709,2026-08-20,7992.07,7992.07,On Time,0
PAY402176,C100048,CARD201054,2025-10-13,6878.12,6878.12,On Time,0
PAY402177,C106709,CARD205051,2025-06-16,1779.79,1779.79,Late,12
PAY402178,C105709,CARD202330,2025-06-13,1586.77,1586.77,On Time,0
PAY402179,C109113,CARD205040,2025-12-08,7094.22,7094.22,On Time,0
PAY402180,C106563,CARD210659,2025-03-23,1697.45,1697.45,Late,24
PAY402181,C102655,CARD207323,2026-06-02,10505.33,10505.33,On Time,0
PAY402182,C101227,CARD207337,2025-10-20,1683.01,1683.01,On Time,0
PAY402183,C109831,CARD206847,2025-11-21,5185.21,5185.21,On Time,0
PAY402184,C108363,CARD204588,2026-02-01,2821.57,2821.57,On Time,0
PAY402185,C105490,CARD211570,2025-07-17,6859.31,6859.31,On Time,0
PAY402186,C106359,CARD211489,2026-02-12,12116.94,12116.94,On Time,0
PAY402187,C104845,CARD210630,2025-12-01,9826.91,9826.91,On Time,0
PAY402188,C102445,CARD207201,2025-01-12,7067.06,7067.06,On Time,0
PAY402189,C101253,CARD206620,2026-08-20,1124.82,1124.82,On Time,0
PAY402190,C103474,CARD206455,2025-02-10,5444.83,5444.83,On Time,0
PAY402191,C102892,CARD208583,2026-05-26,1155.81,1155.81,On Time,0
PAY402192,C107591,CARD211391,2026-04-27,9451.0,9451.0,On Time,0
PAY402193,C104149,CARD210411,2026-01-01,4158.1,4158.1,On Time,0
PAY402194,C108820,CARD210755,2025-05-13,8771.29,8771.29,On Time,0
PAY402195,C100947,CARD209854,2026-05-22,5775.36,5775.36,On Time,0
PAY402196,C109777,CARD205269,2025-09-15,11125.11,11125.11,On Time,0
PAY402197,C107373,CARD202131,2025-01-09,8941.91,8941.91,On Time,0
PAY402198,C104018,CARD211916,2026-06-16,12380.41,10097.6,Partial,24
PAY402199,C109878,CARD206140,2026-08-15,4655.49,4655.49,On Time,0
PAY402200,C103485,CARD201874,2025-11-03,11523.63,11523.63,On Time,0
PAY402201,C108929,CARD203672,2025-12-10,6075.88,4199.55,Partial,35
PAY402202,C106235,CARD204160,2025-09-24,3117.6,3117.6,On Time,0
PAY402203,C109383,CARD209454,2026-02-06,2295.53,657.17,Partial,3
PAY402204,C101998,CARD207276,2026-02-03,4989.93,4989.93,Late,4
PAY402205,C107324,CARD205638,2026-03-04,2398.35,2398.35,On Time,0
PAY402206,C106576,CARD207127,2026-06-22,8807.49,8807.49,On Time,0
PAY402207,C106826,CARD204197,2025-01-16,8795.02,8795.02,On Time,0
PAY402208,C109080,CARD210286,2025-08-03,9040.23,9040.23,On Time,0
PAY402209,C109438,CARD204660,2026-07-18,33400.96,33400.96,On Time,0
PAY402210,C100130,CARD206263,2025-11-23,3364.11,2349.73,Partial,36
PAY402211,C108209,CARD209722,2026-01-25,6093.3,6093.3,On Time,0
PAY402212,C105930,CARD200310,2026-05-01,4358.87,1454.74,Partial,1
PAY402213,C103158,CARD210950,2026-05-05,6044.44,6044.44,On Time,0
PAY402214,C105184,CARD209875,2026-01-01,5077.03,5077.03,On Time,0
PAY402215,C106610,CARD209752,2025-04-12,26548.3,26548.3,On Time,0
PAY402216,C105222,CARD208063,2026-07-04,6590.81,6590.81,On Time,0
PAY402217,C101253,CARD206620,2025-09-07,2433.44,647.69,Partial,38
PAY402218,C109472,CARD208890,2026-01-10,4923.86,4923.86,Late,18
PAY402219,C104670,CARD202187,2026-08-18,7410.19,6114.48,Partial,21
PAY402220,C105354,CARD207742,2025-10-08,8068.64,8068.64,On Time,0
PAY402221,C101764,CARD211443,2025-02-05,1676.17,1676.17,On Time,0
PAY402222,C100911,CARD200810,2025-10-24,15780.12,15780.12,On Time,0
PAY402223,C100654,CARD210168,2025-08-24,8723.97,8723.97,On Time,0
PAY402224,C103324,CARD201918,2025-09-09,8567.15,3350.8,Partial,35
PAY402225,C106461,CARD203840,2026-07-07,4350.31,4350.31,On Time,0
PAY402226,C108944,CARD202912,2025-12-23,12732.27,12732.27,On Time,0
PAY402227,C106421,CARD207601,2025-09-11,2477.78,753.27,Partial,22
PAY402228,C102204,CARD204296,2026-01-13,9071.97,4402.32,Partial,12
PAY402229,C104481,CARD209177,2025-04-26,4729.82,4729.82,On Time,0
PAY402230,C102564,CARD200743,2025-05-14,4447.7,4447.7,On Time,0
PAY402231,C108802,CARD207013,2026-01-26,2447.84,2447.84,On Time,0
PAY402232,C104500,CARD207433,2025-11-23,6763.44,6763.44,Late,26
PAY402233,C108236,CARD204755,2026-07-29,2109.36,2109.36,On Time,0
PAY402234,C101231,CARD204650,2026-06-01,9421.22,3204.58,Partial,25
PAY402235,C106835,CARD207999,2026-06-08,8504.71,8504.71,On Time,0
PAY402236,C109649,CARD211556,2026-01-10,6339.63,465.26,Missed,56
PAY402237,C109006,CARD203266,2026-05-30,17313.32,17313.32,Late,16
PAY402238,C101217,CARD206791,2026-07-09,3067.0,3067.0,On Time,0
PAY402239,C103486,CARD203004,2026-02-27,3855.37,3855.37,On Time,0
PAY402240,C100033,CARD203629,2025-05-13,7970.57,7970.57,On Time,0
PAY402241,C104298,CARD208740,2025-10-22,9473.45,9473.45,On Time,0
PAY402242,C107804,CARD209995,2025-07-08,6178.94,6178.94,Late,9
PAY402243,C104355,CARD208399,2025-02-20,2352.02,102.12,Missed,111
PAY402244,C105453,CARD210501,2025-02-17,8769.67,8769.67,On Time,0
PAY402245,C109325,CARD202530,2025-03-28,6509.58,6509.58,On Time,0
PAY402246,C102304,CARD208143,2025-04-20,5899.86,5899.86,On Time,0
PAY402247,C104532,CARD205047,2025-09-11,19185.44,19185.44,On Time,0
PAY402248,C103580,CARD206943,2025-01-11,2577.2,2577.2,On Time,0
PAY402249,C109951,CARD209816,2025-03-13,8575.17,8575.17,On Time,0
PAY402250,C105768,CARD205612,2025-07-22,11776.85,11776.85,On Time,0
PAY402251,C108450,CARD203168,2025-06-02,7868.77,7868.77,Late,27
PAY402252,C106737,CARD203075,2026-07-13,14834.62,14834.62,On Time,0
PAY402253,C104865,CARD200157,2025-02-07,7720.01,7720.01,On Time,0
PAY402254,C105999,CARD201950,2025-08-09,8427.9,8427.9,On Time,0
PAY402255,C108940,CARD208980,2026-04-08,10105.97,3983.93,Partial,60
PAY402256,C104587,CARD207140,2026-01-31,3639.25,3639.25,On Time,0
PAY402257,C108858,CARD202033,2025-10-29,17887.27,17887.27,On Time,0
PAY402258,C103126,CARD211812,2025-11-27,9438.66,9438.66,Late,21
PAY402259,C109371,CARD206907,2026-08-03,8433.72,8433.72,On Time,0
PAY402260,C104815,CARD203408,2026-01-31,6022.03,3269.27,Partial,56
PAY402261,C105820,CARD211466,2025-10-02,3224.15,3224.15,Late,15
PAY402262,C108389,CARD206418,2025-12-10,3500.08,3500.08,On Time,0
PAY402263,C108960,CARD203767,2026-03-16,6067.99,6067.99,On Time,0
PAY402264,C104405,CARD206593,2025-10-23,5559.67,5559.67,On Time,0
PAY402265,C103357,CARD202673,2026-02-25,7181.16,7181.16,On Time,0
PAY402266,C103713,CARD211527,2025-04-04,3094.54,2240.29,Partial,47
PAY402267,C100085,CARD203043,2025-11-26,6436.95,4875.85,Partial,17
PAY402268,C105800,CARD211073,2026-05-30,2860.64,2860.64,On Time,0
PAY402269,C100910,CARD205888,2025-03-04,5707.9,5707.9,On Time,0
PAY402270,C108322,CARD207837,2026-01-24,1387.46,1387.46,On Time,0
PAY402271,C105493,CARD206476,2026-07-31,4854.02,4854.02,Late,26
PAY402272,C102136,CARD206399,2025-01-12,1756.93,1756.93,On Time,0
PAY402273,C109552,CARD207689,2025-10-18,3128.41,1690.25,Partial,18
PAY402274,C102379,CARD211180,2025-09-22,5761.26,5761.26,On Time,0
PAY402275,C106336,CARD208514,2025-01-11,6671.79,6671.79,On Time,0
PAY402276,C107361,CARD209764,2026-03-27,2698.52,2698.52,On Time,0
PAY402277,C109558,CARD205219,2025-11-17,4015.96,4015.96,On Time,0
PAY402278,C100671,CARD207674,2025-07-14,6703.73,6703.73,On Time,0
PAY402279,C103298,CARD209466,2025-11-25,6602.82,6602.82,On Time,0
PAY402280,C101286,CARD209772,2025-03-01,6765.53,6765.53,On Time,0
PAY402281,C104155,CARD211933,2025-11-13,7497.76,7497.76,On Time,0
PAY402282,C100309,CARD208635,2025-08-31,11636.41,11636.41,On Time,0
PAY402283,C102382,CARD205762,2026-04-10,4896.77,355.89,Missed,116
PAY402284,C106291,CARD203492,2025-07-09,18662.62,18662.62,On Time,0
PAY402285,C104733,CARD206149,2025-12-07,9339.87,9339.87,On Time,0
PAY402286,C104611,CARD209839,2026-03-05,11177.92,1585.23,Missed,74
PAY402287,C108020,CARD208639,2026-01-29,2866.93,2866.93,On Time,0
PAY402288,C100265,CARD207294,2026-01-15,4168.31,4168.31,On Time,0
PAY402289,C102188,CARD204909,2026-04-11,3827.04,3827.04,On Time,0
PAY402290,C109206,CARD205293,2026-01-05,2732.43,359.22,Missed,73
PAY402291,C100724,CARD201245,2026-03-14,10200.53,10200.53,Late,3
PAY402292,C105443,CARD211137,2026-03-24,15855.01,15855.01,On Time,0
PAY402293,C107685,CARD203909,2025-04-21,1129.4,1129.4,On Time,0
PAY402294,C104560,CARD209116,2025-05-23,7612.13,7612.13,On Time,0
PAY402295,C108073,CARD201749,2026-05-02,5454.89,125.22,Missed,36
PAY402296,C102776,CARD204240,2026-05-13,14197.4,14197.4,On Time,0
PAY402297,C100284,CARD202552,2025-07-27,2944.63,2944.63,On Time,0
PAY402298,C107320,CARD202644,2025-03-02,4235.97,4235.97,On Time,0
PAY402299,C109670,CARD200709,2025-02-02,3225.26,3225.26,On Time,0
PAY402300,C102882,CARD209819,2025-03-30,33971.17,19160.01,Partial,7
PAY402301,C102582,CARD209408,2025-03-11,9053.2,9053.2,On Time,0
PAY402302,C109908,CARD202742,2025-09-13,1973.46,1973.46,On Time,0
PAY402303,C104268,CARD203781,2026-01-07,2667.27,2667.27,On Time,0
PAY402304,C109247,CARD202988,2025-09-08,2630.58,2630.58,Late,16
PAY402305,C107777,CARD202066,2026-07-25,5668.47,5668.47,On Time,0
PAY402306,C106237,CARD208306,2025-06-07,10989.98,10989.98,On Time,0
PAY402307,C105247,CARD211703,2025-10-05,2114.27,2114.27,Late,26
PAY402308,C103375,CARD204114,2025-04-28,11700.88,11700.88,On Time,0
PAY402309,C108408,CARD204364,2026-05-04,16700.5,16700.5,On Time,0
PAY402310,C101697,CARD210549,2026-04-18,16686.39,16686.39,On Time,0
PAY402311,C106461,CARD203840,2025-08-01,4174.85,4174.85,On Time,0
PAY402312,C106853,CARD202144,2025-06-22,15525.88,15525.88,On Time,0
PAY402313,C101224,CARD207801,2026-01-17,5939.47,5939.47,On Time,0
PAY402314,C104207,CARD209654,2025-01-21,2451.36,2451.36,On Time,0
PAY402315,C102328,CARD202055,2025-10-24,6528.14,6528.14,On Time,0
PAY402316,C105594,CARD203627,2025-05-09,5605.08,5605.08,On Time,0
PAY402317,C107321,CARD210233,2026-01-07,9450.57,9450.57,On Time,0
PAY402318,C107048,CARD204447,2025-01-10,2349.66,1659.09,Partial,5
PAY402319,C102260,CARD203992,2025-02-08,5351.3,5351.3,On Time,0
PAY402320,C100376,CARD209696,2025-09-13,7384.66,7384.66,On Time,0
PAY402321,C107041,CARD203620,2025-02-20,3437.89,3437.89,On Time,0
PAY402322,C101700,CARD205709,2026-04-15,8314.22,8314.22,Late,26
PAY402323,C102796,CARD208024,2026-02-22,3395.02,3395.02,On Time,0
PAY402324,C107718,CARD208782,2026-02-23,3563.81,3563.81,On Time,0
PAY402325,C101398,CARD202520,2025-06-04,8838.84,8838.84,Late,27
PAY402326,C106118,CARD200034,2025-10-19,27608.36,27608.36,On Time,0
PAY402327,C105168,CARD203820,2025-05-15,3786.04,3786.04,On Time,0
PAY402328,C108044,CARD204537,2026-07-04,8020.52,8020.52,On Time,0
PAY402329,C102891,CARD209794,2025-08-28,13764.76,13764.76,On Time,0
PAY402330,C102189,CARD208420,2025-07-23,4962.37,4962.37,On Time,0
PAY402331,C108607,CARD207510,2025-10-15,8657.47,8657.47,On Time,0
PAY402332,C102486,CARD206575,2025-08-07,3210.15,3210.15,On Time,0
PAY402333,C106030,CARD204895,2026-01-10,11114.69,11114.69,On Time,0
PAY402334,C100968,CARD200325,2025-02-09,4377.2,4377.2,On Time,0
PAY402335,C107569,CARD200103,2025-04-18,3869.0,3869.0,On Time,0
PAY402336,C103815,CARD207730,2025-10-09,6117.62,6117.62,On Time,0
PAY402337,C102147,CARD206756,2025-12-09,9376.23,9376.23,On Time,0
PAY402338,C106561,CARD201500,2025-08-23,5602.47,5602.47,On Time,0
PAY402339,C105398,CARD201095,2025-05-05,4557.79,4557.79,On Time,0
PAY402340,C101399,CARD206731,2026-08-31,2496.5,2496.5,Late,14
PAY402341,C102462,CARD208574,2025-12-26,7471.16,7471.16,Late,27
PAY402342,C109543,CARD208302,2026-01-21,7070.5,7070.5,On Time,0
PAY402343,C108133,CARD202757,2026-05-08,5681.85,5681.85,On Time,0
PAY402344,C104615,CARD211181,2026-04-20,3295.15,3295.15,On Time,0
PAY402345,C108439,CARD203245,2025-06-15,7096.33,7096.33,On Time,0
PAY402346,C105798,CARD204042,2025-01-30,12976.55,1837.81,Missed,49
PAY402347,C104475,CARD205923,2026-01-03,3337.16,3337.16,On Time,0
PAY402348,C106821,CARD201126,2026-04-04,3179.08,3179.08,On Time,0
PAY402349,C100971,CARD205144,2025-11-01,10966.99,10966.99,On Time,0
PAY402350,C105469,CARD210757,2026-05-29,2986.25,2986.25,On Time,0
PAY402351,C105341,CARD204138,2025-04-18,11608.49,11608.49,On Time,0
PAY402352,C103136,CARD202112,2025-01-05,17677.2,17677.2,On Time,0
PAY402353,C104713,CARD204211,2025-11-23,1000.0,1000.0,Late,4
PAY402354,C107770,CARD210850,2026-04-30,3457.38,1169.61,Partial,18
PAY402355,C104224,CARD203551,2025-08-24,8574.94,8574.94,On Time,0
PAY402356,C100705,CARD207027,2026-06-18,7165.1,7165.1,On Time,0
PAY402357,C106468,CARD210929,2026-03-20,15236.71,15236.71,On Time,0
PAY402358,C109513,CARD207040,2025-05-29,3761.48,3761.48,On Time,0
PAY402359,C103640,CARD201064,2026-02-20,13139.17,13139.17,On Time,0
PAY402360,C109792,CARD207800,2025-10-08,3853.32,3853.32,On Time,0
PAY402361,C105197,CARD211788,2025-12-17,4259.19,4259.19,On Time,0
PAY402362,C105258,CARD209632,2026-08-15,1823.13,365.16,Partial,17
PAY402363,C109599,CARD210227,2025-06-10,4365.79,4365.79,On Time,0
PAY402364,C102740,CARD210827,2025-07-10,14345.72,14345.72,Late,19
PAY402365,C109014,CARD203376,2025-09-12,8172.39,8172.39,On Time,0
PAY402366,C102025,CARD203135,2025-12-07,5787.63,5787.63,On Time,0
PAY402367,C100626,CARD209882,2025-03-24,4977.57,4977.57,On Time,0
PAY402368,C106871,CARD208056,2026-07-24,2179.55,2179.55,On Time,0
PAY402369,C103913,CARD200659,2026-02-15,8854.02,4598.8,Partial,51
PAY402370,C104750,CARD207441,2026-05-19,1444.13,1444.13,On Time,0
PAY402371,C108699,CARD202351,2025-09-03,5198.46,5198.46,On Time,0
PAY402372,C104003,CARD203424,2025-09-11,3537.21,3537.21,On Time,0
PAY402373,C106004,CARD208269,2025-09-24,14262.84,14262.84,On Time,0
PAY402374,C104093,CARD201894,2025-04-01,3249.89,3249.89,On Time,0
PAY402375,C102099,CARD204794,2025-03-12,3352.76,3352.76,On Time,0
PAY402376,C104689,CARD202922,2026-03-28,6918.15,143.58,Missed,76
PAY402377,C102669,CARD204015,2025-05-27,2435.6,279.97,Missed,57
PAY402378,C104652,CARD207172,2025-12-26,3123.35,3123.35,On Time,0
PAY402379,C109040,CARD209597,2026-02-02,2413.95,2413.95,On Time,0
PAY402380,C101532,CARD210408,2025-04-21,18552.18,14971.64,Partial,28
PAY402381,C100895,CARD203165,2025-10-20,7192.38,7192.38,On Time,0
PAY402382,C107422,CARD205619,2025-03-17,24591.25,24591.25,On Time,0
PAY402383,C102415,CARD210112,2025-10-19,3164.99,3164.99,On Time,0
PAY402384,C107656,CARD205712,2025-04-21,2946.55,2946.55,On Time,0
PAY402385,C106197,CARD201700,2026-04-28,1179.67,1179.67,On Time,0
PAY402386,C105377,CARD208190,2026-08-25,12469.45,12469.45,Late,29
PAY402387,C103861,CARD209566,2026-08-20,5431.81,5431.81,On Time,0
PAY402388,C109917,CARD204056,2025-06-13,3259.69,1746.91,Partial,48
PAY402389,C106486,CARD209104,2025-09-21,2131.18,2131.18,Late,23
PAY402390,C108310,CARD207022,2026-02-24,6295.55,6295.55,On Time,0
PAY402391,C102384,CARD202694,2025-03-26,4855.04,4855.04,On Time,0
PAY402392,C102473,CARD204932,2026-05-25,3736.89,3736.89,On Time,0
PAY402393,C106540,CARD208511,2025-05-29,15137.8,15137.8,On Time,0
PAY402394,C108258,CARD205581,2026-07-26,1996.64,1996.64,On Time,0
PAY402395,C105185,CARD209617,2025-04-28,2703.54,2703.54,On Time,0
PAY402396,C100458,CARD201668,2025-08-25,6883.88,6883.88,On Time,0
PAY402397,C100150,CARD211521,2026-03-02,6631.48,6631.48,Late,25
PAY402398,C107794,CARD200134,2026-06-17,9651.93,9651.93,On Time,0
PAY402399,C108144,CARD209856,2026-04-05,7931.15,7931.15,On Time,0
PAY402400,C104616,CARD204476,2026-03-04,3958.32,3958.32,On Time,0
PAY402401,C105606,CARD208075,2026-03-22,8930.34,8930.34,On Time,0
PAY402402,C106545,CARD206599,2025-04-19,12196.68,12196.68,On Time,0
PAY402403,C101106,CARD201120,2025-08-11,4656.45,1782.85,Partial,39
PAY402404,C101154,CARD205963,2025-06-15,4979.62,4979.62,Late,23
PAY402405,C106120,CARD206470,2026-02-22,17765.39,17765.39,On Time,0
PAY402406,C101104,CARD205940,2026-02-07,14546.84,14546.84,On Time,0
PAY402407,C103326,CARD203709,2025-09-26,1080.32,1080.32,On Time,0
PAY402408,C107841,CARD201873,2026-04-10,5775.23,5775.23,On Time,0
PAY402409,C101128,CARD210648,2026-07-19,6925.45,6925.45,On Time,0
PAY402410,C101139,CARD209089,2026-06-21,5136.51,5136.51,On Time,0
PAY402411,C103074,CARD206039,2025-04-05,19361.82,19361.82,On Time,0
PAY402412,C106857,CARD204649,2025-10-08,10832.54,10832.54,On Time,0
PAY402413,C103840,CARD202177,2026-08-12,8282.08,8282.08,On Time,0
PAY402414,C102842,CARD204443,2026-01-28,1112.51,378.06,Partial,17
PAY402415,C101625,CARD201375,2026-08-02,8232.35,8232.35,On Time,0
PAY402416,C100061,CARD206405,2025-10-23,2882.8,1227.93,Partial,16
PAY402417,C104004,CARD204569,2025-06-21,7574.51,7574.51,On Time,0
PAY402418,C101068,CARD206514,2025-11-12,6185.27,6185.27,Late,1
PAY402419,C105963,CARD210602,2026-04-30,4483.16,925.23,Partial,15
PAY402420,C105645,CARD200765,2026-03-28,14221.55,14221.55,On Time,0
PAY402421,C104244,CARD203145,2026-03-16,5674.85,5674.85,On Time,0
PAY402422,C108642,CARD206422,2025-04-04,21024.08,21024.08,On Time,0
PAY402423,C105621,CARD208596,2026-03-15,14542.47,14542.47,Late,19
PAY402424,C105330,CARD211210,2026-05-18,13370.71,13370.71,On Time,0
PAY402425,C104811,CARD203739,2026-01-11,4052.69,4052.69,On Time,0
PAY402426,C102203,CARD210690,2025-02-18,3603.85,3603.85,On Time,0
PAY402427,C105888,CARD200300,2025-07-25,5214.34,5214.34,On Time,0
PAY402428,C106675,CARD201806,2026-05-03,5350.46,5350.46,Late,16
PAY402429,C106099,CARD210756,2026-08-10,6562.81,6562.81,On Time,0
PAY402430,C101964,CARD211317,2026-07-01,5467.41,1604.7,Partial,19
PAY402431,C106422,CARD203288,2026-01-05,12579.4,12579.4,On Time,0
PAY402432,C103519,CARD202297,2025-09-08,4497.75,4497.75,On Time,0
PAY402433,C106311,CARD206175,2025-09-16,2523.18,1143.07,Partial,13
PAY402434,C105995,CARD209640,2025-08-29,3183.74,3183.74,On Time,0
PAY402435,C106759,CARD202141,2025-09-04,15961.34,15961.34,Late,25
PAY402436,C102761,CARD207122,2025-07-26,12098.85,12098.85,On Time,0
PAY402437,C107050,CARD201581,2025-11-03,7345.75,7345.75,On Time,0
PAY402438,C101161,CARD200464,2026-07-29,3204.97,3204.97,On Time,0
PAY402439,C103954,CARD209284,2026-08-23,10194.78,10194.78,On Time,0
PAY402440,C104247,CARD207975,2025-09-05,5912.94,5912.94,On Time,0
PAY402441,C104570,CARD207360,2025-05-12,4027.11,4027.11,On Time,0
PAY402442,C105566,CARD205568,2026-07-07,3660.04,3660.04,On Time,0
PAY402443,C109805,CARD204022,2025-07-17,10858.56,3154.34,Partial,8
PAY402444,C100046,CARD208462,2025-07-21,4453.39,4453.39,On Time,0
PAY402445,C101827,CARD203022,2025-10-11,67542.84,67542.84,On Time,0
PAY402446,C101375,CARD210983,2026-06-23,20462.56,20462.56,On Time,0
PAY402447,C103770,CARD206152,2025-02-27,2701.29,2701.29,On Time,0
PAY402448,C105576,CARD205116,2026-07-01,14338.51,14338.51,On Time,0
PAY402449,C105416,CARD200982,2026-07-23,9555.96,9555.96,On Time,0
PAY402450,C104083,CARD202603,2025-05-25,4748.07,4748.07,On Time,0
PAY402451,C108068,CARD209754,2025-12-25,2609.22,2609.22,Late,22
PAY402452,C105444,CARD205773,2025-10-25,3997.06,3997.06,On Time,0
PAY402453,C107707,CARD206654,2025-12-21,4466.63,4466.63,On Time,0
PAY402454,C104538,CARD209892,2025-02-16,11456.35,11456.35,On Time,0
PAY402455,C106581,CARD202241,2025-12-22,20029.47,9711.81,Partial,60
PAY402456,C103216,CARD204133,2026-02-24,6531.46,6531.46,On Time,0
PAY402457,C104922,CARD211656,2025-01-02,20898.24,2071.89,Missed,120
PAY402458,C103461,CARD208780,2025-03-27,4986.46,4986.46,Late,14
PAY402459,C105433,CARD204303,2025-07-06,3290.03,3290.03,On Time,0
PAY402460,C101441,CARD204744,2025-02-19,8989.21,8989.21,On Time,0
PAY402461,C106295,CARD204558,2025-05-20,3407.39,3407.39,On Time,0
PAY402462,C109082,CARD200537,2025-11-05,4737.02,4737.02,On Time,0
PAY402463,C102600,CARD206722,2025-07-10,4383.58,4383.58,On Time,0
PAY402464,C107977,CARD208409,2026-04-07,4670.41,4670.41,On Time,0
PAY402465,C100678,CARD210555,2026-05-14,11419.32,11419.32,On Time,0
PAY402466,C108505,CARD208113,2025-10-12,8147.11,8147.11,On Time,0
PAY402467,C107301,CARD200715,2026-01-05,11368.6,11368.6,On Time,0
PAY402468,C108234,CARD206716,2026-06-22,7627.8,7627.8,On Time,0
PAY402469,C105086,CARD208038,2026-02-07,17204.31,17204.31,On Time,0
PAY402470,C107896,CARD209428,2025-04-16,3216.53,3216.53,Late,11
PAY402471,C107713,CARD208204,2025-07-14,4670.55,4670.55,Late,11
PAY402472,C102483,CARD210911,2026-03-25,6284.67,81.7,Missed,65
PAY402473,C108493,CARD205767,2026-03-18,15119.08,15119.08,On Time,0
PAY402474,C103293,CARD211766,2026-07-08,4722.19,4722.19,On Time,0
PAY402475,C105147,CARD209941,2025-01-17,7727.77,7727.77,On Time,0
PAY402476,C102151,CARD210705,2025-07-18,4275.93,4275.93,Late,8
PAY402477,C103996,CARD204241,2026-01-18,3206.11,3206.11,On Time,0
PAY402478,C103161,CARD204892,2025-01-31,2087.74,2087.74,On Time,0
PAY402479,C109979,CARD204838,2025-12-19,4313.2,4313.2,On Time,0
PAY402480,C100354,CARD205760,2026-05-12,10065.45,10065.45,Late,16
PAY402481,C101498,CARD207206,2025-04-01,4809.97,4809.97,On Time,0
PAY402482,C103789,CARD209518,2025-01-05,4282.6,4282.6,On Time,0
PAY402483,C107010,CARD209592,2025-09-27,6903.72,6903.72,On Time,0
PAY402484,C107404,CARD200326,2025-01-14,4150.24,4150.24,On Time,0
PAY402485,C107598,CARD205451,2025-11-04,10715.19,10715.19,On Time,0
PAY402486,C104740,CARD203138,2025-10-16,3062.47,3062.47,On Time,0
PAY402487,C108456,CARD208262,2026-02-24,23488.93,23488.93,On Time,0
PAY402488,C107136,CARD207282,2025-04-10,17318.13,17318.13,On Time,0
PAY402489,C109824,CARD202449,2026-07-02,6961.61,3368.23,Partial,60
PAY402490,C105902,CARD211858,2025-11-25,6958.69,6958.69,Late,7
PAY402491,C100626,CARD209882,2026-01-24,4594.23,4594.23,Late,28
PAY402492,C103599,CARD203189,2025-11-25,3878.93,3878.93,On Time,0
PAY402493,C109957,CARD204276,2026-05-18,2602.62,2602.62,Late,25
PAY402494,C105396,CARD200973,2025-02-15,13492.05,13492.05,On Time,0
PAY402495,C103307,CARD209110,2025-08-28,18837.1,18837.1,On Time,0
PAY402496,C101328,CARD208655,2025-07-07,10732.74,10732.74,On Time,0
PAY402497,C103939,CARD202252,2025-03-24,7800.13,7800.13,On Time,0
PAY402498,C102924,CARD209166,2025-11-21,3070.69,3070.69,On Time,0
PAY402499,C104017,CARD208537,2025-05-20,7462.91,7462.91,Late,4
PAY402500,C107860,CARD207186,2025-11-29,14693.99,14693.99,On Time,0
PAY402501,C101003,CARD210430,2025-02-02,4558.14,4558.14,On Time,0
PAY402502,C102793,CARD210779,2025-07-29,8003.5,8003.5,Late,9
PAY402503,C107378,CARD205920,2026-05-09,20494.08,20494.08,On Time,0
PAY402504,C102445,CARD207201,2026-01-09,8382.17,8382.17,On Time,0
PAY402505,C103571,CARD200934,2025-01-03,10054.33,10054.33,On Time,0
PAY402506,C109196,CARD204316,2026-04-19,1865.26,1865.26,On Time,0
PAY402507,C106781,CARD209589,2025-09-05,14047.29,14047.29,On Time,0
PAY402508,C107863,CARD206616,2025-04-17,4439.06,4439.06,On Time,0
PAY402509,C109807,CARD211074,2026-06-13,5766.16,5766.16,On Time,0
PAY402510,C104588,CARD210906,2025-09-02,3563.84,3563.84,On Time,0
PAY402511,C102017,CARD205357,2025-10-11,3320.22,3320.22,On Time,0
PAY402512,C109343,CARD209057,2025-04-03,10028.33,10028.33,On Time,0
PAY402513,C107696,CARD207695,2026-04-13,4448.16,4448.16,On Time,0
PAY402514,C107812,CARD207987,2025-02-15,6142.4,6142.4,On Time,0
PAY402515,C102346,CARD207456,2025-03-13,1682.91,1682.91,On Time,0
PAY402516,C109102,CARD209435,2025-08-07,4569.95,4569.95,Late,10
PAY402517,C109499,CARD200638,2026-01-01,4470.72,4470.72,On Time,0
PAY402518,C107527,CARD202419,2025-01-02,11661.13,11661.13,On Time,0
PAY402519,C100444,CARD202637,2026-01-04,2969.74,2179.56,Partial,18
PAY402520,C108385,CARD209209,2026-07-23,2091.83,2091.83,On Time,0
PAY402521,C104311,CARD210147,2025-05-31,7277.42,7277.42,On Time,0
PAY402522,C108148,CARD204162,2026-07-08,10092.51,10092.51,On Time,0
PAY402523,C100464,CARD200950,2025-11-18,3533.69,3533.69,On Time,0
PAY402524,C108762,CARD205503,2026-06-17,2005.59,274.92,Missed,58
PAY402525,C107863,CARD206616,2025-12-16,7219.24,7219.24,On Time,0
PAY402526,C109721,CARD210993,2026-03-31,2621.5,2621.5,On Time,0
PAY402527,C109157,CARD206146,2025-07-29,1825.35,1825.35,On Time,0
PAY402528,C103693,CARD206433,2026-02-24,15075.29,15075.29,Late,7
PAY402529,C105380,CARD201675,2026-06-25,8075.69,8075.69,On Time,0
PAY402530,C107548,CARD210922,2026-04-06,6616.07,6616.07,On Time,0
PAY402531,C100722,CARD208342,2025-02-18,2721.01,2721.01,On Time,0
PAY402532,C107270,CARD201691,2026-06-11,13743.5,13743.5,On Time,0
PAY402533,C108133,CARD202757,2026-08-26,1600.44,1600.44,On Time,0
PAY402534,C108459,CARD206471,2025-09-30,4342.77,4342.77,On Time,0
PAY402535,C103999,CARD209461,2026-02-09,20692.49,3034.11,Missed,53
PAY402536,C104035,CARD201706,2025-02-16,4813.53,4813.53,On Time,0
PAY402537,C108862,CARD207979,2026-02-03,9498.45,9498.45,On Time,0
PAY402538,C100656,CARD209785,2025-03-24,4215.26,3046.99,Partial,32
PAY402539,C108281,CARD207910,2025-10-30,4375.91,4375.91,On Time,0
PAY402540,C107982,CARD202253,2025-07-29,4338.08,1243.46,Partial,34
PAY402541,C102038,CARD200167,2026-06-11,3264.52,3264.52,On Time,0
PAY402542,C107841,CARD201873,2026-04-10,6631.21,6631.21,On Time,0
PAY402543,C103210,CARD204080,2025-07-28,21306.66,21306.66,On Time,0
PAY402544,C100268,CARD208172,2025-07-03,6096.24,6096.24,On Time,0
PAY402545,C100425,CARD205573,2025-12-25,2857.52,2857.52,Late,29
PAY402546,C109508,CARD210070,2025-03-09,6221.02,539.97,Missed,88
PAY402547,C109709,CARD206468,2025-11-20,9631.94,9631.94,On Time,0
PAY402548,C103192,CARD200391,2025-06-19,10739.65,99.5,Missed,110
PAY402549,C108265,CARD206783,2025-06-12,3716.9,3716.9,On Time,0
PAY402550,C107123,CARD203797,2025-11-02,2372.43,2372.43,Late,28
PAY402551,C106775,CARD211338,2025-12-17,11646.93,11646.93,Late,15
PAY402552,C100045,CARD201357,2025-02-06,4931.76,4931.76,On Time,0
PAY402553,C101918,CARD201479,2026-03-14,6889.13,6889.13,On Time,0
PAY402554,C103401,CARD203876,2026-01-29,1850.14,1850.14,On Time,0
PAY402555,C103019,CARD208039,2025-11-21,9310.58,9310.58,Late,21
PAY402556,C102571,CARD206870,2025-06-04,4478.13,4478.13,On Time,0
PAY402557,C106476,CARD200317,2026-06-09,36252.4,36252.4,On Time,0
PAY402558,C104431,CARD208744,2025-08-11,3339.93,3339.93,On Time,0
PAY402559,C100923,CARD210923,2026-04-10,5996.67,5996.67,On Time,0
PAY402560,C109613,CARD205365,2025-06-20,3572.21,3572.21,On Time,0
PAY402561,C108923,CARD201078,2026-01-08,8630.15,8630.15,On Time,0
PAY402562,C105693,CARD209082,2025-03-03,4940.46,4940.46,On Time,0
PAY402563,C102851,CARD206034,2025-06-23,3509.31,3509.31,On Time,0
PAY402564,C101977,CARD209703,2026-05-02,3521.59,2619.21,Partial,25
PAY402565,C103389,CARD205041,2025-11-16,2619.58,1243.71,Partial,31
PAY402566,C105913,CARD206389,2025-11-24,2559.62,2559.62,On Time,0
PAY402567,C108533,CARD210721,2026-08-06,4998.24,4998.24,On Time,0
PAY402568,C105882,CARD208704,2026-01-18,2608.34,2608.34,Late,28
PAY402569,C103322,CARD207423,2026-05-19,8521.93,8521.93,On Time,0
PAY402570,C109251,CARD204574,2026-06-05,8885.1,8885.1,Late,2
PAY402571,C102228,CARD203204,2025-02-01,7051.79,7051.79,Late,3
PAY402572,C103444,CARD207726,2026-07-30,5469.56,5469.56,On Time,0
PAY402573,C105010,CARD207750,2025-02-05,4646.35,4646.35,Late,5
PAY402574,C105860,CARD209555,2025-11-12,7803.26,78.84,Missed,41
PAY402575,C104967,CARD211458,2025-06-29,12495.41,12495.41,On Time,0
PAY402576,C109358,CARD207002,2026-05-22,12789.73,12789.73,On Time,0
PAY402577,C102171,CARD207853,2026-04-21,13019.63,13019.63,On Time,0
PAY402578,C105640,CARD211641,2025-08-19,13835.37,13835.37,On Time,0
PAY402579,C100291,CARD203844,2026-02-13,10211.39,10211.39,On Time,0
PAY402580,C104931,CARD208999,2026-06-25,2179.75,2179.75,On Time,0
PAY402581,C103354,CARD204883,2026-08-16,2944.92,2944.92,Late,23
PAY402582,C102758,CARD201169,2026-03-20,4422.31,4422.31,On Time,0
PAY402583,C101138,CARD205228,2026-03-30,4615.84,4615.84,Late,5
PAY402584,C104921,CARD202046,2026-07-28,5192.45,422.75,Missed,113
PAY402585,C103561,CARD204047,2026-04-21,3789.63,3789.63,On Time,0
PAY402586,C102009,CARD207760,2026-03-26,4553.37,2175.19,Partial,2
PAY402587,C105184,CARD209875,2025-08-03,3361.15,3361.15,On Time,0
PAY402588,C109370,CARD209180,2026-04-16,3786.04,3786.04,On Time,0
PAY402589,C104264,CARD204467,2026-05-17,3954.87,3954.87,On Time,0
PAY402590,C105684,CARD201587,2026-02-21,10930.72,10930.72,On Time,0
PAY402591,C100514,CARD211017,2026-01-09,49438.9,49438.9,On Time,0
PAY402592,C107128,CARD201964,2026-07-18,3429.54,3429.54,On Time,0
PAY402593,C105708,CARD205624,2025-01-12,6361.94,6361.94,On Time,0
PAY402594,C108478,CARD205836,2025-03-22,1175.44,1175.44,On Time,0
PAY402595,C107651,CARD201040,2025-03-25,3436.9,3436.9,On Time,0
PAY402596,C107080,CARD202157,2025-05-02,11569.09,11569.09,On Time,0
PAY402597,C106277,CARD207749,2025-12-08,4230.1,624.68,Missed,53
PAY402598,C107813,CARD204165,2026-02-02,15490.4,15490.4,On Time,0
PAY402599,C107026,CARD208960,2026-08-05,3168.2,3168.2,On Time,0
PAY402600,C100080,CARD207899,2026-05-17,3407.22,475.39,Missed,32
PAY402601,C100483,CARD206408,2025-02-28,5029.53,5029.53,On Time,0
PAY402602,C109616,CARD200040,2025-10-11,1751.15,1751.15,On Time,0
PAY402603,C103689,CARD208471,2026-03-20,3999.53,3999.53,On Time,0
PAY402604,C103841,CARD202424,2026-06-01,6440.35,6440.35,On Time,0
PAY402605,C105314,CARD209810,2026-03-19,6042.08,6042.08,Late,20
PAY402606,C106897,CARD201018,2026-08-29,10609.86,10609.86,On Time,0
PAY402607,C102107,CARD208933,2025-03-15,5410.76,3011.98,Partial,40
PAY402608,C100969,CARD200501,2025-01-31,5642.14,5642.14,On Time,0
PAY402609,C100270,CARD210164,2026-04-11,9029.98,9029.98,On Time,0
PAY402610,C103318,CARD207556,2025-09-10,6463.12,6463.12,Late,5
PAY402611,C107775,CARD206065,2025-09-11,13454.69,13454.69,On Time,0
PAY402612,C105616,CARD201879,2026-07-25,9761.62,9761.62,On Time,0
PAY402613,C106056,CARD202863,2025-09-11,3470.24,3470.24,Late,13
PAY402614,C100254,CARD205510,2025-11-17,14248.49,14248.49,On Time,0
PAY402615,C104929,CARD203755,2025-09-13,4840.62,4840.62,On Time,0
PAY402616,C104234,CARD210825,2025-05-17,16015.47,16015.47,On Time,0
PAY402617,C109085,CARD201458,2025-01-17,4322.54,4322.54,On Time,0
PAY402618,C104034,CARD207435,2026-07-12,5517.8,5517.8,On Time,0
PAY402619,C103029,CARD207021,2025-09-08,4590.27,4590.27,On Time,0
PAY402620,C103322,CARD207423,2025-05-20,1585.22,1585.22,On Time,0
PAY402621,C101066,CARD208493,2025-06-18,7040.44,7040.44,On Time,0
PAY402622,C108760,CARD204851,2025-10-13,14623.21,14623.21,On Time,0
PAY402623,C104183,CARD202910,2025-03-21,1977.43,1977.43,On Time,0
PAY402624,C108836,CARD208233,2025-09-23,5824.31,5824.31,On Time,0
PAY402625,C101789,CARD209571,2025-11-28,11782.74,11782.74,On Time,0
PAY402626,C107916,CARD201662,2026-01-07,4927.0,3770.71,Partial,3
PAY402627,C105686,CARD205370,2025-05-15,9689.56,9689.56,Late,7
PAY402628,C108621,CARD208376,2026-02-06,2105.59,2105.59,On Time,0
PAY402629,C105735,CARD205205,2026-01-13,3535.79,3535.79,On Time,0
PAY402630,C104250,CARD200366,2025-12-24,17930.15,17930.15,On Time,0
PAY402631,C101553,CARD208185,2025-09-12,5140.44,5140.44,On Time,0
PAY402632,C102909,CARD204965,2026-05-12,23940.14,23940.14,On Time,0
PAY402633,C105000,CARD207629,2025-04-01,1000.0,1000.0,On Time,0
PAY402634,C109283,CARD201475,2025-01-31,14037.15,14037.15,On Time,0
PAY402635,C108423,CARD209062,2026-05-03,5401.58,4278.04,Partial,34
PAY402636,C103960,CARD205907,2025-09-20,3773.17,3773.17,On Time,0
PAY402637,C109693,CARD209903,2025-08-18,3403.5,3403.5,On Time,0
PAY402638,C100413,CARD211199,2025-10-24,7841.24,7841.24,On Time,0
PAY402639,C105934,CARD210362,2025-08-14,3958.58,3958.58,On Time,0
PAY402640,C100741,CARD204687,2025-02-21,7058.77,7058.77,On Time,0
PAY402641,C108011,CARD202895,2025-03-19,5979.94,5979.94,On Time,0
PAY402642,C101506,CARD202034,2026-03-08,3684.03,500.75,Missed,106
PAY402643,C105335,CARD201079,2025-07-23,8511.43,8511.43,On Time,0
PAY402644,C104950,CARD200665,2025-08-27,2615.03,1723.63,Partial,59
PAY402645,C106952,CARD205982,2025-04-05,2753.62,2753.62,On Time,0
PAY402646,C103889,CARD203037,2025-03-05,5713.06,5713.06,Late,6
PAY402647,C107068,CARD211591,2025-08-21,3168.58,1156.95,Partial,58
PAY402648,C108517,CARD206775,2026-08-16,3648.41,3648.41,On Time,0
PAY402649,C100806,CARD207568,2026-07-11,8047.86,8047.86,On Time,0
PAY402650,C109684,CARD208405,2026-07-09,15231.44,588.38,Missed,45
PAY402651,C104272,CARD202175,2025-02-06,6868.5,6868.5,On Time,0
PAY402652,C101801,CARD211029,2025-03-12,4626.96,4626.96,On Time,0
PAY402653,C101112,CARD202379,2025-09-17,7643.21,7643.21,On Time,0
PAY402654,C104445,CARD203334,2025-08-16,10848.58,10848.58,On Time,0
PAY402655,C102008,CARD201967,2025-10-17,4070.09,4070.09,On Time,0
PAY402656,C105567,CARD207670,2025-10-23,1749.07,1416.27,Partial,5
PAY402657,C109211,CARD200877,2026-01-14,8656.75,8656.75,On Time,0
PAY402658,C102557,CARD200400,2026-03-28,4099.26,4099.26,On Time,0
PAY402659,C107440,CARD208380,2025-01-26,11080.78,11080.78,On Time,0
PAY402660,C108869,CARD204894,2026-06-02,2563.2,2563.2,Late,14
PAY402661,C100356,CARD203314,2025-04-10,16850.8,1891.08,Missed,54
PAY402662,C106125,CARD201391,2026-01-14,8956.38,4256.69,Partial,6
PAY402663,C101410,CARD210979,2025-01-30,11121.74,11121.74,On Time,0
PAY402664,C105850,CARD204552,2026-02-28,9626.86,9626.86,On Time,0
PAY402665,C105844,CARD200184,2026-08-05,7174.12,7174.12,On Time,0
PAY402666,C108411,CARD207195,2025-02-27,5799.73,5799.73,Late,27
PAY402667,C104780,CARD207973,2025-09-07,16096.2,16096.2,On Time,0
PAY402668,C102952,CARD209771,2025-08-06,4335.12,4335.12,On Time,0
PAY402669,C107818,CARD200956,2025-06-11,8757.37,8757.37,Late,4
PAY402670,C108613,CARD207810,2026-01-25,6732.55,5137.29,Partial,36
PAY402671,C104054,CARD207848,2026-02-04,37997.41,37997.41,On Time,0
PAY402672,C102138,CARD207038,2026-01-06,3251.14,2512.08,Partial,10
PAY402673,C107157,CARD201867,2025-04-05,17290.06,17290.06,On Time,0
PAY402674,C101296,CARD203144,2026-06-24,6455.87,3560.53,Partial,16
PAY402675,C107060,CARD209064,2026-01-27,2256.8,2256.8,Late,6
PAY402676,C105484,CARD210612,2025-11-16,12678.73,12678.73,On Time,0
PAY402677,C107351,CARD209469,2026-08-10,1215.51,1215.51,On Time,0
PAY402678,C103546,CARD201905,2026-01-24,4346.04,4346.04,On Time,0
PAY402679,C106182,CARD211362,2026-03-28,5730.9,5730.9,On Time,0
PAY402680,C107891,CARD202555,2025-09-26,8560.13,8560.13,On Time,0
PAY402681,C106118,CARD200034,2025-07-17,1033.53,1033.53,On Time,0
PAY402682,C102672,CARD207024,2025-06-12,6709.91,6709.91,On Time,0
PAY402683,C105621,CARD208596,2026-01-20,23458.3,23458.3,On Time,0
PAY402684,C107932,CARD210022,2026-08-28,13146.14,10533.85,Partial,8
PAY402685,C103261,CARD202758,2026-08-13,28474.66,28474.66,Late,3
PAY402686,C102257,CARD201089,2025-09-22,7033.85,5259.77,Partial,35
PAY402687,C100344,CARD201993,2026-07-19,2808.31,2808.31,On Time,0
PAY402688,C100183,CARD203943,2025-04-04,14821.61,10182.93,Partial,9
PAY402689,C107718,CARD208782,2026-06-18,4044.86,4044.86,On Time,0
PAY402690,C103462,CARD205646,2026-07-29,24439.73,24439.73,On Time,0
PAY402691,C104677,CARD206158,2026-02-23,11789.84,11789.84,On Time,0
PAY402692,C109528,CARD208334,2025-08-22,2099.26,2099.26,On Time,0
PAY402693,C101209,CARD203617,2025-12-07,4044.64,4044.64,Late,2
PAY402694,C102678,CARD210840,2026-04-08,5271.26,5271.26,On Time,0
PAY402695,C100819,CARD200760,2026-02-25,4409.87,4409.87,On Time,0
PAY402696,C106554,CARD209437,2025-04-23,4058.45,4058.45,Late,21
PAY402697,C108131,CARD209581,2026-02-25,6237.75,6237.75,On Time,0
PAY402698,C105020,CARD206588,2026-04-05,2987.38,2987.38,On Time,0
PAY402699,C107003,CARD202107,2025-10-31,5587.27,5587.27,Late,14
PAY402700,C107048,CARD204447,2025-05-30,8387.88,8387.88,On Time,0
PAY402701,C108867,CARD208394,2025-01-13,5147.64,5147.64,On Time,0
PAY402702,C107250,CARD203813,2025-06-13,1665.38,1665.38,On Time,0
PAY402703,C104422,CARD206001,2025-09-16,1717.19,1717.19,Late,5
PAY402704,C103320,CARD201041,2026-01-01,6420.21,769.43,Missed,99
PAY402705,C104551,CARD202521,2026-07-11,7516.21,7516.21,Late,13
PAY402706,C105329,CARD204071,2025-09-08,6158.58,6158.58,On Time,0
PAY402707,C102996,CARD200911,2025-05-08,12515.24,12515.24,On Time,0
PAY402708,C102941,CARD207124,2025-06-13,2250.58,2250.58,On Time,0
PAY402709,C104059,CARD205844,2025-03-22,3322.22,3322.22,On Time,0
PAY402710,C109288,CARD202289,2025-09-16,7190.53,7190.53,On Time,0
PAY402711,C101882,CARD205310,2025-05-05,4317.13,4317.13,Late,7
PAY402712,C101902,CARD206477,2026-07-19,4259.28,4259.28,On Time,0
PAY402713,C104652,CARD207172,2025-08-08,9058.75,9058.75,On Time,0
PAY402714,C101447,CARD202087,2026-01-26,1274.11,1274.11,On Time,0
PAY402715,C103146,CARD202613,2025-10-29,5974.26,5974.26,On Time,0
PAY402716,C104209,CARD201139,2026-06-20,8474.0,516.31,Missed,97
PAY402717,C102001,CARD206723,2026-08-07,23465.44,23465.44,Late,18
PAY402718,C103664,CARD200209,2025-05-06,6422.95,3224.35,Partial,39
PAY402719,C105609,CARD211946,2025-01-26,9618.97,9618.97,On Time,0
PAY402720,C106324,CARD210180,2026-03-24,36080.17,36080.17,Late,3
PAY402721,C107390,CARD206049,2025-07-11,9112.4,9112.4,Late,1
PAY402722,C108841,CARD200500,2026-06-04,21962.97,21962.97,Late,28
PAY402723,C108754,CARD206705,2025-07-14,4745.6,4745.6,On Time,0
PAY402724,C100039,CARD210723,2025-05-30,24875.45,24875.45,On Time,0
PAY402725,C103956,CARD202545,2025-05-09,4712.5,4712.5,Late,10
PAY402726,C106215,CARD201775,2025-12-01,5532.43,5532.43,On Time,0
PAY402727,C101135,CARD204124,2025-02-25,4204.47,4204.47,On Time,0
PAY402728,C108718,CARD202149,2025-09-29,7520.24,7520.24,On Time,0
PAY402729,C104514,CARD210645,2025-11-24,2243.14,2243.14,On Time,0
PAY402730,C109827,CARD211023,2026-08-19,5748.1,5748.1,On Time,0
PAY402731,C103914,CARD201689,2026-01-20,50399.15,50399.15,Late,16
PAY402732,C105132,CARD205083,2026-03-09,2970.27,2970.27,On Time,0
PAY402733,C105272,CARD207028,2025-08-24,1214.44,1214.44,On Time,0
PAY402734,C103991,CARD202471,2026-03-23,7651.45,7651.45,On Time,0
PAY402735,C106323,CARD211941,2026-03-04,1876.53,1876.53,On Time,0
PAY402736,C107911,CARD209788,2025-03-19,3169.43,1507.47,Partial,2
PAY402737,C107831,CARD203603,2025-03-07,6555.84,6555.84,Late,9
PAY402738,C102740,CARD210827,2025-11-11,11809.86,11809.86,On Time,0
PAY402739,C105159,CARD200932,2026-07-20,6879.82,6879.82,Late,12
PAY402740,C105098,CARD209172,2026-03-29,2848.72,340.45,Missed,62
PAY402741,C102613,CARD208682,2026-08-25,2956.05,2956.05,On Time,0
PAY402742,C104482,CARD209125,2025-03-06,2055.78,418.9,Partial,45
PAY402743,C104999,CARD208553,2025-10-13,5079.26,5079.26,On Time,0
PAY402744,C102970,CARD200313,2026-04-14,14366.95,14366.95,Late,28
PAY402745,C107226,CARD203477,2025-04-03,14133.39,14133.39,On Time,0
PAY402746,C105802,CARD202068,2025-11-10,3904.51,3904.51,On Time,0
PAY402747,C106198,CARD211188,2025-08-20,12865.72,12865.72,Late,30
PAY402748,C101324,CARD209575,2025-05-17,5090.32,5090.32,On Time,0
PAY402749,C109250,CARD208027,2025-03-08,1961.09,1961.09,On Time,0
PAY402750,C106987,CARD201634,2025-10-03,3585.92,3585.92,On Time,0
PAY402751,C102281,CARD202931,2025-02-05,6587.06,6587.06,On Time,0
PAY402752,C107072,CARD204024,2025-08-31,19310.96,19310.96,Late,4
PAY402753,C108181,CARD202339,2026-01-22,31916.82,31916.82,On Time,0
PAY402754,C106377,CARD207133,2026-03-13,6515.71,6515.71,On Time,0
PAY402755,C109754,CARD202111,2026-05-31,18364.75,18364.75,Late,11
PAY402756,C109062,CARD204865,2026-08-23,6402.57,6402.57,On Time,0
PAY402757,C100630,CARD200404,2025-09-13,3577.63,3577.63,On Time,0
PAY402758,C109078,CARD208681,2026-03-21,15437.2,15437.2,On Time,0
PAY402759,C102218,CARD209865,2025-09-24,4425.74,4425.74,On Time,0
PAY402760,C102271,CARD200463,2026-05-30,5785.75,609.87,Missed,115
PAY402761,C103186,CARD206624,2026-04-20,8848.43,8848.43,On Time,0
PAY402762,C109334,CARD201718,2025-12-28,7607.69,7607.69,On Time,0
PAY402763,C103119,CARD203635,2026-03-08,12061.8,12061.8,On Time,0
PAY402764,C105573,CARD206024,2026-03-17,4048.7,4048.7,On Time,0
PAY402765,C101813,CARD208138,2026-04-24,4547.51,4547.51,On Time,0
PAY402766,C102934,CARD202247,2025-12-28,3684.7,3684.7,On Time,0
PAY402767,C106191,CARD205203,2026-01-27,10022.13,10022.13,On Time,0
PAY402768,C101825,CARD202077,2025-01-06,13649.3,13649.3,On Time,0
PAY402769,C109295,CARD205913,2025-05-14,13478.0,13478.0,On Time,0
PAY402770,C107688,CARD205076,2026-03-07,7472.67,7472.67,Late,25
PAY402771,C106163,CARD202266,2025-03-03,9006.62,9006.62,On Time,0
PAY402772,C105137,CARD210969,2025-02-11,30060.62,9389.45,Partial,54
PAY402773,C103183,CARD211393,2026-07-23,4101.4,4101.4,On Time,0
PAY402774,C102713,CARD206230,2025-09-28,9086.51,2951.85,Partial,25
PAY402775,C109704,CARD203787,2025-10-09,12880.59,12880.59,On Time,0
PAY402776,C108853,CARD201017,2026-08-12,3783.12,3783.12,Late,27
PAY402777,C106856,CARD203167,2025-06-17,6446.21,1432.23,Partial,23
PAY402778,C102815,CARD202201,2025-04-16,4469.18,4469.18,Late,29
PAY402779,C100720,CARD207301,2025-01-01,1208.26,1208.26,On Time,0
PAY402780,C108533,CARD210721,2025-06-27,2709.64,2709.64,Late,20
PAY402781,C100532,CARD203478,2025-07-14,12443.33,12443.33,On Time,0
PAY402782,C108660,CARD201127,2025-09-07,4765.78,4765.78,On Time,0
PAY402783,C107490,CARD210919,2025-01-07,16812.63,16812.63,On Time,0
PAY402784,C103827,CARD210125,2026-06-11,3711.5,3711.5,On Time,0
PAY402785,C108813,CARD206973,2025-12-04,4355.44,4355.44,Late,18
PAY402786,C104265,CARD208243,2025-12-05,11274.24,11274.24,On Time,0
PAY402787,C109927,CARD211856,2026-05-10,4250.93,4250.93,On Time,0
PAY402788,C108757,CARD203703,2026-08-05,6255.92,6255.92,Late,1
PAY402789,C109913,CARD200751,2025-09-08,6197.16,6197.16,Late,12
PAY402790,C104208,CARD202695,2025-08-06,7801.64,7801.64,On Time,0
PAY402791,C108303,CARD201456,2025-09-13,5891.45,5891.45,On Time,0
PAY402792,C104973,CARD207851,2025-01-12,1757.66,1757.66,On Time,0
PAY402793,C103470,CARD211692,2025-05-09,11426.91,11426.91,On Time,0
PAY402794,C108494,CARD208858,2025-04-01,3196.73,3196.73,On Time,0
PAY402795,C108106,CARD208676,2026-06-08,7504.84,7504.84,On Time,0
PAY402796,C106617,CARD203567,2025-05-31,6589.57,6589.57,Late,20
PAY402797,C104955,CARD209336,2025-02-02,8088.52,8088.52,On Time,0
PAY402798,C100441,CARD211530,2025-10-08,7535.97,7535.97,Late,18
PAY402799,C104330,CARD200320,2025-12-15,49908.0,49908.0,On Time,0
PAY402800,C107292,CARD209884,2025-10-12,1487.67,1487.67,On Time,0
PAY402801,C104173,CARD210358,2025-09-18,4851.15,4851.15,On Time,0
PAY402802,C109669,CARD203318,2026-08-30,5051.59,5051.59,On Time,0
PAY402803,C105048,CARD204546,2026-04-22,20939.24,20939.24,On Time,0
PAY402804,C109722,CARD201251,2025-08-17,2750.14,2750.14,On Time,0
PAY402805,C107454,CARD200767,2026-03-01,7504.08,7504.08,On Time,0
PAY402806,C105087,CARD208497,2026-02-24,7156.16,7156.16,Late,30
PAY402807,C102846,CARD208808,2025-08-26,3680.09,3680.09,On Time,0
PAY402808,C100714,CARD209309,2026-07-26,4578.03,4578.03,Late,19
PAY402809,C103188,CARD201125,2025-08-14,3757.27,3757.27,On Time,0
PAY402810,C103242,CARD210368,2026-07-01,2783.18,2783.18,Late,25
PAY402811,C102577,CARD210095,2026-08-18,6298.78,6298.78,On Time,0
PAY402812,C106142,CARD200831,2026-07-15,1642.91,1642.91,On Time,0
PAY402813,C106293,CARD205308,2026-02-13,7046.02,7046.02,On Time,0
PAY402814,C101871,CARD210109,2026-08-24,11535.5,11535.5,Late,19
PAY402815,C102569,CARD205812,2026-04-22,26780.58,19535.35,Partial,10
PAY402816,C104687,CARD204082,2025-12-09,3486.12,3486.12,On Time,0
PAY402817,C100847,CARD203350,2026-07-26,6324.33,6324.33,On Time,0
PAY402818,C107234,CARD211676,2026-08-16,19151.93,19151.93,On Time,0
PAY402819,C102041,CARD203799,2025-10-18,9653.04,9653.04,On Time,0
PAY402820,C109137,CARD209855,2025-12-27,8669.57,8669.57,On Time,0
PAY402821,C104440,CARD207182,2025-09-20,2790.5,2096.64,Partial,43
PAY402822,C108333,CARD204993,2025-09-13,43481.37,43481.37,On Time,0
PAY402823,C101931,CARD201007,2026-02-06,6256.96,6256.96,On Time,0
PAY402824,C102812,CARD206327,2025-01-17,15222.85,15222.85,On Time,0
PAY402825,C102684,CARD206746,2026-01-14,21329.47,21329.47,On Time,0
PAY402826,C107165,CARD201294,2025-05-01,6939.4,6939.4,On Time,0
PAY402827,C107154,CARD211988,2026-04-15,14900.95,14900.95,On Time,0
PAY402828,C106497,CARD211544,2025-05-19,7954.5,7954.5,On Time,0
PAY402829,C102881,CARD203290,2025-06-21,8193.65,8193.65,On Time,0
PAY402830,C104553,CARD206524,2025-06-01,17520.08,17520.08,On Time,0
PAY402831,C100370,CARD201919,2025-03-15,1322.95,1322.95,On Time,0
PAY402832,C108947,CARD203256,2025-10-27,6918.48,6918.48,Late,23
PAY402833,C109168,CARD204291,2026-01-12,9629.06,9629.06,On Time,0
PAY402834,C103597,CARD200215,2025-10-17,2926.2,965.41,Partial,20
PAY402835,C106229,CARD203202,2025-05-20,7796.46,5534.3,Partial,12
PAY402836,C109000,CARD205497,2025-04-06,4677.83,1859.76,Partial,27
PAY402837,C106603,CARD205804,2025-08-08,21349.35,21349.35,On Time,0
PAY402838,C105995,CARD209640,2025-04-26,5772.93,4886.12,Partial,19
PAY402839,C109219,CARD203520,2025-02-16,5465.49,5465.49,Late,21
PAY402840,C107393,CARD200734,2025-05-13,10131.04,10131.04,Late,30
PAY402841,C107609,CARD207925,2025-05-22,3734.78,293.29,Missed,110
PAY402842,C100158,CARD209647,2025-11-23,5754.11,5754.11,On Time,0
PAY402843,C100203,CARD208120,2025-01-03,8130.1,8130.1,On Time,0
PAY402844,C106003,CARD211542,2026-07-01,2452.17,2452.17,On Time,0
PAY402845,C100155,CARD206292,2025-08-07,11012.2,11012.2,Late,4
PAY402846,C108893,CARD206520,2025-07-20,27411.26,27411.26,On Time,0
PAY402847,C102347,CARD205951,2025-08-15,10140.19,10140.19,Late,30
PAY402848,C102875,CARD210348,2026-02-02,6228.72,6228.72,On Time,0
PAY402849,C109583,CARD204400,2026-05-06,6438.77,6438.77,On Time,0
PAY402850,C107558,CARD206922,2025-07-09,7722.7,7722.7,On Time,0
PAY402851,C106336,CARD208514,2025-09-22,19035.64,19035.64,On Time,0
PAY402852,C101881,CARD204123,2025-11-16,14489.88,14489.88,On Time,0
PAY402853,C103559,CARD210652,2025-05-08,9563.25,9563.25,Late,9
PAY402854,C107138,CARD202596,2025-05-28,6261.51,6261.51,On Time,0
PAY402855,C102808,CARD207868,2025-11-13,12002.33,12002.33,On Time,0
PAY402856,C109600,CARD204602,2025-07-25,5182.91,5182.91,Late,29
PAY402857,C100267,CARD206880,2025-08-17,3020.97,3020.97,On Time,0
PAY402858,C108495,CARD202006,2025-02-03,4891.12,4891.12,On Time,0
PAY402859,C106050,CARD204623,2026-08-20,5992.23,5992.23,On Time,0
PAY402860,C103103,CARD204146,2026-08-17,12249.2,12249.2,On Time,0
PAY402861,C100399,CARD211248,2025-08-22,4763.8,4763.8,On Time,0
PAY402862,C102801,CARD210771,2025-10-27,11848.75,11848.75,On Time,0
PAY402863,C105031,CARD210605,2026-01-08,4008.24,1698.09,Partial,35
PAY402864,C105087,CARD208497,2025-10-19,4785.12,4785.12,On Time,0
PAY402865,C105562,CARD207728,2026-03-24,10499.5,10499.5,Late,30
PAY402866,C100018,CARD204520,2026-01-06,6544.15,6544.15,Late,20
PAY402867,C101010,CARD210281,2025-06-15,1823.96,1823.96,On Time,0
PAY402868,C102501,CARD209122,2025-07-27,11638.64,11638.64,On Time,0
PAY402869,C109438,CARD204660,2025-12-11,11394.54,11394.54,On Time,0
PAY402870,C108764,CARD202338,2026-08-24,5068.41,5068.41,Late,15
PAY402871,C101657,CARD208105,2026-02-10,14491.71,14491.71,On Time,0
PAY402872,C100788,CARD208732,2025-04-01,4096.42,4096.42,On Time,0
PAY402873,C108987,CARD202223,2025-11-26,5260.22,5260.22,On Time,0
PAY402874,C109681,CARD202406,2025-11-16,7509.01,4433.19,Partial,5
PAY402875,C107865,CARD207916,2025-06-11,18016.79,18016.79,On Time,0
PAY402876,C102546,CARD204336,2026-04-18,6883.93,6883.93,Late,9
PAY402877,C100034,CARD200080,2025-09-16,3279.3,3279.3,On Time,0
PAY402878,C109432,CARD210797,2025-02-26,12967.07,12967.07,On Time,0
PAY402879,C104712,CARD201344,2025-05-19,2861.81,2861.81,On Time,0
PAY402880,C101815,CARD203003,2026-01-31,7427.3,7427.3,On Time,0
PAY402881,C108289,CARD200519,2026-05-22,8108.49,8108.49,Late,22
PAY402882,C108337,CARD201283,2026-06-29,1180.0,1180.0,On Time,0
PAY402883,C100499,CARD209299,2026-05-27,2746.22,2746.22,On Time,0
PAY402884,C106083,CARD210069,2025-11-02,4747.61,4747.61,On Time,0
PAY402885,C102819,CARD211426,2026-02-13,3333.87,3333.87,On Time,0
PAY402886,C107438,CARD210400,2026-08-31,7315.6,7315.6,Late,16
PAY402887,C105574,CARD203357,2025-09-15,5212.06,5212.06,On Time,0
PAY402888,C106308,CARD206143,2025-11-16,2131.47,2131.47,On Time,0
PAY402889,C101528,CARD208203,2025-03-23,3124.25,3124.25,On Time,0
PAY402890,C102368,CARD211949,2025-10-21,6961.87,6961.87,On Time,0
PAY402891,C106889,CARD202011,2026-03-14,12329.91,12329.91,On Time,0
PAY402892,C107472,CARD207403,2025-10-30,6082.55,6082.55,On Time,0
PAY402893,C102434,CARD208147,2026-02-12,26395.01,26395.01,On Time,0
PAY402894,C108595,CARD206135,2025-01-13,6227.02,6227.02,Late,17
PAY402895,C106114,CARD200983,2025-11-15,15127.33,15127.33,On Time,0
PAY402896,C106614,CARD201704,2026-07-21,5596.49,5596.49,On Time,0
PAY402897,C104901,CARD206248,2026-08-07,10975.87,10975.87,On Time,0
PAY402898,C106919,CARD202100,2026-02-06,12945.25,12945.25,On Time,0
PAY402899,C108848,CARD211575,2025-03-31,4554.87,4554.87,On Time,0
PAY402900,C102247,CARD209823,2026-01-03,8567.13,8567.13,On Time,0
PAY402901,C109759,CARD202172,2025-01-19,14063.15,14063.15,On Time,0
PAY402902,C103657,CARD208856,2025-03-15,13731.91,13731.91,On Time,0
PAY402903,C104942,CARD201134,2026-03-03,2612.66,2612.66,On Time,0
PAY402904,C103052,CARD210976,2026-03-25,1543.51,1543.51,On Time,0
PAY402905,C107366,CARD208085,2025-11-23,8070.38,8070.38,On Time,0
PAY402906,C108465,CARD206381,2025-04-14,5748.14,5748.14,Late,13
PAY402907,C103642,CARD208194,2025-04-28,4689.89,4689.89,On Time,0
PAY402908,C107130,CARD201100,2025-05-07,7120.06,7120.06,On Time,0
PAY402909,C107511,CARD205864,2025-12-31,11013.84,11013.84,On Time,0
PAY402910,C107083,CARD202294,2025-04-07,19930.07,19930.07,On Time,0
PAY402911,C104114,CARD201813,2025-08-03,6193.7,6193.7,On Time,0
PAY402912,C108455,CARD211305,2025-09-04,16140.05,16140.05,On Time,0
PAY402913,C106427,CARD205821,2025-06-02,2519.01,2519.01,On Time,0
PAY402914,C101116,CARD208114,2025-04-16,13195.52,13195.52,On Time,0
PAY402915,C109027,CARD204878,2025-04-21,18788.27,9243.42,Partial,24
PAY402916,C107077,CARD205081,2026-08-02,4601.11,4601.11,On Time,0
PAY402917,C100274,CARD211578,2025-04-08,5907.56,5907.56,On Time,0
PAY402918,C100291,CARD203844,2025-11-04,13602.91,3112.19,Partial,2
PAY402919,C104898,CARD201554,2026-06-22,9366.75,861.32,Missed,37
PAY402920,C108424,CARD208613,2026-04-04,5616.58,5616.58,On Time,0
PAY402921,C102468,CARD205373,2025-08-25,7391.79,7391.79,On Time,0
PAY402922,C101617,CARD200347,2026-05-31,5402.09,5402.09,Late,8
PAY402923,C103812,CARD206555,2025-11-19,12036.51,12036.51,On Time,0
PAY402924,C109701,CARD200758,2025-12-28,3071.04,1010.15,Partial,52
PAY402925,C102496,CARD205643,2026-03-02,5575.09,5575.09,On Time,0
PAY402926,C104238,CARD200269,2025-04-07,1599.43,124.0,Missed,116
PAY402927,C109459,CARD200298,2025-07-09,2724.03,2724.03,On Time,0
PAY402928,C105515,CARD211409,2025-04-10,1441.59,1441.59,Late,26
PAY402929,C102597,CARD207778,2025-08-29,9906.89,9906.89,On Time,0
PAY402930,C103477,CARD201455,2026-06-04,5531.77,5531.77,Late,16
PAY402931,C107978,CARD205467,2026-05-17,7492.32,7492.32,On Time,0
PAY402932,C105616,CARD201879,2025-12-16,3210.16,178.89,Missed,32
PAY402933,C107372,CARD201590,2025-07-22,10868.77,10868.77,On Time,0
PAY402934,C109933,CARD204143,2025-05-31,4290.54,4290.54,On Time,0
PAY402935,C102814,CARD205367,2026-03-04,1169.03,1169.03,Late,4
PAY402936,C106023,CARD203834,2025-01-30,4398.4,4398.4,On Time,0
PAY402937,C109948,CARD203229,2025-08-07,9889.68,9889.68,On Time,0
PAY402938,C103401,CARD203876,2025-05-14,8243.96,8243.96,On Time,0
PAY402939,C103183,CARD201626,2026-03-10,7200.04,7200.04,On Time,0
PAY402940,C104857,CARD205507,2026-02-06,7553.07,7553.07,Late,30
PAY402941,C103468,CARD204740,2026-08-05,13850.03,13850.03,On Time,0
PAY402942,C103780,CARD211395,2026-04-14,7829.16,1158.75,Missed,32
PAY402943,C109931,CARD206629,2026-04-04,4782.97,4782.97,On Time,0
PAY402944,C106147,CARD204923,2025-08-24,2791.89,2791.89,On Time,0
PAY402945,C108278,CARD206290,2025-11-14,3101.99,3101.99,On Time,0
PAY402946,C104264,CARD204467,2026-03-13,3961.0,3961.0,On Time,0
PAY402947,C102436,CARD207367,2025-07-15,13539.91,13539.91,On Time,0
PAY402948,C107806,CARD204748,2026-03-27,22126.6,22126.6,Late,13
PAY402949,C103747,CARD206119,2025-09-09,23290.79,23290.79,On Time,0
PAY402950,C108052,CARD208219,2025-09-15,6581.1,6581.1,On Time,0
PAY402951,C101601,CARD211759,2026-04-10,9058.35,9058.35,On Time,0
PAY402952,C109750,CARD210091,2025-01-20,2299.3,2299.3,Late,29
PAY402953,C109310,CARD208959,2026-04-22,4579.19,4579.19,On Time,0
PAY402954,C101516,CARD211117,2025-06-02,4435.3,4435.3,On Time,0
PAY402955,C106868,CARD202215,2026-08-03,1260.64,1260.64,Late,27
PAY402956,C108839,CARD207284,2026-05-19,4362.59,4362.59,On Time,0
PAY402957,C105544,CARD207668,2025-05-09,12673.78,12673.78,Late,12
PAY402958,C101019,CARD207405,2025-12-31,21617.78,21617.78,On Time,0
PAY402959,C109470,CARD208992,2025-02-14,26995.74,26995.74,On Time,0
PAY402960,C104171,CARD200849,2025-05-11,3818.26,2194.77,Partial,25
PAY402961,C108875,CARD205132,2025-02-10,13885.92,13885.92,On Time,0
PAY402962,C109446,CARD206090,2025-11-23,3656.51,3656.51,On Time,0
PAY402963,C104286,CARD210785,2026-02-10,1686.64,1686.64,On Time,0
PAY402964,C100816,CARD210807,2025-07-20,7053.93,7053.93,Late,19
PAY402965,C106117,CARD206526,2026-02-26,6015.0,6015.0,On Time,0
PAY402966,C109634,CARD207179,2026-06-06,5434.72,3626.05,Partial,21
PAY402967,C100975,CARD201591,2025-07-03,6028.35,488.33,Missed,32
PAY402968,C104849,CARD205432,2025-11-07,39344.71,39344.71,Late,27
PAY402969,C102408,CARD203130,2025-10-30,5708.25,5708.25,On Time,0
PAY402970,C100517,CARD206276,2025-05-16,5881.82,5881.82,On Time,0
PAY402971,C101853,CARD200467,2025-01-08,4846.4,4846.4,On Time,0
PAY402972,C101374,CARD200830,2025-03-04,17970.43,17970.43,On Time,0
PAY402973,C100863,CARD203435,2025-04-10,1638.86,1638.86,On Time,0
PAY402974,C108392,CARD209498,2026-02-14,3840.95,3840.95,On Time,0
PAY402975,C109178,CARD209472,2025-10-18,14567.18,14567.18,Late,7
PAY402976,C104570,CARD207360,2026-08-04,4926.95,4926.95,Late,26
PAY402977,C109556,CARD201185,2025-09-12,3706.52,1432.14,Partial,6
PAY402978,C101508,CARD202306,2026-05-16,3100.42,3100.42,On Time,0
PAY402979,C105330,CARD211210,2025-08-23,3873.95,3873.95,Late,2
PAY402980,C100948,CARD211229,2026-01-27,2292.63,2292.63,On Time,0
PAY402981,C104997,CARD204836,2026-07-10,4123.2,4123.2,On Time,0
PAY402982,C101094,CARD202798,2025-12-13,20611.4,20611.4,On Time,0
PAY402983,C101024,CARD200095,2025-11-01,14540.11,14540.11,Late,8
PAY402984,C109430,CARD207110,2025-09-24,20743.46,20743.46,On Time,0
PAY402985,C102049,CARD211126,2025-11-13,2425.27,2425.27,On Time,0
PAY402986,C108464,CARD207005,2025-02-26,1073.79,1073.79,On Time,0
PAY402987,C106591,CARD205428,2025-12-23,5426.06,2807.35,Partial,19
PAY402988,C109574,CARD206189,2026-04-12,7096.42,7096.42,On Time,0
PAY402989,C103219,CARD205314,2025-08-18,4351.1,4351.1,On Time,0
PAY402990,C100290,CARD209861,2026-01-05,1632.48,1632.48,On Time,0
PAY402991,C109713,CARD208415,2026-03-20,4401.63,4401.63,On Time,0
PAY402992,C107137,CARD207831,2025-03-25,11211.37,11211.37,Late,27
PAY402993,C102686,CARD200807,2025-01-18,4566.8,4566.8,Late,27
PAY402994,C101833,CARD205408,2026-07-01,5941.08,5941.08,Late,21
PAY402995,C101230,CARD201272,2025-08-22,15145.45,15145.45,On Time,0
PAY402996,C100117,CARD200710,2025-01-03,6957.76,6957.76,On Time,0
PAY402997,C105154,CARD202886,2025-07-26,17511.58,17511.58,On Time,0
PAY402998,C102339,CARD200225,2026-06-09,13497.51,13497.51,On Time,0
PAY402999,C102498,CARD210516,2025-07-24,16504.31,16504.31,On Time,0
PAY403000,C103985,CARD202210,2026-05-30,6640.92,6640.92,On Time,0
PAY403001,C101172,CARD204867,2025-06-06,18908.53,18908.53,On Time,0
PAY403002,C100378,CARD210642,2025-03-04,2309.36,2309.36,On Time,0
PAY403003,C105766,CARD211282,2025-12-30,3348.15,3348.15,Late,5
PAY403004,C107106,CARD207624,2025-09-18,21078.92,21078.92,On Time,0
PAY403005,C108882,CARD209313,2026-05-15,1330.34,1330.34,On Time,0
PAY403006,C105515,CARD211409,2025-07-26,39804.63,39804.63,On Time,0
PAY403007,C104063,CARD206459,2025-02-13,6160.11,6160.11,On Time,0
PAY403008,C105689,CARD203371,2026-08-03,6562.13,6562.13,On Time,0
PAY403009,C105692,CARD201164,2026-01-04,5834.74,5834.74,On Time,0
PAY403010,C103469,CARD207528,2025-12-22,9127.09,9127.09,On Time,0
PAY403011,C105732,CARD211454,2025-05-09,1733.67,1733.67,On Time,0
PAY403012,C107463,CARD205017,2026-03-25,2548.3,1058.27,Partial,38
PAY403013,C104821,CARD208721,2025-04-07,6403.9,6403.9,On Time,0
PAY403014,C102116,CARD209642,2025-07-11,1380.86,476.98,Partial,40
PAY403015,C103414,CARD203807,2026-02-22,4192.22,4192.22,On Time,0
PAY403016,C107531,CARD205716,2026-08-15,2162.14,2162.14,On Time,0
PAY403017,C100147,CARD206104,2026-08-23,2411.57,1097.39,Partial,43
PAY403018,C108394,CARD206896,2025-02-12,6836.21,6836.21,Late,19
PAY403019,C102482,CARD202422,2026-06-10,4411.89,4411.89,Late,17
PAY403020,C105461,CARD202375,2025-04-15,12043.53,12043.53,On Time,0
PAY403021,C106700,CARD211547,2025-03-19,7500.44,7500.44,On Time,0
PAY403022,C105769,CARD204053,2026-04-29,9877.43,9877.43,On Time,0
PAY403023,C103861,CARD209566,2026-01-18,9452.62,9452.62,On Time,0
PAY403024,C100204,CARD207178,2026-04-24,8882.19,8882.19,On Time,0
PAY403025,C102082,CARD207057,2025-05-12,2078.27,2078.27,On Time,0
PAY403026,C101091,CARD210463,2025-09-25,2823.15,2823.15,On Time,0
PAY403027,C105722,CARD206125,2025-04-26,17938.51,17938.51,On Time,0
PAY403028,C100596,CARD210119,2025-11-26,10177.79,10177.79,Late,19
PAY403029,C108100,CARD205412,2025-01-11,8290.92,8290.92,On Time,0
PAY403030,C107557,CARD208967,2025-08-02,11618.77,11618.77,On Time,0
PAY403031,C100063,CARD209840,2025-05-19,9600.85,9600.85,On Time,0
PAY403032,C107431,CARD211899,2025-04-25,11660.52,11660.52,On Time,0
PAY403033,C100068,CARD210024,2025-08-21,3156.26,3156.26,On Time,0
PAY403034,C102615,CARD205813,2026-03-28,7066.07,7066.07,On Time,0
PAY403035,C101104,CARD205940,2025-04-25,1770.51,1770.51,On Time,0
PAY403036,C100591,CARD204454,2025-08-08,14723.38,14723.38,On Time,0
PAY403037,C107922,CARD205494,2025-05-20,7962.97,2729.83,Partial,46
PAY403038,C106290,CARD206435,2026-08-18,13807.19,13807.19,On Time,0
PAY403039,C104566,CARD207214,2025-01-18,10583.01,10583.01,On Time,0
PAY403040,C101685,CARD207322,2025-05-25,9330.63,9330.63,On Time,0
PAY403041,C103415,CARD204908,2026-07-21,2737.74,2737.74,On Time,0
PAY403042,C107921,CARD210474,2025-12-20,6247.53,6247.53,On Time,0
PAY403043,C103942,CARD207138,2025-01-14,3791.33,3791.33,On Time,0
PAY403044,C101066,CARD208493,2025-04-08,16692.84,16692.84,On Time,0
PAY403045,C109366,CARD209246,2026-05-06,12198.36,12198.36,On Time,0
PAY403046,C108895,CARD209250,2025-09-11,12733.01,12733.01,On Time,0
PAY403047,C105644,CARD208559,2026-02-19,12553.69,12553.69,On Time,0
PAY403048,C107994,CARD205729,2025-09-15,5277.2,5277.2,On Time,0
PAY403049,C102197,CARD203680,2025-06-28,7100.15,7100.15,On Time,0
PAY403050,C102295,CARD210035,2026-04-19,8440.88,8440.88,On Time,0
PAY403051,C106738,CARD208642,2026-06-21,5165.84,5165.84,On Time,0
PAY403052,C100344,CARD201993,2026-06-27,3830.86,3830.86,On Time,0
PAY403053,C103802,CARD205797,2025-05-08,8320.39,8320.39,On Time,0
PAY403054,C102750,CARD201367,2025-11-08,5411.17,5411.17,On Time,0
PAY403055,C107754,CARD210414,2026-03-30,5875.86,5875.86,On Time,0
PAY403056,C106213,CARD200489,2026-06-26,6432.67,6432.67,On Time,0
PAY403057,C100942,CARD201216,2025-04-08,4319.32,2691.52,Partial,15
PAY403058,C106878,CARD204900,2025-03-01,5700.5,5700.5,On Time,0
PAY403059,C109983,CARD207189,2025-12-19,8043.96,8043.96,On Time,0
PAY403060,C104826,CARD209214,2025-08-03,17892.57,17892.57,On Time,0
PAY403061,C101246,CARD209829,2025-08-24,9126.7,9126.7,On Time,0
PAY403062,C100277,CARD208018,2025-10-29,8289.82,8289.82,On Time,0
PAY403063,C106653,CARD209305,2025-03-29,37232.71,19197.65,Partial,23
PAY403064,C103069,CARD210403,2026-01-16,7050.11,7050.11,On Time,0
PAY403065,C100984,CARD211885,2025-08-31,11805.89,11805.89,On Time,0
PAY403066,C102139,CARD206857,2026-08-01,3332.74,3332.74,On Time,0
PAY403067,C102997,CARD201162,2025-08-15,18730.03,18730.03,On Time,0
PAY403068,C102444,CARD210858,2026-03-30,3652.79,3652.79,On Time,0
PAY403069,C102809,CARD211552,2025-04-06,8165.75,8165.75,On Time,0
PAY403070,C106370,CARD205540,2025-05-06,5068.95,5068.95,On Time,0
PAY403071,C108088,CARD203671,2025-02-08,2821.72,2821.72,On Time,0
PAY403072,C103756,CARD209051,2026-08-16,5132.52,19.21,Missed,79
PAY403073,C102291,CARD204338,2026-02-12,5164.08,5164.08,On Time,0
PAY403074,C109484,CARD211168,2025-02-24,7640.41,7640.41,On Time,0
PAY403075,C108327,CARD202739,2025-11-17,11648.84,11648.84,On Time,0
PAY403076,C104583,CARD204630,2025-03-11,5541.89,5541.89,On Time,0
PAY403077,C103516,CARD202904,2025-08-25,7909.02,7909.02,Late,27
PAY403078,C106894,CARD207453,2026-02-25,11370.26,11370.26,Late,3
PAY403079,C109819,CARD201371,2026-06-12,3227.54,3227.54,On Time,0
PAY403080,C100241,CARD201681,2025-12-02,2364.43,2364.43,On Time,0
PAY403081,C107173,CARD201857,2025-09-26,10419.77,10419.77,On Time,0
PAY403082,C108731,CARD203078,2025-02-20,4104.18,4104.18,Late,19
PAY403083,C105960,CARD200966,2025-03-04,1864.18,1864.18,On Time,0
PAY403084,C105145,CARD200769,2025-07-11,14411.34,14411.34,On Time,0
PAY403085,C103689,CARD208471,2026-04-20,7127.12,7127.12,On Time,0
PAY403086,C109910,CARD206037,2026-06-25,9986.02,9986.02,Late,17
PAY403087,C102027,CARD204517,2025-03-13,2400.25,2400.25,On Time,0
PAY403088,C103816,CARD205260,2025-01-09,4977.21,4977.21,On Time,0
PAY403089,C109790,CARD208752,2025-12-28,10837.66,10837.66,On Time,0
PAY403090,C102053,CARD209677,2025-02-02,1668.46,1668.46,On Time,0
PAY403091,C101405,CARD200259,2026-04-12,2931.87,1529.85,Partial,43
PAY403092,C103145,CARD205302,2025-05-11,9161.53,9161.53,Late,7
PAY403093,C100662,CARD208248,2025-10-03,14361.63,14361.63,On Time,0
PAY403094,C103320,CARD201041,2026-01-11,13089.9,8115.0,Partial,17
PAY403095,C105780,CARD208366,2025-09-27,2867.24,2867.24,On Time,0
PAY403096,C107854,CARD207907,2025-01-25,3952.38,3952.38,On Time,0
PAY403097,C107278,CARD201645,2025-04-03,3578.62,3578.62,On Time,0
PAY403098,C105668,CARD208213,2025-07-30,1388.92,1388.92,On Time,0
PAY403099,C107960,CARD204414,2025-12-25,15385.68,15385.68,On Time,0
PAY403100,C107666,CARD207583,2025-02-23,4053.33,599.99,Missed,49
PAY403101,C100808,CARD201280,2025-05-06,22104.89,22104.89,On Time,0
PAY403102,C103381,CARD211189,2025-03-22,8493.02,1943.51,Partial,48
PAY403103,C109443,CARD211664,2025-02-11,11159.21,11159.21,On Time,0
PAY403104,C101923,CARD210395,2026-07-03,3454.42,3454.42,On Time,0
PAY403105,C106191,CARD205203,2026-05-04,3204.67,3204.67,Late,5
PAY403106,C102018,CARD201418,2026-01-15,1852.1,7.16,Missed,42
PAY403107,C107819,CARD209976,2026-06-06,3830.8,3830.8,On Time,0
PAY403108,C101108,CARD211124,2025-09-08,10389.7,10389.7,On Time,0
PAY403109,C100001,CARD203375,2026-07-10,6114.83,6114.83,On Time,0
PAY403110,C109710,CARD200304,2025-11-07,2201.84,2201.84,On Time,0
PAY403111,C109892,CARD211312,2026-08-04,7361.6,7361.6,On Time,0
PAY403112,C103013,CARD202494,2025-12-03,5875.52,3144.69,Partial,51
PAY403113,C108046,CARD201234,2025-09-17,3607.51,3607.51,On Time,0
PAY403114,C105552,CARD211770,2025-10-28,2807.19,2807.19,On Time,0
PAY403115,C102215,CARD200377,2026-07-13,4922.63,4922.63,Late,8
PAY403116,C105258,CARD209632,2026-07-26,7689.72,7689.72,On Time,0
PAY403117,C101922,CARD204010,2025-01-11,14457.81,14457.81,On Time,0
PAY403118,C106092,CARD206673,2026-03-06,7647.86,7647.86,On Time,0
PAY403119,C106618,CARD201897,2026-03-13,9270.22,173.06,Missed,68
PAY403120,C103091,CARD202259,2025-04-26,8319.6,8319.6,On Time,0
PAY403121,C109547,CARD201631,2025-11-02,14243.34,14243.34,On Time,0
PAY403122,C104463,CARD208148,2026-04-22,4848.9,4848.9,On Time,0
PAY403123,C105071,CARD205548,2026-06-05,5762.68,5762.68,On Time,0
PAY403124,C100925,CARD200722,2026-01-21,8916.0,8916.0,On Time,0
PAY403125,C106934,CARD205489,2026-04-01,22994.38,22994.38,On Time,0
PAY403126,C102463,CARD203346,2025-09-05,4255.98,3100.55,Partial,9
PAY403127,C109442,CARD209542,2025-06-16,6580.81,4693.93,Partial,8
PAY403128,C102751,CARD203955,2025-06-24,2126.68,2126.68,On Time,0
PAY403129,C104678,CARD208287,2025-05-10,7913.31,7913.31,On Time,0
PAY403130,C103327,CARD201063,2026-03-27,17911.46,17911.46,Late,10
PAY403131,C103159,CARD209629,2025-02-17,1369.67,1369.67,Late,22
PAY403132,C109098,CARD208066,2025-05-28,8241.78,497.6,Missed,108
PAY403133,C102221,CARD200063,2025-08-25,23135.09,23135.09,On Time,0
PAY403134,C104391,CARD205353,2026-08-08,4516.84,2955.4,Partial,54
PAY403135,C100881,CARD203729,2026-04-12,4648.61,4648.61,On Time,0
PAY403136,C102671,CARD207641,2026-08-13,3039.21,3039.21,On Time,0
PAY403137,C103264,CARD200284,2026-03-29,7242.7,7242.7,On Time,0
PAY403138,C103543,CARD201939,2026-07-10,8729.52,2148.63,Partial,18
PAY403139,C108012,CARD208904,2025-02-22,3971.27,3971.27,Late,1
PAY403140,C100124,CARD204442,2025-11-14,6889.67,6889.67,On Time,0
PAY403141,C100715,CARD209961,2025-09-25,11659.74,11659.74,On Time,0
PAY403142,C100067,CARD200281,2026-01-23,1972.03,1972.03,On Time,0
PAY403143,C102747,CARD207825,2026-02-27,8440.16,8440.16,On Time,0
PAY403144,C102481,CARD202707,2026-04-14,1243.35,1243.35,Late,12
PAY403145,C105013,CARD208931,2026-08-15,6464.49,6464.49,Late,6
PAY403146,C100766,CARD200334,2026-07-28,3170.01,3170.01,On Time,0
PAY403147,C101045,CARD206087,2025-12-03,2504.27,2504.27,On Time,0
PAY403148,C107082,CARD200466,2026-03-10,17417.16,17417.16,On Time,0
PAY403149,C103433,CARD204692,2025-08-02,1560.32,1560.32,On Time,0
PAY403150,C108039,CARD209202,2025-11-26,2957.26,2957.26,Late,20
PAY403151,C101543,CARD204752,2025-09-21,8118.71,8118.71,On Time,0
PAY403152,C105403,CARD210015,2025-10-17,4598.55,4598.55,On Time,0
PAY403153,C104801,CARD211465,2025-01-04,2261.13,2261.13,Late,28
PAY403154,C101294,CARD211500,2026-05-27,2535.17,2535.17,Late,20
PAY403155,C109750,CARD210091,2026-02-07,5842.75,5842.75,On Time,0
PAY403156,C109144,CARD207295,2025-12-21,3402.03,3402.03,On Time,0
PAY403157,C100824,CARD211674,2026-04-10,7813.16,7813.16,On Time,0
PAY403158,C107140,CARD205853,2025-08-15,5319.68,5319.68,On Time,0
PAY403159,C104223,CARD204004,2026-06-26,5854.4,5854.4,On Time,0
PAY403160,C108613,CARD207810,2025-06-01,6607.53,6607.53,On Time,0
PAY403161,C108505,CARD208113,2026-03-12,6340.02,6340.02,Late,8
PAY403162,C108617,CARD203277,2025-06-06,18831.18,8895.63,Partial,13
PAY403163,C104702,CARD201226,2026-06-13,5631.75,5631.75,On Time,0
PAY403164,C102418,CARD206900,2026-08-26,2092.56,2092.56,On Time,0
PAY403165,C107435,CARD202599,2025-11-18,4602.49,4602.49,Late,17
PAY403166,C107732,CARD207045,2025-05-21,1781.75,161.25,Missed,38
PAY403167,C103653,CARD204946,2025-11-08,1609.18,1609.18,On Time,0
PAY403168,C100869,CARD205341,2025-02-25,3431.84,3431.84,Late,10
PAY403169,C102028,CARD210496,2026-08-04,8121.51,8121.51,Late,17
PAY403170,C103394,CARD209922,2025-06-05,3367.42,3367.42,On Time,0
PAY403171,C101157,CARD211452,2026-03-15,2383.36,2383.36,On Time,0
PAY403172,C107408,CARD202480,2025-08-31,14931.74,3784.43,Partial,5
PAY403173,C105003,CARD201403,2026-04-10,5919.73,5919.73,Late,12
PAY403174,C102538,CARD210263,2026-05-08,5463.37,3421.66,Partial,41
PAY403175,C109719,CARD202186,2026-03-01,4825.65,4825.65,On Time,0
PAY403176,C102295,CARD210035,2025-05-07,8362.97,8362.97,On Time,0
PAY403177,C100635,CARD207111,2026-01-22,6550.64,6550.64,On Time,0
PAY403178,C102729,CARD209388,2025-02-14,5323.45,5323.45,On Time,0
PAY403179,C106469,CARD203505,2026-02-12,9301.84,9301.84,On Time,0
PAY403180,C109851,CARD203649,2025-07-31,5708.38,5708.38,On Time,0
PAY403181,C106385,CARD207287,2025-09-08,3026.27,3026.27,Late,16
PAY403182,C106470,CARD208944,2025-10-22,6883.79,6883.79,On Time,0
PAY403183,C103530,CARD202156,2025-06-04,14741.93,14741.93,On Time,0
PAY403184,C106040,CARD206441,2025-12-17,3634.59,3634.59,On Time,0
PAY403185,C101502,CARD209044,2025-03-24,1744.02,1744.02,On Time,0
PAY403186,C106106,CARD202139,2026-03-19,2735.98,2735.98,On Time,0
PAY403187,C101809,CARD210812,2025-04-21,5269.82,4334.52,Partial,28
PAY403188,C104474,CARD210551,2025-11-20,5777.14,5777.14,On Time,0
PAY403189,C105347,CARD208706,2025-09-28,5614.9,5614.9,On Time,0
PAY403190,C103012,CARD202384,2025-06-12,2170.05,2170.05,On Time,0
PAY403191,C104281,CARD204102,2026-06-07,1923.58,1923.58,On Time,0
PAY403192,C104466,CARD206007,2025-08-04,7448.99,7448.99,On Time,0
PAY403193,C100245,CARD207180,2025-12-20,1604.27,1604.27,On Time,0
PAY403194,C103264,CARD200284,2025-06-18,2331.45,2331.45,On Time,0
PAY403195,C109823,CARD209914,2025-11-12,3208.29,1288.33,Partial,23
PAY403196,C109744,CARD202155,2025-04-08,9472.05,9472.05,On Time,0
PAY403197,C101863,CARD206339,2025-10-20,4716.73,4716.73,On Time,0
PAY403198,C101224,CARD200236,2025-12-10,2652.66,2652.66,On Time,0
PAY403199,C103843,CARD209631,2025-12-16,5912.39,5912.39,On Time,0
PAY403200,C100805,CARD210795,2026-06-01,5326.48,5326.48,On Time,0
PAY403201,C106348,CARD209738,2025-04-30,1389.9,1389.9,On Time,0
PAY403202,C106500,CARD204761,2025-12-27,10143.09,10143.09,On Time,0
PAY403203,C107311,CARD211238,2025-05-04,2552.99,2552.99,On Time,0
PAY403204,C101071,CARD202327,2026-06-05,6766.81,525.11,Missed,115
PAY403205,C104406,CARD200993,2026-08-31,2701.83,2701.83,On Time,0
PAY403206,C106376,CARD209997,2026-01-06,5189.72,592.97,Missed,92
PAY403207,C104604,CARD206987,2025-10-13,5904.72,5904.72,On Time,0
PAY403208,C100856,CARD204670,2025-09-23,4576.79,4576.79,On Time,0
PAY403209,C109907,CARD210374,2026-08-03,3169.37,3169.37,On Time,0
PAY403210,C107921,CARD204987,2025-12-05,2409.24,2409.24,On Time,0
PAY403211,C104898,CARD201554,2026-02-28,7429.32,7429.32,On Time,0
PAY403212,C102379,CARD211180,2025-04-22,29364.59,29364.59,Late,9
PAY403213,C100128,CARD204489,2025-04-26,3192.33,463.41,Missed,111
PAY403214,C105979,CARD207229,2025-08-02,1731.59,1731.59,On Time,0
PAY403215,C108031,CARD206338,2025-11-25,6689.23,6689.23,On Time,0
PAY403216,C105929,CARD208041,2026-02-23,3540.23,3540.23,On Time,0
PAY403217,C108530,CARD211769,2025-09-02,5421.94,5421.94,On Time,0
PAY403218,C100126,CARD208605,2025-01-31,18929.18,14122.68,Partial,20
PAY403219,C104403,CARD211986,2026-05-20,6176.54,6176.54,Late,24
PAY403220,C103076,CARD208614,2026-08-13,9476.83,9476.83,On Time,0
PAY403221,C105734,CARD211216,2026-01-22,4973.69,1459.52,Partial,27
PAY403222,C107383,CARD201201,2026-08-27,3458.26,3458.26,Late,13
PAY403223,C106661,CARD205312,2026-05-05,13551.63,13551.63,On Time,0
PAY403224,C108525,CARD207880,2025-10-26,3010.26,3010.26,On Time,0
PAY403225,C109278,CARD205810,2025-07-17,6073.94,6073.94,On Time,0
PAY403226,C106499,CARD205146,2025-03-26,7589.75,7589.75,Late,11
PAY403227,C102187,CARD207565,2025-12-20,2905.78,2905.78,On Time,0
PAY403228,C104591,CARD205106,2025-11-03,11789.51,11789.51,On Time,0
PAY403229,C108790,CARD211261,2025-05-08,9370.74,9370.74,Late,26
PAY403230,C103451,CARD209143,2025-05-09,4159.93,4159.93,Late,25
PAY403231,C108348,CARD208738,2025-03-20,4560.39,4560.39,Late,28
PAY403232,C100461,CARD206411,2025-11-10,4446.04,4446.04,On Time,0
PAY403233,C108761,CARD207380,2025-05-31,10704.53,10704.53,On Time,0
PAY403234,C108548,CARD211847,2026-05-12,1000.0,1000.0,On Time,0
PAY403235,C101808,CARD209138,2025-01-17,5356.0,5356.0,On Time,0
PAY403236,C105482,CARD206482,2026-02-20,9036.85,9036.85,On Time,0
PAY403237,C102832,CARD206222,2025-10-29,8690.06,8690.06,On Time,0
PAY403238,C101634,CARD203159,2025-08-26,7067.03,2239.99,Partial,30
PAY403239,C106213,CARD200489,2026-08-06,5738.5,5738.5,On Time,0
PAY403240,C103975,CARD206913,2026-04-30,17835.74,17835.74,Late,20
PAY403241,C102882,CARD209819,2026-01-08,1750.7,1750.7,On Time,0
PAY403242,C102135,CARD202587,2025-05-07,14532.91,14532.91,On Time,0
PAY403243,C100858,CARD210732,2025-05-09,20580.2,20580.2,On Time,0
PAY403244,C102712,CARD210039,2025-03-02,5342.27,5342.27,On Time,0
PAY403245,C100686,CARD203741,2025-11-09,16246.89,16246.89,Late,8
PAY403246,C100897,CARD203087,2025-06-20,5167.47,5167.47,On Time,0
PAY403247,C109203,CARD207062,2026-04-01,6081.77,6081.77,On Time,0
PAY403248,C103019,CARD208039,2025-03-15,9031.56,9031.56,On Time,0
PAY403249,C105888,CARD200300,2025-09-25,21946.34,21946.34,On Time,0
PAY403250,C109502,CARD207290,2026-04-01,6226.93,6226.93,On Time,0
PAY403251,C101204,CARD209634,2025-06-08,4923.34,4923.34,On Time,0
PAY403252,C104007,CARD201595,2026-04-06,10400.7,10400.7,On Time,0
PAY403253,C104493,CARD209289,2025-01-15,7479.55,7479.55,On Time,0
PAY403254,C107183,CARD211562,2026-03-11,14125.15,14125.15,On Time,0
PAY403255,C109620,CARD208519,2025-03-12,2982.46,2982.46,On Time,0
PAY403256,C100406,CARD208536,2026-05-24,2241.29,2241.29,On Time,0
PAY403257,C105211,CARD204653,2026-08-12,17472.56,17472.56,On Time,0
PAY403258,C106196,CARD202586,2025-11-09,1548.23,1548.23,On Time,0
PAY403259,C107199,CARD211040,2025-10-01,3500.35,3500.35,On Time,0
PAY403260,C102077,CARD200180,2026-08-24,2098.04,2098.04,On Time,0
PAY403261,C103594,CARD207069,2026-03-25,6359.45,2513.58,Partial,29
PAY403262,C109542,CARD200652,2025-06-13,4864.9,4864.9,On Time,0
PAY403263,C105834,CARD202140,2025-12-22,2154.77,2154.77,On Time,0
PAY403264,C104992,CARD201968,2026-01-13,2722.29,2722.29,On Time,0
PAY403265,C100204,CARD207178,2026-05-19,9805.44,9805.44,On Time,0
PAY403266,C101894,CARD210761,2026-02-16,12328.67,12328.67,On Time,0
PAY403267,C103868,CARD205710,2025-10-13,9860.79,9860.79,On Time,0
PAY403268,C104573,CARD201326,2026-07-16,1390.62,1390.62,On Time,0
PAY403269,C102711,CARD204915,2025-09-16,3357.64,3357.64,Late,5
PAY403270,C108139,CARD208123,2025-01-13,5428.78,576.9,Missed,97
PAY403271,C109460,CARD210780,2025-01-12,6460.94,6460.94,Late,6
PAY403272,C104309,CARD200175,2025-07-10,4331.05,2703.52,Partial,38
PAY403273,C100861,CARD208260,2026-03-11,6027.25,4485.14,Partial,45
PAY403274,C104116,CARD203570,2025-10-07,4424.88,4424.88,On Time,0
PAY403275,C106649,CARD207886,2025-08-28,2402.69,2402.69,On Time,0
PAY403276,C108065,CARD207355,2026-04-29,7872.78,7872.78,On Time,0
PAY403277,C108127,CARD208202,2025-05-24,5607.38,5607.38,On Time,0
PAY403278,C103077,CARD208295,2026-07-23,15267.03,15267.03,On Time,0
PAY403279,C103381,CARD211189,2025-09-24,3752.26,3752.26,On Time,0
PAY403280,C105995,CARD209640,2025-09-01,5321.13,5321.13,On Time,0
PAY403281,C103463,CARD200939,2025-06-05,3889.66,3889.66,On Time,0
PAY403282,C107336,CARD203761,2026-08-25,1923.51,1923.51,On Time,0
PAY403283,C100083,CARD204088,2025-01-24,33593.28,33593.28,Late,13
PAY403284,C104581,CARD206050,2025-09-06,15806.51,15806.51,On Time,0
PAY403285,C102678,CARD210840,2026-08-11,3137.48,3137.48,On Time,0
PAY403286,C105980,CARD205411,2025-01-21,10956.59,5230.5,Partial,59
PAY403287,C108945,CARD205448,2025-01-18,6088.59,6088.59,On Time,0
PAY403288,C102984,CARD206315,2026-02-05,3628.5,3628.5,On Time,0
PAY403289,C108981,CARD201999,2025-07-13,2968.05,2968.05,On Time,0
PAY403290,C108066,CARD205722,2026-06-11,7879.63,7879.63,On Time,0
PAY403291,C105741,CARD206590,2026-07-18,6756.05,6756.05,On Time,0
PAY403292,C102049,CARD211126,2026-02-22,4381.81,4381.81,On Time,0
PAY403293,C107322,CARD208580,2025-04-21,17207.64,17207.64,Late,10
PAY403294,C108596,CARD210731,2025-12-03,4829.09,4829.09,On Time,0
PAY403295,C107568,CARD207700,2025-11-21,7471.05,7471.05,On Time,0
PAY403296,C109108,CARD210480,2025-12-10,3391.96,3391.96,On Time,0
PAY403297,C103662,CARD202891,2026-08-19,10775.43,10775.43,On Time,0
PAY403298,C105777,CARD206958,2026-04-04,4643.25,4643.25,Late,28
PAY403299,C109044,CARD211115,2026-06-06,12543.39,12543.39,On Time,0
PAY403300,C108074,CARD209780,2025-05-16,2593.6,2593.6,On Time,0
PAY403301,C101913,CARD200522,2025-08-23,12023.77,12023.77,On Time,0
PAY403302,C100709,CARD202877,2025-11-21,2089.29,2089.29,On Time,0
PAY403303,C103568,CARD209075,2026-01-12,6916.31,3171.07,Partial,44
PAY403304,C108390,CARD204710,2025-07-05,2773.73,1229.19,Partial,47
PAY403305,C108372,CARD206469,2026-08-21,11080.56,11080.56,Late,15
PAY403306,C108270,CARD205975,2026-03-28,9753.06,9753.06,Late,14
PAY403307,C103007,CARD210450,2025-01-23,8780.87,8780.87,Late,5
PAY403308,C107017,CARD202835,2026-07-24,12403.79,12403.79,On Time,0
PAY403309,C109155,CARD204402,2026-08-19,15926.16,997.41,Missed,54
PAY403310,C107406,CARD201360,2026-02-18,2689.16,2689.16,On Time,0
PAY403311,C105219,CARD203594,2026-05-19,2691.02,2691.02,On Time,0
PAY403312,C107580,CARD208736,2026-01-17,7180.15,7180.15,Late,13
PAY403313,C102297,CARD209418,2026-04-17,6979.99,6979.99,On Time,0
PAY403314,C108131,CARD201098,2026-07-29,8962.19,8962.19,On Time,0
PAY403315,C101897,CARD202270,2025-05-26,6636.71,6636.71,On Time,0
PAY403316,C106882,CARD204252,2025-01-15,6148.17,6148.17,On Time,0
PAY403317,C109503,CARD209448,2026-01-30,9700.96,9700.96,Late,4
PAY403318,C104648,CARD210869,2025-05-22,8002.83,8002.83,On Time,0
PAY403319,C109854,CARD211213,2025-11-28,6613.3,6613.3,On Time,0
PAY403320,C101243,CARD203353,2026-02-07,1950.01,1950.01,On Time,0
PAY403321,C108797,CARD201106,2025-03-16,6443.39,6443.39,On Time,0
PAY403322,C100368,CARD208395,2025-10-09,1831.6,1831.6,Late,21
PAY403323,C103963,CARD211646,2025-03-20,27226.98,27226.98,On Time,0
PAY403324,C107982,CARD202253,2025-04-03,3703.43,3703.43,On Time,0
PAY403325,C101003,CARD210430,2025-11-30,6861.88,6861.88,On Time,0
PAY403326,C101544,CARD210181,2025-04-14,7737.31,7737.31,On Time,0
PAY403327,C109348,CARD209349,2025-12-27,4170.37,4170.37,On Time,0
PAY403328,C105165,CARD203605,2025-07-23,8617.82,2724.21,Partial,8
PAY403329,C103510,CARD208217,2025-04-02,4150.28,4150.28,On Time,0
PAY403330,C107324,CARD205638,2025-07-09,2767.99,2767.99,On Time,0
PAY403331,C102296,CARD205741,2025-06-06,8807.3,8807.3,Late,1
PAY403332,C105802,CARD202068,2025-04-04,8506.84,8506.84,On Time,0
PAY403333,C103066,CARD200742,2025-04-08,8875.84,8875.84,On Time,0
PAY403334,C109534,CARD208750,2025-08-08,8144.66,8144.66,On Time,0
PAY403335,C105631,CARD203754,2026-02-14,4280.24,4280.24,On Time,0
PAY403336,C108410,CARD210715,2025-04-09,4123.87,4123.87,On Time,0
PAY403337,C106567,CARD211056,2026-08-18,1210.12,1210.12,On Time,0
PAY403338,C104145,CARD210461,2026-08-30,1907.03,1907.03,On Time,0
PAY403339,C102214,CARD203887,2025-06-17,26947.56,13521.41,Partial,6
PAY403340,C100949,CARD208741,2026-04-02,8652.84,8652.84,On Time,0
PAY403341,C100677,CARD208442,2026-04-03,10863.76,10863.76,On Time,0
PAY403342,C100253,CARD210695,2026-04-04,4998.1,4998.1,On Time,0
PAY403343,C101058,CARD205614,2025-12-01,3842.65,3842.65,On Time,0
PAY403344,C106913,CARD210749,2025-10-07,3008.62,605.17,Partial,55
PAY403345,C102949,CARD202966,2026-01-10,2878.68,2878.68,Late,4
PAY403346,C100875,CARD203063,2025-02-24,8384.28,8384.28,On Time,0
PAY403347,C109592,CARD208396,2025-03-09,6108.63,6108.63,On Time,0
PAY403348,C104303,CARD200144,2026-06-12,5925.97,5925.97,On Time,0
PAY403349,C104049,CARD203108,2026-06-02,4916.37,4916.37,Late,8
PAY403350,C106772,CARD200942,2026-07-17,5315.35,5315.35,On Time,0
PAY403351,C106597,CARD209229,2026-05-27,13519.06,13519.06,On Time,0
PAY403352,C104264,CARD204467,2025-07-24,13296.05,13296.05,On Time,0
PAY403353,C102998,CARD205633,2026-06-09,2404.49,2404.49,On Time,0
PAY403354,C109575,CARD203770,2026-03-23,6008.47,6008.47,Late,17
PAY403355,C102559,CARD209242,2026-06-06,3249.58,3249.58,On Time,0
PAY403356,C107894,CARD207679,2026-08-25,2977.9,2977.9,On Time,0
PAY403357,C103215,CARD206100,2025-04-01,2715.74,2715.74,On Time,0
PAY403358,C100138,CARD201076,2025-08-07,3287.71,97.17,Missed,116
PAY403359,C102886,CARD200668,2025-10-01,2770.48,2770.48,On Time,0
PAY403360,C108878,CARD203374,2026-02-06,5235.41,5235.41,On Time,0
PAY403361,C101762,CARD200493,2026-07-12,7629.25,7629.25,Late,10
PAY403362,C102944,CARD202192,2025-12-11,4693.54,3717.64,Partial,23
PAY403363,C103211,CARD207383,2026-08-23,1517.75,427.21,Partial,19
PAY403364,C105535,CARD206380,2026-06-09,2096.09,154.4,Missed,65
PAY403365,C107489,CARD204904,2025-10-03,15753.58,15753.58,Late,19
PAY403366,C104236,CARD205369,2025-12-22,12554.67,12554.67,On Time,0
PAY403367,C101402,CARD211309,2025-11-01,6972.72,1010.43,Missed,37
PAY403368,C101069,CARD201930,2025-04-03,2090.43,2090.43,On Time,0
PAY403369,C102279,CARD201677,2026-07-28,1423.56,1423.56,On Time,0
PAY403370,C102434,CARD208147,2025-11-09,2860.78,2860.78,On Time,0
PAY403371,C109820,CARD208753,2025-08-27,10486.91,10486.91,On Time,0
PAY403372,C101480,CARD200356,2026-02-04,6137.26,6137.26,Late,26
PAY403373,C100959,CARD207630,2025-05-15,2643.62,2643.62,On Time,0
PAY403374,C101940,CARD203737,2026-02-28,5413.83,5413.83,On Time,0
PAY403375,C107390,CARD206049,2025-04-12,4951.75,4951.75,On Time,0
PAY403376,C108446,CARD211602,2026-03-24,1371.49,317.38,Partial,30
PAY403377,C108550,CARD204217,2025-12-05,6292.19,6292.19,On Time,0
PAY403378,C101370,CARD205005,2025-01-26,4349.28,4349.28,On Time,0
PAY403379,C108009,CARD207427,2026-03-16,13813.41,13813.41,On Time,0
PAY403380,C101336,CARD209206,2026-02-10,6787.87,6787.87,On Time,0
PAY403381,C101210,CARD207795,2025-12-07,7266.08,7266.08,Late,27
PAY403382,C104983,CARD202170,2025-04-05,5471.11,5471.11,Late,27
PAY403383,C105825,CARD209596,2025-03-20,9030.17,9030.17,On Time,0
PAY403384,C108175,CARD201059,2026-03-08,4166.07,4166.07,On Time,0
PAY403385,C100349,CARD210256,2025-03-03,9242.95,9242.95,On Time,0
PAY403386,C105786,CARD206825,2026-07-16,5212.97,5212.97,On Time,0
PAY403387,C105695,CARD207864,2026-05-03,3270.58,3270.58,On Time,0
PAY403388,C104392,CARD208363,2025-04-19,8705.06,4031.89,Partial,19
PAY403389,C102396,CARD202769,2025-12-16,6517.78,6517.78,On Time,0
PAY403390,C103949,CARD208135,2026-07-11,4131.81,4131.81,On Time,0
PAY403391,C105548,CARD209441,2026-05-07,9480.22,9480.22,Late,14
PAY403392,C109898,CARD208689,2025-08-05,14978.15,14978.15,On Time,0
PAY403393,C100934,CARD209510,2025-01-25,9748.57,9748.57,On Time,0
PAY403394,C103868,CARD205710,2026-01-27,6380.47,6380.47,On Time,0
PAY403395,C103118,CARD210242,2026-08-09,3608.98,3608.98,On Time,0
PAY403396,C107765,CARD204507,2026-02-26,3033.72,2047.09,Partial,8
PAY403397,C100294,CARD203872,2025-12-15,8384.44,8384.44,Late,30
PAY403398,C107786,CARD207066,2026-08-20,4402.82,1875.05,Partial,47
PAY403399,C102050,CARD206401,2025-06-10,5014.76,5014.76,On Time,0
PAY403400,C108919,CARD208973,2026-07-05,1066.39,1066.39,On Time,0
PAY403401,C100312,CARD204566,2025-05-22,2482.72,2482.72,On Time,0
PAY403402,C101948,CARD210170,2026-04-01,8257.92,8257.92,On Time,0
PAY403403,C104331,CARD201268,2025-08-31,6833.53,6833.53,On Time,0
PAY403404,C101379,CARD211644,2026-01-17,7949.91,483.61,Missed,54
PAY403405,C103562,CARD209970,2026-05-28,5146.46,5146.46,On Time,0
PAY403406,C100300,CARD203634,2025-10-31,8714.39,8714.39,On Time,0
PAY403407,C106018,CARD205070,2025-01-14,2499.02,2499.02,On Time,0
PAY403408,C109240,CARD202958,2025-08-05,9683.99,9683.99,On Time,0
PAY403409,C105104,CARD205462,2025-08-14,4937.11,4937.11,On Time,0
PAY403410,C100461,CARD206411,2026-05-19,3612.5,166.21,Missed,50
PAY403411,C103914,CARD201689,2026-08-02,4187.89,4187.89,On Time,0
PAY403412,C100364,CARD209812,2025-04-20,11426.77,11426.77,On Time,0
PAY403413,C100856,CARD204670,2025-05-30,1281.38,1281.38,On Time,0
PAY403414,C106499,CARD200152,2025-02-24,9198.44,9198.44,On Time,0
PAY403415,C107958,CARD209361,2025-09-21,6232.66,6232.66,On Time,0
PAY403416,C106597,CARD209229,2025-05-02,2039.91,2039.91,On Time,0
PAY403417,C108754,CARD206705,2025-03-05,4052.15,219.16,Missed,70
PAY403418,C100114,CARD200110,2025-12-05,3884.0,3884.0,On Time,0
PAY403419,C100519,CARD209741,2025-09-28,8798.53,8798.53,Late,18
PAY403420,C107406,CARD201360,2025-10-20,11501.36,11501.36,On Time,0
PAY403421,C103028,CARD209707,2026-07-17,11233.73,11233.73,On Time,0
PAY403422,C108160,CARD210601,2025-04-15,4769.98,4769.98,On Time,0
PAY403423,C106131,CARD208552,2025-12-28,8370.41,6943.46,Partial,11
PAY403424,C102560,CARD205620,2025-02-10,10593.23,10593.23,On Time,0
PAY403425,C100533,CARD206717,2026-06-22,2447.41,2447.41,Late,27
PAY403426,C102442,CARD209852,2026-07-09,9178.38,9178.38,On Time,0
PAY403427,C105179,CARD211815,2025-02-26,2994.03,2994.03,On Time,0
PAY403428,C107982,CARD202253,2026-02-06,7339.84,7339.84,On Time,0
PAY403429,C102039,CARD207147,2026-04-08,5170.86,5170.86,On Time,0
PAY403430,C107925,CARD211596,2025-10-23,4475.62,4475.62,Late,6
PAY403431,C105539,CARD210783,2026-02-13,6939.91,6939.91,On Time,0
PAY403432,C105459,CARD206658,2025-10-29,26677.42,26677.42,On Time,0
PAY403433,C101858,CARD201571,2026-07-08,9172.62,9172.62,On Time,0
PAY403434,C108649,CARD200089,2025-07-16,11707.69,11707.69,On Time,0
PAY403435,C101161,CARD200464,2026-04-08,2732.63,2732.63,On Time,0
PAY403436,C102629,CARD205488,2026-02-24,5845.07,5845.07,On Time,0
PAY403437,C107623,CARD201859,2025-08-25,9309.43,9309.43,Late,26
PAY403438,C100888,CARD207090,2026-04-07,2202.21,2202.21,On Time,0
PAY403439,C100767,CARD207660,2025-09-13,8176.67,8176.67,On Time,0
PAY403440,C102387,CARD209989,2026-02-14,2900.95,2900.95,On Time,0
PAY403441,C104704,CARD207275,2025-02-06,10832.01,10832.01,On Time,0
PAY403442,C109324,CARD207939,2026-02-15,16371.41,16371.41,On Time,0
PAY403443,C108954,CARD206784,2025-03-21,4022.12,4022.12,On Time,0
PAY403444,C100423,CARD200207,2025-08-14,3602.99,3602.99,Late,15
PAY403445,C108762,CARD205503,2025-02-09,5956.35,5956.35,On Time,0
PAY403446,C109226,CARD204584,2025-07-14,5684.97,5684.97,On Time,0
PAY403447,C107171,CARD207252,2025-01-16,8508.1,8508.1,On Time,0
PAY403448,C100880,CARD205318,2025-12-01,12258.98,12258.98,On Time,0
PAY403449,C105602,CARD201328,2026-05-26,5374.96,263.56,Missed,120
PAY403450,C106817,CARD209439,2026-08-21,10021.38,10021.38,On Time,0
PAY403451,C107157,CARD204334,2026-03-30,12026.64,12026.64,On Time,0
PAY403452,C109488,CARD204548,2025-12-11,1758.98,1758.98,On Time,0
PAY403453,C107741,CARD210448,2025-01-16,5617.01,5617.01,Late,27
PAY403454,C107144,CARD211103,2025-06-19,11808.47,11808.47,On Time,0
PAY403455,C105947,CARD205328,2025-03-11,3522.37,3522.37,On Time,0
PAY403456,C103110,CARD211669,2025-10-22,16009.96,9199.79,Partial,19
PAY403457,C101857,CARD203845,2025-08-05,2513.18,2513.18,On Time,0
PAY403458,C104732,CARD207185,2026-01-10,5353.96,5353.96,On Time,0
PAY403459,C104658,CARD211211,2026-08-03,11894.96,3072.16,Partial,42
PAY403460,C101453,CARD210456,2025-03-08,3282.88,3282.88,On Time,0
PAY403461,C107283,CARD205815,2026-03-17,6229.25,6229.25,On Time,0
PAY403462,C107332,CARD204385,2025-12-24,8115.3,8115.3,On Time,0
PAY403463,C101090,CARD211128,2025-10-14,13247.03,13247.03,On Time,0
PAY403464,C106896,CARD201517,2026-02-28,18072.56,18072.56,On Time,0
PAY403465,C100047,CARD208530,2025-11-18,1000.0,497.8,Partial,43
PAY403466,C101288,CARD201036,2025-08-09,19470.76,19470.76,On Time,0
PAY403467,C100323,CARD211698,2026-06-15,2146.86,2146.86,On Time,0
PAY403468,C108513,CARD205124,2025-11-21,10087.56,739.74,Missed,71
PAY403469,C102708,CARD209998,2025-10-06,5516.48,5516.48,On Time,0
PAY403470,C106123,CARD200986,2026-08-01,4051.04,1565.17,Partial,41
PAY403471,C104331,CARD201268,2026-06-19,8289.1,8289.1,On Time,0
PAY403472,C106569,CARD205528,2026-06-11,4989.44,4989.44,On Time,0
PAY403473,C102766,CARD200447,2025-06-26,12993.66,12993.66,On Time,0
PAY403474,C109338,CARD201021,2026-06-09,19101.23,19101.23,On Time,0
PAY403475,C109647,CARD200480,2026-01-20,5719.83,5719.83,On Time,0
PAY403476,C106297,CARD203988,2025-03-06,6632.73,6632.73,On Time,0
PAY403477,C100283,CARD206038,2025-11-08,4803.24,4803.24,On Time,0
PAY403478,C102863,CARD206561,2025-08-10,21044.82,21044.82,On Time,0
PAY403479,C106395,CARD205455,2026-04-29,25030.56,25030.56,On Time,0
PAY403480,C100145,CARD211866,2025-09-08,6810.92,6810.92,Late,28
PAY403481,C104336,CARD200106,2026-01-23,3971.54,3971.54,Late,29
PAY403482,C102642,CARD209300,2025-07-26,11923.45,11923.45,On Time,0
PAY403483,C101882,CARD205310,2025-09-16,8105.9,8105.9,On Time,0
PAY403484,C100593,CARD208046,2025-03-02,11156.26,976.68,Missed,53
PAY403485,C101562,CARD209577,2026-07-28,3883.2,3883.2,Late,23
PAY403486,C104273,CARD209878,2025-05-25,4830.54,4830.54,On Time,0
PAY403487,C103371,CARD201015,2025-10-02,6405.01,6405.01,On Time,0
PAY403488,C105450,CARD203457,2026-06-03,5924.47,5924.47,On Time,0
PAY403489,C107287,CARD207591,2026-02-17,11660.29,11660.29,Late,30
PAY403490,C107016,CARD201906,2025-04-20,2444.11,2444.11,Late,5
PAY403491,C108845,CARD201004,2025-06-26,3769.34,3769.34,On Time,0
PAY403492,C103123,CARD203684,2025-07-10,5509.07,5509.07,On Time,0
PAY403493,C104062,CARD207823,2025-04-28,13811.15,1060.79,Missed,46
PAY403494,C107607,CARD205622,2025-08-04,3578.92,3578.92,On Time,0
PAY403495,C108465,CARD206381,2025-12-11,1369.67,1369.67,On Time,0
PAY403496,C106236,CARD203160,2026-03-25,6439.73,6439.73,On Time,0
PAY403497,C103553,CARD206426,2025-08-22,5269.75,2063.23,Partial,3
PAY403498,C100302,CARD205591,2026-03-02,3910.89,3910.89,On Time,0
PAY403499,C100416,CARD203422,2025-12-10,2975.58,2975.58,Late,8
PAY403500,C100825,CARD203597,2026-06-03,14518.55,14518.55,On Time,0
PAY403501,C106842,CARD209549,2025-06-26,14804.46,14804.46,On Time,0
PAY403502,C100489,CARD201287,2025-11-17,2456.1,2456.1,On Time,0
PAY403503,C100675,CARD205079,2025-05-27,13321.97,13321.97,On Time,0
PAY403504,C109885,CARD210056,2026-05-05,3584.0,3584.0,On Time,0
PAY403505,C104245,CARD209609,2025-12-25,5221.86,5221.86,On Time,0
PAY403506,C109444,CARD210588,2025-07-10,4960.56,4960.56,On Time,0
PAY403507,C109379,CARD211877,2025-12-04,5478.85,5478.85,On Time,0
PAY403508,C104527,CARD204801,2026-07-05,25454.17,25454.17,On Time,0
PAY403509,C105846,CARD210030,2026-01-07,2023.39,2023.39,Late,17
PAY403510,C105224,CARD200653,2025-06-08,5647.17,5647.17,On Time,0
PAY403511,C104037,CARD203765,2025-12-04,4688.22,4688.22,On Time,0
PAY403512,C101620,CARD200264,2025-03-20,3683.07,3683.07,Late,4
PAY403513,C105102,CARD201754,2025-12-25,6036.78,6036.78,On Time,0
PAY403514,C101360,CARD208760,2025-09-08,10068.89,10068.89,On Time,0
PAY403515,C105388,CARD209248,2025-01-31,4085.18,4085.18,On Time,0
PAY403516,C104089,CARD200780,2025-02-01,1776.72,1776.72,On Time,0
PAY403517,C106621,CARD204929,2026-07-30,4086.03,4086.03,On Time,0
PAY403518,C103781,CARD203061,2026-08-07,6280.75,6280.75,On Time,0
PAY403519,C104293,CARD203250,2025-06-17,12487.42,12487.42,Late,16
PAY403520,C103822,CARD207545,2026-08-30,14197.59,14197.59,On Time,0
PAY403521,C105601,CARD201412,2026-01-15,5176.62,5176.62,On Time,0
PAY403522,C103351,CARD211178,2026-01-01,3939.63,3939.63,On Time,0
PAY403523,C100527,CARD209765,2025-12-13,4770.17,4770.17,On Time,0
PAY403524,C106103,CARD200254,2025-12-20,3599.21,3599.21,Late,29
PAY403525,C105773,CARD205185,2026-04-22,3868.83,3868.83,On Time,0
PAY403526,C101461,CARD209583,2026-06-27,6535.11,6535.11,On Time,0
PAY403527,C106884,CARD205361,2025-03-29,2756.1,2756.1,Late,9
PAY403528,C102048,CARD209795,2026-05-22,9670.07,9670.07,On Time,0
PAY403529,C100689,CARD211626,2025-10-13,6601.49,6601.49,On Time,0
PAY403530,C102711,CARD204915,2026-06-11,7939.38,7939.38,Late,20
PAY403531,C109196,CARD204316,2025-05-05,6427.88,6427.88,Late,14
PAY403532,C101878,CARD207872,2026-03-18,2529.51,2529.51,On Time,0
PAY403533,C102690,CARD205211,2026-07-17,5599.02,5599.02,Late,9
PAY403534,C102223,CARD209417,2026-01-05,4377.13,4377.13,On Time,0
PAY403535,C105205,CARD207530,2026-06-21,2583.8,2583.8,On Time,0
PAY403536,C101427,CARD208763,2026-06-20,3640.96,3640.96,On Time,0
PAY403537,C102343,CARD202342,2025-08-29,8110.85,8110.85,On Time,0
PAY403538,C101227,CARD200679,2025-07-12,8854.48,8854.48,On Time,0
PAY403539,C100380,CARD205496,2025-11-29,16383.43,16383.43,Late,25
PAY403540,C108405,CARD209668,2026-05-14,10157.14,10157.14,On Time,0
PAY403541,C109477,CARD210992,2025-03-04,5557.8,5557.8,On Time,0
PAY403542,C100788,CARD208732,2026-02-18,30435.3,30435.3,Late,22
PAY403543,C105247,CARD211703,2025-03-14,6419.69,6419.69,On Time,0
PAY403544,C107701,CARD200475,2025-04-15,7318.66,7318.66,Late,8
PAY403545,C108935,CARD210080,2025-12-29,4796.58,4796.58,On Time,0
PAY403546,C106498,CARD201551,2026-06-17,11051.51,11051.51,On Time,0
PAY403547,C106363,CARD204899,2025-08-28,1643.46,198.29,Missed,75
PAY403548,C104938,CARD208314,2025-12-19,3262.76,3262.76,On Time,0
PAY403549,C102815,CARD202201,2026-05-22,4987.47,4987.47,On Time,0
PAY403550,C108110,CARD208017,2025-07-31,3959.38,3959.38,On Time,0
PAY403551,C107128,CARD204847,2025-01-29,2748.48,2748.48,Late,14
PAY403552,C104468,CARD202059,2025-06-10,11786.34,11786.34,On Time,0
PAY403553,C104492,CARD205667,2026-01-19,4194.25,4194.25,On Time,0
PAY403554,C104972,CARD200253,2026-04-16,4340.59,4340.59,On Time,0
PAY403555,C105143,CARD211951,2026-02-12,22247.02,22247.02,On Time,0
PAY403556,C106962,CARD200865,2026-06-22,14714.18,6929.64,Partial,56
PAY403557,C103893,CARD207995,2026-07-12,13040.93,5168.19,Partial,5
PAY403558,C108150,CARD201776,2025-01-04,10141.33,10141.33,On Time,0
PAY403559,C100819,CARD200760,2025-04-15,18465.94,3852.41,Partial,9
PAY403560,C100334,CARD205942,2025-02-09,13004.66,13004.66,On Time,0
PAY403561,C101579,CARD203598,2026-04-03,17483.03,5998.22,Partial,29
PAY403562,C102508,CARD205232,2025-12-10,1642.15,1642.15,On Time,0
PAY403563,C107100,CARD208799,2026-01-31,6185.14,6185.14,On Time,0
PAY403564,C101627,CARD204155,2026-08-17,1849.94,1849.94,On Time,0
PAY403565,C100483,CARD206408,2026-08-01,5813.85,5813.85,Late,6
PAY403566,C103918,CARD200540,2026-07-06,26057.07,26057.07,On Time,0
PAY403567,C106617,CARD206675,2026-04-05,5764.34,5764.34,Late,22
PAY403568,C104443,CARD211504,2025-09-01,12581.25,12581.25,On Time,0
PAY403569,C102748,CARD204322,2026-04-30,2035.78,2035.78,On Time,0
PAY403570,C101534,CARD206984,2025-08-29,9751.89,9751.89,Late,8
PAY403571,C101434,CARD210932,2026-06-16,8526.64,8526.64,Late,27
PAY403572,C105838,CARD204544,2025-07-24,3911.97,3911.97,On Time,0
PAY403573,C105360,CARD200766,2026-05-29,5053.79,5053.79,On Time,0
PAY403574,C104461,CARD203541,2025-11-08,7511.16,7511.16,On Time,0
PAY403575,C107758,CARD203222,2026-06-17,15480.28,15480.28,On Time,0
PAY403576,C103785,CARD201887,2026-08-06,3466.32,3466.32,On Time,0
PAY403577,C102704,CARD208831,2025-08-23,3795.26,3795.26,On Time,0
PAY403578,C109353,CARD210106,2025-09-08,6346.02,6346.02,On Time,0
PAY403579,C100880,CARD205318,2025-05-04,5608.83,5608.83,On Time,0
PAY403580,C102110,CARD207665,2026-06-27,3544.59,1066.35,Partial,54
PAY403581,C108728,CARD206677,2025-01-27,17084.55,17084.55,On Time,0
PAY403582,C105411,CARD201388,2026-02-11,3075.87,3075.87,Late,21
PAY403583,C108935,CARD210080,2026-02-22,5728.05,3354.26,Partial,18
PAY403584,C105471,CARD207840,2025-12-12,4820.64,4820.64,On Time,0
PAY403585,C101509,CARD202235,2025-10-10,6156.53,6156.53,On Time,0
PAY403586,C108448,CARD202429,2026-02-06,6879.06,6879.06,On Time,0
PAY403587,C101232,CARD205577,2026-06-20,5034.74,5034.74,On Time,0
PAY403588,C108945,CARD205448,2025-11-20,5212.83,5212.83,Late,6
PAY403589,C107440,CARD208380,2025-10-02,9185.85,9185.85,Late,14
PAY403590,C101154,CARD205963,2025-04-23,3529.51,237.58,Missed,87
PAY403591,C100791,CARD201942,2025-10-31,3147.6,3147.6,Late,14
PAY403592,C104171,CARD200849,2026-06-27,3229.7,3229.7,On Time,0
PAY403593,C103278,CARD201398,2025-08-15,7970.48,7970.48,On Time,0
PAY403594,C109665,CARD202430,2026-07-10,2880.55,2880.55,On Time,0
PAY403595,C103286,CARD210661,2026-04-10,7121.81,7121.81,On Time,0
PAY403596,C106467,CARD201037,2026-05-18,3506.99,825.3,Partial,47
PAY403597,C100884,CARD200735,2025-05-29,3368.98,3368.98,On Time,0
PAY403598,C102551,CARD210207,2025-02-10,7101.3,7101.3,On Time,0
PAY403599,C102540,CARD208848,2025-12-09,4375.66,4375.66,On Time,0
PAY403600,C105577,CARD201446,2025-05-24,17833.81,17833.81,On Time,0
PAY403601,C105331,CARD202161,2026-04-24,8253.93,8253.93,Late,19
PAY403602,C109856,CARD209837,2025-01-23,5106.29,5106.29,On Time,0
PAY403603,C102444,CARD210858,2025-12-03,4755.98,4755.98,On Time,0
PAY403604,C108073,CARD201749,2025-09-04,7355.61,7355.61,On Time,0
PAY403605,C101493,CARD204464,2026-03-05,15301.67,15301.67,On Time,0
PAY403606,C106737,CARD206430,2026-04-22,10855.8,10855.8,On Time,0
PAY403607,C108968,CARD207675,2025-06-21,4978.18,125.66,Missed,81
PAY403608,C109508,CARD210070,2026-03-07,4536.29,4536.29,On Time,0
PAY403609,C108746,CARD209269,2026-05-24,5367.24,5367.24,On Time,0
PAY403610,C108356,CARD210930,2025-03-28,7754.95,4346.88,Partial,5
PAY403611,C106101,CARD204121,2025-12-29,4197.42,4197.42,On Time,0
PAY403612,C109997,CARD203331,2026-02-26,2886.27,2435.96,Partial,3
PAY403613,C105941,CARD202990,2025-05-18,7107.03,7107.03,On Time,0
PAY403614,C106884,CARD205361,2025-12-16,5159.86,5159.86,On Time,0
PAY403615,C103337,CARD206801,2026-07-05,12761.05,12761.05,Late,30
PAY403616,C106449,CARD209132,2025-09-15,7425.74,7425.74,On Time,0
PAY403617,C104392,CARD208363,2025-10-23,12935.69,9173.92,Partial,16
PAY403618,C107961,CARD201008,2026-04-05,1854.58,1854.58,Late,13
PAY403619,C108244,CARD211085,2025-01-09,3754.25,3754.25,On Time,0
PAY403620,C104685,CARD200498,2026-03-12,3238.74,3238.74,On Time,0
PAY403621,C108509,CARD201187,2025-11-11,3489.17,3489.17,On Time,0
PAY403622,C108260,CARD206685,2025-07-24,2939.68,2939.68,On Time,0
PAY403623,C108119,CARD202682,2025-04-13,2731.41,2731.41,On Time,0
PAY403624,C106715,CARD201959,2026-07-03,18856.94,18856.94,On Time,0
PAY403625,C106067,CARD206136,2025-10-04,8099.6,8099.6,On Time,0
PAY403626,C109356,CARD203224,2025-06-03,5818.62,5818.62,On Time,0
PAY403627,C102425,CARD208893,2026-01-06,8523.6,8523.6,On Time,0
PAY403628,C109146,CARD206387,2025-03-25,7026.06,7026.06,Late,24
PAY403629,C101461,CARD201637,2025-03-11,2951.64,2951.64,On Time,0
PAY403630,C101902,CARD206477,2025-11-30,7254.91,7254.91,On Time,0
PAY403631,C101811,CARD211980,2026-06-12,3836.97,3836.97,On Time,0
PAY403632,C108413,CARD201167,2025-07-27,4060.63,4060.63,On Time,0
PAY403633,C109044,CARD211115,2025-05-03,4396.18,4396.18,On Time,0
PAY403634,C105872,CARD207480,2026-08-27,9395.74,9395.74,Late,10
PAY403635,C102423,CARD211907,2026-06-16,1468.58,1468.58,On Time,0
PAY403636,C101578,CARD202955,2026-02-16,5463.29,5463.29,On Time,0
PAY403637,C108237,CARD203472,2025-03-12,2517.78,2517.78,On Time,0
PAY403638,C104194,CARD207372,2026-07-06,22094.11,22094.11,Late,30
PAY403639,C109481,CARD201369,2025-11-08,7442.95,5151.85,Partial,35
PAY403640,C109151,CARD209869,2025-03-07,7517.67,7517.67,On Time,0
PAY403641,C105018,CARD202817,2025-09-20,9178.2,9178.2,On Time,0
PAY403642,C109498,CARD206800,2025-06-07,4989.64,4989.64,On Time,0
PAY403643,C106151,CARD203792,2026-01-08,1843.99,1843.99,Late,11
PAY403644,C100400,CARD210028,2025-01-17,12363.35,10383.28,Partial,16
PAY403645,C108938,CARD202395,2026-02-16,11714.89,11714.89,On Time,0
PAY403646,C107961,CARD201008,2026-01-24,5697.79,5697.79,On Time,0
PAY403647,C100437,CARD200067,2025-03-21,4088.65,4088.65,On Time,0
PAY403648,C102359,CARD205683,2026-01-19,26475.13,26475.13,On Time,0
PAY403649,C109518,CARD202354,2025-07-23,3732.88,3732.88,Late,1
PAY403650,C100241,CARD201681,2025-06-02,2837.52,2837.52,On Time,0
PAY403651,C102444,CARD210858,2026-04-24,6182.65,6182.65,On Time,0
PAY403652,C108432,CARD208518,2026-07-20,5148.72,5148.72,On Time,0
PAY403653,C108064,CARD207938,2025-05-17,6320.28,6320.28,Late,7
PAY403654,C106728,CARD205672,2025-02-01,4837.88,4837.88,Late,14
PAY403655,C100332,CARD200178,2025-06-22,3574.57,3574.57,On Time,0
PAY403656,C106248,CARD204073,2026-08-09,5490.32,5490.32,On Time,0
PAY403657,C100777,CARD210447,2026-07-02,5892.83,5892.83,On Time,0
PAY403658,C100627,CARD211967,2025-09-12,10070.56,10070.56,On Time,0
PAY403659,C103148,CARD203647,2026-02-23,5573.97,5573.97,On Time,0
PAY403660,C105434,CARD207752,2025-07-22,9432.23,9432.23,On Time,0
PAY403661,C104996,CARD204097,2025-05-27,5331.51,5331.51,On Time,0
PAY403662,C108888,CARD204771,2026-02-24,2131.21,1742.17,Partial,25
PAY403663,C101717,CARD210575,2026-08-23,4382.61,4382.61,On Time,0
PAY403664,C100673,CARD203397,2025-09-03,11745.43,11745.43,On Time,0
PAY403665,C108463,CARD202580,2025-05-24,5923.3,5923.3,On Time,0
PAY403666,C100970,CARD207527,2025-08-23,18662.34,18662.34,On Time,0
PAY403667,C104903,CARD202563,2026-08-05,11578.86,11578.86,On Time,0
PAY403668,C101302,CARD205571,2025-02-03,2520.54,2520.54,On Time,0
PAY403669,C104854,CARD211385,2025-09-24,7116.97,7116.97,On Time,0
PAY403670,C101958,CARD205687,2025-05-14,14084.06,14084.06,Late,27
PAY403671,C106948,CARD202024,2025-06-03,15177.8,15177.8,On Time,0
PAY403672,C100235,CARD204758,2025-03-24,20883.53,20883.53,On Time,0
PAY403673,C105349,CARD210760,2025-08-06,4496.52,4496.52,Late,30
PAY403674,C102210,CARD209921,2026-01-15,7215.95,7215.95,On Time,0
PAY403675,C100669,CARD207859,2026-07-21,17520.79,17520.79,Late,4
PAY403676,C107432,CARD206349,2026-01-17,9669.95,9669.95,On Time,0
PAY403677,C107282,CARD201948,2025-02-16,3319.61,3319.61,On Time,0
PAY403678,C102389,CARD208403,2025-04-29,5489.69,4284.08,Partial,30
PAY403679,C106061,CARD200945,2025-04-27,11971.4,11971.4,On Time,0
PAY403680,C106848,CARD204270,2025-02-27,6820.06,358.77,Missed,44
PAY403681,C101478,CARD201337,2026-07-20,2650.23,2650.23,On Time,0
PAY403682,C103876,CARD202130,2025-02-02,5676.95,786.67,Missed,89
PAY403683,C106694,CARD203180,2025-08-04,4277.15,4277.15,On Time,0
PAY403684,C101972,CARD200706,2026-02-14,2894.54,2894.54,On Time,0
PAY403685,C103698,CARD203107,2025-01-23,7776.62,7776.62,Late,21
PAY403686,C101198,CARD206527,2026-08-11,2305.76,192.25,Missed,56
PAY403687,C109288,CARD202289,2026-01-30,10258.7,10258.7,Late,30
PAY403688,C103417,CARD201761,2026-02-14,4176.43,1227.49,Partial,31
PAY403689,C107936,CARD201489,2026-05-11,3340.26,3340.26,On Time,0
PAY403690,C107806,CARD204748,2025-09-09,2292.37,2292.37,On Time,0
PAY403691,C104526,CARD203903,2026-05-01,7297.79,7297.79,On Time,0
PAY403692,C107355,CARD201569,2025-10-10,5888.31,5888.31,On Time,0
PAY403693,C103707,CARD210339,2025-11-06,5278.69,5278.69,Late,9
PAY403694,C103086,CARD201598,2025-11-04,22440.81,22440.81,On Time,0
PAY403695,C106283,CARD204331,2026-03-13,2969.22,2969.22,Late,8
PAY403696,C101255,CARD203667,2026-02-16,5708.59,2127.5,Partial,8
PAY403697,C107005,CARD211786,2026-05-03,1698.8,1698.8,On Time,0
PAY403698,C107182,CARD202299,2026-02-02,5436.4,5436.4,Late,12
PAY403699,C109429,CARD211302,2026-06-07,6192.73,6192.73,On Time,0
PAY403700,C103088,CARD205598,2025-04-26,9916.25,9916.25,On Time,0
PAY403701,C100320,CARD201420,2026-01-18,16721.68,16721.68,On Time,0
PAY403702,C101010,CARD210281,2025-06-06,37319.25,37319.25,On Time,0
PAY403703,C108789,CARD211003,2026-07-11,7724.29,7724.29,On Time,0
PAY403704,C105726,CARD209431,2026-02-08,9837.8,444.13,Missed,42
PAY403705,C102651,CARD208035,2025-06-01,6822.23,6822.23,On Time,0
PAY403706,C101650,CARD205970,2025-10-06,14879.52,14879.52,On Time,0
PAY403707,C108903,CARD211734,2026-04-22,5315.54,5315.54,On Time,0
PAY403708,C103534,CARD210441,2025-07-26,4810.82,4810.82,On Time,0
PAY403709,C103618,CARD200539,2026-08-01,2611.46,2611.46,On Time,0
PAY403710,C107887,CARD203176,2025-02-12,4930.96,306.45,Missed,52
PAY403711,C102779,CARD209520,2025-02-04,15035.45,15035.45,Late,27
PAY403712,C106776,CARD201987,2025-03-30,4150.63,4150.63,On Time,0
PAY403713,C109270,CARD202593,2025-12-16,6999.04,6999.04,On Time,0
PAY403714,C104733,CARD206149,2026-06-07,1975.22,1975.22,On Time,0
PAY403715,C109475,CARD211014,2025-12-14,5312.39,5312.39,On Time,0
PAY403716,C103997,CARD200440,2025-10-10,15632.32,15632.32,Late,15
PAY403717,C103210,CARD204080,2025-07-17,14361.7,14361.7,On Time,0
PAY403718,C105922,CARD206184,2025-01-25,8954.1,8954.1,On Time,0
PAY403719,C104199,CARD210105,2025-05-07,5034.5,5034.5,On Time,0
PAY403720,C100791,CARD201942,2025-08-28,5031.86,2877.61,Partial,53
PAY403721,C100383,CARD211577,2025-06-01,1365.02,1365.02,On Time,0
PAY403722,C109581,CARD205347,2025-07-04,2597.49,1021.1,Partial,60
PAY403723,C108524,CARD202479,2025-05-14,7275.58,7275.58,On Time,0
PAY403724,C100978,CARD209939,2025-02-04,4016.35,4016.35,On Time,0
PAY403725,C108992,CARD211987,2026-08-23,2586.94,57.24,Missed,108
PAY403726,C109429,CARD211302,2025-11-18,1604.56,1604.56,On Time,0
PAY403727,C104515,CARD211308,2026-07-14,3968.08,3968.08,On Time,0
PAY403728,C100927,CARD205257,2025-01-15,2518.49,2518.49,On Time,0
PAY403729,C104358,CARD202341,2025-11-13,8081.62,8081.62,On Time,0
PAY403730,C106540,CARD208511,2026-02-07,17206.18,17206.18,On Time,0
PAY403731,C104917,CARD203497,2026-08-02,10654.25,10654.25,Late,3
PAY403732,C102402,CARD201282,2026-07-31,4476.47,4476.47,On Time,0
PAY403733,C104459,CARD209917,2025-12-08,7747.75,7747.75,Late,7
PAY403734,C104703,CARD203283,2025-01-06,1977.68,1977.68,On Time,0
PAY403735,C105947,CARD205328,2025-04-15,2375.23,2375.23,On Time,0
PAY403736,C105873,CARD205501,2025-05-03,7669.37,7669.37,On Time,0
PAY403737,C106504,CARD211143,2026-05-02,6275.26,6275.26,On Time,0
PAY403738,C109097,CARD204988,2026-05-08,6507.28,6507.28,Late,19
PAY403739,C101044,CARD205093,2026-02-10,9717.4,9717.4,On Time,0
PAY403740,C108974,CARD206319,2026-07-18,12040.8,4955.91,Partial,19
PAY403741,C107895,CARD202251,2026-05-14,5687.03,5687.03,On Time,0
PAY403742,C105660,CARD201576,2026-06-26,5357.32,5357.32,On Time,0
PAY403743,C103039,CARD203313,2025-09-12,13944.81,13944.81,On Time,0
PAY403744,C104422,CARD206001,2026-03-06,6031.81,6031.81,On Time,0
PAY403745,C102739,CARD202152,2025-08-27,15954.75,1897.55,Missed,90
PAY403746,C107965,CARD200592,2026-02-21,3734.48,3734.48,On Time,0
PAY403747,C104184,CARD203966,2025-12-25,3524.63,3524.63,Late,7
PAY403748,C103143,CARD206515,2025-08-13,6331.25,6331.25,On Time,0
PAY403749,C109021,CARD210547,2025-07-22,14924.73,14924.73,On Time,0
PAY403750,C100991,CARD201238,2025-03-15,11861.62,11861.62,On Time,0
PAY403751,C101687,CARD201671,2026-03-15,27150.21,27150.21,On Time,0
PAY403752,C101540,CARD208541,2026-03-31,1636.64,1636.64,On Time,0
PAY403753,C101641,CARD200485,2026-04-18,7948.01,7948.01,On Time,0
PAY403754,C109720,CARD205493,2026-03-06,3659.66,3659.66,On Time,0
PAY403755,C103478,CARD200452,2025-01-14,10500.7,10500.7,On Time,0
PAY403756,C100739,CARD203062,2026-02-09,8819.68,8819.68,On Time,0
PAY403757,C109360,CARD202675,2025-07-08,6106.36,6106.36,On Time,0
PAY403758,C106121,CARD210235,2025-05-02,1636.06,1060.16,Partial,54
PAY403759,C104343,CARD206493,2025-04-12,17626.07,17626.07,Late,15
PAY403760,C103372,CARD203565,2026-05-01,3472.62,3472.62,On Time,0
PAY403761,C101839,CARD205419,2026-02-04,4074.56,4074.56,On Time,0
PAY403762,C109215,CARD211197,2025-02-26,10797.74,10797.74,On Time,0
PAY403763,C100589,CARD203621,2025-12-07,8425.19,8425.19,On Time,0
PAY403764,C108879,CARD201348,2025-04-12,5963.64,2338.62,Partial,21
PAY403765,C100128,CARD204489,2025-11-10,8006.64,8006.64,On Time,0
PAY403766,C106148,CARD209462,2025-11-20,3643.56,3643.56,On Time,0
PAY403767,C108894,CARD203591,2026-03-07,4793.44,4793.44,On Time,0
PAY403768,C107084,CARD205846,2026-03-08,8670.34,8670.34,On Time,0
PAY403769,C108821,CARD210457,2026-05-07,5065.57,5065.57,Late,4
PAY403770,C103608,CARD200746,2026-03-07,10876.45,10876.45,On Time,0
PAY403771,C106800,CARD207570,2025-03-22,10785.23,10785.23,On Time,0
PAY403772,C103157,CARD208675,2025-02-16,3735.15,3735.15,On Time,0
PAY403773,C107834,CARD207635,2026-03-01,2484.04,2484.04,Late,18
PAY403774,C106286,CARD209658,2025-07-02,8632.32,8632.32,On Time,0
PAY403775,C102543,CARD211998,2025-02-13,4165.8,4165.8,On Time,0
PAY403776,C102458,CARD201972,2025-12-18,6295.91,6295.91,On Time,0
PAY403777,C103583,CARD201198,2025-12-01,16536.85,16536.85,On Time,0
PAY403778,C105261,CARD203929,2025-08-21,8565.64,8565.64,On Time,0
PAY403779,C108968,CARD211923,2026-06-27,7465.1,7465.1,On Time,0
PAY403780,C106850,CARD202320,2026-06-19,10503.78,10503.78,On Time,0
PAY403781,C106789,CARD203563,2025-04-15,12943.12,12943.12,On Time,0
PAY403782,C101913,CARD200522,2025-12-27,10168.3,10168.3,Late,11
PAY403783,C104753,CARD202898,2026-08-09,5924.84,5924.84,Late,15
PAY403784,C106437,CARD211864,2026-03-30,5102.84,5102.84,On Time,0
PAY403785,C102369,CARD200301,2025-01-06,2567.99,2567.99,On Time,0
PAY403786,C107996,CARD209171,2025-08-08,12473.13,12473.13,On Time,0
PAY403787,C101048,CARD205842,2025-06-15,5516.21,188.77,Missed,97
PAY403788,C104031,CARD204541,2026-05-12,7969.78,7969.78,On Time,0
PAY403789,C107606,CARD207592,2025-11-17,2827.6,2827.6,On Time,0
PAY403790,C101945,CARD208919,2026-04-04,10280.14,10280.14,On Time,0
PAY403791,C100277,CARD208018,2026-08-05,9945.83,9945.83,Late,17
PAY403792,C105747,CARD204167,2025-04-27,6943.65,6943.65,On Time,0
PAY403793,C101320,CARD202650,2026-07-13,7404.07,7404.07,Late,10
PAY403794,C108367,CARD200056,2025-05-26,7700.36,2606.6,Partial,54
PAY403795,C101655,CARD210467,2026-01-20,8831.27,8831.27,On Time,0
PAY403796,C107316,CARD204925,2026-07-17,6963.11,6963.11,On Time,0
PAY403797,C102418,CARD206900,2026-04-04,5296.82,5296.82,On Time,0
PAY403798,C106041,CARD204302,2025-11-19,6115.24,6115.24,On Time,0
PAY403799,C103575,CARD210308,2026-01-17,2570.73,2570.73,Late,6
PAY403800,C100817,CARD206967,2026-06-18,6475.13,6475.13,On Time,0
PAY403801,C102750,CARD201367,2025-11-08,9337.25,9337.25,Late,8
PAY403802,C102558,CARD210510,2025-09-25,5867.35,5867.35,On Time,0
PAY403803,C102054,CARD201648,2025-01-12,2553.05,2553.05,On Time,0
PAY403804,C106912,CARD203444,2026-08-26,1458.22,1458.22,On Time,0
PAY403805,C108772,CARD211440,2025-12-04,3539.18,3539.18,On Time,0
PAY403806,C102673,CARD201049,2025-10-22,7890.72,7890.72,On Time,0
PAY403807,C105892,CARD209540,2025-11-02,2448.24,2448.24,On Time,0
PAY403808,C109493,CARD206523,2026-02-27,3138.58,3138.58,On Time,0
PAY403809,C107390,CARD206049,2025-11-02,4804.58,4804.58,Late,18
PAY403810,C105741,CARD206590,2026-02-10,4697.97,4697.97,Late,6
PAY403811,C100304,CARD203677,2026-02-15,2690.16,2690.16,On Time,0
PAY403812,C101381,CARD200606,2025-01-18,5878.36,5878.36,On Time,0
PAY403813,C103227,CARD209419,2025-12-27,4617.33,4617.33,On Time,0
PAY403814,C100591,CARD204454,2025-06-07,15235.91,535.63,Missed,62
PAY403815,C101853,CARD200467,2025-02-20,13595.7,13595.7,Late,14
PAY403816,C109111,CARD206448,2026-08-06,10705.06,10705.06,On Time,0
PAY403817,C103436,CARD203405,2026-06-26,4548.47,4548.47,On Time,0
PAY403818,C104474,CARD210551,2025-08-05,6498.14,6498.14,Late,8
PAY403819,C101263,CARD205011,2026-01-21,14089.67,14089.67,Late,14
PAY403820,C107534,CARD207443,2026-03-02,12391.31,4446.21,Partial,10
PAY403821,C103900,CARD205491,2025-11-21,6486.22,6486.22,On Time,0
PAY403822,C109853,CARD203907,2026-04-04,10067.71,10067.71,On Time,0
PAY403823,C100360,CARD203752,2025-06-16,2025.86,2025.86,On Time,0
PAY403824,C100469,CARD202709,2026-08-14,14848.71,14848.71,On Time,0
PAY403825,C104737,CARD208631,2026-06-16,13777.29,13777.29,On Time,0
PAY403826,C106670,CARD209390,2026-07-26,6770.52,6770.52,On Time,0
PAY403827,C100642,CARD203763,2025-05-15,7171.22,2106.92,Partial,57
PAY403828,C104258,CARD209179,2025-07-19,1746.4,1746.4,On Time,0
PAY403829,C108590,CARD208030,2025-12-04,5914.6,5914.6,Late,5
PAY403830,C104781,CARD204472,2025-11-03,3210.69,3210.69,On Time,0
PAY403831,C103254,CARD211564,2026-07-10,2016.35,2016.35,Late,22
PAY403832,C101755,CARD207434,2026-05-10,7693.35,7693.35,On Time,0
PAY403833,C107478,CARD202361,2026-04-26,11392.73,6757.62,Partial,7
PAY403834,C105196,CARD205805,2025-11-11,7271.5,7271.5,On Time,0
PAY403835,C105641,CARD200579,2026-05-25,16895.5,16895.5,On Time,0
PAY403836,C104974,CARD210303,2025-06-05,21660.55,21660.55,On Time,0
PAY403837,C101066,CARD208493,2025-05-29,9702.5,9702.5,On Time,0
PAY403838,C102972,CARD203324,2026-05-23,3645.15,3645.15,On Time,0
PAY403839,C105898,CARD200082,2025-01-20,8414.43,8414.43,Late,29
PAY403840,C107636,CARD207990,2025-10-10,13014.88,13014.88,On Time,0
PAY403841,C100523,CARD210197,2026-07-04,3162.04,3162.04,On Time,0
PAY403842,C104482,CARD209125,2025-11-05,2805.13,2805.13,On Time,0
PAY403843,C102128,CARD211428,2025-05-22,8735.91,8735.91,On Time,0
PAY403844,C102422,CARD208847,2026-02-03,4215.96,4215.96,On Time,0
PAY403845,C107107,CARD211925,2025-06-17,8700.71,8700.71,On Time,0
PAY403846,C107623,CARD201859,2026-02-13,8742.4,8742.4,Late,29
PAY403847,C102115,CARD206352,2025-06-10,2325.28,2325.28,Late,17
PAY403848,C103560,CARD205057,2026-06-10,4736.26,4736.26,Late,5
PAY403849,C100562,CARD208997,2025-01-13,5190.35,5190.35,On Time,0
PAY403850,C108839,CARD207284,2026-06-12,10961.04,10961.04,On Time,0
PAY403851,C109762,CARD203579,2026-02-25,8803.83,8803.83,Late,7
PAY403852,C102418,CARD206900,2025-10-16,26534.7,26534.7,On Time,0
PAY403853,C102067,CARD209427,2025-05-17,26593.33,26593.33,On Time,0
PAY403854,C102196,CARD205630,2026-04-02,14643.56,14643.56,On Time,0
PAY403855,C108327,CARD202739,2026-06-16,6857.25,6857.25,On Time,0
PAY403856,C101546,CARD203051,2025-03-09,5018.52,5018.52,On Time,0
PAY403857,C107948,CARD206545,2025-10-14,6974.16,6974.16,On Time,0
PAY403858,C107150,CARD207662,2025-09-05,3628.19,523.89,Missed,104
PAY403859,C101200,CARD205208,2025-04-10,3974.89,3974.89,On Time,0
PAY403860,C102583,CARD207988,2026-03-25,4160.92,4160.92,On Time,0
PAY403861,C102204,CARD204296,2025-01-15,6746.39,6746.39,On Time,0
PAY403862,C100718,CARD201758,2025-04-11,3717.11,3717.11,On Time,0
PAY403863,C109389,CARD201839,2026-04-14,4262.21,4262.21,On Time,0
PAY403864,C109674,CARD201738,2025-12-17,8258.79,8258.79,On Time,0
PAY403865,C100564,CARD211679,2025-10-30,1581.18,1581.18,On Time,0
PAY403866,C109115,CARD200890,2026-06-03,8750.11,8750.11,On Time,0
PAY403867,C105739,CARD203690,2025-04-06,8174.97,8174.97,On Time,0
PAY403868,C105769,CARD204053,2025-06-21,26714.48,26714.48,On Time,0
PAY403869,C102186,CARD205960,2026-07-11,8715.82,8715.82,On Time,0
PAY403870,C101801,CARD211029,2026-08-24,13305.82,13305.82,On Time,0
PAY403871,C103604,CARD201774,2026-07-12,14038.3,14038.3,On Time,0
PAY403872,C108793,CARD202541,2025-02-25,5847.91,5847.91,On Time,0
PAY403873,C102311,CARD203611,2026-01-31,10004.61,10004.61,On Time,0
PAY403874,C108381,CARD208638,2026-02-18,26853.39,26853.39,On Time,0
PAY403875,C105323,CARD200553,2026-02-05,8428.0,8428.0,Late,11
PAY403876,C107511,CARD205864,2025-03-31,7009.21,7009.21,On Time,0
PAY403877,C105881,CARD200857,2025-07-28,3663.09,3663.09,On Time,0
PAY403878,C100152,CARD203543,2026-08-01,26984.23,26984.23,Late,3
PAY403879,C106668,CARD206659,2025-10-21,3356.28,3356.28,On Time,0
PAY403880,C100977,CARD207876,2025-04-18,8082.92,815.19,Missed,110
PAY403881,C109597,CARD204451,2025-05-25,2007.21,2007.21,Late,4
PAY403882,C101616,CARD203771,2025-04-05,8399.58,8399.58,On Time,0
PAY403883,C101198,CARD206527,2026-04-10,1594.26,1594.26,Late,6
PAY403884,C103185,CARD204627,2026-06-28,7149.83,7149.83,Late,9
PAY403885,C103467,CARD204453,2025-12-13,20137.88,20137.88,On Time,0
PAY403886,C101662,CARD209578,2026-03-15,11612.75,11612.75,Late,7
PAY403887,C107706,CARD208108,2026-08-06,2807.2,2807.2,On Time,0
PAY403888,C107113,CARD203526,2025-10-15,5592.93,5592.93,On Time,0
PAY403889,C103760,CARD206046,2025-01-18,22593.57,22593.57,On Time,0
PAY403890,C100279,CARD203241,2026-05-07,15399.62,5212.2,Partial,7
PAY403891,C108268,CARD210330,2026-01-02,13929.36,13929.36,On Time,0
PAY403892,C103216,CARD204133,2026-01-29,2634.64,2634.64,On Time,0
PAY403893,C100209,CARD200462,2025-06-22,5508.86,5508.86,On Time,0
PAY403894,C104551,CARD202521,2026-03-27,6160.13,6160.13,On Time,0
PAY403895,C103024,CARD207478,2026-06-07,19868.47,14918.99,Partial,39
PAY403896,C107833,CARD208542,2026-08-19,4051.47,4051.47,On Time,0
PAY403897,C103586,CARD202257,2026-03-09,4769.8,4769.8,Late,19
PAY403898,C100953,CARD201658,2026-08-06,2116.05,1242.78,Partial,52
PAY403899,C105838,CARD204544,2025-10-04,2287.43,2287.43,On Time,0
PAY403900,C105122,CARD201900,2026-06-30,4692.16,4692.16,On Time,0
PAY403901,C103259,CARD202948,2026-03-15,6048.51,6048.51,On Time,0
PAY403902,C106198,CARD208604,2025-04-20,3919.88,2744.43,Partial,13
PAY403903,C106770,CARD211558,2026-04-24,13420.72,13420.72,On Time,0
PAY403904,C101080,CARD204536,2026-06-15,13142.06,13142.06,On Time,0
PAY403905,C109142,CARD211590,2025-07-16,12978.17,12978.17,On Time,0
PAY403906,C107080,CARD201178,2026-06-22,5101.55,5101.55,On Time,0
PAY403907,C101899,CARD211076,2026-04-13,5473.05,5473.05,On Time,0
PAY403908,C107326,CARD203407,2025-12-27,10595.02,10595.02,On Time,0
PAY403909,C103738,CARD205901,2025-03-29,27341.57,27341.57,On Time,0
PAY403910,C109891,CARD201821,2025-05-31,5062.22,5062.22,Late,28
PAY403911,C108118,CARD211400,2025-04-24,7766.63,533.44,Missed,116
PAY403912,C107884,CARD200196,2026-04-08,4892.33,4892.33,On Time,0
PAY403913,C100548,CARD211796,2025-10-02,18512.07,18512.07,On Time,0
PAY403914,C103007,CARD210450,2025-04-13,8935.67,8935.67,On Time,0
PAY403915,C103427,CARD204675,2025-07-04,5392.94,5392.94,On Time,0
PAY403916,C102275,CARD210065,2025-08-16,6753.35,6753.35,On Time,0
PAY403917,C102476,CARD202132,2026-03-20,5106.96,2216.64,Partial,11
PAY403918,C106861,CARD202785,2026-03-07,6208.25,2114.97,Partial,1
PAY403919,C105312,CARD206279,2025-09-09,13452.24,13452.24,On Time,0
PAY403920,C104295,CARD209599,2026-06-27,2927.73,2927.73,Late,1
PAY403921,C109928,CARD203473,2026-06-26,3063.56,3063.56,On Time,0
PAY403922,C100383,CARD211577,2025-06-01,12316.28,12316.28,On Time,0
PAY403923,C104679,CARD200020,2026-04-28,7287.35,7287.35,On Time,0
PAY403924,C102613,CARD208682,2026-06-13,2905.87,2905.87,On Time,0
PAY403925,C109380,CARD204498,2025-12-29,10613.87,10613.87,On Time,0
PAY403926,C101056,CARD211519,2025-08-21,11932.37,11932.37,Late,18
PAY403927,C106271,CARD201783,2026-03-19,4788.48,4788.48,On Time,0
PAY403928,C109953,CARD206813,2026-04-24,5399.47,5399.47,On Time,0
PAY403929,C103984,CARD211134,2026-03-11,1241.26,1241.26,On Time,0
PAY403930,C102144,CARD204248,2026-01-23,4330.33,4330.33,Late,19
PAY403931,C103342,CARD208468,2025-04-25,2231.61,2231.61,On Time,0
PAY403932,C104276,CARD208734,2026-07-19,7821.29,7821.29,Late,22
PAY403933,C106156,CARD206977,2026-03-07,9864.64,9864.64,On Time,0
PAY403934,C104000,CARD204228,2025-05-28,17231.18,17231.18,On Time,0
PAY403935,C100828,CARD210295,2025-06-28,16901.91,16901.91,On Time,0
PAY403936,C103721,CARD205555,2026-06-13,20313.59,20313.59,On Time,0
PAY403937,C102100,CARD203332,2025-09-29,3891.77,3891.77,On Time,0
PAY403938,C105387,CARD204532,2026-05-24,5377.34,5377.34,On Time,0
PAY403939,C100331,CARD201686,2025-11-09,4679.11,4679.11,On Time,0
PAY403940,C104635,CARD201654,2026-04-20,2963.9,1134.74,Partial,7
PAY403941,C107428,CARD211406,2026-08-22,5049.95,5049.95,On Time,0
PAY403942,C106474,CARD208725,2026-02-17,4255.58,4255.58,On Time,0
PAY403943,C104889,CARD206715,2025-02-25,4198.54,3046.8,Partial,17
PAY403944,C104702,CARD201226,2025-02-04,7851.64,7851.64,On Time,0
PAY403945,C103698,CARD203107,2026-07-11,2120.68,2120.68,On Time,0
PAY403946,C108670,CARD202698,2025-11-18,1650.91,1650.91,On Time,0
PAY403947,C103569,CARD206989,2025-12-02,3720.8,3720.8,On Time,0
PAY403948,C102357,CARD200455,2025-01-12,6405.38,6405.38,On Time,0
PAY403949,C105107,CARD204086,2025-11-26,3505.58,245.39,Missed,78
PAY403950,C109255,CARD200441,2026-04-11,9597.84,9597.84,On Time,0
PAY403951,C108897,CARD208798,2025-10-12,4146.86,4146.86,On Time,0
PAY403952,C109151,CARD209869,2026-02-05,3172.49,3172.49,On Time,0
PAY403953,C101154,CARD201411,2025-10-09,2947.39,2947.39,On Time,0
PAY403954,C103326,CARD203709,2026-05-01,2908.63,2908.63,On Time,0
PAY403955,C109710,CARD200304,2026-08-28,3722.33,3722.33,On Time,0
PAY403956,C104564,CARD204335,2026-06-13,11593.59,11593.59,On Time,0
PAY403957,C100968,CARD205863,2026-07-28,3069.73,3069.73,Late,23
PAY403958,C109245,CARD208863,2026-06-03,17426.14,17426.14,On Time,0
PAY403959,C108359,CARD204458,2025-04-21,20161.19,20161.19,Late,13
PAY403960,C103128,CARD204179,2025-09-06,12312.71,12312.71,On Time,0
PAY403961,C102558,CARD210510,2025-12-03,11752.7,358.48,Missed,34
PAY403962,C102059,CARD206154,2025-04-28,4087.92,4087.92,On Time,0
PAY403963,C102507,CARD201368,2025-04-10,8099.86,8099.86,Late,24
PAY403964,C105880,CARD206017,2025-12-25,5769.28,5769.28,On Time,0
PAY403965,C104466,CARD206007,2025-10-06,5659.13,5659.13,Late,28
PAY403966,C103696,CARD203085,2025-05-09,6506.62,35.23,Missed,81
PAY403967,C109937,CARD206678,2026-08-29,4343.84,4343.84,On Time,0
PAY403968,C108555,CARD202176,2025-05-13,3042.75,3042.75,On Time,0
PAY403969,C106253,CARD200642,2025-09-08,3892.71,3892.71,On Time,0
PAY403970,C104146,CARD201723,2025-07-23,6874.67,6874.67,On Time,0
PAY403971,C107569,CARD210446,2025-09-17,11709.4,11709.4,On Time,0
PAY403972,C103433,CARD204692,2025-12-20,4876.1,4876.1,On Time,0
PAY403973,C108856,CARD208810,2025-05-10,7909.6,7909.6,On Time,0
PAY403974,C101035,CARD205217,2026-01-03,1613.18,777.21,Partial,2
PAY403975,C101660,CARD204425,2025-01-18,1000.0,1000.0,On Time,0
PAY403976,C108869,CARD204894,2025-05-18,23269.97,23269.97,Late,12
PAY403977,C106136,CARD208004,2026-01-07,8240.35,8240.35,On Time,0
PAY403978,C106801,CARD211241,2026-01-05,5148.66,5148.66,On Time,0
PAY403979,C101919,CARD211655,2025-01-28,13772.06,13772.06,On Time,0
PAY403980,C108091,CARD204342,2026-06-01,2669.79,2669.79,On Time,0
PAY403981,C108232,CARD208016,2026-03-27,8240.01,8240.01,On Time,0
PAY403982,C101035,CARD205217,2025-06-29,8250.57,8250.57,On Time,0
PAY403983,C101590,CARD204492,2026-01-27,7346.39,7346.39,On Time,0
PAY403984,C104795,CARD202277,2026-01-31,10032.62,10032.62,On Time,0
PAY403985,C103743,CARD209090,2025-07-11,6545.34,6545.34,On Time,0
PAY403986,C108555,CARD202176,2025-11-12,17622.69,17622.69,On Time,0
PAY403987,C104873,CARD206322,2026-02-15,3030.84,3030.84,On Time,0
PAY403988,C105068,CARD210359,2025-01-23,10289.58,10289.58,On Time,0
PAY403989,C105033,CARD206487,2026-07-28,8364.43,8364.43,On Time,0
PAY403990,C102501,CARD209122,2026-04-24,4015.99,4015.99,On Time,0
PAY403991,C104056,CARD205392,2025-12-10,9816.9,9816.9,On Time,0
PAY403992,C107530,CARD208594,2026-02-09,9422.71,9422.71,On Time,0
PAY403993,C109409,CARD204300,2026-01-18,16159.3,16159.3,On Time,0
PAY403994,C102383,CARD211811,2025-01-16,11957.56,11957.56,On Time,0
PAY403995,C105957,CARD201984,2025-04-16,1000.0,1000.0,On Time,0
PAY403996,C107683,CARD208788,2025-04-13,4491.14,3667.31,Partial,12
PAY403997,C100195,CARD211149,2025-05-26,11392.44,11392.44,On Time,0
PAY403998,C106477,CARD204917,2026-03-21,2932.56,2932.56,On Time,0
PAY403999,C109408,CARD208100,2026-03-20,11099.21,11099.21,On Time,0
PAY404000,C108369,CARD211584,2025-03-30,4877.21,4877.21,On Time,0
PAY404001,C104191,CARD201332,2025-10-09,6151.64,6151.64,Late,2
PAY404002,C105951,CARD211614,2025-09-23,8932.9,8932.9,On Time,0
PAY404003,C105450,CARD203457,2026-06-17,2941.29,2941.29,On Time,0
PAY404004,C102681,CARD211099,2025-12-29,2626.15,1815.16,Partial,12
PAY404005,C107387,CARD202227,2026-06-29,4454.04,4454.04,On Time,0
PAY404006,C102662,CARD203589,2026-02-18,7453.44,7453.44,Late,27
PAY404007,C104949,CARD208723,2025-07-12,11122.5,11122.5,On Time,0
PAY404008,C109912,CARD209444,2025-12-11,3348.5,3348.5,On Time,0
PAY404009,C102563,CARD202159,2026-08-14,17647.34,17647.34,On Time,0
PAY404010,C109949,CARD204033,2025-02-05,4789.0,4789.0,On Time,0
PAY404011,C104961,CARD209176,2026-01-30,12201.04,12201.04,On Time,0
PAY404012,C105271,CARD203728,2026-07-24,24649.03,24649.03,On Time,0
PAY404013,C109144,CARD207295,2025-03-05,8668.94,8668.94,On Time,0
PAY404014,C108333,CARD205563,2026-01-04,1000.0,1000.0,On Time,0
PAY404015,C108057,CARD209438,2025-06-28,4640.58,4640.58,On Time,0
PAY404016,C109356,CARD203224,2025-07-29,9293.82,9293.82,On Time,0
PAY404017,C105534,CARD202746,2026-06-18,26072.1,26072.1,On Time,0
PAY404018,C105953,CARD211830,2026-04-06,13513.59,13513.59,On Time,0
PAY404019,C107422,CARD205619,2025-08-12,2022.24,1572.81,Partial,11
PAY404020,C105306,CARD204226,2025-07-01,3194.12,3194.12,Late,3
PAY404021,C103656,CARD202840,2025-03-19,8724.67,8724.67,On Time,0
PAY404022,C103982,CARD211731,2025-06-21,10486.0,10486.0,On Time,0
PAY404023,C104491,CARD211658,2026-06-27,9180.44,9180.44,On Time,0
PAY404024,C101758,CARD202462,2026-04-09,5907.08,5907.08,Late,12
PAY404025,C105782,CARD204032,2026-08-26,4702.22,4702.22,Late,23
PAY404026,C103510,CARD208217,2025-06-15,6797.46,6797.46,On Time,0
PAY404027,C105101,CARD204192,2025-03-23,6836.15,6836.15,On Time,0
PAY404028,C101973,CARD205291,2025-04-29,14779.67,1951.23,Missed,117
PAY404029,C104132,CARD203790,2025-08-29,1792.35,1792.35,Late,16
PAY404030,C103611,CARD201729,2025-09-26,2566.74,2566.74,On Time,0
PAY404031,C103065,CARD208972,2026-05-25,5801.87,5801.87,On Time,0
PAY404032,C107206,CARD210664,2026-03-12,1666.66,1666.66,On Time,0
PAY404033,C108046,CARD200949,2026-03-02,10462.56,5567.68,Partial,38
PAY404034,C109780,CARD206303,2025-03-12,3319.74,1678.01,Partial,22
PAY404035,C101227,CARD200679,2026-08-14,1942.09,1942.09,On Time,0
PAY404036,C100233,CARD206296,2026-01-29,4352.12,4352.12,On Time,0
PAY404037,C102084,CARD206657,2025-10-30,6687.08,6687.08,On Time,0
PAY404038,C102071,CARD210143,2025-04-07,3364.88,3364.88,On Time,0
PAY404039,C103097,CARD201028,2026-03-31,11655.78,11655.78,Late,13
PAY404040,C106063,CARD205724,2026-01-17,2718.01,2718.01,On Time,0
PAY404041,C104661,CARD206680,2025-12-02,9997.43,9997.43,Late,8
PAY404042,C107459,CARD201909,2025-08-31,4244.09,4244.09,On Time,0
PAY404043,C100504,CARD206417,2025-03-19,2395.73,2395.73,On Time,0
PAY404044,C104953,CARD205366,2025-02-24,2976.62,2976.62,On Time,0
PAY404045,C109747,CARD211279,2026-01-09,7583.99,4577.95,Partial,44
PAY404046,C104350,CARD209221,2025-09-23,9349.69,9349.69,On Time,0
PAY404047,C102283,CARD206557,2026-06-30,7485.09,7485.09,On Time,0
PAY404048,C108886,CARD211508,2025-08-28,7218.9,7218.9,On Time,0
PAY404049,C104540,CARD209943,2026-03-02,8878.42,8878.42,On Time,0
PAY404050,C107563,CARD204873,2025-12-23,4435.58,4435.58,On Time,0
PAY404051,C102266,CARD204694,2026-03-02,10982.6,10982.6,On Time,0
PAY404052,C104821,CARD208721,2025-01-24,20360.73,20360.73,On Time,0
PAY404053,C101263,CARD205011,2026-04-20,2841.08,1857.95,Partial,10
PAY404054,C102281,CARD202931,2026-04-03,4349.94,3095.85,Partial,21
PAY404055,C107309,CARD207980,2025-03-16,12666.73,12666.73,On Time,0
PAY404056,C104796,CARD210853,2025-03-31,6276.17,6276.17,Late,1
PAY404057,C108333,CARD205563,2025-09-12,13824.42,13824.42,On Time,0
PAY404058,C105403,CARD210015,2026-01-10,9577.26,9577.26,On Time,0
PAY404059,C103047,CARD210302,2025-01-09,23913.91,23913.91,On Time,0
PAY404060,C108106,CARD208676,2026-03-11,14937.82,14937.82,On Time,0
PAY404061,C107177,CARD201463,2025-06-03,4284.48,4284.48,On Time,0
PAY404062,C109094,CARD202317,2025-09-25,4804.55,3558.05,Partial,20
PAY404063,C103376,CARD204221,2026-03-06,3024.95,3024.95,On Time,0
PAY404064,C101357,CARD206310,2025-01-17,6365.54,6365.54,Late,13
PAY404065,C101241,CARD202405,2025-04-09,3367.84,3367.84,On Time,0
PAY404066,C108278,CARD206290,2025-03-22,10023.07,10023.07,On Time,0
PAY404067,C101130,CARD210126,2025-05-28,6335.3,6335.3,On Time,0
PAY404068,C101027,CARD201254,2025-03-05,6504.5,6504.5,On Time,0
PAY404069,C109822,CARD200141,2025-03-15,7974.2,7974.2,On Time,0
PAY404070,C100756,CARD205441,2025-11-12,18677.25,18677.25,On Time,0
PAY404071,C103248,CARD204874,2025-01-06,1938.89,1938.89,On Time,0
PAY404072,C106933,CARD206636,2025-06-25,13847.88,13847.88,On Time,0
PAY404073,C108110,CARD205046,2025-03-02,8953.75,5644.72,Partial,24
PAY404074,C103243,CARD206361,2025-12-10,9144.71,9144.71,On Time,0
PAY404075,C103345,CARD211706,2025-04-20,9793.2,9793.2,On Time,0
PAY404076,C100059,CARD211476,2026-05-19,24568.62,16813.85,Partial,51
PAY404077,C105435,CARD210873,2026-08-30,6913.83,6913.83,On Time,0
PAY404078,C101428,CARD202569,2026-05-14,7439.53,7439.53,On Time,0
PAY404079,C102540,CARD208848,2025-04-01,8773.16,8773.16,On Time,0
PAY404080,C105854,CARD208025,2026-04-09,7336.34,7336.34,On Time,0
PAY404081,C102367,CARD205279,2025-11-20,5239.98,5239.98,On Time,0
PAY404082,C109533,CARD206208,2026-04-30,8977.24,8977.24,On Time,0
PAY404083,C104604,CARD206987,2026-02-05,6043.35,6043.35,On Time,0
PAY404084,C107391,CARD206904,2026-04-06,8987.75,2104.11,Partial,32
PAY404085,C102376,CARD211554,2026-08-22,16519.5,16519.5,Late,28
PAY404086,C103290,CARD207974,2025-06-11,9259.49,9259.49,On Time,0
PAY404087,C100389,CARD210029,2025-08-08,7623.75,7623.75,Late,14
PAY404088,C107033,CARD211906,2025-08-20,5388.51,5388.51,On Time,0
PAY404089,C108494,CARD210314,2026-05-20,2152.21,2152.21,On Time,0
PAY404090,C100967,CARD205239,2026-05-31,24525.1,5668.39,Partial,58
PAY404091,C100063,CARD209840,2026-08-02,6841.72,6841.72,On Time,0
PAY404092,C100697,CARD209639,2025-01-06,6954.94,6954.94,On Time,0
PAY404093,C107928,CARD203782,2026-03-12,11078.64,11078.64,On Time,0
PAY404094,C105055,CARD204875,2025-01-30,14026.02,14026.02,On Time,0
PAY404095,C107039,CARD200650,2026-07-14,8274.54,3416.27,Partial,38
PAY404096,C107645,CARD209987,2025-10-30,8894.92,8894.92,On Time,0
PAY404097,C106790,CARD201756,2025-12-01,3815.71,3815.71,On Time,0
PAY404098,C101082,CARD208392,2026-08-30,18679.91,18679.91,On Time,0
PAY404099,C101540,CARD200262,2026-07-29,19357.36,19357.36,On Time,0
PAY404100,C106948,CARD202024,2025-06-08,2123.57,2123.57,On Time,0
PAY404101,C106304,CARD207119,2025-08-04,7411.38,7411.38,On Time,0
PAY404102,C102817,CARD210536,2025-07-11,7294.05,7294.05,On Time,0
PAY404103,C108246,CARD207217,2025-10-25,5449.68,5449.68,On Time,0
PAY404104,C101367,CARD207108,2025-06-22,3830.64,3830.64,On Time,0
PAY404105,C106645,CARD204991,2025-11-12,3979.52,3979.52,Late,21
PAY404106,C109089,CARD204591,2026-07-19,5595.2,5595.2,On Time,0
PAY404107,C103044,CARD205676,2025-02-12,9634.69,9634.69,On Time,0
PAY404108,C108511,CARD209261,2026-05-21,1762.01,1762.01,Late,30
PAY404109,C100163,CARD204577,2025-04-28,6481.3,6481.3,Late,1
PAY404110,C102878,CARD201140,2026-07-09,3894.59,3894.59,Late,1
PAY404111,C101954,CARD209535,2025-04-04,5442.82,5442.82,Late,30
PAY404112,C107075,CARD204301,2026-03-15,1625.29,837.97,Partial,17
PAY404113,C107946,CARD210257,2026-03-05,3546.47,3546.47,On Time,0
PAY404114,C101419,CARD210603,2025-07-28,8795.37,8795.37,On Time,0
PAY404115,C101144,CARD200826,2025-08-08,5260.37,5260.37,On Time,0
PAY404116,C109202,CARD202868,2026-01-24,6623.18,6623.18,On Time,0
PAY404117,C105328,CARD207463,2025-05-22,5787.98,4839.23,Partial,21
PAY404118,C107568,CARD207700,2025-03-19,3161.86,787.38,Partial,1
PAY404119,C107938,CARD200247,2025-05-01,1000.0,1000.0,On Time,0
PAY404120,C106380,CARD200015,2025-10-27,2286.39,2286.39,On Time,0
PAY404121,C108161,CARD204287,2026-04-08,30948.08,30948.08,On Time,0
PAY404122,C104690,CARD200117,2025-05-11,9766.75,9766.75,On Time,0
PAY404123,C102359,CARD205683,2026-07-26,3821.11,3821.11,Late,21
PAY404124,C104896,CARD210573,2025-03-06,4670.83,3534.78,Partial,16
PAY404125,C102172,CARD203982,2026-04-19,8519.14,2441.63,Partial,52
PAY404126,C105710,CARD205158,2025-01-06,10876.95,10876.95,On Time,0
PAY404127,C104763,CARD208221,2025-08-25,3864.86,3864.86,On Time,0
PAY404128,C108801,CARD208482,2025-02-19,4313.95,4313.95,On Time,0
PAY404129,C107713,CARD208204,2025-12-15,17964.72,17964.72,On Time,0
PAY404130,C101679,CARD202519,2025-04-22,14238.43,14238.43,On Time,0
PAY404131,C103832,CARD211493,2025-09-09,13602.28,13602.28,On Time,0
PAY404132,C107356,CARD210340,2025-09-26,11761.69,11761.69,On Time,0
PAY404133,C109970,CARD202283,2026-07-15,7511.59,7511.59,Late,30
PAY404134,C106932,CARD210534,2025-03-15,5862.45,5862.45,On Time,0
PAY404135,C102461,CARD208713,2025-02-21,4976.56,4976.56,On Time,0
PAY404136,C100551,CARD202649,2025-05-16,6024.86,6024.86,On Time,0
PAY404137,C107388,CARD206231,2026-04-12,2397.92,2397.92,On Time,0
PAY404138,C104593,CARD210788,2025-09-17,2647.57,2647.57,On Time,0
PAY404139,C103364,CARD209295,2025-06-04,12896.15,12896.15,On Time,0
PAY404140,C101815,CARD203003,2026-03-04,31692.4,31692.4,On Time,0
PAY404141,C100110,CARD210597,2026-08-08,22537.71,2022.43,Missed,113
PAY404142,C100631,CARD208920,2025-10-05,24730.27,24730.27,On Time,0
PAY404143,C109597,CARD204451,2025-07-29,4479.93,4479.93,On Time,0
PAY404144,C105663,CARD209383,2025-12-24,9727.93,9727.93,Late,14
PAY404145,C104033,CARD209905,2025-01-03,2233.63,2233.63,On Time,0
PAY404146,C109608,CARD203190,2026-08-30,6586.33,6586.33,On Time,0
PAY404147,C107886,CARD207517,2025-08-25,4830.6,4830.6,Late,18
PAY404148,C105713,CARD210893,2025-02-03,12115.95,12115.95,Late,12
PAY404149,C101977,CARD209703,2026-08-01,3631.41,2777.7,Partial,56
PAY404150,C107065,CARD204706,2025-09-24,5119.13,5119.13,Late,11
PAY404151,C104963,CARD204665,2025-09-29,10270.2,10270.2,On Time,0
PAY404152,C106590,CARD202983,2025-06-26,9167.11,9167.11,Late,28
PAY404153,C108562,CARD200989,2025-12-28,3858.85,261.2,Missed,49
PAY404154,C105206,CARD201228,2025-09-20,5059.0,5059.0,On Time,0
PAY404155,C108329,CARD209315,2026-01-01,6287.84,6287.84,On Time,0
PAY404156,C109498,CARD206800,2025-06-15,7762.54,7762.54,On Time,0
PAY404157,C100528,CARD209486,2026-06-13,5210.21,5210.21,On Time,0
PAY404158,C104508,CARD206558,2025-11-02,5494.08,5494.08,On Time,0
PAY404159,C104455,CARD209986,2026-04-13,9230.36,9230.36,On Time,0
PAY404160,C102587,CARD205042,2025-11-15,16951.59,16951.59,On Time,0
PAY404161,C106013,CARD207614,2025-09-29,6093.35,6093.35,On Time,0
PAY404162,C104188,CARD209157,2025-09-09,5021.7,5021.7,On Time,0
PAY404163,C104921,CARD202046,2025-12-07,29793.03,29793.03,On Time,0
PAY404164,C108882,CARD209313,2026-08-30,3211.04,1019.95,Partial,12
PAY404165,C109597,CARD204451,2026-05-16,2169.91,2169.91,On Time,0
PAY404166,C108191,CARD210886,2026-06-16,1940.39,1940.39,On Time,0
PAY404167,C108403,CARD209479,2025-10-22,3131.81,3131.81,Late,14
PAY404168,C109041,CARD204583,2026-06-10,9412.74,9412.74,On Time,0
PAY404169,C102467,CARD209334,2026-08-25,12175.36,12175.36,On Time,0
PAY404170,C101372,CARD209973,2025-03-14,6765.91,5340.85,Partial,4
PAY404171,C103188,CARD201125,2026-04-24,2934.61,2934.61,On Time,0
PAY404172,C109832,CARD207029,2025-10-22,3459.08,3459.08,On Time,0
PAY404173,C106313,CARD205717,2025-09-26,5116.11,5116.11,Late,2
PAY404174,C100795,CARD202118,2026-04-13,31905.9,31905.9,On Time,0
PAY404175,C102785,CARD204596,2025-05-30,2868.8,2868.8,Late,9
PAY404176,C104404,CARD200771,2026-01-05,3870.75,3870.75,Late,22
PAY404177,C105738,CARD202848,2025-05-23,5484.72,5484.72,On Time,0
PAY404178,C106158,CARD205299,2025-11-27,8391.43,8391.43,On Time,0
PAY404179,C105890,CARD205860,2026-03-23,6976.48,6976.48,On Time,0
PAY404180,C106819,CARD210122,2025-11-29,2210.92,2210.92,Late,3
PAY404181,C106066,CARD210864,2025-09-10,3107.26,927.55,Partial,29
PAY404182,C100084,CARD204943,2026-02-02,2524.22,2524.22,Late,17
PAY404183,C102495,CARD207194,2025-12-25,5432.52,5432.52,Late,22
PAY404184,C104183,CARD202910,2025-06-21,4857.46,4857.46,Late,25
PAY404185,C100358,CARD209967,2025-02-03,5325.17,5325.17,On Time,0
PAY404186,C106463,CARD211650,2025-02-24,3952.68,355.51,Missed,95
PAY404187,C101506,CARD202034,2026-03-08,2770.23,2770.23,On Time,0
PAY404188,C103979,CARD206781,2025-10-20,4615.43,4615.43,On Time,0
PAY404189,C104750,CARD207441,2025-08-24,19180.28,19180.28,On Time,0
PAY404190,C109705,CARD211299,2025-01-27,5124.8,5124.8,On Time,0
PAY404191,C106210,CARD208983,2025-02-19,6448.8,6448.8,On Time,0
PAY404192,C102860,CARD200903,2026-07-22,6009.27,6009.27,On Time,0
PAY404193,C103293,CARD211766,2026-06-01,3413.85,3413.85,Late,9
PAY404194,C107521,CARD204406,2026-07-29,3659.9,496.3,Missed,88
PAY404195,C109038,CARD207832,2026-01-09,3166.71,1970.4,Partial,50
PAY404196,C106344,CARD203578,2025-06-13,15310.68,15310.68,Late,5
PAY404197,C108876,CARD207976,2025-03-01,4834.65,4834.65,On Time,0
PAY404198,C103647,CARD201603,2026-01-03,1413.96,1413.96,On Time,0
PAY404199,C102673,CARD201049,2026-04-15,7051.44,7051.44,On Time,0
PAY404200,C105074,CARD208411,2025-06-23,5718.46,5718.46,On Time,0
PAY404201,C100466,CARD207452,2026-08-14,7618.47,7618.47,Late,21
PAY404202,C104208,CARD202695,2025-10-20,3313.67,3313.67,On Time,0
PAY404203,C100060,CARD210068,2026-06-24,10901.06,10901.06,On Time,0
PAY404204,C105074,CARD208411,2026-02-07,6534.07,6534.07,On Time,0
PAY404205,C108070,CARD208445,2026-02-02,8898.49,8898.49,On Time,0
PAY404206,C108314,CARD208761,2025-08-20,63479.95,63479.95,Late,13
PAY404207,C107798,CARD201447,2025-12-06,2556.79,2556.79,On Time,0
PAY404208,C107135,CARD203427,2026-03-21,16836.19,16836.19,On Time,0
PAY404209,C107935,CARD205270,2025-11-05,14639.39,14639.39,Late,9
PAY404210,C108609,CARD205424,2025-09-17,3423.87,3423.87,On Time,0
PAY404211,C108889,CARD207656,2025-03-03,6537.35,6537.35,Late,20
PAY404212,C103729,CARD210304,2025-04-30,1000.0,1000.0,On Time,0
PAY404213,C102782,CARD201146,2025-12-02,25277.89,25277.89,On Time,0
PAY404214,C108935,CARD210080,2026-03-25,16193.78,834.63,Missed,39
PAY404215,C106413,CARD202285,2026-07-31,3245.85,3245.85,On Time,0
PAY404216,C102154,CARD202483,2026-04-11,3895.27,3895.27,On Time,0
PAY404217,C100923,CARD210923,2026-01-30,11343.65,11343.65,On Time,0
PAY404218,C102269,CARD211091,2026-05-08,3556.38,3556.38,On Time,0
PAY404219,C102750,CARD201367,2025-11-08,2506.42,2506.42,On Time,0
PAY404220,C105777,CARD206958,2025-05-07,9052.59,9052.59,On Time,0
PAY404221,C106791,CARD206851,2026-07-08,7477.03,7477.03,On Time,0
PAY404222,C106375,CARD202581,2025-04-19,8911.95,6160.46,Partial,4
PAY404223,C107339,CARD200541,2026-06-28,7057.34,7057.34,On Time,0
PAY404224,C101759,CARD210559,2025-01-03,4152.4,3175.16,Partial,59
PAY404225,C106282,CARD211553,2026-05-26,8427.07,8427.07,Late,19
PAY404226,C102151,CARD211555,2025-09-21,1659.0,1659.0,On Time,0
PAY404227,C108600,CARD204462,2026-01-14,2024.7,2024.7,Late,2
PAY404228,C109861,CARD207989,2025-03-01,4978.17,4978.17,On Time,0
PAY404229,C107402,CARD208372,2026-04-30,6980.36,2135.39,Partial,37
PAY404230,C109559,CARD203995,2026-06-21,15140.43,15140.43,On Time,0
PAY404231,C109761,CARD203653,2025-01-09,5797.76,2849.43,Partial,40
PAY404232,C106246,CARD202321,2025-11-12,4616.81,4616.81,On Time,0
PAY404233,C105985,CARD209188,2026-05-28,16783.28,16783.28,Late,23
PAY404234,C106847,CARD209750,2026-08-14,9014.01,9014.01,On Time,0
PAY404235,C105734,CARD211216,2025-08-20,10531.0,10531.0,On Time,0
PAY404236,C107827,CARD210101,2026-05-25,13286.04,13286.04,On Time,0
PAY404237,C102514,CARD202623,2026-04-11,2832.97,2832.97,Late,1
PAY404238,C105706,CARD202729,2026-04-30,9354.62,9354.62,On Time,0
PAY404239,C106272,CARD206115,2026-08-17,4065.7,4065.7,On Time,0
PAY404240,C101394,CARD205113,2025-07-06,2550.38,969.08,Partial,33
PAY404241,C109116,CARD207418,2025-12-15,5431.8,30.45,Missed,101
PAY404242,C106155,CARD203727,2025-01-22,2967.75,2967.75,On Time,0
PAY404243,C102330,CARD205885,2026-04-19,16192.61,16192.61,On Time,0
PAY404244,C100579,CARD204260,2025-04-15,8246.38,8246.38,On Time,0
PAY404245,C105312,CARD206279,2025-08-02,3316.79,3316.79,Late,22
PAY404246,C102263,CARD208019,2025-04-13,3961.37,3961.37,Late,21
PAY404247,C108128,CARD201020,2025-06-13,7180.71,7180.71,On Time,0
PAY404248,C106369,CARD201752,2025-06-03,5546.21,5546.21,On Time,0
PAY404249,C100471,CARD211525,2025-09-30,3542.27,399.03,Missed,107
PAY404250,C102434,CARD208147,2025-02-22,2742.82,2742.82,Late,29
PAY404251,C106693,CARD210952,2025-07-03,14674.8,14674.8,Late,10
PAY404252,C102136,CARD206399,2025-12-22,29661.47,29661.47,On Time,0
PAY404253,C107391,CARD206904,2026-03-09,3902.56,3902.56,On Time,0
PAY404254,C105755,CARD206767,2025-01-04,1183.38,1183.38,On Time,0
PAY404255,C105431,CARD202820,2026-03-15,40643.08,40643.08,On Time,0
PAY404256,C109801,CARD207250,2026-01-26,11770.84,11770.84,Late,28
PAY404257,C105321,CARD201871,2025-08-20,2871.05,2871.05,Late,11
PAY404258,C109696,CARD206603,2025-01-06,16252.26,16252.26,On Time,0
PAY404259,C109862,CARD204317,2025-08-23,7504.34,7504.34,On Time,0
PAY404260,C105758,CARD211304,2026-08-30,9922.6,3528.92,Partial,60
PAY404261,C106656,CARD201777,2026-04-30,2943.18,2943.18,On Time,0
PAY404262,C101226,CARD203577,2026-03-10,12447.75,12447.75,On Time,0
PAY404263,C108293,CARD206924,2025-09-26,13103.89,13103.89,On Time,0
PAY404264,C107300,CARD206985,2026-04-16,1203.84,1203.84,On Time,0
PAY404265,C106773,CARD204750,2025-04-18,12035.87,7173.91,Partial,10
PAY404266,C106132,CARD207396,2025-12-13,10410.68,10410.68,On Time,0
PAY404267,C106407,CARD200064,2025-02-14,1000.0,1000.0,On Time,0
PAY404268,C107307,CARD211358,2026-01-27,8077.16,8077.16,Late,4
PAY404269,C107727,CARD204795,2026-01-03,10149.26,6610.18,Partial,20
PAY404270,C106060,CARD202537,2025-12-01,4022.55,1655.4,Partial,35
PAY404271,C102841,CARD200050,2025-11-01,1425.43,1425.43,On Time,0
PAY404272,C100583,CARD209078,2025-11-18,16217.04,16217.04,On Time,0
PAY404273,C107550,CARD203785,2026-05-16,8911.37,8911.37,On Time,0
PAY404274,C104941,CARD208654,2025-06-17,10103.39,10103.39,On Time,0
PAY404275,C101269,CARD204816,2026-08-10,7884.26,7884.26,On Time,0
PAY404276,C101026,CARD201132,2026-01-14,3371.98,3371.98,On Time,0
PAY404277,C109771,CARD208987,2025-12-16,1000.0,1000.0,On Time,0
PAY404278,C103452,CARD204976,2026-03-30,6538.11,6538.11,On Time,0
PAY404279,C106879,CARD211572,2025-10-24,3902.55,3902.55,Late,16
PAY404280,C101054,CARD201707,2026-08-23,2914.52,2914.52,On Time,0
PAY404281,C106726,CARD204084,2025-11-19,1000.0,1000.0,On Time,0
PAY404282,C103848,CARD200396,2025-12-17,15684.82,15684.82,On Time,0
PAY404283,C109749,CARD202710,2025-08-28,15686.74,15686.74,Late,22
PAY404284,C101805,CARD209701,2025-06-23,7234.3,7234.3,Late,17
PAY404285,C107653,CARD208117,2025-08-04,6981.89,6981.89,Late,3
PAY404286,C103173,CARD206564,2026-03-20,2915.75,2915.75,Late,14
PAY404287,C103744,CARD207237,2026-03-09,2304.08,2304.08,On Time,0
PAY404288,C103854,CARD200344,2025-06-27,9461.18,9461.18,On Time,0
PAY404289,C100915,CARD206416,2026-07-19,3861.97,2516.38,Partial,54
PAY404290,C105098,CARD209172,2026-01-27,2471.54,2471.54,On Time,0
PAY404291,C100126,CARD208605,2025-09-30,8611.01,8611.01,On Time,0
PAY404292,C103548,CARD202670,2025-04-05,6792.64,993.13,Missed,107
PAY404293,C106077,CARD208573,2025-08-12,8475.49,8475.49,Late,18
PAY404294,C105705,CARD200342,2025-10-10,4387.95,4387.95,On Time,0
PAY404295,C103437,CARD204232,2025-11-14,15991.21,4680.78,Partial,26
PAY404296,C107650,CARD207280,2025-04-27,6184.93,6184.93,On Time,0
PAY404297,C101574,CARD206902,2026-03-14,6456.37,6456.37,On Time,0
PAY404298,C102743,CARD210058,2025-08-06,22634.63,22634.63,On Time,0
PAY404299,C109829,CARD210905,2026-01-26,7651.3,7651.3,On Time,0
PAY404300,C109699,CARD205107,2025-06-13,3965.24,3965.24,Late,14
PAY404301,C102914,CARD207767,2025-08-03,3051.29,3051.29,On Time,0
PAY404302,C102131,CARD202633,2025-06-21,3772.7,3772.7,On Time,0
PAY404303,C109121,CARD202477,2026-08-12,2451.34,2451.34,On Time,0
PAY404304,C107164,CARD205748,2025-12-19,7387.71,7387.71,Late,24
PAY404305,C102340,CARD200349,2026-07-06,2241.11,2241.11,On Time,0
PAY404306,C105984,CARD201957,2025-02-04,4303.17,2041.91,Partial,49
PAY404307,C107496,CARD201026,2026-08-09,13546.92,13546.92,On Time,0
PAY404308,C104359,CARD202426,2025-04-23,6345.96,3958.33,Partial,36
PAY404309,C103557,CARD205751,2025-11-04,5000.43,5000.43,On Time,0
PAY404310,C100825,CARD203597,2025-03-20,7823.16,7823.16,On Time,0
PAY404311,C108325,CARD208480,2025-10-31,2306.3,2306.3,On Time,0
PAY404312,C101284,CARD204135,2026-04-20,7919.23,7919.23,On Time,0
PAY404313,C103288,CARD200365,2025-05-15,5360.8,5360.8,On Time,0
PAY404314,C105273,CARD205466,2025-03-28,8409.47,4203.27,Partial,47
PAY404315,C106118,CARD200034,2026-04-04,10737.69,10737.69,On Time,0
PAY404316,C102862,CARD202310,2025-11-28,2420.0,2420.0,On Time,0
PAY404317,C104208,CARD202695,2025-08-06,1694.84,1694.84,On Time,0
PAY404318,C102324,CARD205471,2025-01-12,4154.06,4154.06,On Time,0
PAY404319,C101655,CARD210467,2025-12-12,16171.41,16171.41,On Time,0
PAY404320,C105422,CARD206874,2025-07-07,14403.0,14403.0,On Time,0
PAY404321,C103621,CARD208888,2026-03-08,9957.42,9957.42,On Time,0
PAY404322,C108287,CARD204014,2026-05-09,3647.52,3647.52,On Time,0
PAY404323,C106844,CARD206019,2026-03-16,5029.17,2467.48,Partial,41
PAY404324,C101994,CARD206221,2025-10-31,7868.02,7868.02,On Time,0
PAY404325,C100070,CARD211035,2026-08-03,4068.17,4068.17,On Time,0
PAY404326,C102749,CARD204913,2025-04-02,8173.17,8173.17,On Time,0
PAY404327,C108893,CARD206520,2025-07-26,15288.2,15288.2,On Time,0
PAY404328,C107073,CARD201536,2025-12-02,6820.2,6820.2,On Time,0
PAY404329,C104493,CARD209289,2026-05-25,7475.66,7475.66,Late,16
PAY404330,C101369,CARD206427,2025-03-09,2067.6,2067.6,On Time,0
PAY404331,C101242,CARD208476,2026-04-04,2042.56,440.63,Partial,39
PAY404332,C101581,CARD206747,2026-04-17,2113.67,2113.67,On Time,0
PAY404333,C109092,CARD206229,2026-07-06,3798.9,3798.9,On Time,0
PAY404334,C109228,CARD201613,2025-06-22,5781.17,5781.17,On Time,0
PAY404335,C107636,CARD207990,2026-06-28,3810.01,3810.01,On Time,0
PAY404336,C101465,CARD204224,2025-05-26,2550.9,2550.9,On Time,0
PAY404337,C106802,CARD209492,2025-02-28,6000.87,6000.87,On Time,0
PAY404338,C105329,CARD204071,2025-01-12,1865.56,1865.56,On Time,0
PAY404339,C101528,CARD208203,2025-12-07,10709.63,970.68,Missed,94
PAY404340,C107765,CARD204507,2026-01-13,11905.93,11905.93,On Time,0
PAY404341,C105475,CARD211643,2026-01-12,1727.05,1026.21,Partial,27
PAY404342,C106396,CARD202605,2025-01-28,2265.8,2265.8,On Time,0
PAY404343,C100100,CARD203757,2025-01-04,3509.77,3509.77,Late,7
PAY404344,C103110,CARD211669,2025-05-12,2933.17,2933.17,On Time,0
PAY404345,C100910,CARD205888,2026-04-03,10603.95,10603.95,On Time,0
PAY404346,C108034,CARD202876,2025-03-22,4194.96,4194.96,On Time,0
PAY404347,C107350,CARD201288,2026-06-30,2091.29,2091.29,On Time,0
PAY404348,C109603,CARD210744,2026-06-27,11290.22,11290.22,On Time,0
PAY404349,C108881,CARD209393,2026-05-28,4425.45,2304.76,Partial,40
PAY404350,C101615,CARD211804,2026-08-11,6527.04,6527.04,On Time,0
PAY404351,C109154,CARD210171,2026-04-21,10913.32,10913.32,Late,3
PAY404352,C104645,CARD211975,2025-05-07,4838.66,4838.66,On Time,0
PAY404353,C107987,CARD208910,2026-06-06,4927.3,4927.3,Late,5
PAY404354,C105281,CARD205998,2025-05-28,7050.43,7050.43,On Time,0
PAY404355,C100178,CARD209341,2026-01-26,4469.38,4469.38,On Time,0
PAY404356,C107508,CARD209458,2025-08-26,1176.38,1176.38,On Time,0
PAY404357,C106668,CARD206659,2026-06-16,3587.55,3587.55,On Time,0
PAY404358,C104230,CARD200980,2026-03-08,14541.29,14541.29,On Time,0
PAY404359,C105441,CARD211512,2026-08-08,8719.18,8719.18,On Time,0
PAY404360,C104081,CARD209286,2025-11-24,6746.97,6746.97,Late,3
PAY404361,C109135,CARD201730,2025-10-11,6865.98,6865.98,Late,7
PAY404362,C109684,CARD208405,2026-07-05,4007.52,4007.52,On Time,0
PAY404363,C107258,CARD203084,2025-08-10,7320.03,7320.03,On Time,0
PAY404364,C101943,CARD200159,2026-02-18,3951.56,2746.13,Partial,29
PAY404365,C101703,CARD201801,2025-08-28,4131.51,4131.51,On Time,0
PAY404366,C106729,CARD211429,2026-06-16,4446.47,4446.47,On Time,0
PAY404367,C106450,CARD200619,2025-04-23,4081.72,4081.72,Late,9
PAY404368,C109893,CARD211346,2025-11-16,9170.99,9170.99,On Time,0
PAY404369,C103687,CARD207100,2025-04-20,2693.29,2693.29,On Time,0
PAY404370,C104026,CARD207694,2026-04-12,12306.6,12306.6,On Time,0
PAY404371,C106247,CARD204629,2025-10-14,9239.59,9239.59,Late,13
PAY404372,C108058,CARD205759,2025-10-15,8601.78,8601.78,On Time,0
PAY404373,C104907,CARD210852,2025-11-25,31945.61,31945.61,On Time,0
PAY404374,C100552,CARD200132,2025-09-28,1177.14,1177.14,On Time,0
PAY404375,C101790,CARD203034,2026-08-13,1173.92,1173.92,On Time,0
PAY404376,C101472,CARD204642,2025-12-25,3913.08,3913.08,Late,24
PAY404377,C107503,CARD207406,2026-01-29,10573.96,10573.96,On Time,0
PAY404378,C108961,CARD204405,2026-02-27,5065.46,5065.46,Late,18
PAY404379,C107233,CARD202919,2026-05-05,5450.26,5450.26,On Time,0
PAY404380,C106816,CARD200902,2025-03-03,7473.38,7473.38,On Time,0
PAY404381,C102631,CARD200446,2025-01-15,4411.01,4411.01,On Time,0
PAY404382,C107396,CARD209072,2025-04-18,3056.79,3056.79,On Time,0
PAY404383,C100861,CARD208260,2025-09-17,1923.99,94.55,Missed,47
PAY404384,C109010,CARD204506,2025-02-14,6054.09,6054.09,On Time,0
PAY404385,C106493,CARD211473,2025-11-26,5911.6,2264.16,Partial,59
PAY404386,C108504,CARD211835,2025-09-02,3642.13,894.2,Partial,13
PAY404387,C103128,CARD204179,2025-12-07,10251.7,10251.7,On Time,0
PAY404388,C103303,CARD210086,2025-08-18,14553.39,14553.39,On Time,0
PAY404389,C105076,CARD203952,2025-06-29,11743.32,11743.32,On Time,0
PAY404390,C107227,CARD202967,2025-03-25,5335.73,5335.73,On Time,0
PAY404391,C105019,CARD204105,2026-07-21,3118.88,3118.88,Late,18
PAY404392,C104584,CARD204421,2026-08-30,7026.33,7026.33,On Time,0
PAY404393,C105953,CARD211830,2025-11-06,9966.71,9966.71,Late,19
PAY404394,C102443,CARD209936,2025-04-15,2663.45,2663.45,On Time,0
PAY404395,C101411,CARD201527,2025-05-30,4681.0,4681.0,On Time,0
PAY404396,C109769,CARD200204,2026-02-28,4187.68,4187.68,On Time,0
PAY404397,C104805,CARD209281,2025-10-29,3878.31,3878.31,On Time,0
PAY404398,C107362,CARD210194,2025-05-14,9767.85,9767.85,On Time,0
PAY404399,C108657,CARD204230,2026-04-26,9975.47,9975.47,Late,22
PAY404400,C106150,CARD200755,2025-03-25,9250.23,9250.23,On Time,0
PAY404401,C106775,CARD211338,2025-01-29,5759.38,5759.38,Late,16
PAY404402,C104957,CARD202093,2025-06-22,7165.2,7165.2,Late,2
PAY404403,C101536,CARD203681,2025-08-01,13309.61,13309.61,On Time,0
PAY404404,C108117,CARD211205,2026-01-17,7213.32,7213.32,On Time,0
PAY404405,C102651,CARD208035,2025-10-21,7744.65,7744.65,On Time,0
PAY404406,C107481,CARD204869,2026-07-21,10975.74,10975.74,On Time,0
PAY404407,C109033,CARD204572,2026-08-25,29068.09,29068.09,Late,28
PAY404408,C109646,CARD200527,2025-05-31,12301.63,12301.63,On Time,0
PAY404409,C104880,CARD206258,2025-02-27,6343.28,6343.28,On Time,0
PAY404410,C100905,CARD206844,2025-05-28,6796.15,6796.15,Late,2
PAY404411,C103693,CARD206433,2026-02-24,7294.25,4681.65,Partial,54
PAY404412,C103635,CARD206194,2026-03-08,21909.42,21909.42,Late,9
PAY404413,C104914,CARD206842,2025-04-05,8734.11,8734.11,On Time,0
PAY404414,C103072,CARD209580,2025-10-06,2699.98,2699.98,Late,30
PAY404415,C103197,CARD202315,2025-10-05,14495.56,14495.56,On Time,0
PAY404416,C102555,CARD202374,2025-12-28,1038.42,1038.42,On Time,0
PAY404417,C101451,CARD206440,2026-04-06,4522.85,4522.85,On Time,0
PAY404418,C108008,CARD210865,2026-03-30,3997.88,2730.17,Partial,16
PAY404419,C101057,CARD210634,2025-12-13,2481.94,2481.94,On Time,0
PAY404420,C100286,CARD210856,2026-04-29,5038.13,5038.13,On Time,0
PAY404421,C107044,CARD206280,2026-04-23,5245.86,5245.86,Late,9
PAY404422,C107524,CARD210802,2025-11-15,3136.96,3136.96,Late,24
PAY404423,C105916,CARD209204,2025-02-13,5519.18,5519.18,Late,9
PAY404424,C106797,CARD203242,2025-04-12,8867.66,8867.66,On Time,0
PAY404425,C102216,CARD211805,2026-01-20,19977.52,19977.52,On Time,0
PAY404426,C108400,CARD204106,2026-08-01,9174.64,9174.64,On Time,0
PAY404427,C105556,CARD205694,2025-11-17,4279.89,4279.89,On Time,0
PAY404428,C107428,CARD211406,2025-04-24,1000.0,1000.0,Late,12
PAY404429,C103552,CARD206899,2025-03-15,4269.24,4269.24,Late,28
PAY404430,C107777,CARD202066,2025-02-03,7125.56,3055.28,Partial,57
PAY404431,C105519,CARD208214,2026-04-21,13505.71,13505.71,On Time,0
PAY404432,C105183,CARD211807,2025-03-21,4373.59,4373.59,On Time,0
PAY404433,C100903,CARD206757,2025-09-09,3192.46,3192.46,On Time,0
PAY404434,C104487,CARD208686,2026-03-08,6047.55,6047.55,On Time,0
PAY404435,C109108,CARD210480,2026-02-09,5262.54,178.95,Missed,110
PAY404436,C109322,CARD207073,2026-06-28,10039.81,10039.81,On Time,0
PAY404437,C103803,CARD200436,2025-10-01,6566.42,6566.42,On Time,0
PAY404438,C109943,CARD205980,2025-10-25,2645.86,219.84,Missed,108
PAY404439,C101920,CARD200060,2026-01-12,2321.14,2321.14,On Time,0
PAY404440,C103814,CARD207361,2025-05-26,3893.99,3893.99,On Time,0
PAY404441,C101582,CARD202261,2025-09-03,20846.22,20846.22,Late,9
PAY404442,C108173,CARD204626,2025-05-15,20380.2,470.14,Missed,77
PAY404443,C105791,CARD209543,2025-07-25,2908.68,2908.68,On Time,0
PAY404444,C107003,CARD202107,2026-04-07,8811.8,4358.03,Partial,19
PAY404445,C102622,CARD206941,2026-04-27,6516.61,6516.61,On Time,0
PAY404446,C103516,CARD202904,2025-05-30,11188.68,11188.68,On Time,0
PAY404447,C106330,CARD200474,2026-08-10,4066.63,4066.63,On Time,0
PAY404448,C104963,CARD204665,2026-05-29,9002.56,9002.56,On Time,0
PAY404449,C101116,CARD208114,2025-11-29,5953.95,5953.95,On Time,0
PAY404450,C100480,CARD209121,2026-05-23,10663.06,10663.06,Late,18
PAY404451,C105150,CARD209054,2025-11-27,6879.66,6879.66,On Time,0
PAY404452,C101015,CARD202566,2025-06-21,5900.56,5900.56,On Time,0
PAY404453,C100517,CARD206276,2025-07-06,4295.96,4295.96,On Time,0
PAY404454,C108057,CARD209438,2025-12-29,5141.19,5141.19,On Time,0
PAY404455,C108868,CARD204714,2025-11-19,2440.11,1277.49,Partial,15
PAY404456,C104285,CARD203519,2025-05-11,3719.16,398.68,Missed,57
PAY404457,C108360,CARD201994,2026-07-04,11304.56,11304.56,Late,20
PAY404458,C102904,CARD208506,2025-10-05,18901.05,18901.05,Late,24
PAY404459,C104954,CARD203275,2025-07-18,4656.03,4656.03,On Time,0
PAY404460,C100353,CARD200525,2026-05-16,13160.0,13160.0,Late,27
PAY404461,C106271,CARD201783,2026-03-01,6002.82,6002.82,On Time,0
PAY404462,C103171,CARD206273,2025-10-12,4972.58,4972.58,On Time,0
PAY404463,C108109,CARD209376,2025-10-18,6818.79,6818.79,On Time,0
PAY404464,C106247,CARD204629,2026-08-04,10945.34,10945.34,On Time,0
PAY404465,C105087,CARD208497,2025-12-28,2771.93,2771.93,On Time,0
PAY404466,C100472,CARD209011,2025-02-21,6752.79,6752.79,On Time,0
PAY404467,C108823,CARD211169,2025-01-14,20643.44,20643.44,On Time,0
PAY404468,C101628,CARD210531,2026-01-30,7941.26,7941.26,On Time,0
PAY404469,C105558,CARD200845,2026-04-03,4817.81,4817.81,On Time,0
PAY404470,C104426,CARD203058,2026-08-22,4428.78,4428.78,On Time,0
PAY404471,C107719,CARD210791,2025-11-23,25244.59,25244.59,On Time,0
PAY404472,C102232,CARD202598,2025-02-13,2773.31,2773.31,On Time,0
PAY404473,C108297,CARD201885,2025-09-19,5545.41,5545.41,On Time,0
PAY404474,C101957,CARD209293,2025-05-01,3385.16,3385.16,On Time,0
PAY404475,C105590,CARD207713,2025-07-13,6492.14,6492.14,On Time,0
PAY404476,C109041,CARD204583,2025-11-30,5814.17,5814.17,Late,4
PAY404477,C105234,CARD211344,2025-06-17,14427.42,14427.42,On Time,0
PAY404478,C101427,CARD208763,2026-04-21,8803.05,8803.05,On Time,0
PAY404479,C102053,CARD209677,2026-04-20,12394.75,12394.75,On Time,0
PAY404480,C108218,CARD210120,2026-08-31,5662.98,5662.98,On Time,0
PAY404481,C100549,CARD209411,2025-01-15,1318.82,1318.82,On Time,0
PAY404482,C102849,CARD210515,2025-02-01,5188.38,5188.38,On Time,0
PAY404483,C103131,CARD208062,2026-03-15,17238.33,6643.38,Partial,33
PAY404484,C100563,CARD204169,2026-04-19,3463.28,3463.28,On Time,0
PAY404485,C109873,CARD209841,2025-10-06,4207.76,4207.76,On Time,0
PAY404486,C101369,CARD209516,2025-06-12,3979.12,3979.12,On Time,0
PAY404487,C103191,CARD206064,2026-07-31,9054.9,9054.9,On Time,0
PAY404488,C107454,CARD200767,2025-08-31,25656.67,25656.67,On Time,0
PAY404489,C105846,CARD210030,2025-10-16,15349.9,1256.03,Missed,49
PAY404490,C107811,CARD200407,2025-10-29,10503.8,873.28,Missed,94
PAY404491,C105774,CARD210437,2025-09-20,11742.9,7066.71,Partial,31
PAY404492,C102763,CARD204898,2025-10-25,10033.25,10033.25,Late,10
PAY404493,C103314,CARD202619,2025-05-18,2640.28,2640.28,On Time,0
PAY404494,C106294,CARD204234,2025-06-08,3788.07,3788.07,On Time,0
PAY404495,C100105,CARD211069,2025-07-11,10228.61,5488.03,Partial,23
PAY404496,C103729,CARD210304,2025-04-18,9320.65,9320.65,On Time,0
PAY404497,C103237,CARD201583,2026-01-14,6492.68,6492.68,On Time,0
PAY404498,C106798,CARD203152,2025-04-19,13284.32,3128.09,Partial,8
PAY404499,C106946,CARD207981,2026-01-28,4869.25,4869.25,On Time,0
PAY404500,C100377,CARD209910,2025-08-18,3442.31,3442.31,On Time,0
PAY404501,C102920,CARD205425,2025-06-13,18253.47,18253.47,On Time,0
PAY404502,C108361,CARD202652,2026-07-14,5363.69,2925.61,Partial,28
PAY404503,C109533,CARD206208,2025-02-27,9289.89,9289.89,On Time,0
PAY404504,C109321,CARD206151,2025-11-27,1679.38,1679.38,On Time,0
PAY404505,C109143,CARD208375,2025-01-21,6695.64,6695.64,Late,14
PAY404506,C108923,CARD201078,2026-05-21,5506.73,5506.73,Late,19
PAY404507,C107777,CARD202066,2026-01-17,4707.15,4707.15,On Time,0
PAY404508,C102319,CARD210870,2025-10-21,9444.48,9444.48,On Time,0
PAY404509,C105362,CARD209134,2025-05-05,2754.31,2754.31,Late,12
PAY404510,C102065,CARD201024,2025-08-03,4464.1,4464.1,On Time,0
PAY404511,C101083,CARD203679,2025-04-14,3947.44,3947.44,Late,3
PAY404512,C102458,CARD201972,2025-05-21,16001.64,16001.64,On Time,0
PAY404513,C107060,CARD209064,2026-01-05,4608.28,4608.28,On Time,0
PAY404514,C101819,CARD206580,2025-06-03,2848.83,1590.31,Partial,34
PAY404515,C107800,CARD201986,2025-02-05,7956.01,3957.63,Partial,43
PAY404516,C108947,CARD203256,2025-06-30,7116.13,7116.13,On Time,0
PAY404517,C101579,CARD203598,2026-03-04,12854.38,12854.38,On Time,0
PAY404518,C106445,CARD210949,2026-01-12,6657.49,6657.49,Late,16
PAY404519,C104984,CARD211367,2026-08-06,22061.76,13518.27,Partial,8
PAY404520,C104863,CARD208365,2026-07-29,3863.47,3863.47,On Time,0
PAY404521,C100928,CARD205640,2025-12-04,1000.0,1000.0,On Time,0
PAY404522,C105170,CARD201574,2025-07-30,6897.47,6897.47,On Time,0
PAY404523,C103602,CARD205044,2025-11-27,5749.08,4655.46,Partial,54
PAY404524,C108223,CARD206464,2025-05-20,3481.0,3481.0,On Time,0
PAY404525,C109873,CARD209841,2026-02-28,5218.31,5218.31,Late,7
PAY404526,C107508,CARD209458,2026-03-30,9455.91,9455.91,On Time,0
PAY404527,C100867,CARD208338,2025-05-07,3391.58,3391.58,Late,14
PAY404528,C102413,CARD211813,2026-08-29,5876.22,5876.22,On Time,0
PAY404529,C105633,CARD210495,2025-09-20,15149.05,15149.05,On Time,0
PAY404530,C106420,CARD206940,2025-09-13,1649.16,539.57,Partial,29
PAY404531,C103460,CARD211982,2025-05-31,2712.72,2712.72,On Time,0
PAY404532,C102103,CARD205338,2025-01-30,3044.27,3044.27,Late,1
PAY404533,C107223,CARD210128,2026-04-04,5203.89,5203.89,On Time,0
PAY404534,C109203,CARD201103,2025-07-30,5977.43,5977.43,On Time,0
PAY404535,C109908,CARD202742,2026-02-07,6886.75,6886.75,Late,25
PAY404536,C107535,CARD209228,2026-06-02,6738.77,29.57,Missed,59
PAY404537,C102103,CARD205338,2025-09-10,4067.15,4067.15,On Time,0
PAY404538,C105738,CARD202848,2025-12-02,2690.62,2690.62,Late,13
PAY404539,C103604,CARD201774,2026-08-15,7108.34,7108.34,On Time,0
PAY404540,C101565,CARD202454,2025-06-26,1371.36,1371.36,On Time,0
PAY404541,C106761,CARD206728,2026-01-31,4880.74,4880.74,On Time,0
PAY404542,C101117,CARD203420,2026-02-02,4508.07,4508.07,On Time,0
PAY404543,C100444,CARD202637,2025-10-17,9432.84,9432.84,On Time,0
PAY404544,C103748,CARD208832,2026-05-10,1995.9,1995.9,On Time,0
PAY404545,C100801,CARD211693,2025-01-12,20588.92,20588.92,On Time,0
PAY404546,C102666,CARD203806,2025-10-01,4736.02,4736.02,On Time,0
PAY404547,C100711,CARD208791,2025-04-14,8254.09,8254.09,On Time,0
PAY404548,C100287,CARD202679,2025-11-07,2416.63,502.96,Partial,11
PAY404549,C106321,CARD208136,2025-12-18,2295.69,2295.69,On Time,0
PAY404550,C101938,CARD203564,2026-07-05,6571.63,6571.63,On Time,0
PAY404551,C105388,CARD209248,2025-05-04,1774.6,1774.6,On Time,0
PAY404552,C106933,CARD206636,2025-07-18,3241.12,3241.12,On Time,0
PAY404553,C106339,CARD203466,2025-05-07,9173.69,9173.69,On Time,0
PAY404554,C105287,CARD210057,2026-05-21,6413.01,6413.01,On Time,0
PAY404555,C108423,CARD209062,2026-05-20,2769.09,2769.09,On Time,0
PAY404556,C108856,CARD208810,2026-06-24,6229.27,6229.27,On Time,0
PAY404557,C103693,CARD206433,2026-02-24,11114.41,7992.89,Partial,18
PAY404558,C107629,CARD208975,2025-06-23,5634.51,5634.51,On Time,0
PAY404559,C109821,CARD203623,2025-11-19,3806.14,2974.07,Partial,26
PAY404560,C108778,CARD201521,2025-10-11,6325.95,6325.95,On Time,0
PAY404561,C104155,CARD211933,2025-11-13,6078.22,6078.22,Late,17
PAY404562,C103672,CARD205639,2026-06-07,13649.46,13649.46,On Time,0
PAY404563,C100676,CARD210660,2026-05-19,8696.4,3471.06,Partial,6
PAY404564,C107531,CARD205716,2026-05-24,8905.85,8905.85,On Time,0
PAY404565,C108400,CARD204106,2025-04-17,6188.74,6188.74,On Time,0
PAY404566,C104257,CARD202737,2026-07-10,6168.73,6168.73,Late,10
PAY404567,C103199,CARD201492,2025-09-12,9342.41,9342.41,On Time,0
PAY404568,C102144,CARD204248,2025-01-29,2402.03,2402.03,On Time,0
PAY404569,C105656,CARD201141,2025-11-02,5835.65,5835.65,On Time,0
PAY404570,C109196,CARD204316,2025-10-02,19223.11,19223.11,Late,23
PAY404571,C101415,CARD209760,2026-02-06,2232.98,2232.98,On Time,0
PAY404572,C105113,CARD206109,2025-02-18,7978.27,7978.27,On Time,0
PAY404573,C105769,CARD204053,2026-03-27,6621.65,6621.65,Late,13
PAY404574,C105456,CARD200324,2025-06-15,5686.42,3162.25,Partial,16
PAY404575,C102559,CARD209242,2025-07-16,4795.99,4795.99,On Time,0
PAY404576,C102616,CARD200309,2025-05-31,2701.35,2701.35,On Time,0
PAY404577,C107037,CARD208299,2026-01-17,4893.22,4893.22,On Time,0
PAY404578,C109826,CARD203582,2025-04-06,8111.82,8111.82,On Time,0
PAY404579,C100697,CARD209639,2026-05-08,12397.24,12397.24,On Time,0
PAY404580,C108454,CARD202608,2025-11-26,14950.49,14950.49,Late,20
PAY404581,C107113,CARD203526,2025-08-27,7132.0,7132.0,On Time,0
PAY404582,C106524,CARD210471,2026-08-11,5454.86,5454.86,Late,14
PAY404583,C101073,CARD208800,2026-08-23,3668.67,3668.67,On Time,0
PAY404584,C106498,CARD201551,2025-03-31,3196.05,3196.05,On Time,0
PAY404585,C107623,CARD201859,2026-04-22,15395.36,15395.36,On Time,0
PAY404586,C107143,CARD208390,2025-04-03,14286.44,14286.44,On Time,0
PAY404587,C108420,CARD206368,2026-03-02,3597.83,3597.83,On Time,0
PAY404588,C101292,CARD200617,2026-02-11,10269.94,10269.94,On Time,0
PAY404589,C107537,CARD208879,2026-06-03,4166.55,4166.55,On Time,0
PAY404590,C103880,CARD206270,2025-05-08,14564.25,14564.25,On Time,0
PAY404591,C107843,CARD201807,2026-07-12,5492.35,4328.05,Partial,30
PAY404592,C102206,CARD209774,2025-04-26,4797.81,4797.81,On Time,0
PAY404593,C106726,CARD201392,2025-07-10,5439.02,5439.02,On Time,0
PAY404594,C100205,CARD200816,2025-04-28,3346.46,3346.46,On Time,0
PAY404595,C103843,CARD209631,2025-08-10,7831.8,3265.66,Partial,31
PAY404596,C105456,CARD200324,2025-06-15,4053.81,4053.81,On Time,0
PAY404597,C105321,CARD201871,2025-02-14,22628.73,22628.73,On Time,0
PAY404598,C106159,CARD200084,2025-07-01,8606.2,8606.2,On Time,0
PAY404599,C104404,CARD200771,2025-05-24,4653.29,4653.29,On Time,0
PAY404600,C108734,CARD210492,2026-05-03,23421.28,2636.47,Missed,66
PAY404601,C105380,CARD201675,2026-05-25,8655.73,8655.73,On Time,0
PAY404602,C109198,CARD200578,2025-05-02,3690.73,3690.73,On Time,0
PAY404603,C108231,CARD203798,2025-07-24,1739.23,1739.23,On Time,0
PAY404604,C108875,CARD205132,2025-07-16,7274.48,7274.48,On Time,0
PAY404605,C101013,CARD202008,2025-07-11,5913.23,5913.23,On Time,0
PAY404606,C103452,CARD204976,2026-06-03,3789.47,3789.47,On Time,0
PAY404607,C109670,CARD200709,2025-05-30,10959.37,5501.99,Partial,31
PAY404608,C104608,CARD211932,2025-06-17,9543.21,9543.21,On Time,0
PAY404609,C101319,CARD204052,2025-09-21,7091.42,349.21,Missed,38
PAY404610,C103205,CARD209225,2025-01-27,3397.03,3397.03,On Time,0
PAY404611,C108818,CARD211499,2025-09-14,11451.01,11451.01,On Time,0
PAY404612,C103552,CARD206899,2025-01-09,7778.17,7778.17,On Time,0
PAY404613,C100309,CARD208635,2025-07-01,23218.82,23218.82,On Time,0
PAY404614,C103565,CARD200151,2026-07-21,2230.62,2230.62,On Time,0
PAY404615,C108633,CARD210792,2025-09-07,6309.69,6309.69,On Time,0
PAY404616,C109079,CARD203498,2026-01-18,9867.15,9867.15,On Time,0
PAY404617,C109499,CARD200638,2026-01-01,14542.78,14542.78,On Time,0
PAY404618,C106649,CARD207886,2025-06-10,5740.86,5740.86,On Time,0
PAY404619,C105622,CARD207520,2025-12-22,4923.35,4923.35,On Time,0
PAY404620,C109330,CARD210026,2025-02-23,5717.1,5717.1,On Time,0
PAY404621,C105908,CARD208076,2025-02-22,8336.76,8336.76,On Time,0
PAY404622,C104801,CARD211465,2026-01-02,9091.28,9091.28,On Time,0
PAY404623,C102430,CARD200732,2026-03-20,5909.63,5909.63,On Time,0
PAY404624,C102240,CARD205891,2026-08-17,14520.35,14520.35,On Time,0
PAY404625,C104362,CARD200045,2026-04-05,38822.26,10622.47,Partial,20
PAY404626,C104757,CARD207003,2026-08-28,2105.29,1151.27,Partial,53
PAY404627,C107200,CARD210356,2025-09-08,5906.26,5906.26,On Time,0
PAY404628,C105806,CARD206855,2026-08-13,13458.93,13458.93,On Time,0
PAY404629,C103682,CARD200321,2025-02-17,4201.8,4201.8,On Time,0
PAY404630,C103748,CARD208832,2025-01-07,12130.75,12130.75,On Time,0
PAY404631,C104415,CARD202145,2026-05-26,5448.61,5448.61,On Time,0
PAY404632,C106872,CARD205799,2026-01-14,2581.96,2581.96,On Time,0
PAY404633,C107283,CARD205815,2025-04-21,6363.58,6363.58,On Time,0
PAY404634,C106414,CARD208839,2026-05-30,6164.14,3163.45,Partial,24
PAY404635,C106383,CARD209960,2025-07-06,6121.95,6121.95,On Time,0
PAY404636,C106800,CARD207570,2026-01-13,2761.22,2761.22,On Time,0
PAY404637,C108533,CARD210721,2025-04-04,10827.13,1613.39,Missed,50
PAY404638,C102513,CARD200575,2026-02-06,2543.25,2543.25,Late,14
PAY404639,C103613,CARD210378,2025-01-03,10640.95,10640.95,On Time,0
PAY404640,C100067,CARD200281,2025-08-30,3580.67,3580.67,Late,16
PAY404641,C107025,CARD204726,2025-09-03,4415.06,4415.06,On Time,0
PAY404642,C107106,CARD207624,2026-08-20,4512.5,4512.5,On Time,0
PAY404643,C105073,CARD209450,2025-09-15,6252.72,6252.72,On Time,0
PAY404644,C105452,CARD209949,2025-11-01,4591.84,4591.84,On Time,0
PAY404645,C108720,CARD203559,2026-04-29,3487.71,3487.71,On Time,0
PAY404646,C102241,CARD207764,2026-05-08,4399.15,4399.15,On Time,0
PAY404647,C103385,CARD204504,2025-03-24,6776.01,6776.01,Late,22
PAY404648,C104504,CARD201886,2026-05-01,10536.61,10536.61,On Time,0
PAY404649,C109924,CARD201485,2026-06-27,5055.85,5055.85,On Time,0
PAY404650,C108957,CARD202383,2026-07-29,5095.91,5095.91,Late,23
PAY404651,C105621,CARD208596,2026-01-20,4234.26,4234.26,On Time,0
PAY404652,C103398,CARD211288,2026-04-06,4349.42,4349.42,Late,21
PAY404653,C107530,CARD208594,2026-02-09,4010.8,4010.8,On Time,0
PAY404654,C104331,CARD205275,2025-08-16,3746.21,3746.21,On Time,0
PAY404655,C107959,CARD203865,2025-02-04,3216.34,3216.34,On Time,0
PAY404656,C103705,CARD201977,2025-06-12,4563.06,4563.06,On Time,0
PAY404657,C105824,CARD201831,2026-08-27,3615.27,3615.27,On Time,0
PAY404658,C105632,CARD203102,2025-10-24,10644.78,10644.78,Late,7
PAY404659,C105447,CARD203195,2026-05-14,4866.99,4866.99,On Time,0
PAY404660,C106056,CARD202863,2026-01-14,2271.97,2271.97,On Time,0
PAY404661,C105904,CARD201062,2026-04-21,21115.99,21115.99,On Time,0
PAY404662,C104063,CARD206459,2026-02-14,11269.44,11269.44,Late,10
PAY404663,C103980,CARD205549,2026-07-18,6769.04,6769.04,On Time,0
PAY404664,C104392,CARD208363,2025-06-13,8006.63,8006.63,Late,11
PAY404665,C103703,CARD204927,2025-09-10,3540.41,3540.41,Late,18
PAY404666,C104385,CARD201199,2025-10-22,8593.18,8593.18,On Time,0
PAY404667,C107405,CARD210420,2025-10-26,2175.25,2175.25,On Time,0
PAY404668,C102226,CARD209087,2025-01-29,8918.14,8918.14,On Time,0
PAY404669,C103495,CARD210166,2026-06-24,5826.74,5826.74,On Time,0
PAY404670,C105036,CARD208301,2026-01-12,6511.78,6511.78,Late,1
PAY404671,C104340,CARD204613,2026-01-11,3342.48,3342.48,On Time,0
PAY404672,C104737,CARD208631,2025-12-01,4796.63,2735.87,Partial,36
PAY404673,C104025,CARD211624,2026-08-16,4717.05,4717.05,On Time,0
PAY404674,C109060,CARD209120,2025-09-22,2888.38,2888.38,Late,24
PAY404675,C104621,CARD204416,2026-05-13,3545.58,3545.58,Late,15
PAY404676,C103720,CARD201943,2026-04-26,4984.96,4984.96,On Time,0
PAY404677,C106920,CARD208936,2026-08-23,7160.29,7160.29,On Time,0
PAY404678,C108106,CARD208676,2025-11-01,3351.31,3351.31,Late,22
PAY404679,C109024,CARD209056,2025-07-31,11962.85,11962.85,On Time,0
PAY404680,C108818,CARD211499,2025-08-28,3715.93,3715.93,On Time,0
PAY404681,C108279,CARD209055,2026-07-06,7058.92,7058.92,On Time,0
PAY404682,C105380,CARD203030,2025-08-06,3163.81,3163.81,On Time,0
PAY404683,C103812,CARD206555,2025-09-21,3751.75,3751.75,On Time,0
PAY404684,C105149,CARD200268,2025-07-23,2943.46,2943.46,On Time,0
PAY404685,C103031,CARD211105,2025-11-12,3321.02,95.2,Missed,117
PAY404686,C106626,CARD200482,2025-08-09,19629.29,8636.04,Partial,3
PAY404687,C101316,CARD203764,2026-07-16,7217.36,7217.36,On Time,0
PAY404688,C105920,CARD202204,2025-06-29,6842.06,6842.06,On Time,0
PAY404689,C103041,CARD207686,2026-06-22,3711.21,3711.21,On Time,0
PAY404690,C102678,CARD210840,2026-05-15,14053.48,14053.48,On Time,0
PAY404691,C101343,CARD201477,2025-05-22,9309.4,5180.41,Partial,4
PAY404692,C108570,CARD204823,2026-06-03,6523.98,6523.98,On Time,0
PAY404693,C107062,CARD207386,2026-01-22,16124.64,12258.83,Partial,19
PAY404694,C108796,CARD211974,2025-12-26,4124.1,4124.1,Late,4
PAY404695,C103585,CARD200372,2025-09-22,5424.83,5424.83,On Time,0
PAY404696,C106505,CARD211498,2025-03-16,28165.58,28165.58,On Time,0
PAY404697,C102620,CARD201519,2026-03-01,4879.46,4879.46,On Time,0
PAY404698,C101679,CARD202519,2026-03-10,10677.07,3192.39,Partial,32
PAY404699,C109242,CARD211271,2026-05-23,14146.97,14146.97,On Time,0
PAY404700,C106648,CARD209934,2025-06-23,10167.37,10167.37,On Time,0
PAY404701,C108789,CARD211003,2025-04-02,3052.15,3052.15,On Time,0
PAY404702,C109478,CARD211104,2025-05-26,4394.58,4394.58,On Time,0
PAY404703,C102210,CARD209921,2026-02-24,4067.55,4067.55,On Time,0
PAY404704,C101997,CARD210891,2025-08-17,10086.73,10086.73,On Time,0
PAY404705,C103787,CARD205894,2026-06-11,6709.45,6709.45,On Time,0
PAY404706,C108453,CARD200586,2026-04-10,5889.87,5889.87,On Time,0
PAY404707,C102235,CARD201442,2025-06-21,1730.94,1730.94,On Time,0
PAY404708,C109706,CARD202961,2026-03-06,3458.5,3458.5,On Time,0
PAY404709,C100912,CARD204434,2025-11-26,2013.67,2013.67,On Time,0
PAY404710,C109051,CARD211335,2025-11-05,2640.6,2640.6,On Time,0
PAY404711,C109579,CARD200341,2025-01-26,4774.9,4774.9,On Time,0
PAY404712,C108303,CARD201456,2025-02-08,2618.28,2618.28,On Time,0
PAY404713,C105061,CARD201672,2026-08-08,11062.98,11062.98,On Time,0
PAY404714,C103922,CARD210571,2025-10-26,2847.24,2847.24,On Time,0
PAY404715,C100622,CARD206176,2025-11-30,8091.7,4435.03,Partial,29
PAY404716,C101772,CARD208584,2026-04-08,10219.55,10219.55,On Time,0
PAY404717,C101297,CARD207495,2026-05-12,5317.26,5317.26,On Time,0
PAY404718,C100585,CARD202857,2026-06-21,4357.76,4357.76,On Time,0
PAY404719,C102539,CARD205115,2026-08-10,4068.28,4068.28,On Time,0
PAY404720,C109618,CARD204199,2026-01-17,1963.26,1963.26,On Time,0
PAY404721,C108400,CARD204106,2026-01-04,22787.76,22787.76,On Time,0
PAY404722,C104123,CARD205988,2025-03-09,7617.79,7617.79,On Time,0
PAY404723,C103290,CARD207974,2025-09-03,3282.0,3282.0,On Time,0
PAY404724,C103176,CARD207264,2026-03-08,3756.01,3756.01,On Time,0
PAY404725,C102575,CARD200904,2026-07-27,4005.2,4005.2,On Time,0
PAY404726,C104946,CARD210768,2026-06-12,1575.44,1575.44,On Time,0
PAY404727,C109401,CARD205063,2026-08-12,5707.24,5707.24,On Time,0
PAY404728,C101444,CARD211775,2026-04-01,16594.92,16594.92,On Time,0
PAY404729,C100566,CARD202248,2025-08-06,10141.25,909.94,Missed,111
PAY404730,C109163,CARD202195,2025-08-19,10654.43,10654.43,On Time,0
PAY404731,C109414,CARD206452,2026-05-07,9780.65,9780.65,On Time,0
PAY404732,C108061,CARD205972,2026-02-16,2442.89,1947.07,Partial,53
PAY404733,C104698,CARD209280,2025-10-02,9165.5,9165.5,On Time,0
PAY404734,C109094,CARD202317,2026-08-13,6243.05,6243.05,On Time,0
PAY404735,C107487,CARD205150,2025-02-27,5997.37,5997.37,On Time,0
PAY404736,C106545,CARD206599,2025-08-28,5594.56,5594.56,On Time,0
PAY404737,C102722,CARD211132,2026-07-07,5840.63,5840.63,On Time,0
PAY404738,C103663,CARD201789,2025-09-12,6289.21,6289.21,On Time,0
PAY404739,C101983,CARD210988,2025-02-19,2874.37,2874.37,Late,6
PAY404740,C105176,CARD205469,2026-01-22,2888.09,2888.09,On Time,0
PAY404741,C108516,CARD207839,2026-02-22,1724.54,1724.54,On Time,0
PAY404742,C101295,CARD210997,2025-05-05,9532.45,9532.45,On Time,0
PAY404743,C100106,CARD200572,2025-04-15,6189.39,6189.39,On Time,0
PAY404744,C108911,CARD201119,2026-06-03,3508.46,3508.46,Late,19
PAY404745,C108416,CARD201032,2025-02-18,1754.59,34.24,Missed,108
PAY404746,C105426,CARD204983,2026-05-25,2807.33,2807.33,On Time,0
PAY404747,C103090,CARD200093,2026-07-14,4840.87,4840.87,On Time,0
PAY404748,C107919,CARD201421,2025-02-08,3885.08,3885.08,Late,7
PAY404749,C104873,CARD206322,2025-12-26,15140.67,15140.67,On Time,0
PAY404750,C107329,CARD206026,2025-07-02,4220.54,4220.54,On Time,0
PAY404751,C107281,CARD205686,2026-05-12,10200.26,10200.26,On Time,0
PAY404752,C106004,CARD208269,2025-04-22,8630.86,8630.86,On Time,0
PAY404753,C103295,CARD203010,2025-04-30,4098.06,4098.06,On Time,0
PAY404754,C101550,CARD203640,2026-03-30,14595.64,14595.64,On Time,0
PAY404755,C103353,CARD201068,2025-09-20,3198.0,3198.0,Late,3
PAY404756,C109809,CARD201281,2025-02-18,5971.5,5971.5,On Time,0
PAY404757,C107751,CARD211569,2026-03-11,18293.83,18293.83,On Time,0
PAY404758,C108355,CARD200401,2025-09-05,5768.97,5768.97,On Time,0
PAY404759,C109888,CARD206012,2025-06-25,3833.21,3833.21,On Time,0
PAY404760,C108719,CARD204490,2026-07-16,3841.69,3841.69,Late,17
PAY404761,C104451,CARD203093,2025-07-25,6337.72,6337.72,On Time,0
PAY404762,C107174,CARD201200,2026-03-09,2345.26,2345.26,On Time,0
PAY404763,C105911,CARD206053,2026-07-10,5234.23,2851.88,Partial,4
PAY404764,C102019,CARD211412,2025-10-05,8440.47,5075.17,Partial,1
PAY404765,C101606,CARD206651,2026-05-05,9841.02,9841.02,On Time,0
PAY404766,C104663,CARD204512,2025-08-24,22689.07,22689.07,On Time,0
PAY404767,C103091,CARD202259,2026-06-01,5826.76,5826.76,Late,23
PAY404768,C108877,CARD206937,2026-01-10,3015.78,3015.78,Late,7
PAY404769,C104882,CARD204828,2025-02-01,3956.17,3956.17,On Time,0
PAY404770,C101080,CARD204536,2025-06-28,10747.75,10747.75,On Time,0
PAY404771,C103626,CARD209023,2025-07-28,8128.69,8128.69,On Time,0
PAY404772,C105981,CARD200274,2026-03-27,5800.83,5800.83,Late,22
PAY404773,C101751,CARD207006,2025-12-27,8300.14,8300.14,On Time,0
PAY404774,C103540,CARD202791,2026-03-02,3936.92,2334.37,Partial,53
PAY404775,C109194,CARD205707,2026-06-23,7994.44,7994.44,On Time,0
PAY404776,C100023,CARD210978,2025-09-21,2506.49,2506.49,On Time,0
PAY404777,C108662,CARD206633,2026-05-08,10150.37,10150.37,On Time,0
PAY404778,C101920,CARD200060,2026-01-12,3458.74,3458.74,On Time,0
PAY404779,C104663,CARD204512,2026-06-04,3142.64,291.01,Missed,39
PAY404780,C108181,CARD202339,2026-05-11,11043.08,11043.08,On Time,0
PAY404781,C102258,CARD211680,2026-02-27,3133.23,3133.23,On Time,0
PAY404782,C103981,CARD206509,2025-02-25,4598.92,4598.92,On Time,0
PAY404783,C108165,CARD202428,2025-12-07,10823.83,10823.83,On Time,0
PAY404784,C104907,CARD210852,2025-03-31,6312.04,6312.04,On Time,0
PAY404785,C109061,CARD201561,2026-05-17,9333.31,9333.31,On Time,0
PAY404786,C103846,CARD203400,2025-04-11,3882.94,3882.94,Late,4
PAY404787,C103103,CARD204146,2026-08-10,1866.54,915.16,Partial,27
PAY404788,C104220,CARD206256,2026-02-23,5502.42,5502.42,On Time,0
PAY404789,C105110,CARD209950,2026-05-07,2810.55,2810.55,Late,1
PAY404790,C103291,CARD206261,2025-03-04,11286.03,11286.03,On Time,0
PAY404791,C103884,CARD205225,2025-09-22,6484.03,6484.03,On Time,0
PAY404792,C104690,CARD200117,2026-08-22,7494.18,7494.18,On Time,0
PAY404793,C102840,CARD200107,2026-04-24,4162.28,4162.28,On Time,0
PAY404794,C108503,CARD208435,2025-06-08,4550.95,4550.95,On Time,0
PAY404795,C107078,CARD201444,2025-01-27,5666.45,5666.45,On Time,0
PAY404796,C100057,CARD211878,2026-01-25,2931.05,2931.05,Late,7
PAY404797,C105784,CARD203094,2026-08-27,10722.63,10722.63,On Time,0
PAY404798,C106048,CARD210326,2025-10-20,3159.28,1093.24,Partial,39
PAY404799,C102442,CARD209852,2026-07-21,8783.07,8783.07,On Time,0
PAY404800,C101828,CARD205583,2026-04-12,9403.17,9403.17,On Time,0
PAY404801,C100005,CARD201173,2026-03-25,1287.45,1287.45,On Time,0
PAY404802,C103473,CARD205223,2025-02-05,3532.75,3532.75,On Time,0
PAY404803,C107792,CARD205657,2025-06-13,2268.41,2268.41,On Time,0
PAY404804,C106930,CARD208294,2026-06-17,6875.21,6875.21,On Time,0
PAY404805,C106674,CARD210935,2025-10-13,3764.63,3764.63,On Time,0
PAY404806,C102069,CARD208620,2026-01-25,3698.57,3698.57,On Time,0
PAY404807,C109294,CARD208499,2025-06-12,1000.0,1000.0,On Time,0
PAY404808,C104349,CARD205262,2025-08-26,10404.99,35.66,Missed,60
PAY404809,C102970,CARD200313,2026-08-03,5078.8,5078.8,On Time,0
PAY404810,C102922,CARD209292,2025-04-30,2829.93,2829.93,On Time,0
PAY404811,C101479,CARD203143,2025-09-09,10995.7,10995.7,On Time,0
PAY404812,C108922,CARD204982,2025-07-18,3781.64,3781.64,Late,7
PAY404813,C108521,CARD209067,2025-10-25,4031.49,4031.49,On Time,0
PAY404814,C100266,CARD210469,2025-04-27,8774.31,8774.31,On Time,0
PAY404815,C103864,CARD207943,2025-04-01,7862.09,5083.15,Partial,18
PAY404816,C103178,CARD206988,2026-03-16,10304.0,10304.0,On Time,0
PAY404817,C109680,CARD207228,2025-07-11,6573.91,6573.91,Late,20
PAY404818,C107649,CARD211926,2025-08-12,6674.59,6674.59,On Time,0
PAY404819,C107105,CARD210730,2026-05-28,6814.64,6814.64,On Time,0
PAY404820,C105881,CARD200857,2025-10-31,9315.48,9315.48,On Time,0
PAY404821,C106021,CARD203639,2025-04-09,6647.13,6647.13,On Time,0
PAY404822,C103068,CARD211898,2026-05-12,10344.86,10344.86,On Time,0
PAY404823,C109215,CARD211197,2026-08-11,6891.47,6891.47,On Time,0
PAY404824,C106200,CARD209628,2025-05-11,1742.48,1742.48,On Time,0
PAY404825,C109205,CARD208771,2025-07-11,12179.98,12179.98,On Time,0
PAY404826,C101230,CARD201272,2026-02-03,8217.91,8217.91,Late,25
PAY404827,C100896,CARD208451,2025-09-11,14608.91,14608.91,Late,16
PAY404828,C104517,CARD211616,2025-04-09,8029.64,8029.64,On Time,0
PAY404829,C108187,CARD207711,2025-09-29,12501.12,12501.12,Late,29
PAY404830,C105570,CARD205854,2026-02-06,3986.23,3986.23,On Time,0
PAY404831,C106104,CARD202347,2025-12-31,1584.71,1584.71,On Time,0
PAY404832,C108026,CARD207813,2026-05-26,11903.92,11903.92,On Time,0
PAY404833,C106322,CARD202234,2025-02-06,4513.65,4513.65,Late,9
PAY404834,C103970,CARD203134,2026-06-29,1843.52,1843.52,On Time,0
PAY404835,C107265,CARD207992,2026-05-16,2162.2,2162.2,On Time,0
PAY404836,C107739,CARD208125,2026-05-21,4043.83,4043.83,On Time,0
PAY404837,C109138,CARD204562,2026-02-01,6094.33,6094.33,On Time,0
PAY404838,C100402,CARD208473,2026-06-24,2094.49,2094.49,On Time,0
PAY404839,C106064,CARD203885,2025-05-01,17897.49,17897.49,On Time,0
PAY404840,C104758,CARD204095,2026-07-17,10709.21,10709.21,On Time,0
PAY404841,C101572,CARD203731,2025-09-17,5133.54,5133.54,Late,1
PAY404842,C107084,CARD205846,2025-04-21,11711.28,11711.28,On Time,0
PAY404843,C103276,CARD207579,2026-08-27,2067.77,2067.77,On Time,0
PAY404844,C109079,CARD203498,2026-03-13,7683.55,7683.55,On Time,0
PAY404845,C108372,CARD206469,2026-06-06,5874.02,5874.02,On Time,0
PAY404846,C104156,CARD203588,2025-11-01,12559.35,12559.35,On Time,0
PAY404847,C103650,CARD208325,2026-02-17,2756.8,2756.8,Late,30
PAY404848,C104438,CARD204196,2025-09-03,4784.84,4784.84,On Time,0
PAY404849,C106293,CARD205308,2025-11-07,11112.22,11112.22,On Time,0
PAY404850,C101048,CARD205842,2025-09-05,3537.45,1223.34,Partial,39
PAY404851,C107237,CARD204191,2026-07-29,5296.93,5296.93,On Time,0
PAY404852,C107145,CARD203141,2025-06-12,6181.38,6181.38,On Time,0
PAY404853,C104465,CARD209553,2025-08-27,17779.29,17779.29,On Time,0
PAY404854,C100897,CARD203087,2025-08-23,1974.15,1974.15,On Time,0
PAY404855,C103267,CARD207865,2025-11-13,17584.38,17584.38,On Time,0
PAY404856,C102639,CARD200476,2025-03-07,12480.53,12480.53,On Time,0
PAY404857,C108234,CARD206716,2025-02-11,4301.84,4301.84,On Time,0
PAY404858,C103709,CARD205008,2025-07-16,3656.33,3656.33,On Time,0
PAY404859,C109816,CARD200078,2025-03-21,1441.52,1441.52,On Time,0
PAY404860,C104627,CARD204074,2026-02-14,21968.87,6068.26,Partial,24
PAY404861,C102722,CARD211132,2025-06-20,6913.96,6913.96,On Time,0
PAY404862,C108025,CARD207395,2025-10-28,5120.11,5120.11,On Time,0
PAY404863,C109757,CARD203230,2025-11-16,10704.13,10704.13,Late,27
PAY404864,C101966,CARD211019,2025-10-03,6431.08,6431.08,On Time,0
PAY404865,C105478,CARD205870,2026-03-17,2264.37,1477.03,Partial,56
PAY404866,C103611,CARD201729,2025-08-02,3357.53,3357.53,On Time,0
PAY404867,C107084,CARD205846,2026-01-21,3189.08,3189.08,On Time,0
PAY404868,C108800,CARD205525,2026-07-20,18113.45,18113.45,On Time,0
PAY404869,C103568,CARD210163,2025-02-25,5938.35,5938.35,Late,19
PAY404870,C109330,CARD210026,2025-08-01,12990.74,12990.74,Late,24
PAY404871,C109251,CARD204574,2026-01-12,1962.69,1962.69,On Time,0
PAY404872,C104490,CARD210618,2025-07-03,16902.12,16902.12,On Time,0
PAY404873,C103120,CARD206793,2025-02-06,12085.72,2787.26,Partial,30
PAY404874,C100193,CARD208981,2025-01-12,5665.07,5665.07,On Time,0
PAY404875,C101681,CARD204478,2026-07-30,5151.32,5151.32,On Time,0
PAY404876,C106788,CARD204586,2026-05-31,3835.91,2582.88,Partial,56
PAY404877,C102469,CARD200126,2025-05-21,7369.98,2123.25,Partial,39
PAY404878,C106120,CARD206470,2025-12-20,10889.23,10889.23,On Time,0
PAY404879,C106469,CARD203505,2025-11-20,23308.55,23308.55,On Time,0
PAY404880,C105825,CARD209596,2025-12-23,4084.45,4084.45,Late,13
PAY404881,C103115,CARD202334,2025-07-12,3628.81,3628.81,On Time,0
PAY404882,C109335,CARD211740,2026-04-24,3950.18,3950.18,On Time,0
PAY404883,C107936,CARD201489,2026-03-13,16983.32,16983.32,Late,4
PAY404884,C107332,CARD204385,2026-03-29,3314.69,3314.69,On Time,0
PAY404885,C106732,CARD211942,2026-01-24,3987.85,3987.85,On Time,0
PAY404886,C103057,CARD206666,2026-05-10,1314.08,1314.08,On Time,0
PAY404887,C104728,CARD203940,2025-07-13,7611.16,7611.16,On Time,0
PAY404888,C107707,CARD206654,2026-01-03,4093.74,4093.74,On Time,0
PAY404889,C107065,CARD204706,2026-08-24,6186.88,6186.88,On Time,0
PAY404890,C101152,CARD203509,2026-08-28,7230.95,7230.95,On Time,0
PAY404891,C102768,CARD211347,2026-02-18,6650.6,6650.6,On Time,0
PAY404892,C107172,CARD202000,2026-06-22,7059.09,7059.09,On Time,0
PAY404893,C103382,CARD206141,2026-07-05,18436.74,18436.74,On Time,0
PAY404894,C103347,CARD206562,2026-02-07,3385.68,3385.68,On Time,0
PAY404895,C100684,CARD200768,2026-01-14,3481.46,1035.74,Partial,51
PAY404896,C104153,CARD200954,2025-12-30,3295.61,3295.61,On Time,0
PAY404897,C104460,CARD209359,2025-09-26,12311.05,4983.65,Partial,43
PAY404898,C104729,CARD203642,2025-03-14,5769.4,5769.4,On Time,0
PAY404899,C100322,CARD203305,2025-10-23,1490.66,1490.66,On Time,0
PAY404900,C109443,CARD211664,2026-02-24,8725.97,8725.97,On Time,0
PAY404901,C100760,CARD200839,2025-01-04,5501.26,5501.26,Late,15
PAY404902,C108206,CARD201588,2026-04-15,1814.37,1814.37,Late,7
PAY404903,C106168,CARD207945,2026-07-15,4893.06,4893.06,On Time,0
PAY404904,C108700,CARD211072,2025-11-05,3115.53,3115.53,On Time,0
PAY404905,C104698,CARD209280,2026-02-04,7684.33,7684.33,On Time,0
PAY404906,C104581,CARD206050,2026-06-30,3564.78,3564.78,On Time,0
PAY404907,C103381,CARD208346,2025-06-12,15757.42,15757.42,On Time,0
PAY404908,C104218,CARD209606,2025-06-24,18101.39,18101.39,On Time,0
PAY404909,C105811,CARD208227,2025-03-06,3807.57,3807.57,On Time,0
PAY404910,C104347,CARD206363,2025-05-21,10976.31,10976.31,On Time,0
PAY404911,C107898,CARD211516,2026-01-20,5481.18,5481.18,On Time,0
PAY404912,C108714,CARD205798,2026-01-10,13786.74,13786.74,On Time,0
PAY404913,C104509,CARD211888,2026-01-15,2454.57,2454.57,On Time,0
PAY404914,C100013,CARD204624,2025-12-12,4011.76,4011.76,Late,23
PAY404915,C106879,CARD211572,2025-04-22,5391.95,5391.95,On Time,0
PAY404916,C102022,CARD202005,2026-03-04,28375.31,28375.31,On Time,0
PAY404917,C108100,CARD205412,2026-01-31,5289.16,5289.16,On Time,0
PAY404918,C102094,CARD203255,2026-02-18,5072.37,5072.37,On Time,0
PAY404919,C100184,CARD205231,2025-09-11,6345.94,6345.94,On Time,0
PAY404920,C107661,CARD206822,2025-08-17,7637.45,1097.55,Missed,97
PAY404921,C109132,CARD200465,2026-01-27,12599.3,12599.3,Late,7
PAY404922,C100515,CARD205166,2025-05-18,4659.55,4659.55,On Time,0
PAY404923,C108255,CARD201437,2025-05-22,5567.4,3264.14,Partial,3
PAY404924,C100922,CARD209307,2025-03-10,10495.63,10495.63,On Time,0
PAY404925,C105195,CARD206915,2026-04-10,6591.77,6591.77,On Time,0
PAY404926,C102502,CARD201370,2025-11-05,3890.67,3890.67,On Time,0
PAY404927,C108736,CARD210320,2026-01-14,3484.45,3484.45,On Time,0
PAY404928,C106387,CARD210375,2025-06-28,5315.58,5315.58,On Time,0
PAY404929,C104793,CARD209332,2025-06-26,19312.3,7508.8,Partial,19
PAY404930,C100132,CARD208181,2026-03-15,15349.89,15349.89,Late,11
PAY404931,C103153,CARD204470,2025-05-14,5007.54,5007.54,On Time,0
PAY404932,C104425,CARD203322,2026-08-29,1304.74,1304.74,On Time,0
PAY404933,C103682,CARD200321,2026-08-05,4184.12,4184.12,On Time,0
PAY404934,C106186,CARD201478,2026-04-30,2825.21,2825.21,On Time,0
PAY404935,C103993,CARD206403,2025-04-03,11849.84,11849.84,On Time,0
PAY404936,C100257,CARD205298,2026-06-23,6660.86,6660.86,On Time,0
PAY404937,C102260,CARD203992,2025-06-12,3479.3,3479.3,On Time,0
PAY404938,C103006,CARD207901,2025-11-13,22401.8,22401.8,Late,23
PAY404939,C103092,CARD200145,2026-01-07,2265.46,2265.46,On Time,0
PAY404940,C109556,CARD201185,2026-01-17,6215.82,6215.82,On Time,0
PAY404941,C105062,CARD200333,2025-09-25,2310.25,2310.25,On Time,0
PAY404942,C101077,CARD202184,2025-06-29,1898.48,1898.48,On Time,0
PAY404943,C100808,CARD201280,2026-05-10,4184.72,281.42,Missed,100
PAY404944,C103532,CARD202621,2026-03-06,16284.0,16284.0,On Time,0
PAY404945,C105025,CARD204320,2026-03-19,8209.38,8209.38,On Time,0
PAY404946,C102831,CARD200140,2026-05-09,12939.42,12939.42,On Time,0
PAY404947,C103702,CARD204236,2025-07-27,3971.75,3971.75,Late,3
PAY404948,C105925,CARD209233,2026-07-28,9811.4,4302.66,Partial,50
PAY404949,C105372,CARD201214,2026-02-10,10330.38,10330.38,On Time,0
PAY404950,C107175,CARD201336,2026-02-09,9700.26,9700.26,On Time,0
PAY404951,C104160,CARD203161,2026-03-01,16931.22,16931.22,On Time,0
PAY404952,C100368,CARD208395,2025-09-25,8345.22,8345.22,On Time,0
PAY404953,C104339,CARD204330,2026-05-03,5419.69,5419.69,On Time,0
PAY404954,C100740,CARD206684,2025-01-15,4252.93,3408.77,Partial,9
PAY404955,C105066,CARD208971,2026-03-13,6719.67,2445.56,Partial,48
PAY404956,C100199,CARD207224,2025-10-15,9593.01,1286.77,Missed,109
PAY404957,C107936,CARD201489,2025-11-07,4379.48,4379.48,On Time,0
PAY404958,C100633,CARD200701,2025-06-08,4883.72,4883.72,On Time,0
PAY404959,C102377,CARD206251,2026-04-29,8695.74,8695.74,On Time,0
PAY404960,C103103,CARD204146,2025-06-16,7272.78,7272.78,On Time,0
PAY404961,C100297,CARD210871,2025-07-04,7295.28,7295.28,On Time,0
PAY404962,C107165,CARD201294,2025-03-16,6473.7,6473.7,On Time,0
PAY404963,C101258,CARD205479,2025-09-13,8419.63,3573.16,Partial,9
PAY404964,C108644,CARD203236,2025-03-15,6169.5,6169.5,Late,14
PAY404965,C103048,CARD207934,2026-06-19,13430.25,13430.25,On Time,0
PAY404966,C101836,CARD208868,2025-02-06,4447.78,4447.78,On Time,0
PAY404967,C108094,CARD210702,2025-09-21,4175.98,4175.98,On Time,0
PAY404968,C106852,CARD209371,2025-03-31,3434.71,3434.71,On Time,0
PAY404969,C106435,CARD208276,2025-10-07,6133.03,6133.03,On Time,0
PAY404970,C101252,CARD203139,2025-04-30,5067.78,5067.78,On Time,0
PAY404971,C108565,CARD206764,2026-06-27,2603.39,669.93,Partial,32
PAY404972,C106249,CARD211360,2025-02-22,4667.19,3555.43,Partial,45
PAY404973,C108487,CARD211209,2026-07-08,3787.34,3787.34,On Time,0
PAY404974,C108212,CARD211629,2026-01-04,3446.5,3446.5,Late,24
PAY404975,C108322,CARD207837,2026-02-02,4324.0,4324.0,On Time,0
PAY404976,C108135,CARD211138,2025-11-09,8170.49,8170.49,On Time,0
PAY404977,C105298,CARD203779,2026-06-07,1271.05,329.42,Partial,19
PAY404978,C102631,CARD200446,2025-04-27,13575.46,13575.46,On Time,0
PAY404979,C102165,CARD207377,2026-06-19,2766.54,2766.54,On Time,0
PAY404980,C109127,CARD204037,2025-09-22,2673.9,2673.9,On Time,0
PAY404981,C109334,CARD201718,2025-03-21,3172.77,3172.77,Late,13
PAY404982,C103016,CARD211277,2026-06-29,3581.04,2653.2,Partial,52
PAY404983,C109704,CARD203787,2026-03-29,6662.87,6662.87,On Time,0
PAY404984,C106209,CARD208963,2026-06-15,4157.38,2658.01,Partial,44
PAY404985,C107340,CARD211598,2026-04-28,6712.85,6712.85,Late,14
PAY404986,C106280,CARD205990,2025-07-09,1802.58,1802.58,On Time,0
PAY404987,C109923,CARD201794,2025-05-22,7241.84,7241.84,On Time,0
PAY404988,C106593,CARD206155,2026-04-20,6115.34,6115.34,On Time,0
PAY404989,C107620,CARD208011,2025-08-24,6462.89,6462.89,On Time,0
PAY404990,C101751,CARD207006,2025-08-07,3072.8,3072.8,On Time,0
PAY404991,C101990,CARD202508,2026-02-07,5780.03,5780.03,On Time,0
PAY404992,C101120,CARD205569,2025-08-29,3299.65,3299.65,On Time,0
PAY404993,C108815,CARD206122,2025-10-01,2351.01,829.36,Partial,24
PAY404994,C109618,CARD205138,2025-06-26,3588.37,3588.37,On Time,0
PAY404995,C103308,CARD208793,2025-04-24,3720.53,3720.53,On Time,0
PAY404996,C103078,CARD208425,2026-07-23,6662.76,6662.76,On Time,0
PAY404997,C100191,CARD207373,2026-03-12,1251.69,1251.69,On Time,0
PAY404998,C101850,CARD210748,2026-08-09,2676.42,2676.42,On Time,0
PAY404999,C104987,CARD202562,2026-08-26,3709.3,3709.3,On Time,0
PAY405000,C102846,CARD208808,2025-07-07,17576.36,17576.36,On Time,0
PAY405001,C107951,CARD204337,2025-08-26,13835.78,5474.82,Partial,53
PAY405002,C107646,CARD203923,2026-04-23,10267.04,10267.04,Late,4
PAY405003,C101520,CARD206972,2026-02-12,3661.32,3661.32,On Time,0
PAY405004,C103086,CARD201598,2025-11-04,8881.21,8881.21,On Time,0
PAY405005,C101292,CARD200617,2026-01-01,6235.82,1456.97,Partial,57
PAY405006,C102783,CARD208124,2026-05-23,5287.87,5287.87,On Time,0
PAY405007,C107458,CARD204349,2026-07-06,27387.12,27387.12,Late,23
PAY405008,C100576,CARD206358,2026-04-14,8259.14,8259.14,On Time,0
PAY405009,C105477,CARD211992,2026-01-08,2368.1,2368.1,On Time,0
PAY405010,C102042,CARD202534,2025-08-07,11178.71,11178.71,On Time,0
PAY405011,C103292,CARD210876,2025-09-19,5012.3,5012.3,On Time,0
PAY405012,C109140,CARD203136,2025-10-03,16122.03,16122.03,On Time,0
PAY405013,C104485,CARD211158,2026-05-03,4331.54,4331.54,On Time,0
PAY405014,C106109,CARD200796,2025-01-14,2892.88,607.51,Partial,18
PAY405015,C102810,CARD205981,2025-04-29,20350.02,20350.02,On Time,0
PAY405016,C105930,CARD202842,2025-10-12,1975.29,1975.29,Late,7
PAY405017,C103603,CARD203730,2026-01-14,7843.9,7843.9,On Time,0
PAY405018,C106281,CARD205661,2026-07-29,3868.14,3868.14,On Time,0
PAY405019,C105615,CARD207333,2026-08-26,7696.14,7696.14,On Time,0
PAY405020,C100903,CARD206757,2025-09-06,3009.93,3009.93,On Time,0
PAY405021,C102957,CARD204194,2026-05-25,2116.91,2116.91,Late,5
PAY405022,C102875,CARD210348,2025-05-21,3961.75,3961.75,On Time,0
PAY405023,C101851,CARD211762,2026-02-23,3955.27,3955.27,On Time,0
PAY405024,C109979,CARD204838,2026-01-04,7362.58,7362.58,On Time,0
PAY405025,C102433,CARD211256,2025-09-21,29784.61,29784.61,Late,17
PAY405026,C107135,CARD203427,2026-06-04,5439.82,5439.82,On Time,0
PAY405027,C103415,CARD204908,2025-07-23,5435.02,4354.52,Partial,18
PAY405028,C102404,CARD206169,2025-11-13,2530.87,927.29,Partial,60
PAY405029,C105287,CARD210057,2025-08-01,2233.13,2233.13,On Time,0
PAY405030,C106805,CARD203548,2026-01-09,2378.46,2378.46,On Time,0
PAY405031,C107797,CARD201161,2026-06-23,5178.76,2630.23,Partial,58
PAY405032,C101063,CARD206295,2025-11-02,6260.02,6260.02,Late,30
PAY405033,C103550,CARD204735,2025-09-17,4675.07,4675.07,On Time,0
PAY405034,C109827,CARD211023,2025-10-26,3461.67,3461.67,On Time,0
PAY405035,C101426,CARD201835,2025-02-05,4514.49,482.07,Missed,54
PAY405036,C105009,CARD207743,2025-12-11,9962.27,2629.2,Partial,4
PAY405037,C104218,CARD201048,2026-04-11,1341.09,1341.09,On Time,0
PAY405038,C101021,CARD205145,2026-06-02,9697.6,9697.6,On Time,0
PAY405039,C104465,CARD209016,2025-05-26,6857.87,6857.87,On Time,0
PAY405040,C103805,CARD202220,2025-01-14,10024.08,10024.08,On Time,0
PAY405041,C106928,CARD208155,2025-06-02,5520.91,5520.91,On Time,0
PAY405042,C103140,CARD204063,2026-07-30,22470.43,22470.43,On Time,0
PAY405043,C104405,CARD206593,2025-11-05,5647.84,5647.84,On Time,0
PAY405044,C105147,CARD209941,2026-05-15,7952.64,7952.64,Late,10
PAY405045,C107038,CARD202389,2025-11-04,26405.28,26405.28,On Time,0
PAY405046,C101222,CARD207448,2026-03-28,2271.14,2271.14,On Time,0
PAY405047,C109890,CARD200891,2026-06-11,7789.17,7789.17,On Time,0
PAY405048,C108362,CARD203091,2025-11-05,5017.34,1550.89,Partial,40
PAY405049,C100865,CARD208906,2025-06-09,2882.8,2882.8,On Time,0
PAY405050,C108194,CARD208281,2025-10-11,8394.83,5691.08,Partial,10
PAY405051,C108441,CARD201190,2026-06-27,3483.74,3483.74,On Time,0
PAY405052,C101389,CARD208592,2025-06-25,4550.9,4550.9,On Time,0
PAY405053,C100919,CARD200959,2026-04-10,9633.55,9633.55,On Time,0
PAY405054,C107426,CARD208668,2026-01-04,11387.67,11387.67,On Time,0
PAY405055,C108366,CARD200261,2025-11-11,4080.23,4080.23,On Time,0
PAY405056,C102264,CARD210135,2025-12-11,8351.23,8351.23,On Time,0
PAY405057,C104272,CARD202175,2025-06-05,4784.64,4784.64,On Time,0
PAY405058,C107934,CARD208710,2025-12-20,8779.12,8779.12,On Time,0
PAY405059,C104810,CARD205556,2025-09-03,8177.23,338.58,Missed,97
PAY405060,C109213,CARD208711,2025-09-24,6117.81,6117.81,On Time,0
PAY405061,C105497,CARD201796,2025-07-25,2814.79,2814.79,On Time,0
PAY405062,C100459,CARD209983,2025-04-27,6896.45,945.33,Missed,87
PAY405063,C106014,CARD207044,2025-12-23,23108.27,23108.27,On Time,0
PAY405064,C103155,CARD202815,2025-03-30,17724.79,17724.79,On Time,0
PAY405065,C109753,CARD211854,2026-08-31,1000.0,668.33,Partial,51
PAY405066,C100263,CARD207956,2025-09-21,3848.49,3848.49,On Time,0
PAY405067,C107685,CARD203909,2026-04-04,2196.47,2196.47,On Time,0
PAY405068,C107524,CARD200655,2026-01-09,1325.22,1325.22,On Time,0
PAY405069,C100558,CARD206966,2025-02-24,6707.84,6707.84,On Time,0
PAY405070,C108113,CARD201989,2025-01-17,6561.59,2586.35,Partial,46
PAY405071,C105700,CARD210306,2025-02-18,4115.93,4115.93,On Time,0
PAY405072,C105708,CARD205624,2026-07-22,9798.85,9798.85,On Time,0
PAY405073,C108625,CARD203335,2026-03-26,2535.1,62.47,Missed,102
PAY405074,C100673,CARD203397,2025-05-23,3205.82,3205.82,On Time,0
PAY405075,C109688,CARD204527,2026-01-03,3320.74,3320.74,On Time,0
PAY405076,C109994,CARD204193,2025-11-23,4324.25,3239.48,Partial,4
PAY405077,C104139,CARD210010,2026-04-13,3434.8,3434.8,On Time,0
PAY405078,C105620,CARD204677,2026-02-08,3534.05,2551.78,Partial,19
PAY405079,C102325,CARD203303,2025-12-24,5163.5,5163.5,On Time,0
PAY405080,C106128,CARD207010,2025-05-25,6327.66,6327.66,On Time,0
PAY405081,C100447,CARD206232,2026-05-10,5377.69,5377.69,On Time,0
PAY405082,C104652,CARD207172,2026-06-07,5029.73,5029.73,On Time,0
PAY405083,C107286,CARD203732,2025-06-10,5777.34,5777.34,On Time,0
PAY405084,C104530,CARD211077,2025-12-05,5097.63,5097.63,On Time,0
PAY405085,C101633,CARD208593,2026-03-25,10288.52,2698.41,Partial,59
PAY405086,C103680,CARD201659,2026-08-06,4353.26,2039.98,Partial,54
PAY405087,C109425,CARD208199,2025-11-30,9920.93,9920.93,On Time,0
PAY405088,C107483,CARD204722,2025-02-14,4164.02,4164.02,On Time,0
PAY405089,C107580,CARD208736,2025-08-14,7757.39,7757.39,On Time,0
PAY405090,C102689,CARD206483,2026-06-05,5924.92,4620.58,Partial,12
PAY405091,C101134,CARD211207,2026-02-28,22264.5,22264.5,Late,24
PAY405092,C101347,CARD209058,2025-01-25,5791.09,5791.09,On Time,0
PAY405093,C100054,CARD210650,2025-01-20,6757.81,6757.81,Late,24
PAY405094,C108587,CARD204654,2026-05-05,16454.87,16454.87,On Time,0
PAY405095,C106280,CARD205990,2025-09-19,8130.23,8130.23,On Time,0
PAY405096,C108708,CARD200018,2026-03-30,4632.18,4632.18,Late,30
PAY405097,C102349,CARD207718,2025-01-13,14290.65,14290.65,On Time,0
PAY405098,C105596,CARD204745,2025-11-19,6055.88,6055.88,On Time,0
PAY405099,C108917,CARD208581,2025-02-04,1822.83,1822.83,On Time,0
PAY405100,C104395,CARD210313,2025-02-17,11618.7,11618.7,On Time,0
PAY405101,C100267,CARD206880,2025-05-13,3390.97,3390.97,On Time,0
PAY405102,C108758,CARD205879,2025-01-27,17124.14,17124.14,On Time,0
PAY405103,C100378,CARD210642,2026-04-09,4411.61,4411.61,On Time,0
PAY405104,C100888,CARD207090,2026-08-10,6069.48,6069.48,On Time,0
PAY405105,C103540,CARD202791,2026-03-02,15826.68,15826.68,On Time,0
PAY405106,C103161,CARD204892,2026-02-22,1475.04,1475.04,On Time,0
PAY405107,C101524,CARD204824,2026-05-05,6639.79,6639.79,On Time,0
PAY405108,C104970,CARD202565,2026-03-14,14455.59,1204.52,Missed,110
PAY405109,C101579,CARD203598,2025-12-22,24112.9,24112.9,On Time,0
PAY405110,C104641,CARD204876,2026-02-17,2146.32,2146.32,On Time,0
PAY405111,C100375,CARD200933,2026-04-10,6039.79,90.84,Missed,45
PAY405112,C109642,CARD203815,2025-09-05,2722.84,303.96,Missed,88
PAY405113,C105967,CARD201286,2026-01-07,5916.99,5916.99,On Time,0
PAY405114,C106464,CARD208624,2025-02-05,10501.77,10501.77,On Time,0
PAY405115,C103911,CARD209161,2026-03-10,2320.6,2320.6,On Time,0
PAY405116,C100880,CARD205318,2025-05-04,3320.12,3320.12,On Time,0
PAY405117,C106405,CARD203433,2026-03-28,4272.59,4272.59,On Time,0
PAY405118,C109185,CARD209236,2026-06-04,8534.33,8534.33,On Time,0
PAY405119,C100661,CARD208607,2025-03-13,3077.05,3077.05,On Time,0
PAY405120,C104967,CARD211458,2026-05-03,3534.68,3534.68,On Time,0
PAY405121,C101953,CARD208169,2026-06-13,4188.9,4188.9,On Time,0
PAY405122,C101762,CARD200493,2026-01-21,7321.84,7321.84,On Time,0
PAY405123,C101500,CARD210937,2026-08-10,1614.43,1614.43,On Time,0
PAY405124,C107966,CARD210984,2025-01-07,5160.48,5160.48,On Time,0
PAY405125,C104672,CARD209569,2026-08-31,3329.94,3329.94,Late,3
PAY405126,C101976,CARD211560,2026-08-15,8180.32,8180.32,On Time,0
PAY405127,C103495,CARD210166,2025-08-08,3927.09,3927.09,On Time,0
PAY405128,C109815,CARD207358,2025-07-15,9262.31,9262.31,On Time,0
PAY405129,C107614,CARD210821,2025-10-31,3471.35,3471.35,Late,6
PAY405130,C106407,CARD200064,2026-06-10,2235.15,2235.15,On Time,0
PAY405131,C106179,CARD211140,2026-02-28,16811.78,104.3,Missed,96
PAY405132,C105165,CARD203605,2025-11-06,25490.13,25490.13,On Time,0
PAY405133,C103536,CARD205803,2025-06-22,11023.32,11023.32,On Time,0
PAY405134,C100172,CARD202136,2026-01-02,16794.01,16794.01,On Time,0
PAY405135,C104113,CARD204283,2026-04-01,2805.04,2175.12,Partial,7
PAY405136,C101820,CARD210241,2025-10-02,9912.26,7654.63,Partial,34
PAY405137,C101868,CARD208591,2025-01-11,5189.92,5189.92,On Time,0
PAY405138,C103052,CARD210976,2025-02-20,12587.52,12587.52,On Time,0
PAY405139,C109524,CARD207836,2026-03-04,3379.85,477.49,Missed,70
PAY405140,C101316,CARD203764,2025-07-20,12046.72,12046.72,On Time,0
PAY405141,C105072,CARD206233,2025-03-26,10219.31,10219.31,Late,10
PAY405142,C105429,CARD208587,2025-10-14,4495.81,4495.81,On Time,0
PAY405143,C106882,CARD204252,2026-05-28,7439.14,7439.14,On Time,0
PAY405144,C103863,CARD209601,2026-08-08,4274.06,4274.06,On Time,0
PAY405145,C100976,CARD206364,2026-03-21,3101.96,2349.91,Partial,44
PAY405146,C100077,CARD204373,2025-07-10,10380.41,10380.41,On Time,0
PAY405147,C109848,CARD207587,2026-01-04,11791.94,11791.94,On Time,0
PAY405148,C106807,CARD200775,2026-03-03,11353.5,11353.5,On Time,0
PAY405149,C100582,CARD211101,2026-06-20,5379.44,5379.44,On Time,0
PAY405150,C108201,CARD202837,2026-02-14,9492.77,9492.77,On Time,0
PAY405151,C101541,CARD208930,2025-08-17,4173.46,4173.46,On Time,0
PAY405152,C103048,CARD207934,2026-07-28,6203.95,6203.95,Late,30
PAY405153,C107234,CARD211676,2025-01-26,10114.56,10114.56,Late,19
PAY405154,C107043,CARD208427,2025-05-19,4191.59,4191.59,On Time,0
PAY405155,C106689,CARD207212,2026-04-16,20361.94,20361.94,On Time,0
PAY405156,C109319,CARD208523,2025-07-11,3231.14,3231.14,On Time,0
PAY405157,C108796,CARD211974,2026-07-04,7393.39,7393.39,On Time,0
PAY405158,C100807,CARD207278,2025-03-27,1909.42,1909.42,On Time,0
PAY405159,C106004,CARD208269,2025-07-11,3659.98,3659.98,On Time,0
PAY405160,C101181,CARD209807,2025-01-27,5755.19,346.11,Missed,51
PAY405161,C107054,CARD209468,2026-08-27,2341.17,2341.17,On Time,0
PAY405162,C106976,CARD204244,2026-02-18,6842.63,6842.63,On Time,0
PAY405163,C109227,CARD201785,2026-05-04,14306.02,14306.02,Late,17
PAY405164,C102402,CARD201282,2025-09-09,3551.48,3551.48,On Time,0
PAY405165,C107354,CARD206638,2025-12-15,1923.48,1923.48,On Time,0
PAY405166,C107050,CARD201581,2025-09-25,7113.03,7113.03,On Time,0
PAY405167,C103452,CARD204976,2026-05-11,10313.74,10313.74,Late,6
PAY405168,C106312,CARD208101,2025-12-13,7668.47,7668.47,On Time,0
PAY405169,C108669,CARD207245,2026-08-20,7042.57,7042.57,On Time,0
PAY405170,C104179,CARD211737,2025-03-17,2122.05,2122.05,On Time,0
PAY405171,C101375,CARD210983,2026-06-09,4573.72,2049.38,Partial,59
PAY405172,C109569,CARD210778,2025-06-24,5196.22,5196.22,On Time,0
PAY405173,C106305,CARD209071,2025-11-29,1000.0,1000.0,On Time,0
PAY405174,C108901,CARD209964,2026-06-05,6282.84,6282.84,On Time,0
PAY405175,C102053,CARD209677,2026-03-25,17364.54,17364.54,On Time,0
PAY405176,C100418,CARD200128,2025-05-11,2676.13,2676.13,Late,15
PAY405177,C108295,CARD211239,2026-06-17,1887.29,1887.29,On Time,0
PAY405178,C109905,CARD209574,2026-03-01,4822.03,4822.03,On Time,0
PAY405179,C105308,CARD207272,2025-05-22,3179.35,3179.35,On Time,0
PAY405180,C103900,CARD205491,2025-07-15,13993.25,13993.25,On Time,0
PAY405181,C102798,CARD204519,2025-04-19,4214.71,4214.71,On Time,0
PAY405182,C109527,CARD205410,2026-04-18,5736.82,5736.82,Late,20
PAY405183,C103508,CARD204477,2025-09-05,12661.26,12661.26,Late,27
PAY405184,C107459,CARD201909,2026-07-20,5802.49,1432.54,Partial,32
PAY405185,C103781,CARD200449,2025-06-13,6397.02,6397.02,On Time,0
PAY405186,C101170,CARD200563,2025-02-21,5301.28,5301.28,On Time,0
PAY405187,C102021,CARD210336,2026-08-23,4077.83,4077.83,On Time,0
PAY405188,C101208,CARD207769,2026-08-17,2072.27,2072.27,On Time,0
PAY405189,C105862,CARD202571,2025-01-17,4903.77,4903.77,On Time,0
PAY405190,C104852,CARD201182,2025-10-05,6797.37,6797.37,On Time,0
PAY405191,C109215,CARD211197,2026-08-02,6812.53,6812.53,On Time,0
PAY405192,C101430,CARD201779,2026-01-30,6611.86,6611.86,Late,1
PAY405193,C100382,CARD210831,2025-01-25,11694.7,4647.07,Partial,47
PAY405194,C100832,CARD211927,2025-03-29,11273.13,11273.13,On Time,0
PAY405195,C109252,CARD210546,2026-07-23,8093.39,8093.39,On Time,0
PAY405196,C107461,CARD209790,2026-02-25,5205.45,5205.45,On Time,0
PAY405197,C102596,CARD200021,2025-11-19,6406.61,6406.61,On Time,0
PAY405198,C102467,CARD209334,2025-07-08,1742.97,1742.97,On Time,0
PAY405199,C100298,CARD204701,2026-06-12,2800.27,2800.27,On Time,0
PAY405200,C101733,CARD207048,2025-02-18,19829.14,19829.14,On Time,0
PAY405201,C104627,CARD204074,2026-02-26,10890.24,10890.24,Late,7
PAY405202,C109628,CARD210019,2026-08-24,28461.72,28461.72,Late,7
PAY405203,C108514,CARD208000,2025-11-29,7349.41,7349.41,On Time,0
PAY405204,C105498,CARD207215,2026-07-19,14006.52,1243.07,Missed,106
PAY405205,C106971,CARD209666,2026-02-24,1999.75,1999.75,On Time,0
PAY405206,C100476,CARD203031,2026-01-18,1861.01,1861.01,On Time,0
PAY405207,C101459,CARD211167,2026-01-03,18098.94,18098.94,Late,9
PAY405208,C109060,CARD209120,2025-12-05,8206.79,8206.79,On Time,0
PAY405209,C102557,CARD200400,2026-03-28,14485.25,14485.25,On Time,0
PAY405210,C108188,CARD207779,2025-06-02,6823.71,6823.71,On Time,0
PAY405211,C101893,CARD205993,2025-06-12,5109.71,5109.71,Late,5
PAY405212,C102329,CARD202116,2025-10-21,17447.47,17447.47,On Time,0
PAY405213,C107584,CARD211150,2026-06-22,2332.19,2332.19,On Time,0
PAY405214,C101070,CARD209154,2026-03-06,5113.32,5113.32,Late,21
PAY405215,C105062,CARD200333,2026-02-22,5028.96,5028.96,Late,25
PAY405216,C100204,CARD207178,2026-08-05,6515.36,1772.44,Partial,5
PAY405217,C102007,CARD201615,2025-06-17,5344.81,5344.81,On Time,0
PAY405218,C101276,CARD205976,2025-06-18,8167.2,8167.2,On Time,0
PAY405219,C108412,CARD211445,2026-05-24,8723.63,8723.63,Late,30
PAY405220,C109139,CARD207849,2025-01-04,16449.55,16449.55,On Time,0
PAY405221,C105726,CARD209431,2025-05-27,3047.19,3047.19,On Time,0
PAY405222,C101718,CARD204967,2025-01-16,2484.34,2484.34,On Time,0
PAY405223,C108940,CARD208980,2026-01-08,4691.96,4691.96,Late,7
PAY405224,C101260,CARD206969,2025-08-19,4280.09,4280.09,On Time,0
PAY405225,C103829,CARD203740,2025-10-04,2995.65,2995.65,On Time,0
PAY405226,C109009,CARD209776,2025-02-13,5440.73,5440.73,On Time,0
PAY405227,C100747,CARD208249,2026-03-22,6095.81,6095.81,On Time,0
PAY405228,C102407,CARD209830,2026-07-27,3973.95,3973.95,On Time,0
PAY405229,C104864,CARD203716,2025-08-12,2400.58,2400.58,On Time,0
PAY405230,C101999,CARD206910,2025-11-16,32755.36,22299.33,Partial,12
PAY405231,C104795,CARD202277,2025-01-11,9055.66,9055.66,On Time,0
PAY405232,C108904,CARD201188,2025-02-20,4075.43,4075.43,On Time,0
PAY405233,C106427,CARD205821,2025-04-28,8880.11,8880.11,On Time,0
PAY405234,C100121,CARD204992,2025-08-12,8083.92,8083.92,On Time,0
PAY405235,C107134,CARD204081,2025-09-10,3226.85,3226.85,On Time,0
PAY405236,C105813,CARD204281,2025-02-09,5442.41,465.05,Missed,76
PAY405237,C100568,CARD206345,2026-01-02,6378.19,6378.19,On Time,0
PAY405238,C102745,CARD203738,2025-10-05,22320.06,22320.06,Late,11
PAY405239,C105435,CARD210873,2026-01-31,15100.53,418.29,Missed,73
PAY405240,C109826,CARD203582,2025-08-29,5738.84,5738.84,On Time,0
PAY405241,C100699,CARD211663,2025-03-31,7156.35,7156.35,Late,2
PAY405242,C109731,CARD200855,2025-10-15,23361.76,23361.76,On Time,0
PAY405243,C104927,CARD204575,2026-06-03,1496.55,1496.55,Late,27
PAY405244,C105582,CARD210977,2025-10-01,21149.91,21149.91,On Time,0
PAY405245,C100364,CARD209812,2025-04-28,3596.68,3596.68,On Time,0
PAY405246,C109580,CARD205514,2026-05-05,20485.21,20485.21,On Time,0
PAY405247,C105241,CARD200970,2025-02-23,2450.69,2450.69,Late,27
PAY405248,C101232,CARD205577,2025-02-19,19083.18,19083.18,On Time,0
PAY405249,C108195,CARD210525,2025-11-06,9670.03,9670.03,On Time,0
PAY405250,C106365,CARD202264,2026-05-25,14968.49,14968.49,On Time,0
PAY405251,C102530,CARD208104,2026-02-13,5401.11,5401.11,On Time,0
PAY405252,C108858,CARD202033,2026-05-31,5600.89,5600.89,On Time,0
PAY405253,C102372,CARD209389,2025-01-18,4382.57,4382.57,On Time,0
PAY405254,C107313,CARD210589,2026-07-10,3727.39,3727.39,Late,10
PAY405255,C109212,CARD210328,2026-08-28,2428.02,2428.02,On Time,0
PAY405256,C108617,CARD203277,2026-08-20,5316.58,3466.12,Partial,16
PAY405257,C103915,CARD203508,2026-05-20,7865.03,5621.63,Partial,5
PAY405258,C100250,CARD211523,2025-10-22,6332.03,6332.03,On Time,0
PAY405259,C104002,CARD200728,2026-04-14,4028.24,4028.24,On Time,0
PAY405260,C103698,CARD203107,2025-01-23,7853.57,7853.57,On Time,0
PAY405261,C102841,CARD207085,2025-08-02,12700.74,6232.49,Partial,55
PAY405262,C105171,CARD210741,2025-10-04,9759.53,9759.53,On Time,0
PAY405263,C108239,CARD204023,2025-01-18,2819.77,2819.77,Late,23
PAY405264,C106411,CARD201526,2026-06-13,7022.88,63.78,Missed,81
PAY405265,C105597,CARD207799,2025-12-13,3545.44,3545.44,Late,8
PAY405266,C107108,CARD209191,2026-08-13,9629.36,9629.36,On Time,0
PAY405267,C101764,CARD211443,2025-02-08,5086.14,5086.14,On Time,0
PAY405268,C106916,CARD202759,2025-07-16,9637.29,9637.29,On Time,0
PAY405269,C106294,CARD204234,2025-07-09,24229.65,24229.65,Late,21
PAY405270,C105703,CARD201978,2026-04-24,16684.62,16684.62,Late,9
PAY405271,C104650,CARD209646,2026-02-10,1717.61,1717.61,On Time,0
PAY405272,C109644,CARD204183,2026-04-09,7485.85,7485.85,On Time,0
PAY405273,C105890,CARD210857,2025-12-28,7946.82,7946.82,On Time,0
PAY405274,C106349,CARD203253,2026-06-28,6024.75,6024.75,On Time,0
PAY405275,C100093,CARD203381,2025-10-04,5972.27,5972.27,On Time,0
PAY405276,C100401,CARD207492,2025-08-23,12787.72,5082.29,Partial,46
PAY405277,C101133,CARD203432,2025-08-30,3663.73,3663.73,On Time,0
PAY405278,C101866,CARD205372,2025-02-23,5379.46,5379.46,On Time,0
PAY405279,C103786,CARD211561,2026-05-21,5073.08,2892.86,Partial,33
PAY405280,C101252,CARD203139,2025-01-21,42869.18,42869.18,On Time,0
PAY405281,C101853,CARD200467,2026-07-25,3762.76,3762.76,Late,18
PAY405282,C103713,CARD211527,2026-03-03,4741.77,4741.77,Late,30
PAY405283,C103477,CARD201455,2026-02-28,4171.36,607.66,Missed,55
PAY405284,C103247,CARD201137,2026-07-08,5369.18,5369.18,Late,23
PAY405285,C104819,CARD200192,2025-08-11,15453.0,15453.0,On Time,0
PAY405286,C109321,CARD206151,2025-08-01,16434.58,16434.58,On Time,0
PAY405287,C108020,CARD208639,2026-05-10,3704.37,3704.37,On Time,0
PAY405288,C109581,CARD205347,2026-01-12,4650.6,4650.6,On Time,0
PAY405289,C104304,CARD204181,2025-09-11,10578.57,10578.57,Late,17
PAY405290,C107078,CARD201444,2025-02-16,5249.27,5249.27,On Time,0
PAY405291,C102824,CARD205255,2025-11-04,10928.2,10928.2,On Time,0
PAY405292,C107872,CARD204457,2025-08-16,2514.2,2514.2,On Time,0
PAY405293,C109815,CARD207358,2026-02-21,6940.01,6940.01,On Time,0
PAY405294,C105421,CARD202984,2026-06-29,1657.12,1657.12,On Time,0
PAY405295,C107678,CARD202553,2026-02-10,3504.13,19.04,Missed,96
PAY405296,C105649,CARD211939,2025-09-09,8699.63,3502.88,Partial,36
PAY405297,C100814,CARD205950,2025-08-31,14235.44,14235.44,On Time,0
PAY405298,C103576,CARD210427,2026-07-02,8003.7,8003.7,Late,5
PAY405299,C104127,CARD201153,2025-03-24,1987.92,1987.92,Late,26
PAY405300,C108948,CARD206097,2026-01-08,8832.85,8832.85,On Time,0
PAY405301,C104397,CARD208496,2025-06-21,11391.12,1003.43,Missed,109
PAY405302,C103363,CARD207235,2025-05-13,4409.15,4409.15,On Time,0
PAY405303,C109888,CARD206166,2026-07-21,6332.36,6332.36,On Time,0
PAY405304,C108174,CARD200381,2025-02-20,2649.36,2649.36,On Time,0
PAY405305,C109173,CARD209108,2026-06-01,23477.6,23477.6,Late,25
PAY405306,C109890,CARD200891,2025-10-15,4231.63,4231.63,On Time,0
PAY405307,C101479,CARD203143,2026-02-17,6796.75,6796.75,On Time,0
PAY405308,C102733,CARD209513,2026-03-04,2790.24,2790.24,On Time,0
PAY405309,C104366,CARD202976,2025-08-04,11295.87,11295.87,Late,23
PAY405310,C103074,CARD206039,2025-05-20,9783.0,9783.0,On Time,0
PAY405311,C103160,CARD205930,2025-08-03,6404.37,6404.37,On Time,0
PAY405312,C106289,CARD208768,2025-08-02,3521.82,3521.82,On Time,0
PAY405313,C106640,CARD205445,2025-04-17,14131.08,14131.08,On Time,0
PAY405314,C100258,CARD210611,2026-01-01,14907.3,14907.3,On Time,0
PAY405315,C101926,CARD203295,2026-05-14,2551.15,2551.15,On Time,0
PAY405316,C107227,CARD202967,2025-07-28,10275.89,10275.89,On Time,0
PAY405317,C101499,CARD202609,2025-05-06,4081.7,4081.7,On Time,0
PAY405318,C105661,CARD210584,2026-02-17,3770.21,3770.21,On Time,0
PAY405319,C104329,CARD203361,2025-10-15,2605.61,2605.61,Late,7
PAY405320,C109073,CARD200704,2026-01-11,12421.97,12421.97,On Time,0
PAY405321,C106400,CARD211871,2026-06-25,3359.95,3359.95,Late,3
PAY405322,C104854,CARD211385,2025-11-28,10255.89,61.09,Missed,81
PAY405323,C106085,CARD210912,2026-05-05,8017.72,8017.72,On Time,0
PAY405324,C103569,CARD206989,2026-05-24,3058.33,3058.33,Late,26
PAY405325,C103274,CARD211665,2026-06-06,11672.47,11672.47,On Time,0
PAY405326,C100658,CARD207691,2025-09-22,4583.68,4583.68,On Time,0
PAY405327,C106124,CARD202981,2026-02-15,2795.48,2795.48,On Time,0
PAY405328,C100816,CARD210807,2026-07-18,15555.45,15555.45,On Time,0
PAY405329,C100819,CARD200760,2026-04-20,1732.52,1732.52,On Time,0
PAY405330,C103865,CARD211639,2026-01-29,2812.57,2812.57,Late,18
PAY405331,C104173,CARD210358,2025-03-21,3946.36,3946.36,On Time,0
PAY405332,C107266,CARD204277,2025-05-02,7322.27,7322.27,On Time,0
PAY405333,C102009,CARD207760,2025-01-11,3036.26,3036.26,On Time,0
PAY405334,C107461,CARD209790,2026-07-21,8289.99,8289.99,On Time,0
PAY405335,C108238,CARD211159,2025-05-22,13727.14,13727.14,On Time,0
PAY405336,C104587,CARD207140,2025-07-29,5055.22,5055.22,On Time,0
PAY405337,C102626,CARD208714,2025-02-23,6704.19,6704.19,On Time,0
PAY405338,C101062,CARD209537,2026-08-31,10601.44,10601.44,Late,30
PAY405339,C107895,CARD202251,2025-05-14,18538.16,18538.16,On Time,0
PAY405340,C104401,CARD210392,2025-02-06,4550.99,4550.99,On Time,0
PAY405341,C108939,CARD201917,2025-08-07,6447.13,6447.13,On Time,0
PAY405342,C104361,CARD210543,2026-08-23,3005.73,2191.92,Partial,33
PAY405343,C106301,CARD207867,2025-05-28,5887.06,2656.53,Partial,59
PAY405344,C103802,CARD205797,2026-03-02,5634.24,5634.24,On Time,0
PAY405345,C107977,CARD207996,2025-12-14,4071.23,4071.23,Late,1
PAY405346,C103546,CARD201905,2026-01-24,5068.16,5068.16,On Time,0
PAY405347,C108773,CARD200048,2025-09-27,2965.22,2965.22,Late,29
PAY405348,C107120,CARD207833,2026-08-06,11128.93,11128.93,On Time,0
PAY405349,C109637,CARD204890,2026-03-14,7845.05,7845.05,On Time,0
PAY405350,C103202,CARD201883,2025-06-06,10372.87,10372.87,On Time,0
PAY405351,C108376,CARD210276,2025-07-27,3609.74,3609.74,On Time,0
PAY405352,C108125,CARD201864,2026-04-01,5519.47,5519.47,On Time,0
PAY405353,C100075,CARD206744,2025-01-30,10692.55,8473.41,Partial,41
PAY405354,C106686,CARD203661,2025-02-21,12241.42,12241.42,On Time,0
PAY405355,C100751,CARD207221,2026-01-15,3176.83,3176.83,On Time,0
PAY405356,C105238,CARD203660,2025-11-08,7017.48,7017.48,Late,3
PAY405357,C106216,CARD206312,2026-04-01,4284.72,4284.72,On Time,0
PAY405358,C100871,CARD201221,2025-01-13,9206.15,9206.15,On Time,0
PAY405359,C101808,CARD209138,2025-09-20,6852.11,6852.11,Late,24
PAY405360,C109396,CARD208167,2025-07-07,5517.46,5517.46,On Time,0
PAY405361,C107537,CARD208879,2026-03-28,1913.19,1913.19,On Time,0
PAY405362,C101718,CARD201239,2025-10-24,2028.33,2028.33,On Time,0
PAY405363,C101787,CARD208934,2025-06-05,6169.16,6169.16,On Time,0
PAY405364,C107550,CARD203785,2025-08-23,3999.81,3999.81,On Time,0
PAY405365,C102823,CARD203069,2025-10-01,5907.72,5907.72,On Time,0
PAY405366,C102808,CARD207868,2025-05-26,5764.22,91.98,Missed,88
PAY405367,C101076,CARD205738,2025-04-17,33833.22,10299.09,Partial,49
PAY405368,C106149,CARD207356,2025-01-19,18080.5,18080.5,On Time,0
PAY405369,C108813,CARD206973,2025-12-04,1997.54,1997.54,On Time,0
PAY405370,C108660,CARD201127,2026-05-15,2302.58,2302.58,On Time,0
PAY405371,C108302,CARD205405,2025-01-25,4063.6,1035.1,Partial,39
PAY405372,C104903,CARD202563,2026-01-05,5596.44,5596.44,On Time,0
PAY405373,C104582,CARD203965,2025-02-18,3312.39,3312.39,On Time,0
PAY405374,C104078,CARD207318,2026-06-04,15098.57,5785.35,Partial,3
PAY405375,C102421,CARD209035,2025-12-02,3794.09,3794.09,Late,25
PAY405376,C104746,CARD200073,2026-04-28,3460.07,3460.07,On Time,0
PAY405377,C103725,CARD200776,2025-02-17,1624.54,1624.54,Late,22
PAY405378,C109361,CARD208512,2025-10-21,7384.04,7384.04,On Time,0
PAY405379,C102079,CARD210337,2025-06-19,6550.04,6550.04,Late,23
PAY405380,C106469,CARD203505,2025-06-28,8501.54,6811.96,Partial,5
PAY405381,C100331,CARD201686,2025-08-27,4033.93,4033.93,On Time,0
PAY405382,C102016,CARD200515,2025-06-19,6324.93,6324.93,On Time,0
PAY405383,C102388,CARD209252,2025-04-16,8700.94,8700.94,On Time,0
PAY405384,C104625,CARD203226,2025-02-25,3556.12,3556.12,On Time,0
PAY405385,C100464,CARD200950,2026-03-16,7491.47,7491.47,On Time,0
PAY405386,C108985,CARD203580,2025-10-11,4641.44,4641.44,On Time,0
PAY405387,C105955,CARD203824,2025-06-23,10895.77,10895.77,On Time,0
PAY405388,C108574,CARD205552,2025-03-03,16445.0,16445.0,On Time,0
PAY405389,C104313,CARD208277,2026-01-23,3850.28,3850.28,On Time,0
PAY405390,C102434,CARD208147,2025-02-22,6041.54,6041.54,Late,16
PAY405391,C104433,CARD201946,2025-09-18,12801.77,12801.77,On Time,0
PAY405392,C108915,CARD210665,2025-04-21,5312.62,5312.62,On Time,0
PAY405393,C105830,CARD209685,2025-06-04,4026.0,1048.67,Partial,47
PAY405394,C105895,CARD202525,2026-02-07,2003.75,2003.75,On Time,0
PAY405395,C100391,CARD203927,2026-07-26,1232.41,1232.41,On Time,0
PAY405396,C109330,CARD210026,2026-04-09,8900.11,8900.11,On Time,0
PAY405397,C108777,CARD205001,2025-02-25,10261.68,10261.68,Late,21
PAY405398,C106867,CARD206773,2026-07-29,2580.92,2580.92,On Time,0
PAY405399,C109565,CARD202794,2025-09-16,5159.64,5159.64,On Time,0
PAY405400,C102760,CARD205656,2026-02-13,15231.42,15231.42,Late,4
PAY405401,C102714,CARD208313,2025-02-13,3882.63,3882.63,Late,6
PAY405402,C104272,CARD211823,2026-08-09,11315.24,1025.5,Missed,42
PAY405403,C105034,CARD211151,2026-07-01,10013.04,5653.32,Partial,55
PAY405404,C105463,CARD204516,2025-10-21,5634.71,5634.71,On Time,0
PAY405405,C102587,CARD205042,2025-11-10,7941.94,7941.94,Late,23
PAY405406,C104467,CARD210462,2025-06-19,14315.23,14315.23,On Time,0
PAY405407,C109141,CARD204708,2026-03-25,8936.67,8936.67,On Time,0
PAY405408,C104721,CARD208902,2025-04-10,1955.6,1955.6,On Time,0
PAY405409,C104290,CARD208257,2026-01-19,8352.02,8352.02,Late,21
PAY405410,C109223,CARD204480,2025-12-27,2662.13,2662.13,On Time,0
PAY405411,C104898,CARD201554,2025-01-28,2433.83,2433.83,On Time,0
PAY405412,C102377,CARD206251,2026-03-15,6142.61,6142.61,On Time,0
PAY405413,C101262,CARD210500,2025-01-03,9197.99,9197.99,On Time,0
PAY405414,C109977,CARD203200,2026-05-23,10392.63,10392.63,Late,19
PAY405415,C103939,CARD202252,2025-11-25,9184.15,9184.15,Late,24
PAY405416,C106446,CARD201732,2026-06-08,11796.09,11796.09,On Time,0
PAY405417,C105918,CARD211349,2025-06-11,10706.37,10706.37,On Time,0
PAY405418,C109658,CARD200591,2026-04-11,6848.48,6848.48,On Time,0
PAY405419,C100744,CARD200238,2025-04-23,4156.39,4156.39,On Time,0
PAY405420,C108420,CARD206368,2025-07-09,2920.78,2920.78,On Time,0
PAY405421,C105396,CARD200973,2026-03-07,4027.07,4027.07,On Time,0
PAY405422,C101587,CARD206436,2025-11-05,1327.32,1327.32,On Time,0
PAY405423,C109507,CARD206563,2025-10-19,2958.24,2958.24,On Time,0
PAY405424,C109476,CARD201124,2025-08-06,5421.91,5421.91,Late,18
PAY405425,C103208,CARD204949,2025-12-26,21480.08,21480.08,On Time,0
PAY405426,C106154,CARD202092,2025-03-15,29198.77,29198.77,On Time,0
PAY405427,C108558,CARD211341,2025-11-26,25551.07,25551.07,On Time,0
PAY405428,C101464,CARD208966,2025-02-05,22982.67,22982.67,On Time,0
PAY405429,C100021,CARD203015,2026-04-17,3020.99,3020.99,On Time,0
PAY405430,C100991,CARD201238,2025-05-01,3260.71,3260.71,On Time,0
PAY405431,C105399,CARD209512,2026-05-09,3259.46,3259.46,On Time,0
PAY405432,C104030,CARD204522,2025-07-13,5603.33,5603.33,On Time,0
PAY405433,C104486,CARD209105,2026-08-15,3524.16,1150.79,Partial,52
PAY405434,C107583,CARD203105,2026-02-28,11563.97,11563.97,Late,22
PAY405435,C104084,CARD207052,2026-03-13,2964.95,2964.95,On Time,0
PAY405436,C104166,CARD205895,2025-05-17,6178.63,6178.63,Late,24
PAY405437,C103931,CARD205997,2025-08-29,8052.71,8052.71,On Time,0
PAY405438,C104767,CARD203140,2026-03-23,2031.82,2031.82,Late,29
PAY405439,C102120,CARD210867,2025-04-19,1000.0,1000.0,On Time,0
PAY405440,C109286,CARD203137,2026-03-29,7562.53,7562.53,On Time,0
PAY405441,C100517,CARD206276,2025-05-19,7099.72,7099.72,On Time,0
PAY405442,C105905,CARD210897,2026-06-17,6540.66,6540.66,Late,11
PAY405443,C103828,CARD200173,2025-04-04,15037.78,5772.57,Partial,9
PAY405444,C102867,CARD208549,2025-03-02,1424.16,194.34,Missed,36
PAY405445,C109362,CARD205343,2026-06-24,1918.75,1918.75,On Time,0
PAY405446,C109790,CARD208752,2026-04-18,5929.49,5929.49,On Time,0
PAY405447,C109308,CARD211266,2025-12-30,3758.86,3758.86,Late,26
PAY405448,C108561,CARD202292,2026-05-22,10704.0,10704.0,On Time,0
PAY405449,C105918,CARD211349,2025-07-27,18434.76,13520.11,Partial,53
PAY405450,C104157,CARD210158,2025-08-21,3338.52,3338.52,Late,21
PAY405451,C105238,CARD203660,2025-05-03,5825.89,4702.04,Partial,4
PAY405452,C100242,CARD206594,2025-12-18,4394.79,4394.79,On Time,0
PAY405453,C103421,CARD202513,2026-06-27,3492.15,3492.15,On Time,0
PAY405454,C106969,CARD205183,2025-08-19,6276.75,6276.75,On Time,0
PAY405455,C109797,CARD202589,2026-05-04,12939.06,12939.06,On Time,0
PAY405456,C100159,CARD211165,2025-12-18,1411.52,1411.52,On Time,0
PAY405457,C105793,CARD201099,2026-02-28,13364.43,13364.43,On Time,0
PAY405458,C106189,CARD202896,2026-05-25,1676.96,1676.96,Late,29
PAY405459,C102224,CARD206391,2026-05-26,10063.22,10063.22,On Time,0
PAY405460,C107286,CARD203732,2026-07-05,7596.13,7596.13,On Time,0
PAY405461,C108848,CARD211575,2025-12-05,2156.32,2156.32,Late,1
PAY405462,C103149,CARD211514,2025-10-04,5848.34,5848.34,On Time,0
PAY405463,C107882,CARD210352,2025-09-04,4692.64,4692.64,On Time,0
PAY405464,C100329,CARD206059,2025-05-15,2367.25,80.58,Missed,76
PAY405465,C103438,CARD204996,2025-11-24,6021.21,6021.21,On Time,0
PAY405466,C101999,CARD206910,2025-04-16,4880.51,4880.51,On Time,0
PAY405467,C100235,CARD204758,2025-09-15,1769.95,1769.95,On Time,0
PAY405468,C107328,CARD203691,2026-01-24,2290.7,2290.7,On Time,0
PAY405469,C107238,CARD209115,2025-07-27,2904.85,2904.85,On Time,0
PAY405470,C103940,CARD210901,2025-10-07,4416.98,4416.98,On Time,0
PAY405471,C106823,CARD205216,2026-06-18,5159.56,5159.56,On Time,0
PAY405472,C100798,CARD208804,2025-01-10,2079.0,2079.0,On Time,0
PAY405473,C106707,CARD204292,2025-12-24,4117.96,2548.66,Partial,40
PAY405474,C101465,CARD204224,2026-08-24,4015.85,4015.85,On Time,0
PAY405475,C105251,CARD202699,2025-07-12,10751.66,10751.66,Late,26
PAY405476,C107523,CARD204563,2025-01-06,6180.27,3236.96,Partial,42
PAY405477,C102605,CARD209923,2026-04-17,7736.77,7736.77,On Time,0
PAY405478,C105571,CARD205481,2026-01-02,2943.77,2943.77,On Time,0
PAY405479,C102096,CARD201833,2026-04-24,1705.6,568.32,Partial,8
PAY405480,C101510,CARD207950,2025-07-14,4205.46,4205.46,On Time,0
PAY405481,C105731,CARD204604,2026-06-11,7292.73,7292.73,Late,3
PAY405482,C106115,CARD210341,2026-01-01,10242.81,2830.73,Partial,13
PAY405483,C107106,CARD207624,2026-08-10,6781.3,6781.3,On Time,0
PAY405484,C103323,CARD204452,2025-04-06,6087.04,6087.04,On Time,0
PAY405485,C106620,CARD211010,2026-05-27,6484.16,6484.16,On Time,0
PAY405486,C109381,CARD205788,2025-01-22,27264.73,27264.73,On Time,0
PAY405487,C104028,CARD204163,2025-10-11,32286.27,32286.27,On Time,0
PAY405488,C105541,CARD211451,2026-08-01,2065.87,2065.87,On Time,0
PAY405489,C106588,CARD210055,2026-02-03,17628.8,17628.8,On Time,0
PAY405490,C105544,CARD207668,2026-07-17,7253.23,7253.23,On Time,0
PAY405491,C104006,CARD203379,2025-02-20,16134.16,16134.16,On Time,0
PAY405492,C107384,CARD211071,2025-10-29,15447.65,15447.65,On Time,0
PAY405493,C107395,CARD201443,2026-03-11,6810.82,6810.82,On Time,0
PAY405494,C103666,CARD208275,2026-01-27,6501.72,6501.72,On Time,0
PAY405495,C102107,CARD208933,2026-03-10,4090.2,4090.2,On Time,0
PAY405496,C108882,CARD209313,2025-12-11,6341.62,6341.62,On Time,0
PAY405497,C101454,CARD211880,2026-08-30,10077.19,2914.18,Partial,32
PAY405498,C105674,CARD206376,2026-03-21,13054.94,732.09,Missed,103
PAY405499,C103428,CARD209363,2026-02-07,2029.14,2029.14,On Time,0
PAY405500,C101777,CARD203401,2025-07-20,2980.68,2980.68,On Time,0
PAY405501,C109852,CARD201935,2026-07-12,3254.19,3254.19,On Time,0
PAY405502,C107875,CARD211657,2025-03-26,3346.06,3346.06,On Time,0
PAY405503,C105931,CARD202408,2025-10-08,4813.68,4813.68,On Time,0
PAY405504,C104075,CARD207702,2025-11-08,3730.27,821.69,Partial,42
PAY405505,C107560,CARD204912,2025-02-19,7936.66,7936.66,On Time,0
PAY405506,C105422,CARD211321,2025-04-24,3927.94,3927.94,On Time,0
PAY405507,C109504,CARD204361,2025-01-31,2937.42,2937.42,On Time,0
PAY405508,C104565,CARD205971,2025-04-20,37200.69,37200.69,On Time,0
PAY405509,C100695,CARD204770,2025-03-19,2354.69,2354.69,Late,3
PAY405510,C107827,CARD210101,2026-05-17,11904.8,2898.45,Partial,38
PAY405511,C106279,CARD210916,2026-03-18,5478.1,5478.1,On Time,0
PAY405512,C105251,CARD202699,2026-08-16,2830.84,2830.84,On Time,0
PAY405513,C108740,CARD210124,2026-01-09,15675.53,15675.53,On Time,0
PAY405514,C102801,CARD210771,2026-06-17,8497.69,8497.69,On Time,0
PAY405515,C109088,CARD201655,2025-09-15,37355.31,37355.31,On Time,0
PAY405516,C109090,CARD208481,2025-11-13,6340.05,6340.05,On Time,0
PAY405517,C104088,CARD209778,2025-02-13,4337.19,2768.68,Partial,40
PAY405518,C105710,CARD206613,2026-02-14,1759.51,156.91,Missed,33
PAY405519,C101581,CARD206747,2026-02-01,4041.63,4041.63,On Time,0
PAY405520,C102861,CARD206246,2025-09-09,8176.83,8176.83,Late,29
PAY405521,C104634,CARD208857,2025-07-14,3050.02,3050.02,On Time,0
PAY405522,C108005,CARD211060,2025-08-31,20625.25,20625.25,On Time,0
PAY405523,C108835,CARD211028,2025-05-15,10277.29,10277.29,On Time,0
PAY405524,C104058,CARD201628,2025-10-20,1829.08,1829.08,Late,21
PAY405525,C108013,CARD207308,2025-04-19,4564.9,2896.11,Partial,59
PAY405526,C102844,CARD211147,2026-08-18,6108.54,6108.54,Late,15
PAY405527,C106937,CARD210465,2025-08-31,4266.7,4266.7,On Time,0
PAY405528,C104948,CARD208266,2025-09-09,11541.59,11541.59,Late,1
PAY405529,C102996,CARD200911,2025-03-23,8484.23,8484.23,On Time,0
PAY405530,C101266,CARD204835,2025-06-09,23428.88,23428.88,On Time,0
PAY405531,C109769,CARD200204,2025-07-19,1756.96,1756.96,On Time,0
PAY405532,C106292,CARD201291,2026-05-06,4676.82,4676.82,On Time,0
PAY405533,C102596,CARD200021,2025-07-12,2717.54,2717.54,On Time,0
PAY405534,C101151,CARD205362,2025-05-26,18284.24,18284.24,On Time,0
PAY405535,C103234,CARD210939,2025-01-05,5036.75,5036.75,Late,7
PAY405536,C107944,CARD210189,2026-08-17,15397.72,15397.72,On Time,0
PAY405537,C107708,CARD208569,2025-02-19,5976.63,5976.63,On Time,0
PAY405538,C106576,CARD207127,2026-04-12,9667.68,9667.68,On Time,0
PAY405539,C109590,CARD208417,2025-01-25,6551.28,4168.83,Partial,52
PAY405540,C104095,CARD201746,2026-05-31,4125.98,4125.98,On Time,0
PAY405541,C101771,CARD211016,2026-02-24,2127.59,601.62,Partial,33
PAY405542,C102225,CARD204475,2025-12-18,28732.49,28732.49,On Time,0
PAY405543,C106615,CARD204775,2025-04-06,6649.79,6649.79,On Time,0
PAY405544,C107699,CARD204487,2026-06-12,4436.98,4436.98,On Time,0
PAY405545,C106622,CARD204293,2026-08-04,5453.02,5453.02,On Time,0
PAY405546,C109080,CARD210286,2025-08-23,4735.21,4735.21,Late,12
PAY405547,C109005,CARD201624,2026-04-28,2810.89,2810.89,On Time,0
PAY405548,C107416,CARD206686,2025-03-25,40551.63,40551.63,On Time,0
PAY405549,C109539,CARD205026,2025-08-04,28247.14,28247.14,On Time,0
PAY405550,C107581,CARD208609,2025-05-16,6000.46,6000.46,On Time,0
PAY405551,C106713,CARD206644,2026-07-25,3922.65,3922.65,Late,8
PAY405552,C105925,CARD209233,2026-05-31,3137.28,3137.28,On Time,0
PAY405553,C102217,CARD207877,2025-12-23,2514.63,2514.63,On Time,0
PAY405554,C102783,CARD210088,2026-04-29,2509.58,2509.58,On Time,0
PAY405555,C102878,CARD201140,2026-03-23,5299.04,5299.04,On Time,0
PAY405556,C101780,CARD205914,2025-10-18,14486.15,14486.15,On Time,0
PAY405557,C105921,CARD203826,2025-08-21,4369.12,4369.12,On Time,0
PAY405558,C105213,CARD209534,2025-03-17,6099.79,6099.79,On Time,0
PAY405559,C102559,CARD209242,2025-11-24,4662.94,4662.94,Late,4
PAY405560,C103836,CARD202446,2026-01-07,11911.02,11911.02,On Time,0
PAY405561,C103022,CARD210470,2026-03-15,10021.18,10021.18,On Time,0
PAY405562,C102321,CARD210129,2025-09-14,7138.99,7138.99,On Time,0
PAY405563,C103761,CARD207309,2025-08-01,12257.97,12257.97,Late,11
PAY405564,C106600,CARD202230,2026-08-26,3527.14,260.43,Missed,102
PAY405565,C107332,CARD204385,2025-03-29,4161.48,4161.48,On Time,0
PAY405566,C105172,CARD202657,2026-05-11,11811.12,11811.12,On Time,0
PAY405567,C108642,CARD206422,2026-05-16,6266.05,6266.05,On Time,0
PAY405568,C103599,CARD203189,2026-08-31,7794.16,7794.16,On Time,0
PAY405569,C108559,CARD210182,2025-07-22,11988.57,11988.57,Late,11
PAY405570,C109355,CARD204038,2025-04-28,6185.61,6185.61,On Time,0
PAY405571,C104704,CARD207275,2026-04-12,8583.24,8583.24,On Time,0
PAY405572,C104287,CARD205994,2025-10-24,11903.58,3138.59,Partial,17
PAY405573,C103035,CARD201515,2025-06-02,12727.58,5643.11,Partial,14
PAY405574,C106644,CARD209805,2025-04-26,11946.64,1195.93,Missed,42
PAY405575,C101425,CARD200328,2026-05-14,15143.77,15143.77,On Time,0
PAY405576,C107471,CARD200469,2026-01-18,2648.14,2648.14,Late,4
PAY405577,C104031,CARD204541,2025-01-07,10032.32,10032.32,On Time,0
PAY405578,C106806,CARD207398,2025-12-21,5221.64,2152.41,Partial,7
PAY405579,C107808,CARD208131,2025-03-06,10052.53,10052.53,On Time,0
PAY405580,C106256,CARD203735,2026-03-16,6283.92,5235.96,Partial,9
PAY405581,C103229,CARD205426,2026-07-23,13111.14,13111.14,On Time,0
PAY405582,C100432,CARD210067,2025-12-08,5896.36,436.45,Missed,70
PAY405583,C108543,CARD206498,2026-05-08,14099.46,14099.46,On Time,0
PAY405584,C107815,CARD205311,2026-02-04,2759.4,2759.4,On Time,0
PAY405585,C101122,CARD208460,2025-10-04,5503.76,5503.76,On Time,0
PAY405586,C106938,CARD204648,2025-08-17,18458.33,18458.33,On Time,0
PAY405587,C104462,CARD201869,2025-06-07,7046.48,870.65,Missed,79
PAY405588,C106355,CARD205904,2026-07-08,1329.43,1329.43,On Time,0
PAY405589,C106172,CARD200570,2026-07-09,10023.66,10023.66,On Time,0
PAY405590,C105320,CARD208173,2026-02-08,4213.76,4213.76,Late,14
PAY405591,C109554,CARD204286,2025-05-05,9750.97,9750.97,On Time,0
PAY405592,C102766,CARD200447,2025-09-21,9023.95,9023.95,On Time,0
PAY405593,C100271,CARD207156,2026-06-12,32450.92,32450.92,On Time,0
PAY405594,C106691,CARD201608,2025-02-28,9377.68,9377.68,On Time,0
PAY405595,C105720,CARD202862,2026-08-29,9345.67,9345.67,Late,22
PAY405596,C106115,CARD210341,2025-01-11,10030.86,416.48,Missed,118
PAY405597,C107925,CARD211596,2025-05-09,4892.87,4892.87,On Time,0
PAY405598,C105631,CARD206091,2025-12-06,3153.42,464.39,Missed,105
PAY405599,C108901,CARD209964,2025-01-31,3067.5,3067.5,Late,9
PAY405600,C108036,CARD204888,2026-01-13,3993.61,3993.61,On Time,0
PAY405601,C109985,CARD200629,2026-05-09,4373.28,4373.28,On Time,0
PAY405602,C104734,CARD207768,2026-04-09,2085.67,2085.67,On Time,0
PAY405603,C104890,CARD204144,2025-02-22,4617.41,4617.41,Late,22
PAY405604,C108312,CARD201312,2026-01-10,13217.97,13217.97,On Time,0
PAY405605,C107474,CARD200013,2026-03-09,12896.76,12896.76,Late,2
PAY405606,C109986,CARD209846,2026-07-02,3754.11,3754.11,On Time,0
PAY405607,C107945,CARD200124,2026-07-18,8096.19,8096.19,On Time,0
PAY405608,C105754,CARD204800,2025-05-18,2902.6,2902.6,Late,3
PAY405609,C100345,CARD205333,2025-11-27,5710.32,5710.32,On Time,0
PAY405610,C108993,CARD210920,2026-04-09,2163.69,2163.69,On Time,0
PAY405611,C109768,CARD202018,2026-06-29,12615.54,194.12,Missed,33
PAY405612,C101085,CARD204509,2025-07-02,1147.87,1147.87,On Time,0
PAY405613,C109573,CARD209287,2025-03-22,11858.48,11858.48,On Time,0
PAY405614,C109216,CARD203833,2025-06-03,3962.24,3962.24,On Time,0
PAY405615,C102046,CARD210713,2026-06-02,5794.38,5794.38,On Time,0
PAY405616,C106240,CARD201544,2026-03-13,3757.89,3757.89,On Time,0
PAY405617,C100685,CARD205416,2025-07-01,2027.22,2027.22,Late,25
PAY405618,C105192,CARD207392,2025-10-16,12591.81,12591.81,Late,18
PAY405619,C109780,CARD206303,2025-01-04,4552.85,4552.85,Late,28
PAY405620,C101920,CARD200060,2026-06-05,6366.92,6366.92,On Time,0
PAY405621,C106618,CARD201897,2026-08-28,6577.71,1844.85,Partial,26
PAY405622,C108203,CARD207514,2025-09-04,5938.57,5938.57,On Time,0
PAY405623,C102000,CARD206372,2025-10-04,3205.75,3205.75,On Time,0
PAY405624,C108213,CARD210684,2025-09-09,11926.02,11926.02,On Time,0
PAY405625,C100422,CARD202393,2025-12-10,6423.22,6423.22,On Time,0
PAY405626,C102664,CARD200130,2026-04-28,7318.16,7318.16,On Time,0
PAY405627,C102562,CARD211891,2026-05-15,6885.13,4920.42,Partial,31
PAY405628,C100004,CARD206538,2026-04-25,1282.8,1282.8,Late,4
PAY405629,C101151,CARD205362,2025-02-06,4508.27,4508.27,Late,4
PAY405630,C106028,CARD210616,2025-07-24,13037.34,13037.34,On Time,0
PAY405631,C108514,CARD208000,2025-01-23,8842.67,8842.67,On Time,0
PAY405632,C108864,CARD203083,2026-01-29,1266.28,79.09,Missed,115
PAY405633,C102885,CARD208880,2026-04-19,34508.52,34508.52,On Time,0
PAY405634,C100566,CARD202248,2025-12-15,4265.47,4265.47,Late,7
PAY405635,C107132,CARD202849,2025-04-22,14931.51,14931.51,On Time,0
PAY405636,C109044,CARD211115,2025-10-05,7714.99,7714.99,Late,8
PAY405637,C107718,CARD208782,2025-09-25,5841.15,5841.15,On Time,0
PAY405638,C102461,CARD208713,2026-03-31,6746.16,6746.16,On Time,0
PAY405639,C102928,CARD201970,2026-05-24,11499.0,11499.0,On Time,0
PAY405640,C107365,CARD211791,2025-01-17,9875.57,9875.57,Late,23
PAY405641,C103373,CARD205938,2026-03-11,4485.75,4485.75,On Time,0
PAY405642,C106885,CARD202700,2025-08-14,6923.02,6923.02,Late,17
PAY405643,C102626,CARD208714,2025-10-24,6406.65,6406.65,On Time,0
PAY405644,C109921,CARD210289,2025-03-05,6127.24,6127.24,On Time,0
PAY405645,C100917,CARD211861,2025-06-14,13185.02,13185.02,Late,15
PAY405646,C105143,CARD210000,2026-08-24,12938.47,12938.47,On Time,0
PAY405647,C106255,CARD205272,2026-06-04,5141.82,5141.82,On Time,0
PAY405648,C105456,CARD200324,2025-06-26,1044.43,1044.43,On Time,0
PAY405649,C100524,CARD202582,2025-05-26,9385.42,9385.42,On Time,0
PAY405650,C108851,CARD211462,2026-04-02,3692.09,3692.09,On Time,0
PAY405651,C109135,CARD201730,2026-04-10,15042.54,15042.54,On Time,0
PAY405652,C105555,CARD201474,2025-12-16,9175.57,9175.57,On Time,0
PAY405653,C104621,CARD204416,2026-03-08,8514.83,8514.83,On Time,0
PAY405654,C100596,CARD210119,2026-01-24,6034.45,5015.52,Partial,1
PAY405655,C103636,CARD202823,2026-05-29,2766.59,2766.59,On Time,0
PAY405656,C101025,CARD204791,2025-11-12,10885.16,10885.16,On Time,0
PAY405657,C107407,CARD208456,2025-11-21,5166.42,5166.42,On Time,0
PAY405658,C103428,CARD209363,2025-02-27,13164.7,13164.7,On Time,0
PAY405659,C104151,CARD202749,2025-05-02,6240.11,6240.11,On Time,0
PAY405660,C103641,CARD202716,2025-07-30,6065.37,6065.37,On Time,0
PAY405661,C102522,CARD209992,2026-07-29,1890.19,1890.19,On Time,0
PAY405662,C107372,CARD201590,2025-07-15,2427.55,2427.55,Late,17
PAY405663,C107207,CARD211399,2026-08-08,4795.18,4795.18,On Time,0
PAY405664,C104562,CARD204395,2025-02-04,20126.8,1924.59,Missed,78
PAY405665,C109504,CARD204361,2025-08-08,13543.99,13543.99,On Time,0
PAY405666,C105282,CARD204935,2025-07-22,5744.96,5744.96,On Time,0
PAY405667,C104345,CARD201573,2026-02-17,2650.75,2650.75,On Time,0
PAY405668,C105266,CARD201010,2025-10-19,4750.05,4750.05,On Time,0
PAY405669,C105141,CARD200744,2026-08-12,11633.68,11633.68,On Time,0
PAY405670,C103580,CARD206943,2025-10-28,4802.53,3775.29,Partial,29
PAY405671,C109527,CARD205410,2026-02-26,5838.4,5838.4,On Time,0
PAY405672,C107062,CARD207386,2026-03-12,7076.47,7076.47,On Time,0
PAY405673,C107542,CARD202551,2025-02-07,6490.9,6490.9,On Time,0
PAY405674,C106780,CARD204901,2025-08-13,7128.04,7128.04,Late,22
PAY405675,C105648,CARD208781,2025-11-05,5253.7,5253.7,On Time,0
PAY405676,C100192,CARD209959,2025-05-07,6554.09,6554.09,On Time,0
PAY405677,C106147,CARD204923,2026-06-07,24077.4,24077.4,On Time,0
PAY405678,C104390,CARD209726,2025-12-01,2402.03,2402.03,Late,15
PAY405679,C109566,CARD202465,2026-02-26,4242.47,4242.47,On Time,0
PAY405680,C103457,CARD209620,2025-05-21,13202.89,13202.89,On Time,0
PAY405681,C105953,CARD211830,2026-03-17,9981.39,9981.39,On Time,0
PAY405682,C100626,CARD209882,2025-07-31,2208.01,2208.01,On Time,0
PAY405683,C105191,CARD204617,2025-11-02,8702.94,8702.94,Late,11
PAY405684,C108871,CARD209766,2025-08-15,5260.27,5260.27,On Time,0
PAY405685,C108195,CARD210525,2026-01-20,5728.57,5728.57,On Time,0
PAY405686,C108077,CARD203198,2025-05-26,4557.5,4557.5,On Time,0
PAY405687,C105886,CARD200315,2026-02-19,3275.06,3275.06,On Time,0
PAY405688,C103563,CARD209985,2026-03-03,3907.46,3907.46,Late,22
PAY405689,C101395,CARD209678,2026-04-12,2049.71,645.74,Partial,17
PAY405690,C100669,CARD207859,2026-04-10,7661.5,7661.5,Late,17
PAY405691,C108476,CARD207538,2025-08-31,2146.26,2146.26,On Time,0
PAY405692,C103315,CARD203976,2025-06-09,5298.41,5298.41,Late,10
PAY405693,C101595,CARD200988,2025-02-09,3511.42,3511.42,On Time,0
PAY405694,C107611,CARD202544,2025-08-14,14872.95,14872.95,On Time,0
PAY405695,C101930,CARD207701,2025-11-06,1540.15,1540.15,On Time,0
PAY405696,C104641,CARD204876,2026-05-27,6119.59,6119.59,On Time,0
PAY405697,C107858,CARD205826,2026-01-22,1982.88,1982.88,On Time,0
PAY405698,C108942,CARD211666,2026-03-19,8340.51,8340.51,Late,28
PAY405699,C100540,CARD202733,2026-05-13,6631.16,6631.16,On Time,0
PAY405700,C105572,CARD203967,2026-06-06,4721.55,4721.55,On Time,0
PAY405701,C103835,CARD207203,2025-10-12,6051.07,6051.07,Late,11
PAY405702,C103597,CARD200215,2025-11-18,3123.37,3123.37,On Time,0
PAY405703,C103561,CARD204047,2025-08-25,19326.43,19326.43,On Time,0
PAY405704,C109547,CARD202151,2025-04-15,5592.67,5592.67,On Time,0
PAY405705,C100445,CARD205720,2025-06-18,3866.89,3866.89,On Time,0
PAY405706,C105102,CARD201754,2025-04-12,5465.84,3351.12,Partial,54
PAY405707,C104879,CARD209514,2026-04-03,6402.16,6402.16,On Time,0
PAY405708,C104849,CARD205432,2025-11-20,4915.29,4915.29,On Time,0
PAY405709,C104900,CARD208809,2026-06-12,5755.05,5755.05,Late,8
PAY405710,C102466,CARD204466,2025-12-30,13764.19,13764.19,Late,15
PAY405711,C108120,CARD211294,2026-05-26,12346.72,12346.72,On Time,0
PAY405712,C108101,CARD200975,2025-09-13,3480.83,3480.83,Late,7
PAY405713,C107901,CARD204780,2025-04-18,5879.61,5879.61,On Time,0
PAY405714,C102510,CARD205375,2026-07-20,3119.32,3119.32,On Time,0
PAY405715,C103487,CARD205538,2025-05-14,5979.6,5979.6,On Time,0
PAY405716,C101896,CARD206077,2025-06-03,7133.04,7133.04,On Time,0
PAY405717,C106526,CARD210199,2026-04-08,8723.15,8723.15,On Time,0
PAY405718,C106150,CARD200755,2026-07-20,5300.97,5300.97,On Time,0
PAY405719,C105781,CARD207387,2026-04-29,1405.52,1405.52,On Time,0
PAY405720,C105341,CARD204138,2025-06-27,1545.5,1545.5,On Time,0
PAY405721,C106468,CARD210929,2026-03-20,9601.52,9601.52,On Time,0
PAY405722,C104881,CARD201248,2025-05-31,14021.07,14021.07,On Time,0
PAY405723,C109755,CARD201820,2025-09-18,4166.63,4166.63,On Time,0
PAY405724,C102885,CARD208880,2025-12-31,4410.48,4410.48,On Time,0
PAY405725,C101548,CARD200924,2025-03-06,6988.62,6988.62,On Time,0
PAY405726,C101224,CARD200236,2025-04-26,2454.66,2454.66,On Time,0
PAY405727,C100330,CARD204243,2026-01-29,3741.94,3741.94,On Time,0
PAY405728,C108949,CARD211482,2025-01-12,11569.94,11569.94,On Time,0
PAY405729,C100431,CARD205986,2026-04-03,18491.11,18491.11,Late,18
PAY405730,C103309,CARD203298,2025-08-02,2834.83,2834.83,On Time,0
PAY405731,C106727,CARD209382,2025-09-04,9747.58,9747.58,On Time,0
PAY405732,C104369,CARD210021,2025-12-18,5833.8,5833.8,On Time,0
PAY405733,C108086,CARD209859,2025-01-03,2417.08,2417.08,On Time,0
PAY405734,C105299,CARD208033,2026-07-23,12370.25,12370.25,On Time,0
PAY405735,C109620,CARD208519,2025-10-02,11193.97,11193.97,On Time,0
PAY405736,C107618,CARD204936,2025-11-13,3283.58,3283.58,On Time,0
PAY405737,C109978,CARD209434,2025-05-11,9168.04,9168.04,On Time,0
PAY405738,C106307,CARD210323,2025-07-23,22404.62,22404.62,On Time,0
PAY405739,C109172,CARD210279,2026-08-12,6624.13,6624.13,On Time,0
PAY405740,C109328,CARD210093,2025-07-29,1469.6,1469.6,On Time,0
PAY405741,C106384,CARD211245,2026-03-10,6263.8,6263.8,On Time,0
PAY405742,C109212,CARD210328,2025-06-16,10058.89,10058.89,On Time,0
PAY405743,C103345,CARD211706,2025-06-10,5236.06,5236.06,On Time,0
PAY405744,C101553,CARD208185,2026-07-04,5634.16,5634.16,On Time,0
PAY405745,C101170,CARD200563,2026-06-11,9487.37,9487.37,On Time,0
PAY405746,C101733,CARD207048,2025-03-30,18006.85,9523.82,Partial,35
PAY405747,C109274,CARD202816,2025-10-16,5279.2,3322.14,Partial,47
PAY405748,C108705,CARD203365,2025-08-03,6340.89,6340.89,On Time,0
PAY405749,C109926,CARD202225,2026-01-10,9789.34,9789.34,On Time,0
PAY405750,C109545,CARD210434,2025-11-08,35785.21,35785.21,On Time,0
PAY405751,C101157,CARD211452,2026-02-11,2342.28,2342.28,On Time,0
PAY405752,C102490,CARD200556,2025-05-20,12009.08,12009.08,On Time,0
PAY405753,C106757,CARD205322,2026-01-06,12419.55,12419.55,On Time,0
PAY405754,C105728,CARD207684,2025-01-20,5715.89,5715.89,On Time,0
PAY405755,C101822,CARD204656,2026-07-26,5447.87,5447.87,On Time,0
PAY405756,C106516,CARD201092,2026-06-16,2172.26,2172.26,Late,27
PAY405757,C101122,CARD208460,2026-02-25,6546.06,6546.06,On Time,0
PAY405758,C109979,CARD204838,2026-02-13,5661.78,2878.75,Partial,36
PAY405759,C101119,CARD200798,2025-04-23,2937.56,2937.56,On Time,0
PAY405760,C109527,CARD205410,2026-03-25,1691.08,1691.08,On Time,0
PAY405761,C100117,CARD200710,2026-05-08,5578.79,5578.79,On Time,0
PAY405762,C102030,CARD203088,2025-12-17,13263.15,13263.15,Late,10
PAY405763,C109160,CARD207344,2026-03-30,9248.99,9248.99,On Time,0
PAY405764,C103910,CARD206343,2025-03-11,8199.65,8199.65,On Time,0
PAY405765,C108092,CARD210786,2026-01-23,14953.21,14953.21,On Time,0
PAY405766,C100220,CARD203525,2026-06-09,3697.53,3697.53,On Time,0
PAY405767,C102129,CARD209637,2026-02-10,16427.22,16427.22,On Time,0
PAY405768,C102331,CARD204195,2026-06-25,9160.54,9160.54,On Time,0
PAY405769,C105024,CARD207597,2025-02-07,4484.57,4484.57,On Time,0
PAY405770,C100274,CARD211578,2025-05-11,6206.36,61.81,Missed,84
PAY405771,C105249,CARD208234,2026-04-20,10228.02,10228.02,On Time,0
PAY405772,C100627,CARD211967,2025-06-27,6421.88,6421.88,On Time,0
PAY405773,C108297,CARD201885,2025-02-16,4332.26,4332.26,On Time,0
PAY405774,C101229,CARD210885,2025-07-16,3085.26,3085.26,On Time,0
PAY405775,C104536,CARD209804,2025-11-08,1472.84,1472.84,Late,20
PAY405776,C102183,CARD208952,2026-06-11,3382.49,3382.49,On Time,0
PAY405777,C108663,CARD200882,2025-03-07,3405.86,3405.86,On Time,0
PAY405778,C101902,CARD206477,2026-04-23,4172.87,4172.87,On Time,0
PAY405779,C109601,CARD205594,2025-07-01,5564.44,5564.44,On Time,0
PAY405780,C101273,CARD206237,2025-11-21,7071.79,5122.81,Partial,30
PAY405781,C109323,CARD207621,2025-07-21,32658.12,32658.12,On Time,0
PAY405782,C102563,CARD202159,2026-07-09,11812.47,11812.47,Late,22
PAY405783,C102490,CARD200556,2025-05-28,5894.53,5894.53,On Time,0
PAY405784,C106189,CARD202896,2026-06-10,2285.88,2285.88,On Time,0
PAY405785,C107429,CARD203816,2025-12-19,1973.8,1973.8,On Time,0
PAY405786,C105230,CARD209948,2025-09-23,2737.41,2737.41,On Time,0
PAY405787,C102158,CARD200977,2026-08-04,2498.86,2498.86,On Time,0
PAY405788,C106219,CARD200250,2025-09-26,17154.85,17154.85,On Time,0
PAY405789,C100306,CARD208851,2025-09-03,9236.18,9236.18,On Time,0
PAY405790,C102163,CARD203692,2026-08-19,1531.53,408.85,Partial,31
PAY405791,C109647,CARD200480,2025-08-30,11040.03,11040.03,On Time,0
PAY405792,C101830,CARD209659,2026-04-09,6034.65,6034.65,Late,29
PAY405793,C108054,CARD205537,2025-12-29,1799.55,1799.55,On Time,0
PAY405794,C106353,CARD206407,2025-07-22,6153.69,6153.69,On Time,0
PAY405795,C109569,CARD210778,2025-04-14,13607.82,13607.82,On Time,0
PAY405796,C107549,CARD200488,2026-01-17,3648.89,3648.89,Late,16
PAY405797,C100144,CARD205985,2026-03-06,5063.31,5063.31,On Time,0
PAY405798,C101418,CARD209980,2026-06-06,1735.65,182.35,Missed,113
PAY405799,C102267,CARD206134,2025-09-26,8516.33,8516.33,On Time,0
PAY405800,C103677,CARD203572,2026-07-21,3868.87,3868.87,Late,7
PAY405801,C100192,CARD209959,2025-10-07,11498.48,11498.48,On Time,0
PAY405802,C102778,CARD202917,2025-10-11,9122.99,9122.99,On Time,0
PAY405803,C102955,CARD209517,2025-10-14,4550.02,1476.29,Partial,4
PAY405804,C109313,CARD202813,2025-11-28,7770.21,7770.21,On Time,0
PAY405805,C101845,CARD200860,2025-03-23,6255.26,6255.26,On Time,0
PAY405806,C105681,CARD202765,2025-07-04,2707.35,2707.35,On Time,0
PAY405807,C109243,CARD209449,2025-10-31,2421.88,2421.88,On Time,0
PAY405808,C105794,CARD203897,2025-06-20,7240.48,7240.48,On Time,0
PAY405809,C106454,CARD210810,2026-01-16,5905.98,5905.98,On Time,0
PAY405810,C101524,CARD204824,2026-07-21,27030.35,27030.35,On Time,0
PAY405811,C106895,CARD206150,2026-05-27,2151.91,2151.91,On Time,0
PAY405812,C108411,CARD207195,2025-04-16,3751.69,3751.69,On Time,0
PAY405813,C105573,CARD206024,2025-07-01,15726.55,15726.55,On Time,0
PAY405814,C102407,CARD209830,2026-02-01,14284.45,14284.45,On Time,0
PAY405815,C105695,CARD208876,2025-07-23,5369.22,5369.22,On Time,0
PAY405816,C101372,CARD209973,2025-11-04,9666.98,9666.98,On Time,0
PAY405817,C104625,CARD203226,2026-01-22,6683.17,6683.17,On Time,0
PAY405818,C101189,CARD205280,2025-07-14,2672.49,2672.49,On Time,0
PAY405819,C108399,CARD200912,2025-10-24,36784.53,36784.53,On Time,0
PAY405820,C104008,CARD204139,2026-02-17,12389.01,12389.01,On Time,0
PAY405821,C106272,CARD206115,2025-09-30,2834.52,1419.53,Partial,44
PAY405822,C100115,CARD203476,2025-11-30,7744.35,7744.35,On Time,0
PAY405823,C107123,CARD203797,2025-04-13,3520.02,3520.02,On Time,0
PAY405824,C106098,CARD200181,2026-01-09,4254.08,4254.08,On Time,0
PAY405825,C101027,CARD201254,2026-03-02,11997.6,11997.6,On Time,0
PAY405826,C100125,CARD201074,2026-01-07,4426.9,4426.9,On Time,0
PAY405827,C106768,CARD207603,2025-09-29,13799.04,13799.04,On Time,0
PAY405828,C104125,CARD203931,2026-02-19,8623.06,8623.06,Late,19
PAY405829,C106966,CARD209387,2026-08-22,8960.97,4790.31,Partial,42
PAY405830,C107064,CARD200031,2025-04-05,9131.35,9131.35,On Time,0
PAY405831,C109319,CARD208523,2025-03-31,4170.87,4170.87,On Time,0
PAY405832,C106046,CARD200913,2026-05-29,3526.47,3526.47,On Time,0
PAY405833,C103438,CARD204996,2026-03-13,17752.59,17752.59,On Time,0
PAY405834,C101165,CARD209557,2025-04-01,14024.11,14024.11,On Time,0
PAY405835,C109487,CARD204465,2025-01-29,21046.02,16848.32,Partial,8
PAY405836,C107574,CARD201343,2026-04-19,8488.02,8488.02,On Time,0
PAY405837,C105699,CARD200358,2025-01-06,5758.46,5758.46,Late,27
PAY405838,C100744,CARD200238,2026-05-15,10774.37,10774.37,On Time,0
PAY405839,C109427,CARD200603,2026-07-17,11205.02,11205.02,On Time,0
PAY405840,C102004,CARD210305,2025-09-06,1998.8,1998.8,On Time,0
PAY405841,C102188,CARD204909,2026-06-09,5246.37,5246.37,On Time,0
PAY405842,C107549,CARD200488,2025-01-17,5655.99,5655.99,Late,27
PAY405843,C103619,CARD203762,2025-10-06,3636.34,3636.34,On Time,0
PAY405844,C101802,CARD200213,2025-02-13,7465.76,4762.64,Partial,40
PAY405845,C109589,CARD205623,2025-11-06,3718.32,3718.32,On Time,0
PAY405846,C101902,CARD206477,2025-11-21,7060.54,7060.54,On Time,0
PAY405847,C100112,CARD200859,2026-04-28,2940.19,1609.5,Partial,60
PAY405848,C104934,CARD209381,2025-08-30,9314.04,9314.04,Late,1
PAY405849,C106336,CARD208514,2025-11-13,3374.43,3374.43,Late,26
PAY405850,C109913,CARD200751,2025-06-01,3292.13,3292.13,On Time,0
PAY405851,C104387,CARD206286,2025-03-15,11527.92,11527.92,On Time,0
PAY405852,C105967,CARD201286,2025-12-13,5435.12,5435.12,On Time,0
PAY405853,C108669,CARD207245,2025-11-19,5154.14,219.8,Missed,93
PAY405854,C109583,CARD204400,2026-07-25,4365.48,4365.48,On Time,0
PAY405855,C101612,CARD209833,2025-10-09,17816.81,17816.81,On Time,0
PAY405856,C108343,CARD200535,2026-04-24,5414.91,2655.35,Partial,44
PAY405857,C109698,CARD205283,2025-07-17,9998.95,9998.95,On Time,0
PAY405858,C102182,CARD207599,2026-08-26,8830.08,8830.08,On Time,0
PAY405859,C101044,CARD205093,2025-07-02,2342.64,2342.64,On Time,0
PAY405860,C102705,CARD200862,2025-06-09,12068.66,12068.66,On Time,0
PAY405861,C102994,CARD208988,2025-03-27,16459.17,16459.17,On Time,0
PAY405862,C103460,CARD211982,2025-08-07,10425.9,10425.9,On Time,0
PAY405863,C102457,CARD200170,2025-05-03,1920.22,1920.22,On Time,0
PAY405864,C107842,CARD201166,2026-06-13,4890.72,4890.72,On Time,0
PAY405865,C102442,CARD209852,2025-06-22,47100.28,47100.28,Late,16
PAY405866,C100951,CARD200457,2026-06-27,2551.83,2551.83,On Time,0
PAY405867,C108298,CARD203205,2026-07-26,10995.42,10995.42,On Time,0
PAY405868,C105575,CARD209258,2026-04-19,5124.07,5124.07,On Time,0
PAY405869,C108362,CARD203091,2025-06-08,7889.99,7889.99,Late,11
PAY405870,C105499,CARD205029,2026-02-26,11401.91,11401.91,On Time,0
PAY405871,C106170,CARD200478,2026-01-30,13229.52,537.32,Missed,108
PAY405872,C104103,CARD203822,2026-01-27,3507.84,3507.84,On Time,0
PAY405873,C103094,CARD211491,2026-04-13,1000.0,622.15,Partial,22
PAY405874,C105100,CARD202989,2025-05-30,4764.19,4764.19,Late,25
PAY405875,C109987,CARD203850,2025-10-08,3054.08,3054.08,On Time,0
PAY405876,C108929,CARD203672,2025-03-30,3690.24,2697.37,Partial,33
PAY405877,C104775,CARD209474,2025-11-25,2576.91,2576.91,On Time,0
PAY405878,C102977,CARD210371,2025-04-19,3553.39,3553.39,On Time,0
PAY405879,C105938,CARD203447,2026-03-02,4207.17,4207.17,On Time,0
PAY405880,C104550,CARD209372,2026-03-08,2747.48,2747.48,On Time,0
PAY405881,C102900,CARD206297,2025-05-28,2263.94,2263.94,On Time,0
PAY405882,C105319,CARD208175,2025-11-09,3920.71,3920.71,Late,6
PAY405883,C106232,CARD201750,2025-08-30,3865.04,3865.04,On Time,0
PAY405884,C106201,CARD200695,2026-01-29,3434.41,3434.41,On Time,0
PAY405885,C105058,CARD211633,2025-05-21,3621.8,3621.8,On Time,0
PAY405886,C100685,CARD205416,2025-03-18,6300.56,3702.82,Partial,27
PAY405887,C109374,CARD204429,2025-10-29,8565.93,8565.93,On Time,0
PAY405888,C100717,CARD203842,2025-05-28,6690.12,6690.12,On Time,0
PAY405889,C102216,CARD211805,2026-07-20,1999.29,1999.29,On Time,0
PAY405890,C109445,CARD204206,2026-07-23,2919.69,2919.69,On Time,0
PAY405891,C106957,CARD211764,2026-03-25,3990.92,3990.92,On Time,0
PAY405892,C108394,CARD206896,2025-09-08,4327.12,4327.12,Late,26
PAY405893,C107033,CARD211906,2025-04-28,9194.8,9194.8,On Time,0
PAY405894,C100937,CARD203843,2026-06-18,6091.15,6091.15,On Time,0
PAY405895,C101489,CARD210004,2025-01-14,3363.09,3363.09,Late,6
PAY405896,C105572,CARD203967,2025-01-26,5255.96,5255.96,On Time,0
PAY405897,C103593,CARD204736,2025-08-04,8443.45,8443.45,On Time,0
PAY405898,C109023,CARD208786,2026-01-24,2434.77,2434.77,On Time,0
PAY405899,C101321,CARD211269,2025-03-26,4510.68,1941.56,Partial,47
PAY405900,C100839,CARD206454,2026-04-15,10036.45,10036.45,On Time,0
PAY405901,C100812,CARD206375,2025-12-17,4377.54,4377.54,On Time,0
PAY405902,C103752,CARD207631,2026-06-17,2788.03,2788.03,On Time,0
PAY405903,C101393,CARD202736,2025-10-02,6848.05,6848.05,On Time,0
PAY405904,C109656,CARD207241,2025-10-30,3104.24,3104.24,On Time,0
PAY405905,C107673,CARD210552,2026-08-07,3851.47,3851.47,On Time,0
PAY405906,C100462,CARD200555,2026-08-21,3917.13,3917.13,On Time,0
PAY405907,C107810,CARD211528,2026-02-05,13868.15,13868.15,On Time,0
PAY405908,C101830,CARD209659,2026-02-10,13263.89,13263.89,On Time,0
PAY405909,C108230,CARD203719,2025-11-30,2397.01,2397.01,Late,7
PAY405910,C108451,CARD204981,2025-01-12,3074.64,3074.64,On Time,0
PAY405911,C105870,CARD201038,2026-01-23,3131.48,3131.48,On Time,0
PAY405912,C103323,CARD204452,2026-04-10,5292.0,5292.0,Late,20
PAY405913,C105785,CARD206693,2026-04-26,3642.67,3642.67,Late,9
PAY405914,C106739,CARD201065,2026-06-06,16010.45,16010.45,On Time,0
PAY405915,C103030,CARD201699,2025-05-01,7008.65,7008.65,On Time,0
PAY405916,C105510,CARD204826,2025-05-07,13162.35,13162.35,On Time,0
PAY405917,C100561,CARD204518,2025-11-15,11426.57,11426.57,On Time,0
PAY405918,C109234,CARD200154,2026-08-13,7612.37,5067.71,Partial,38
PAY405919,C103069,CARD210403,2025-05-09,2869.91,418.14,Missed,50
PAY405920,C109164,CARD203599,2025-05-13,7232.15,1554.88,Partial,27
PAY405921,C103011,CARD211459,2026-01-05,5101.48,5101.48,On Time,0
PAY405922,C105237,CARD211559,2025-11-04,2090.69,2090.69,On Time,0
PAY405923,C100844,CARD201327,2026-02-09,10780.69,10780.69,On Time,0
PAY405924,C108386,CARD211122,2026-04-23,4521.94,4521.94,On Time,0
PAY405925,C101685,CARD207699,2025-01-15,3373.22,3373.22,On Time,0
PAY405926,C106961,CARD204773,2026-07-08,7201.61,7201.61,On Time,0
PAY405927,C106291,CARD203492,2025-07-11,10362.58,10362.58,On Time,0
PAY405928,C107045,CARD209310,2026-02-24,9238.37,2977.26,Partial,52
PAY405929,C100025,CARD211432,2026-04-06,10067.29,10067.29,On Time,0
PAY405930,C106467,CARD201037,2025-04-26,7770.3,7770.3,On Time,0
PAY405931,C101983,CARD208755,2026-04-05,6339.19,6339.19,On Time,0
PAY405932,C107346,CARD200654,2025-01-14,3813.98,3813.98,On Time,0
PAY405933,C106641,CARD208102,2026-03-20,10070.4,52.23,Missed,110
PAY405934,C101262,CARD210500,2026-05-24,9090.03,9090.03,Late,9
PAY405935,C103165,CARD205778,2025-07-14,22916.63,22916.63,On Time,0
PAY405936,C101047,CARD200899,2026-02-03,3206.07,3206.07,On Time,0
PAY405937,C103204,CARD203521,2026-05-01,2118.6,2118.6,On Time,0
PAY405938,C106302,CARD200560,2026-01-14,2805.25,341.44,Missed,73
PAY405939,C102021,CARD210336,2025-11-13,7497.39,7497.39,On Time,0
PAY405940,C108865,CARD200150,2026-03-15,6304.75,6304.75,On Time,0
PAY405941,C109011,CARD200726,2025-12-02,10524.28,10524.28,On Time,0
PAY405942,C103835,CARD207203,2025-08-25,8097.5,8097.5,On Time,0
PAY405943,C103894,CARD211621,2026-08-04,13480.82,13480.82,On Time,0
PAY405944,C101160,CARD204598,2026-01-16,2359.43,2359.43,On Time,0
PAY405945,C108792,CARD211463,2025-07-11,1651.11,1651.11,On Time,0
PAY405946,C105835,CARD203778,2026-03-22,5829.89,5829.89,Late,12
PAY405947,C101600,CARD201971,2025-06-16,2490.27,2490.27,On Time,0
PAY405948,C109252,CARD210546,2026-04-30,14972.32,14972.32,On Time,0
PAY405949,C100105,CARD211069,2025-08-25,4122.54,4122.54,On Time,0
PAY405950,C103732,CARD211356,2026-04-08,2725.27,2725.27,Late,13
PAY405951,C100651,CARD209047,2025-12-29,2560.81,2560.81,On Time,0
PAY405952,C108981,CARD201999,2026-06-28,6810.34,6810.34,On Time,0
PAY405953,C104953,CARD205366,2025-06-29,4056.28,4056.28,Late,18
PAY405954,C101539,CARD208216,2025-03-02,22413.44,22413.44,On Time,0
PAY405955,C106663,CARD203292,2025-01-21,4646.36,4646.36,On Time,0
PAY405956,C101934,CARD206990,2025-04-27,5451.28,5451.28,On Time,0
PAY405957,C108007,CARD206897,2025-12-04,3111.95,3111.95,On Time,0
PAY405958,C103654,CARD201932,2026-04-28,8173.86,8173.86,Late,13
PAY405959,C100737,CARD206861,2025-12-13,8306.49,8306.49,Late,5
PAY405960,C108901,CARD209964,2025-04-13,3189.9,3189.9,On Time,0
PAY405961,C101525,CARD203984,2026-01-02,4992.07,4992.07,On Time,0
PAY405962,C101363,CARD201222,2025-07-04,3383.03,3383.03,On Time,0
PAY405963,C100434,CARD208241,2025-07-08,6013.38,277.18,Missed,41
PAY405964,C104056,CARD205392,2025-12-08,7184.04,7184.04,On Time,0
PAY405965,C107610,CARD201111,2025-01-13,3960.44,1828.98,Partial,48
PAY405966,C106161,CARD206903,2025-04-25,4716.94,4716.94,On Time,0
PAY405967,C101333,CARD202273,2026-08-01,3542.62,3542.62,On Time,0
PAY405968,C101769,CARD202387,2025-09-19,8168.62,8168.62,On Time,0
PAY405969,C104053,CARD210331,2026-02-23,11171.35,11171.35,Late,2
PAY405970,C103306,CARD209320,2026-05-22,4579.35,511.62,Missed,82
PAY405971,C100078,CARD204101,2025-12-13,9280.88,9280.88,On Time,0
PAY405972,C103233,CARD208817,2025-08-24,8961.62,8961.62,On Time,0
PAY405973,C109878,CARD206140,2025-09-19,6491.23,6491.23,On Time,0
PAY405974,C107189,CARD201025,2025-03-01,5390.46,4044.7,Partial,54
PAY405975,C109008,CARD208813,2025-08-12,24663.55,24663.55,On Time,0
PAY405976,C102967,CARD201157,2026-03-18,12377.66,12377.66,On Time,0
PAY405977,C107760,CARD211994,2025-08-18,3613.13,3613.13,On Time,0
PAY405978,C107257,CARD202631,2026-03-04,8690.76,8690.76,On Time,0
PAY405979,C100613,CARD205256,2025-11-07,7257.43,7257.43,On Time,0
PAY405980,C105841,CARD205524,2025-12-10,6202.05,6202.05,Late,16
PAY405981,C108368,CARD211865,2025-01-24,2815.44,2815.44,Late,5
PAY405982,C103705,CARD201977,2026-06-09,4197.07,1163.68,Partial,57
PAY405983,C106001,CARD207838,2025-06-16,2262.76,2262.76,On Time,0
PAY405984,C104104,CARD211268,2025-02-20,3444.47,3444.47,On Time,0
PAY405985,C103654,CARD201932,2025-07-12,4358.48,4358.48,On Time,0
PAY405986,C104704,CARD207275,2025-09-06,4332.45,4332.45,On Time,0
PAY405987,C108602,CARD203395,2025-12-28,2730.7,2730.7,On Time,0
PAY405988,C104766,CARD201898,2025-12-29,4780.14,4780.14,On Time,0
PAY405989,C106846,CARD207402,2026-07-06,7425.16,7425.16,On Time,0
PAY405990,C104847,CARD211015,2025-05-01,6258.65,6258.65,On Time,0
PAY405991,C103556,CARD203817,2026-01-20,4357.71,4357.71,On Time,0
PAY405992,C103350,CARD200043,2026-08-22,16477.43,16477.43,On Time,0
PAY405993,C106602,CARD204098,2026-05-04,2372.52,2372.52,Late,9
PAY405994,C100729,CARD206829,2025-03-30,5838.23,5838.23,On Time,0
PAY405995,C107575,CARD201265,2025-03-04,1000.0,1000.0,On Time,0
PAY405996,C104541,CARD210820,2026-08-23,14890.08,14890.08,On Time,0
PAY405997,C105360,CARD203830,2026-04-05,9080.7,978.73,Missed,57
PAY405998,C100779,CARD204090,2025-10-01,4640.42,4640.42,On Time,0
PAY405999,C100408,CARD207080,2025-09-08,6237.1,6237.1,On Time,0
PAY406000,C100405,CARD208699,2025-01-07,4155.06,4155.06,On Time,0
PAY406001,C102210,CARD209921,2026-07-05,8040.73,8040.73,On Time,0
PAY406002,C107525,CARD202245,2025-10-09,10124.48,10124.48,On Time,0
PAY406003,C106988,CARD202781,2026-06-16,19564.76,19564.76,On Time,0
PAY406004,C101325,CARD205072,2025-09-27,6261.28,4146.1,Partial,58
PAY406005,C100845,CARD205329,2025-04-12,7036.6,7036.6,On Time,0
PAY406006,C101673,CARD200251,2026-03-01,6307.97,6307.97,Late,14
PAY406007,C100052,CARD200559,2025-01-04,7927.87,7927.87,On Time,0
PAY406008,C101033,CARD209716,2026-03-15,2071.94,2071.94,On Time,0
PAY406009,C105672,CARD206425,2025-10-04,14847.71,14847.71,On Time,0
PAY406010,C109481,CARD201369,2026-05-23,8622.54,8622.54,On Time,0
PAY406011,C103775,CARD207967,2025-06-21,3675.42,3675.42,On Time,0
PAY406012,C107381,CARD203514,2025-03-28,3171.45,3171.45,On Time,0
PAY406013,C105030,CARD210144,2025-03-04,3863.65,3863.65,On Time,0
PAY406014,C104624,CARD203877,2026-06-28,3994.43,2370.61,Partial,17
PAY406015,C104694,CARD204777,2025-09-04,2660.68,2660.68,On Time,0
PAY406016,C103540,CARD202791,2026-03-02,8746.29,8746.29,On Time,0
PAY406017,C104894,CARD205948,2026-02-13,16862.17,16862.17,On Time,0
PAY406018,C104027,CARD205438,2025-08-15,4900.97,4900.97,On Time,0
PAY406019,C103483,CARD200670,2025-01-31,9588.91,4007.22,Partial,58
PAY406020,C103355,CARD203248,2025-03-31,1824.21,1824.21,On Time,0
PAY406021,C109894,CARD200187,2025-03-21,2111.77,2111.77,On Time,0
PAY406022,C102365,CARD200340,2025-07-24,5394.77,5394.77,On Time,0
PAY406023,C103718,CARD207574,2026-08-13,8217.38,8217.38,On Time,0
PAY406024,C103518,CARD202147,2025-11-09,38454.41,38454.41,On Time,0
PAY406025,C109788,CARD201425,2026-08-06,25262.07,25262.07,On Time,0
PAY406026,C102433,CARD211256,2026-05-14,3186.15,3186.15,Late,16
PAY406027,C101272,CARD207151,2025-09-23,8618.65,8618.65,On Time,0
PAY406028,C103312,CARD200185,2025-05-06,5458.51,5458.51,On Time,0
PAY406029,C102054,CARD201648,2026-04-29,6523.58,6523.58,On Time,0
PAY406030,C104814,CARD204985,2025-08-18,4236.13,4236.13,Late,6
PAY406031,C103029,CARD202839,2025-02-07,9021.35,9021.35,Late,23
PAY406032,C107888,CARD209244,2025-07-08,5928.31,5928.31,On Time,0
PAY406033,C103830,CARD203294,2026-04-20,13082.95,13082.95,Late,18
PAY406034,C104982,CARD211611,2026-05-14,4621.81,4621.81,On Time,0
PAY406035,C108360,CARD201994,2026-02-27,6125.52,6125.52,Late,6
PAY406036,C101279,CARD200517,2025-04-11,4631.02,4631.02,Late,4
PAY406037,C106681,CARD210342,2026-01-25,8371.09,8371.09,On Time,0
PAY406038,C107472,CARD207403,2026-05-11,4730.15,4730.15,On Time,0
PAY406039,C108931,CARD207404,2026-03-30,1296.08,1296.08,On Time,0
PAY406040,C103482,CARD205444,2025-12-02,6628.28,6628.28,On Time,0
PAY406041,C105425,CARD204344,2026-06-16,5455.81,5455.81,On Time,0
PAY406042,C102883,CARD205129,2025-05-14,4904.55,4904.55,On Time,0
PAY406043,C106902,CARD200624,2025-10-08,6981.44,6981.44,Late,10
PAY406044,C103680,CARD207183,2025-01-06,6022.92,6022.92,On Time,0
PAY406045,C103513,CARD211652,2025-05-11,1511.44,1511.44,Late,1
PAY406046,C104487,CARD208686,2025-02-26,4882.69,4882.69,Late,21
PAY406047,C106891,CARD203096,2026-05-02,31559.37,31559.37,On Time,0
PAY406048,C100977,CARD207876,2026-01-30,21662.77,21662.77,On Time,0
PAY406049,C108322,CARD207837,2026-03-22,13470.29,13470.29,On Time,0
PAY406050,C109468,CARD200748,2026-08-13,4939.78,4939.78,On Time,0
PAY406051,C101243,CARD203353,2025-07-02,27478.75,27478.75,On Time,0
PAY406052,C108538,CARD200594,2025-05-05,6974.9,6974.9,On Time,0
PAY406053,C103973,CARD200221,2025-08-14,3674.85,1715.99,Partial,15
PAY406054,C103977,CARD201564,2025-05-17,3847.0,3847.0,On Time,0
PAY406055,C108515,CARD207232,2025-02-09,10842.07,10842.07,On Time,0
PAY406056,C101042,CARD200872,2025-11-21,3022.37,3022.37,On Time,0
PAY406057,C101211,CARD205238,2026-03-05,6849.45,6849.45,Late,6
PAY406058,C101071,CARD202327,2025-02-08,8262.3,8262.3,On Time,0
PAY406059,C108491,CARD200189,2025-07-12,16756.74,16756.74,On Time,0
PAY406060,C101256,CARD203409,2025-06-10,14145.45,14145.45,On Time,0
PAY406061,C104005,CARD206854,2026-02-09,6334.71,6334.71,On Time,0
PAY406062,C102939,CARD206274,2025-04-28,21232.19,21232.19,On Time,0
PAY406063,C106439,CARD211135,2026-02-01,9692.96,9692.96,On Time,0
PAY406064,C106363,CARD204899,2026-02-12,4569.75,4569.75,On Time,0
PAY406065,C105665,CARD210615,2026-01-27,5453.97,5453.97,On Time,0
PAY406066,C107679,CARD208989,2026-05-17,4768.85,4768.85,On Time,0
PAY406067,C100301,CARD203097,2026-07-17,5315.17,5315.17,On Time,0
PAY406068,C105370,CARD206449,2025-05-03,2440.76,2440.76,On Time,0
PAY406069,C104227,CARD209604,2026-05-23,1947.42,1947.42,On Time,0
PAY406070,C108730,CARD210961,2025-04-12,5350.9,5350.9,On Time,0
PAY406071,C104115,CARD200208,2025-05-17,19804.83,19804.83,On Time,0
PAY406072,C104070,CARD207340,2026-05-29,11731.47,11731.47,On Time,0
PAY406073,C108660,CARD201127,2025-06-01,7433.15,7433.15,On Time,0
PAY406074,C101126,CARD200371,2025-05-16,2644.82,2644.82,On Time,0
PAY406075,C105912,CARD200523,2025-07-28,3979.52,3979.52,Late,2
PAY406076,C108592,CARD210270,2025-11-10,10688.25,10688.25,On Time,0
PAY406077,C101002,CARD203499,2026-07-20,2988.03,2988.03,On Time,0
PAY406078,C107163,CARD206804,2025-11-26,9277.06,6725.92,Partial,49
PAY406079,C108413,CARD201167,2025-06-20,14047.12,14047.12,On Time,0
PAY406080,C108998,CARD201798,2026-07-08,1170.18,1170.18,Late,8
PAY406081,C103422,CARD203511,2026-03-27,8252.2,4299.55,Partial,45
PAY406082,C103796,CARD210693,2025-01-20,4074.12,3087.79,Partial,37
PAY406083,C103116,CARD201872,2025-08-23,4446.86,4446.86,On Time,0
PAY406084,C100505,CARD205937,2026-06-22,9668.64,9668.64,On Time,0
PAY406085,C108503,CARD208435,2025-12-15,6867.49,2911.81,Partial,49
PAY406086,C106713,CARD206644,2026-08-26,11551.05,11551.05,On Time,0
PAY406087,C102836,CARD203127,2025-08-06,7923.21,7923.21,On Time,0
PAY406088,C106158,CARD205156,2025-10-12,5590.59,5590.59,On Time,0
PAY406089,C105599,CARD211852,2025-11-30,10447.88,10447.88,Late,12
PAY406090,C103945,CARD205946,2026-07-30,3942.55,3942.55,On Time,0
PAY406091,C109242,CARD211271,2025-12-18,1824.67,1824.67,On Time,0
PAY406092,C101189,CARD205280,2025-03-01,3314.28,3314.28,Late,23
PAY406093,C101863,CARD206339,2025-05-28,6824.84,6824.84,Late,29
PAY406094,C107297,CARD205282,2025-05-24,5559.38,5559.38,On Time,0
PAY406095,C107890,CARD200099,2026-07-10,7011.72,7011.72,On Time,0
PAY406096,C109751,CARD211860,2026-01-06,9994.71,194.68,Missed,115
PAY406097,C109089,CARD204591,2025-01-22,8641.08,8641.08,On Time,0
PAY406098,C106293,CARD205308,2026-01-07,7548.57,7548.57,On Time,0
PAY406099,C103868,CARD205710,2025-11-25,1859.53,1859.53,On Time,0
PAY406100,C106894,CARD207453,2025-10-08,9035.37,33.16,Missed,76
PAY406101,C104796,CARD208754,2025-11-09,10002.77,10002.77,On Time,0
PAY406102,C109059,CARD206755,2026-04-25,14504.77,14504.77,On Time,0
PAY406103,C105163,CARD210604,2025-07-08,4859.13,4859.13,On Time,0
PAY406104,C101283,CARD207965,2026-07-09,6128.98,6128.98,Late,28
PAY406105,C101355,CARD209396,2026-06-01,4735.46,4735.46,On Time,0
PAY406106,C102684,CARD206746,2025-10-10,5876.09,5876.09,On Time,0
PAY406107,C105608,CARD207667,2026-05-02,14699.42,10212.13,Partial,19
PAY406108,C109770,CARD211597,2025-11-14,10553.84,10553.84,Late,25
PAY406109,C109778,CARD209395,2025-02-09,6650.66,6650.66,On Time,0
PAY406110,C103389,CARD205041,2026-08-18,3267.15,3267.15,On Time,0
PAY406111,C105424,CARD205454,2025-10-12,8510.97,8510.97,On Time,0
PAY406112,C101155,CARD206186,2026-03-04,1542.62,1542.62,On Time,0
PAY406113,C106448,CARD202825,2025-07-10,1780.11,1780.11,On Time,0
PAY406114,C105149,CARD200268,2026-08-16,8414.59,8414.59,Late,27
PAY406115,C107818,CARD200956,2026-07-01,15793.96,15793.96,On Time,0
PAY406116,C107193,CARD210130,2025-11-29,12997.92,7919.53,Partial,44
PAY406117,C100777,CARD210447,2025-02-07,8848.05,8848.05,On Time,0
PAY406118,C102792,CARD206745,2025-07-18,6627.02,6627.02,On Time,0
PAY406119,C106902,CARD200624,2025-07-30,4207.82,4207.82,On Time,0
PAY406120,C104081,CARD209286,2026-07-24,11204.66,11204.66,On Time,0
PAY406121,C109694,CARD201840,2025-11-14,17209.46,17209.46,On Time,0
PAY406122,C105151,CARD209231,2025-06-06,4603.0,4603.0,On Time,0
PAY406123,C107808,CARD208131,2026-01-01,3908.55,3908.55,On Time,0
PAY406124,C105699,CARD200358,2025-01-04,1583.66,1583.66,On Time,0
PAY406125,C102877,CARD206118,2025-12-19,23425.86,23425.86,On Time,0
PAY406126,C108096,CARD209920,2026-01-05,4195.13,4195.13,Late,11
PAY406127,C104416,CARD205287,2025-03-09,23236.32,23236.32,Late,9
PAY406128,C104178,CARD210596,2026-05-20,4017.44,4017.44,On Time,0
PAY406129,C102655,CARD207323,2025-07-18,6024.98,6024.98,On Time,0
PAY406130,C106813,CARD208784,2025-10-27,2708.68,2708.68,On Time,0
PAY406131,C108320,CARD203299,2026-04-14,6638.02,6638.02,On Time,0
PAY406132,C100281,CARD206733,2026-01-24,10083.36,10083.36,On Time,0
PAY406133,C109510,CARD203459,2025-05-12,4446.14,4446.14,On Time,0
PAY406134,C100729,CARD206829,2026-01-01,4238.21,4238.21,On Time,0
PAY406135,C105654,CARD211401,2026-04-22,16292.67,16292.67,On Time,0
PAY406136,C107767,CARD205866,2025-11-03,3879.77,3879.77,On Time,0
PAY406137,C104000,CARD204228,2026-08-02,7667.28,7667.28,On Time,0
PAY406138,C106869,CARD203626,2025-11-12,6108.08,6108.08,On Time,0
PAY406139,C106709,CARD205051,2025-05-21,8538.47,8538.47,On Time,0
PAY406140,C101377,CARD204746,2025-06-30,4570.48,625.17,Missed,119
PAY406141,C103103,CARD204146,2026-05-25,4380.5,4380.5,On Time,0
PAY406142,C103020,CARD200202,2025-12-16,2849.61,2849.61,On Time,0
PAY406143,C106538,CARD206429,2026-03-30,6126.87,6126.87,On Time,0
PAY406144,C109685,CARD211571,2025-10-28,9538.75,9538.75,On Time,0
PAY406145,C108987,CARD202223,2025-08-20,14890.73,14890.73,On Time,0
PAY406146,C103904,CARD211008,2025-05-29,1749.93,1749.93,On Time,0
PAY406147,C100378,CARD210642,2025-07-09,9069.0,9069.0,On Time,0
PAY406148,C104728,CARD203940,2025-09-07,5380.31,5380.31,On Time,0
PAY406149,C107889,CARD204817,2026-04-06,6698.75,6698.75,On Time,0
PAY406150,C107763,CARD201770,2025-01-12,3925.07,1053.32,Partial,16
PAY406151,C102637,CARD210172,2026-07-22,10301.38,10301.38,On Time,0
PAY406152,C102237,CARD202447,2026-04-06,3070.21,3070.21,On Time,0
PAY406153,C104873,CARD206322,2026-02-10,3168.21,3168.21,On Time,0
PAY406154,C109806,CARD211707,2026-01-20,5436.05,5436.05,On Time,0
PAY406155,C105424,CARD205454,2026-03-12,3767.82,3767.82,On Time,0
PAY406156,C103654,CARD201932,2026-05-11,5832.83,5832.83,On Time,0
PAY406157,C109275,CARD201851,2025-09-08,7668.36,7668.36,On Time,0
PAY406158,C103575,CARD210308,2026-01-17,5231.65,5231.65,On Time,0
PAY406159,C105730,CARD211290,2026-04-09,5919.44,5919.44,On Time,0
PAY406160,C104924,CARD200206,2025-02-02,1737.96,1737.96,On Time,0
PAY406161,C102712,CARD210039,2026-01-07,11874.61,11874.61,Late,9
PAY406162,C100340,CARD207464,2026-03-16,14240.7,14240.7,On Time,0
PAY406163,C100265,CARD207294,2025-12-05,7008.67,7008.67,On Time,0
PAY406164,C105261,CARD203929,2025-11-15,7707.46,7707.46,On Time,0
PAY406165,C100918,CARD211546,2026-05-25,4380.77,4380.77,On Time,0
PAY406166,C105630,CARD206864,2025-07-26,8810.44,8810.44,On Time,0
PAY406167,C103186,CARD206624,2025-12-19,1882.47,1882.47,On Time,0
PAY406168,C105668,CARD208213,2025-04-13,27872.43,27872.43,Late,7
PAY406169,C103066,CARD200742,2025-04-04,2442.04,688.75,Partial,34
PAY406170,C103054,CARD211289,2025-08-23,2157.02,1247.34,Partial,10
PAY406171,C103825,CARD202732,2025-07-06,12369.66,12369.66,Late,1
PAY406172,C102252,CARD200589,2026-08-02,9613.79,9613.79,On Time,0
PAY406173,C108977,CARD210332,2025-01-26,12562.78,12562.78,On Time,0
PAY406174,C104499,CARD203442,2025-04-14,11414.61,11414.61,On Time,0
PAY406175,C102619,CARD211821,2025-09-13,5395.56,5395.56,On Time,0
PAY406176,C100539,CARD204529,2026-04-24,9345.81,9345.81,Late,15
PAY406177,C101726,CARD203311,2026-06-07,2365.83,2365.83,On Time,0
PAY406178,C108695,CARD211398,2025-07-09,6081.3,6081.3,On Time,0
PAY406179,C106340,CARD204486,2026-04-27,4873.53,4873.53,On Time,0
PAY406180,C107182,CARD202299,2025-12-20,10099.7,10099.7,On Time,0
PAY406181,C100877,CARD200373,2025-07-07,11845.78,11845.78,Late,1
PAY406182,C109728,CARD210692,2025-12-14,2237.37,2237.37,On Time,0
PAY406183,C107642,CARD207612,2025-08-03,10197.94,10197.94,On Time,0
PAY406184,C109754,CARD202111,2025-03-23,13032.62,13032.62,On Time,0
PAY406185,C103214,CARD209536,2026-07-04,26970.54,20348.17,Partial,11
PAY406186,C103397,CARD211875,2026-07-29,3884.84,1755.39,Partial,48
PAY406187,C105324,CARD209447,2026-02-24,3980.61,3980.61,On Time,0
PAY406188,C104138,CARD203832,2026-07-24,13962.2,13962.2,On Time,0
PAY406189,C105696,CARD206485,2025-12-10,19952.46,19952.46,On Time,0
PAY406190,C102621,CARD211431,2026-07-08,3247.63,3247.63,On Time,0
PAY406191,C102425,CARD208893,2025-04-24,12720.42,12720.42,On Time,0
PAY406192,C103480,CARD206912,2026-06-12,2962.73,2962.73,On Time,0
PAY406193,C101082,CARD208392,2025-05-13,4357.21,1946.61,Partial,19
PAY406194,C107836,CARD205650,2025-11-26,2088.82,2088.82,On Time,0
PAY406195,C102081,CARD200943,2026-03-05,11601.97,1019.75,Missed,45
PAY406196,C106789,CARD203563,2025-04-15,5203.1,5203.1,On Time,0
PAY406197,C104164,CARD210530,2026-04-19,6833.25,6833.25,Late,30
PAY406198,C108079,CARD204497,2025-11-23,5090.41,5090.41,On Time,0
PAY406199,C107745,CARD204764,2025-02-12,9190.34,9190.34,On Time,0
PAY406200,C105174,CARD201546,2026-02-13,4619.01,4619.01,On Time,0
PAY406201,C102893,CARD202532,2025-01-25,3182.17,3182.17,On Time,0
PAY406202,C109258,CARD204615,2025-11-03,6473.4,6473.4,On Time,0
PAY406203,C102808,CARD207868,2025-06-03,10539.85,10539.85,On Time,0
PAY406204,C101928,CARD201778,2026-01-23,1444.07,1444.07,On Time,0
PAY406205,C107243,CARD207208,2025-08-25,7106.26,7106.26,On Time,0
PAY406206,C106803,CARD208218,2025-03-17,1000.0,1000.0,On Time,0
PAY406207,C107626,CARD206954,2026-08-08,4727.21,1076.89,Partial,29
PAY406208,C104238,CARD200269,2025-10-16,5520.52,5520.52,On Time,0
PAY406209,C105322,CARD209374,2025-02-02,2322.16,2322.16,On Time,0
PAY406210,C105807,CARD206574,2025-03-03,11201.05,11201.05,On Time,0
PAY406211,C107143,CARD208390,2026-08-16,4439.82,1008.91,Partial,27
PAY406212,C105765,CARD201744,2025-07-12,6583.19,6583.19,On Time,0
PAY406213,C103626,CARD209023,2026-01-14,2218.43,2218.43,On Time,0
PAY406214,C109323,CARD207621,2026-03-10,4704.15,4704.15,On Time,0
PAY406215,C103206,CARD208407,2025-10-04,5757.19,2506.01,Partial,4
PAY406216,C106071,CARD209391,2025-05-03,5844.3,5844.3,On Time,0
PAY406217,C102210,CARD209921,2026-04-22,9657.99,9657.99,On Time,0
PAY406218,C100107,CARD203746,2026-05-17,2938.76,2938.76,On Time,0
PAY406219,C108558,CARD211341,2026-04-17,3969.02,3969.02,On Time,0
PAY406220,C105129,CARD207101,2026-04-15,3107.68,1358.52,Partial,52
PAY406221,C100438,CARD210113,2025-12-04,1573.68,1218.74,Partial,19
PAY406222,C107056,CARD206664,2025-05-22,1042.48,1042.48,On Time,0
PAY406223,C108729,CARD202336,2026-03-05,7741.4,7741.4,On Time,0
PAY406224,C102725,CARD205423,2026-02-19,2919.74,2919.74,On Time,0
PAY406225,C109167,CARD207797,2025-03-21,11338.13,11338.13,On Time,0
PAY406226,C108231,CARD201539,2025-02-27,4586.74,4586.74,On Time,0
PAY406227,C105380,CARD203030,2026-03-24,1758.97,1758.97,On Time,0
PAY406228,C104637,CARD206220,2026-05-18,8106.08,8106.08,On Time,0
PAY406229,C106558,CARD207086,2025-07-28,17199.43,17199.43,Late,19
PAY406230,C100436,CARD209465,2026-03-21,3532.68,3532.68,On Time,0
PAY406231,C101744,CARD208436,2026-01-22,25064.51,25064.51,On Time,0
PAY406232,C106273,CARD206400,2026-01-10,5278.98,5278.98,On Time,0
PAY406233,C102962,CARD207314,2026-07-04,3295.69,3295.69,On Time,0
PAY406234,C104674,CARD209909,2026-05-16,10689.48,10689.48,On Time,0
PAY406235,C107580,CARD208736,2026-08-29,7657.47,7657.47,On Time,0
PAY406236,C100726,CARD203020,2026-02-01,15010.24,15010.24,On Time,0
PAY406237,C105925,CARD209233,2025-01-29,6105.15,6105.15,On Time,0
PAY406238,C106294,CARD204234,2026-02-28,5823.54,5823.54,Late,26
PAY406239,C100223,CARD205355,2025-09-06,2530.76,2530.76,On Time,0
PAY406240,C106681,CARD210342,2026-03-31,4702.72,4702.72,On Time,0
PAY406241,C108082,CARD205121,2026-01-09,10620.11,10620.11,On Time,0
PAY406242,C101026,CARD201132,2025-08-10,14454.51,14454.51,On Time,0
PAY406243,C103361,CARD204911,2026-07-03,3162.98,3162.98,Late,30
PAY406244,C108457,CARD206117,2025-07-17,7163.32,7163.32,On Time,0
PAY406245,C100168,CARD201278,2025-08-24,3905.44,270.2,Missed,114
PAY406246,C105615,CARD207333,2026-05-13,2346.12,2346.12,On Time,0
PAY406247,C101681,CARD204478,2026-04-08,5660.61,5660.61,On Time,0
PAY406248,C105423,CARD203633,2026-06-06,9935.39,9935.39,On Time,0
PAY406249,C100267,CARD206880,2025-02-07,5240.89,5240.89,On Time,0
PAY406250,C101862,CARD204863,2026-01-16,5572.08,5572.08,On Time,0
PAY406251,C104329,CARD203361,2026-07-26,6043.37,6043.37,On Time,0
PAY406252,C107174,CARD201200,2026-05-26,1000.0,1000.0,On Time,0
PAY406253,C101045,CARD206087,2026-08-23,6162.02,6162.02,On Time,0
PAY406254,C102037,CARD202844,2026-01-04,4771.89,4771.89,On Time,0
PAY406255,C105042,CARD211520,2025-01-02,3237.06,666.74,Partial,6
PAY406256,C105708,CARD205624,2025-02-04,22804.39,22804.39,Late,13
PAY406257,C109004,CARD211604,2025-04-30,7857.08,7857.08,On Time,0
PAY406258,C101858,CARD201571,2025-08-25,15555.43,15555.43,On Time,0
PAY406259,C100638,CARD210817,2025-04-11,11214.62,11214.62,On Time,0
PAY406260,C103401,CARD210816,2025-03-01,3561.56,3561.56,Late,21
PAY406261,C100915,CARD206416,2026-05-02,3814.19,3814.19,On Time,0
PAY406262,C102966,CARD204759,2025-01-28,6083.45,6083.45,On Time,0
PAY406263,C109688,CARD204527,2026-06-04,3199.93,3199.93,On Time,0
PAY406264,C106471,CARD208775,2025-09-19,5566.51,5566.51,On Time,0
PAY406265,C107459,CARD201909,2026-05-08,7523.64,7523.64,Late,8
PAY406266,C105258,CARD209632,2025-03-19,23441.5,23441.5,Late,21
PAY406267,C107491,CARD201495,2025-07-30,21068.38,21068.38,On Time,0
PAY406268,C105686,CARD205370,2026-03-03,8494.44,8494.44,On Time,0
PAY406269,C100922,CARD209307,2025-02-04,9399.03,9399.03,On Time,0
PAY406270,C100636,CARD201737,2025-08-28,12540.43,12540.43,On Time,0
PAY406271,C102322,CARD210777,2025-03-18,21930.61,21930.61,On Time,0
PAY406272,C108704,CARD209962,2025-01-26,2678.26,2678.26,On Time,0
PAY406273,C103768,CARD206646,2025-10-21,3725.8,3725.8,On Time,0
PAY406274,C101468,CARD210283,2026-08-05,3947.33,3947.33,On Time,0
PAY406275,C109824,CARD202449,2026-03-16,7905.88,7905.88,On Time,0
PAY406276,C100979,CARD203682,2025-10-11,7162.59,7162.59,Late,30
PAY406277,C105097,CARD205513,2025-09-24,4028.57,4028.57,On Time,0
PAY406278,C100392,CARD209797,2025-03-29,22047.89,22047.89,On Time,0
PAY406279,C105769,CARD204053,2025-12-18,9489.84,9489.84,On Time,0
PAY406280,C107018,CARD210139,2026-06-07,7594.54,7594.54,Late,4
PAY406281,C101863,CARD206339,2025-05-28,5923.49,5923.49,On Time,0
PAY406282,C107585,CARD209403,2025-05-08,8173.63,970.58,Missed,86
PAY406283,C105363,CARD203458,2025-06-23,1375.74,855.14,Partial,36
PAY406284,C100840,CARD208571,2026-08-09,5612.14,5612.14,On Time,0
PAY406285,C102916,CARD202352,2025-10-16,7582.04,7582.04,On Time,0
PAY406286,C107349,CARD207476,2025-06-07,22407.75,565.05,Missed,118
PAY406287,C101823,CARD205896,2026-03-21,1997.72,1997.72,On Time,0
PAY406288,C105808,CARD204501,2025-10-19,8220.6,8220.6,On Time,0
PAY406289,C102103,CARD205338,2025-05-29,14949.67,14949.67,Late,24
PAY406290,C109421,CARD210565,2026-08-23,4722.47,4722.47,On Time,0
PAY406291,C106398,CARD207051,2025-06-28,5455.95,4418.71,Partial,20
PAY406292,C102151,CARD210705,2026-07-29,2804.4,2804.4,On Time,0
PAY406293,C104721,CARD208902,2025-01-26,13684.77,13684.77,Late,26
PAY406294,C107306,CARD201240,2026-04-02,4142.84,4142.84,On Time,0
PAY406295,C107174,CARD201200,2026-01-11,1731.15,1731.15,Late,26
PAY406296,C100511,CARD208669,2026-03-06,9941.16,9941.16,On Time,0
PAY406297,C100626,CARD209882,2026-06-19,4391.87,4391.87,On Time,0
PAY406298,C109619,CARD201460,2025-12-24,10774.31,4786.7,Partial,34
PAY406299,C104997,CARD204836,2026-04-30,2872.62,2872.62,On Time,0
PAY406300,C106655,CARD205644,2025-09-17,2390.96,2390.96,On Time,0
PAY406301,C107270,CARD201691,2026-07-07,2422.12,2422.12,Late,22
PAY406302,C101656,CARD205233,2025-11-13,8294.35,8294.35,Late,30
PAY406303,C102993,CARD201830,2025-04-22,1761.23,1761.23,On Time,0
PAY406304,C108097,CARD202933,2025-07-05,8295.99,8295.99,On Time,0
PAY406305,C104666,CARD209931,2026-07-14,3493.01,3493.01,On Time,0
PAY406306,C104766,CARD201898,2026-02-07,1081.95,388.8,Partial,18
PAY406307,C109149,CARD205695,2025-05-20,7300.48,7300.48,On Time,0
PAY406308,C105644,CARD203919,2025-07-14,4797.13,4797.13,On Time,0
PAY406309,C109725,CARD207049,2026-02-20,1315.0,1315.0,Late,19
PAY406310,C104875,CARD210217,2026-07-05,3708.34,3708.34,On Time,0
PAY406311,C106526,CARD210199,2025-07-14,10301.31,10301.31,On Time,0
PAY406312,C100415,CARD206512,2025-11-07,4175.93,4175.93,On Time,0
PAY406313,C101391,CARD211123,2026-01-06,7678.06,7678.06,On Time,0
PAY406314,C109279,CARD202570,2025-04-20,2177.48,2177.48,On Time,0
PAY406315,C102255,CARD205698,2025-01-31,14551.26,14551.26,On Time,0
PAY406316,C109608,CARD203190,2025-01-10,6668.09,6668.09,On Time,0
PAY406317,C103030,CARD201699,2025-11-13,12450.99,12450.99,On Time,0
PAY406318,C101417,CARD203963,2026-03-09,4515.27,1631.55,Partial,8
PAY406319,C106121,CARD210235,2026-07-06,15539.74,8092.21,Partial,23
PAY406320,C103307,CARD209110,2026-04-18,1546.6,1546.6,On Time,0
PAY406321,C108705,CARD203365,2026-04-20,6944.23,6944.23,On Time,0
PAY406322,C101566,CARD209187,2025-05-13,10628.18,10628.18,On Time,0
PAY406323,C101846,CARD203468,2025-09-16,13348.66,13348.66,On Time,0
PAY406324,C102247,CARD209823,2025-02-10,2529.02,2529.02,On Time,0
PAY406325,C109077,CARD205358,2025-05-13,2134.39,2134.39,On Time,0
PAY406326,C107296,CARD206490,2025-10-26,12679.01,12679.01,On Time,0
PAY406327,C102382,CARD205762,2025-08-10,4805.45,4805.45,Late,26
PAY406328,C103666,CARD208275,2025-12-12,2117.28,2117.28,Late,17
PAY406329,C108838,CARD206676,2026-04-23,23604.17,23604.17,Late,14
PAY406330,C105242,CARD203449,2026-04-29,5281.08,5281.08,On Time,0
PAY406331,C100908,CARD201077,2025-05-19,14477.75,9971.52,Partial,24
PAY406332,C103724,CARD200656,2025-05-27,12398.25,12398.25,On Time,0
PAY406333,C100393,CARD203430,2025-10-12,3445.74,3445.74,On Time,0
PAY406334,C100249,CARD209603,2025-11-16,3648.61,3648.61,On Time,0
PAY406335,C106548,CARD200724,2026-03-10,5793.54,5793.54,On Time,0
PAY406336,C109095,CARD200019,2026-08-08,6778.66,6778.66,On Time,0
PAY406337,C103677,CARD203572,2026-02-06,13642.03,13642.03,On Time,0
PAY406338,C107923,CARD201941,2025-09-25,4284.27,4284.27,On Time,0
PAY406339,C104275,CARD211634,2026-01-06,4258.07,4258.07,On Time,0
PAY406340,C100986,CARD210047,2025-08-19,3837.31,3837.31,On Time,0
PAY406341,C107634,CARD202516,2025-10-07,3602.3,3602.3,Late,14
PAY406342,C102268,CARD204381,2026-03-18,5109.14,5109.14,On Time,0
PAY406343,C101631,CARD209879,2026-01-02,4419.93,4419.93,Late,19
PAY406344,C100082,CARD200852,2025-08-15,2695.8,685.07,Partial,46
PAY406345,C103470,CARD211692,2025-04-03,15950.52,15950.52,On Time,0
PAY406346,C101299,CARD206242,2025-12-14,15860.15,15860.15,On Time,0
PAY406347,C101588,CARD203486,2026-01-28,4135.99,4135.99,On Time,0
PAY406348,C101172,CARD204867,2026-06-05,38276.2,23636.02,Partial,18
PAY406349,C105568,CARD211536,2026-03-26,3806.4,3806.4,On Time,0
PAY406350,C108292,CARD209740,2025-12-02,4889.66,4889.66,On Time,0
PAY406351,C103247,CARD201137,2025-10-06,2764.05,2764.05,On Time,0
PAY406352,C105263,CARD204881,2025-07-08,13987.42,9928.69,Partial,19
PAY406353,C102188,CARD204909,2026-08-24,1250.63,1250.63,Late,18
PAY406354,C101814,CARD211908,2025-06-29,12566.99,12566.99,On Time,0
PAY406355,C102825,CARD208343,2025-07-26,4622.7,4622.7,On Time,0
PAY406356,C108278,CARD206290,2025-11-18,9541.15,9541.15,On Time,0
PAY406357,C108871,CARD209766,2025-10-24,5402.24,5402.24,On Time,0
PAY406358,C109483,CARD211352,2026-06-04,7203.57,7203.57,On Time,0
PAY406359,C106736,CARD205067,2025-06-02,3788.31,3788.31,On Time,0
PAY406360,C105635,CARD204942,2025-01-03,8078.74,8078.74,On Time,0
PAY406361,C106991,CARD208774,2026-03-04,6244.41,867.62,Missed,50
PAY406362,C101838,CARD205170,2025-05-08,2529.54,2529.54,On Time,0
PAY406363,C102925,CARD208882,2025-12-10,3420.22,949.2,Partial,6
PAY406364,C107373,CARD202131,2026-07-31,2303.72,2303.72,Late,12
PAY406365,C101344,CARD204378,2026-05-18,4911.9,4911.9,On Time,0
PAY406366,C104428,CARD211991,2025-08-03,4463.14,4463.14,On Time,0
PAY406367,C102259,CARD201969,2026-06-16,2113.76,2113.76,On Time,0
PAY406368,C109323,CARD204150,2026-01-20,10306.66,10306.66,On Time,0
PAY406369,C105140,CARD202497,2025-04-24,9628.33,9628.33,On Time,0
PAY406370,C102542,CARD205435,2025-05-06,7331.07,7331.07,On Time,0
PAY406371,C101496,CARD210398,2025-11-10,1982.27,1982.27,On Time,0
PAY406372,C105973,CARD201306,2026-03-10,5852.87,5852.87,On Time,0
PAY406373,C100861,CARD208260,2025-08-29,2866.97,215.07,Missed,50
PAY406374,C106630,CARD209811,2026-01-05,13641.2,13641.2,On Time,0
PAY406375,C109349,CARD205264,2025-01-12,22000.41,22000.41,On Time,0
PAY406376,C105847,CARD210025,2026-06-04,10809.01,10809.01,On Time,0
PAY406377,C102988,CARD206088,2026-03-08,3334.77,3334.77,On Time,0
PAY406378,C101672,CARD201104,2026-08-25,4936.89,4936.89,On Time,0
PAY406379,C107135,CARD203427,2026-02-15,4053.39,4053.39,On Time,0
PAY406380,C109858,CARD209145,2025-12-20,6113.28,6113.28,On Time,0
PAY406381,C102637,CARD206868,2025-07-15,13310.24,13310.24,On Time,0
PAY406382,C107196,CARD211212,2026-05-03,6427.96,6427.96,On Time,0
PAY406383,C105375,CARD201824,2025-07-14,11060.53,11060.53,On Time,0
PAY406384,C105778,CARD211307,2025-12-27,15621.28,7038.66,Partial,9
PAY406385,C108523,CARD204886,2026-05-01,9606.65,9606.65,Late,21
PAY406386,C106736,CARD205067,2025-03-25,9608.03,9608.03,On Time,0
PAY406387,C105629,CARD200484,2026-01-24,15488.08,15488.08,On Time,0
PAY406388,C102516,CARD206721,2025-04-10,17003.51,17003.51,On Time,0
PAY406389,C108600,CARD204462,2025-10-28,9106.21,9106.21,On Time,0
PAY406390,C101241,CARD202405,2025-06-08,8133.76,8133.76,Late,26
PAY406391,C106953,CARD207755,2025-08-13,6586.29,6586.29,On Time,0
PAY406392,C106290,CARD206435,2026-05-26,20579.58,20579.58,On Time,0
PAY406393,C104759,CARD206217,2025-06-04,7243.75,7243.75,On Time,0
PAY406394,C104896,CARD210573,2025-07-10,6635.11,6635.11,On Time,0
PAY406395,C109400,CARD205422,2026-04-04,6281.96,6281.96,On Time,0
PAY406396,C107536,CARD200801,2026-06-23,7467.59,7467.59,On Time,0
PAY406397,C101071,CARD202327,2025-09-14,2916.17,2916.17,On Time,0
PAY406398,C109755,CARD201820,2025-11-24,6798.41,6798.41,Late,10
PAY406399,C100964,CARD209160,2025-01-11,9150.19,9150.19,On Time,0
PAY406400,C102805,CARD206667,2025-12-17,4477.79,4477.79,On Time,0
PAY406401,C101745,CARD209159,2026-04-03,3338.96,3338.96,On Time,0
PAY406402,C108810,CARD204066,2026-02-11,2049.83,2049.83,Late,23
PAY406403,C106974,CARD206415,2025-12-11,4216.89,1514.52,Partial,54
PAY406404,C102596,CARD200021,2025-06-12,11972.41,11972.41,On Time,0
PAY406405,C101506,CARD202034,2026-03-08,2514.68,2514.68,On Time,0
PAY406406,C109030,CARD210094,2025-08-20,3404.69,3404.69,On Time,0
PAY406407,C104649,CARD210653,2026-03-13,7851.11,7851.11,On Time,0
PAY406408,C104311,CARD210147,2025-02-03,18792.89,10340.43,Partial,32
PAY406409,C100475,CARD211066,2026-06-04,9708.63,9708.63,On Time,0
PAY406410,C105319,CARD207009,2025-07-02,17601.51,17601.51,Late,12
PAY406411,C101428,CARD202569,2025-09-06,22873.68,22873.68,On Time,0
PAY406412,C100075,CARD206744,2025-04-05,4065.9,1157.19,Partial,36
PAY406413,C106866,CARD202212,2026-08-01,1453.64,1453.64,On Time,0
PAY406414,C104809,CARD203437,2026-04-23,12862.04,12862.04,On Time,0
PAY406415,C101537,CARD208386,2026-08-08,13309.87,13309.87,On Time,0
PAY406416,C105090,CARD201409,2025-03-31,23154.66,23154.66,Late,1
PAY406417,C105083,CARD202444,2026-08-27,16837.79,16837.79,On Time,0
PAY406418,C102981,CARD202436,2025-05-19,3571.22,1675.13,Partial,50
PAY406419,C106980,CARD203549,2025-10-18,16135.92,16135.92,On Time,0
PAY406420,C108462,CARD201472,2025-04-26,6747.9,6747.9,On Time,0
PAY406421,C107271,CARD200305,2025-06-22,3543.0,3543.0,On Time,0
PAY406422,C101971,CARD207007,2026-06-04,4900.45,4900.45,On Time,0
PAY406423,C101667,CARD206301,2026-08-19,9554.79,9554.79,On Time,0
PAY406424,C103700,CARD210892,2026-05-03,19533.19,19533.19,On Time,0
PAY406425,C109145,CARD201963,2025-06-14,30074.32,30074.32,On Time,0
PAY406426,C100317,CARD203643,2025-03-31,5733.45,5733.45,Late,19
PAY406427,C105791,CARD209543,2026-02-20,2728.85,2728.85,On Time,0
PAY406428,C103698,CARD203107,2026-06-27,4144.75,4144.75,On Time,0
PAY406429,C102029,CARD202198,2025-02-28,7518.48,7518.48,On Time,0
PAY406430,C100543,CARD209559,2026-02-06,10719.69,10719.69,On Time,0
PAY406431,C109027,CARD204878,2025-12-30,5061.49,1694.42,Partial,24
PAY406432,C106723,CARD201440,2026-07-24,1680.74,1680.74,On Time,0
PAY406433,C105832,CARD208485,2026-08-30,2973.86,767.15,Partial,25
PAY406434,C108847,CARD207581,2025-01-09,1536.73,1269.49,Partial,17
PAY406435,C100466,CARD207452,2026-08-17,10265.39,5964.01,Partial,37
PAY406436,C101201,CARD207011,2026-03-31,3645.72,1763.08,Partial,45
PAY406437,C101951,CARD204550,2026-04-06,5596.55,5596.55,On Time,0
PAY406438,C107132,CARD202849,2025-06-28,6581.65,6581.65,On Time,0
PAY406439,C108640,CARD209851,2026-05-20,7531.73,7531.73,On Time,0
PAY406440,C108766,CARD202971,2026-08-15,3832.35,3832.35,On Time,0
PAY406441,C109458,CARD203922,2026-01-22,4247.12,4247.12,On Time,0
PAY406442,C103168,CARD211696,2025-11-24,9125.8,9125.8,On Time,0
PAY406443,C102393,CARD200182,2026-03-23,12331.26,12331.26,On Time,0
PAY406444,C106760,CARD208086,2025-08-27,4756.43,4756.43,On Time,0
PAY406445,C102144,CARD204248,2025-03-16,9768.15,9768.15,On Time,0
PAY406446,C100470,CARD208165,2025-04-09,15915.54,15915.54,On Time,0
PAY406447,C104883,CARD211726,2025-07-22,2887.68,1381.32,Partial,54
PAY406448,C102025,CARD203135,2026-04-22,5776.75,5776.75,On Time,0
PAY406449,C108252,CARD211793,2025-09-28,2815.58,2815.58,On Time,0
PAY406450,C109714,CARD203179,2025-08-26,11334.6,578.34,Missed,33
PAY406451,C104975,CARD211785,2025-04-05,19284.06,19284.06,On Time,0
PAY406452,C108815,CARD206122,2025-10-01,10363.25,10363.25,On Time,0
PAY406453,C109884,CARD201082,2026-01-18,2980.44,2980.44,On Time,0
PAY406454,C108437,CARD205099,2025-01-30,7695.71,7695.71,On Time,0
PAY406455,C106470,CARD208944,2026-03-07,14800.16,14800.16,On Time,0
PAY406456,C107179,CARD202702,2026-07-22,4604.93,4604.93,On Time,0
PAY406457,C109803,CARD203341,2026-03-25,12504.42,12504.42,Late,6
PAY406458,C103739,CARD208539,2025-03-08,10390.97,10390.97,On Time,0
PAY406459,C102049,CARD211126,2025-05-18,4045.49,4045.49,On Time,0
PAY406460,C109802,CARD207548,2025-03-28,5401.62,5401.62,On Time,0
PAY406461,C106139,CARD205332,2026-03-06,3059.77,3059.77,On Time,0
PAY406462,C107468,CARD211486,2025-12-17,3618.21,3618.21,On Time,0
PAY406463,C107103,CARD205953,2025-02-03,8158.5,8158.5,On Time,0
PAY406464,C108933,CARD208479,2025-02-24,8949.05,6524.72,Partial,22
PAY406465,C106978,CARD209761,2025-08-10,3533.76,3533.76,On Time,0
PAY406466,C109703,CARD200286,2026-08-08,5662.69,5662.69,On Time,0
PAY406467,C102729,CARD209388,2026-01-03,5331.31,5331.31,On Time,0
PAY406468,C106286,CARD209658,2025-07-02,5192.58,5192.58,On Time,0
PAY406469,C105910,CARD203810,2025-03-05,7756.52,7756.52,On Time,0
PAY406470,C100758,CARD207291,2026-02-11,1531.6,1531.6,On Time,0
PAY406471,C107171,CARD207252,2025-10-01,4075.02,4075.02,On Time,0
PAY406472,C109348,CARD209349,2025-12-02,3394.53,3394.53,Late,11
PAY406473,C104065,CARD207181,2025-07-25,8565.66,8565.66,On Time,0
PAY406474,C103274,CARD205464,2026-02-05,5332.59,5332.59,Late,8
PAY406475,C101495,CARD210254,2025-07-12,5401.14,5401.14,Late,2
PAY406476,C106049,CARD210708,2025-06-16,4198.85,4198.85,On Time,0
PAY406477,C109254,CARD203819,2025-02-23,1827.64,1827.64,On Time,0
PAY406478,C108737,CARD210460,2026-02-16,5575.09,5575.09,On Time,0
PAY406479,C101043,CARD204870,2025-08-01,21816.05,21816.05,Late,6
PAY406480,C107351,CARD209469,2026-04-24,12563.73,12563.73,Late,21
PAY406481,C104213,CARD209021,2026-02-21,3370.19,3370.19,On Time,0
PAY406482,C104974,CARD210303,2025-05-19,2143.44,2143.44,On Time,0
PAY406483,C103721,CARD205555,2025-07-25,14382.24,14382.24,On Time,0
PAY406484,C103786,CARD207998,2025-12-24,6329.53,6329.53,On Time,0
PAY406485,C102056,CARD210389,2025-09-24,13518.85,13518.85,On Time,0
PAY406486,C106800,CARD207570,2025-10-21,1876.74,1876.74,On Time,0
PAY406487,C107116,CARD211415,2026-05-13,3119.09,3119.09,Late,18
PAY406488,C104807,CARD202200,2025-06-05,4925.53,4925.53,On Time,0
PAY406489,C106493,CARD211473,2025-07-26,8404.98,8404.98,On Time,0
PAY406490,C109807,CARD211074,2026-05-26,3669.71,3669.71,On Time,0
PAY406491,C105816,CARD200789,2026-06-25,2787.48,2787.48,On Time,0
PAY406492,C106512,CARD211045,2025-10-21,4776.28,4776.28,On Time,0
PAY406493,C103127,CARD205584,2026-04-26,4284.59,4284.59,On Time,0
PAY406494,C104245,CARD209609,2025-07-01,2649.57,2649.57,On Time,0
PAY406495,C107823,CARD206653,2026-05-22,12950.07,12950.07,On Time,0
PAY406496,C108293,CARD206924,2026-08-30,4185.41,4185.41,Late,1
PAY406497,C105156,CARD203336,2025-10-02,3346.23,3346.23,On Time,0
PAY406498,C101470,CARD203945,2026-02-02,4274.66,4274.66,On Time,0
PAY406499,C100418,CARD200128,2026-03-15,5539.89,5539.89,On Time,0
PAY406500,C109678,CARD205811,2025-01-12,1276.21,1276.21,On Time,0
PAY406501,C108513,CARD205124,2025-08-31,3273.66,2529.86,Partial,43
PAY406502,C104702,CARD201226,2026-02-01,2684.62,2036.54,Partial,22
PAY406503,C105619,CARD207012,2026-07-31,13020.52,13020.52,On Time,0
PAY406504,C105311,CARD209538,2025-03-27,6643.15,6643.15,On Time,0
PAY406505,C100557,CARD208393,2026-04-09,9512.93,9512.93,On Time,0
PAY406506,C102300,CARD208921,2026-04-07,9936.29,8362.38,Partial,31
PAY406507,C109130,CARD201892,2026-07-27,3622.32,3622.32,On Time,0
PAY406508,C103229,CARD205426,2026-03-19,14044.49,14044.49,Late,29
PAY406509,C103453,CARD209485,2026-01-31,17352.24,17352.24,On Time,0
PAY406510,C103723,CARD201701,2026-01-07,13325.06,13325.06,On Time,0
PAY406511,C103648,CARD201129,2026-04-09,4584.28,4584.28,On Time,0
PAY406512,C102093,CARD211709,2026-01-24,6546.02,6546.02,On Time,0
PAY406513,C107175,CARD201336,2025-05-26,9756.33,9756.33,On Time,0
PAY406514,C106086,CARD201179,2026-05-10,2615.48,2615.48,On Time,0
PAY406515,C100807,CARD202878,2026-02-02,3397.27,3397.27,On Time,0
PAY406516,C106903,CARD210006,2025-11-16,8154.23,8154.23,Late,23
PAY406517,C104680,CARD202366,2025-06-22,5842.54,2637.41,Partial,20
PAY406518,C107503,CARD207406,2026-01-29,4621.02,4621.02,On Time,0
PAY406519,C106812,CARD207909,2025-09-14,3676.76,3676.76,On Time,0
PAY406520,C101245,CARD209546,2025-01-04,5410.18,5410.18,On Time,0
PAY406521,C105942,CARD204672,2026-01-14,9208.79,9208.79,Late,20
PAY406522,C102077,CARD200180,2026-07-07,10622.57,10622.57,On Time,0
PAY406523,C100453,CARD211386,2026-02-03,3770.43,3770.43,On Time,0
PAY406524,C101309,CARD208521,2026-07-17,13436.7,13436.7,On Time,0
PAY406525,C105743,CARD210343,2026-08-16,12635.11,12635.11,On Time,0
PAY406526,C101853,CARD200467,2025-10-24,8981.7,8981.7,On Time,0
PAY406527,C107188,CARD200258,2026-08-18,4819.73,1062.97,Partial,56
PAY406528,C105685,CARD202939,2025-08-12,7336.27,7336.27,On Time,0
PAY406529,C104804,CARD202944,2026-05-10,5134.42,5134.42,On Time,0
PAY406530,C100893,CARD208850,2026-02-18,2399.43,2399.43,On Time,0
PAY406531,C103390,CARD207646,2025-09-21,14845.69,14845.69,On Time,0
PAY406532,C109188,CARD209745,2025-07-19,2148.27,2148.27,On Time,0
PAY406533,C105731,CARD204604,2025-06-20,6254.68,6254.68,On Time,0
PAY406534,C100892,CARD209889,2026-08-17,3762.66,3762.66,On Time,0
PAY406535,C101614,CARD204273,2025-05-13,7425.38,7425.38,On Time,0
PAY406536,C105913,CARD206389,2026-07-20,1024.16,1024.16,On Time,0
PAY406537,C109311,CARD202747,2026-07-08,4211.47,4211.47,On Time,0
PAY406538,C106115,CARD210341,2026-08-08,2002.97,2002.97,On Time,0
PAY406539,C109837,CARD210628,2025-11-22,7632.01,7632.01,On Time,0
PAY406540,C109210,CARD201727,2025-12-20,8385.34,8385.34,On Time,0
PAY406541,C108005,CARD211060,2025-12-09,11354.95,11354.95,On Time,0
PAY406542,C109669,CARD203318,2025-07-22,6832.05,6832.05,On Time,0
PAY406543,C102849,CARD210515,2025-10-18,15660.32,15660.32,On Time,0
PAY406544,C100801,CARD211693,2025-11-08,17845.25,17845.25,On Time,0
PAY406545,C105197,CARD211788,2026-08-04,3048.15,3048.15,On Time,0
PAY406546,C102478,CARD208195,2026-04-02,5886.75,5886.75,On Time,0
PAY406547,C104454,CARD204445,2025-05-30,4192.24,4192.24,On Time,0
PAY406548,C106728,CARD205672,2026-04-22,2567.51,2567.51,On Time,0
PAY406549,C107796,CARD209081,2025-03-28,4499.65,4499.65,On Time,0
PAY406550,C106155,CARD203727,2025-07-11,7358.16,7358.16,On Time,0
PAY406551,C108216,CARD211094,2026-07-30,14940.38,14940.38,On Time,0
PAY406552,C105987,CARD202775,2025-12-17,5622.84,5622.84,On Time,0
PAY406553,C100820,CARD210384,2026-02-24,2733.04,2733.04,On Time,0
PAY406554,C101322,CARD202044,2026-05-22,4159.85,4159.85,On Time,0
PAY406555,C109211,CARD200877,2026-06-09,4738.77,4738.77,On Time,0
PAY406556,C100674,CARD207093,2025-04-10,14157.1,14157.1,On Time,0
PAY406557,C104373,CARD206597,2025-12-20,10499.07,10499.07,On Time,0
PAY406558,C102506,CARD203103,2025-11-15,17041.29,5951.38,Partial,46
PAY406559,C104472,CARD207661,2025-03-11,3149.87,3149.87,On Time,0
PAY406560,C101416,CARD208647,2025-03-13,1883.73,1490.34,Partial,30
PAY406561,C109322,CARD202527,2026-02-26,6731.48,3299.5,Partial,7
PAY406562,C104234,CARD210825,2025-11-11,4550.44,3109.19,Partial,52
PAY406563,C100762,CARD209932,2025-02-13,36126.25,36126.25,On Time,0
PAY406564,C103597,CARD200215,2026-07-12,28532.28,28532.28,On Time,0
PAY406565,C100862,CARD208913,2025-07-11,2457.93,2457.93,Late,20
PAY406566,C105866,CARD203079,2025-10-29,10780.32,10780.32,On Time,0
PAY406567,C108311,CARD205782,2026-01-10,17476.95,17476.95,On Time,0
PAY406568,C101267,CARD200632,2026-02-12,6875.85,3282.89,Partial,11
PAY406569,C109120,CARD211324,2025-08-02,3224.99,3224.99,Late,18
PAY406570,C101519,CARD211319,2026-03-19,6801.41,407.4,Missed,118
PAY406571,C100822,CARD207134,2025-02-23,1872.9,1872.9,On Time,0
PAY406572,C102577,CARD210095,2026-06-03,5055.43,5055.43,On Time,0
PAY406573,C108919,CARD208973,2026-03-12,5403.85,5403.85,On Time,0
PAY406574,C101802,CARD200213,2025-07-14,13878.39,13878.39,On Time,0
PAY406575,C100922,CARD209307,2026-03-31,17766.72,12782.41,Partial,27
PAY406576,C100903,CARD206757,2025-01-06,19455.4,19455.4,On Time,0
PAY406577,C102489,CARD208504,2026-06-01,3444.0,3444.0,On Time,0
PAY406578,C101055,CARD203050,2025-12-09,8788.7,8788.7,On Time,0
PAY406579,C106848,CARD204270,2026-03-29,6658.41,6658.41,On Time,0
PAY406580,C107683,CARD208788,2026-01-25,8069.69,8069.69,Late,22
PAY406581,C105536,CARD205442,2026-06-22,8001.77,8001.77,On Time,0
PAY406582,C106958,CARD210451,2025-05-01,4484.69,4484.69,On Time,0
PAY406583,C104430,CARD208208,2025-04-03,7578.06,7578.06,On Time,0
PAY406584,C105357,CARD211348,2026-05-25,4150.11,4150.11,On Time,0
PAY406585,C100934,CARD209001,2026-05-31,8172.1,4446.49,Partial,7
PAY406586,C105697,CARD206480,2026-06-03,6948.47,6948.47,On Time,0
PAY406587,C106378,CARD201553,2026-06-02,8382.64,8382.64,On Time,0
PAY406588,C101803,CARD204031,2025-10-02,5772.71,5772.71,On Time,0
PAY406589,C107821,CARD211781,2025-12-01,7377.72,727.19,Missed,108
PAY406590,C106782,CARD205702,2026-05-20,15110.05,15110.05,Late,15
PAY406591,C109448,CARD209032,2025-06-06,1705.39,1705.39,On Time,0
PAY406592,C101890,CARD206584,2025-01-04,2825.86,2825.86,On Time,0
PAY406593,C107520,CARD203173,2025-09-08,9068.68,9068.68,On Time,0
PAY406594,C108172,CARD205841,2026-07-02,17444.79,17444.79,On Time,0
PAY406595,C102784,CARD210689,2025-07-23,6393.42,6393.42,On Time,0
PAY406596,C100598,CARD207550,2025-11-12,2297.33,2297.33,On Time,0
PAY406597,C100323,CARD211698,2026-01-09,13367.55,13367.55,Late,20
PAY406598,C105831,CARD205761,2025-06-05,18764.77,18764.77,On Time,0
PAY406599,C107832,CARD200228,2026-03-08,4137.05,4137.05,On Time,0
PAY406600,C108175,CARD201059,2025-07-09,5952.32,5952.32,Late,10
PAY406601,C105416,CARD200982,2025-05-02,18153.85,18153.85,On Time,0
PAY406602,C105531,CARD202793,2025-06-14,6078.76,6078.76,On Time,0
PAY406603,C109004,CARD211604,2025-03-11,29484.96,29484.96,Late,27
PAY406604,C104683,CARD200426,2025-10-29,4439.05,504.34,Missed,114
PAY406605,C102449,CARD211058,2026-06-04,6755.19,6755.19,On Time,0
PAY406606,C101368,CARD204235,2026-06-26,4285.66,4285.66,Late,29
PAY406607,C108786,CARD208235,2025-06-23,4013.24,4013.24,On Time,0
PAY406608,C102656,CARD209152,2025-01-13,13094.3,13094.3,On Time,0
PAY406609,C105575,CARD209258,2025-04-24,7599.67,7599.67,On Time,0
PAY406610,C106788,CARD204586,2025-11-28,2076.75,161.34,Missed,80
PAY406611,C102288,CARD207955,2025-04-07,9019.75,9019.75,On Time,0
PAY406612,C107949,CARD202106,2026-02-07,16464.4,16464.4,On Time,0
PAY406613,C100419,CARD210297,2025-11-24,14843.04,14843.04,Late,7
PAY406614,C107933,CARD206068,2026-05-24,4578.94,4578.94,Late,18
PAY406615,C108058,CARD206991,2025-06-19,8998.43,6208.2,Partial,5
PAY406616,C105543,CARD207123,2025-04-19,5933.56,5933.56,On Time,0
PAY406617,C103945,CARD205946,2025-08-24,2503.69,2503.69,On Time,0
PAY406618,C103505,CARD211735,2026-02-16,9286.84,9286.84,On Time,0
PAY406619,C103882,CARD208483,2025-11-28,7144.61,7144.61,Late,21
PAY406620,C108184,CARD211636,2025-06-28,7623.24,7623.24,On Time,0
PAY406621,C108146,CARD207345,2026-02-25,3903.51,3903.51,On Time,0
PAY406622,C100477,CARD205886,2025-01-17,9316.73,9316.73,On Time,0
PAY406623,C101112,CARD200362,2025-11-13,4202.67,4202.67,On Time,0
PAY406624,C100548,CARD211796,2026-04-05,3577.63,3577.63,On Time,0
PAY406625,C107035,CARD205190,2026-07-24,8690.17,8690.17,Late,14
PAY406626,C100645,CARD207820,2025-02-10,4320.78,4320.78,On Time,0
PAY406627,C105756,CARD204742,2026-08-18,5737.49,5737.49,On Time,0
PAY406628,C109402,CARD202540,2025-11-24,12806.03,12806.03,On Time,0
PAY406629,C101937,CARD202514,2026-07-05,2628.25,2628.25,On Time,0
PAY406630,C104817,CARD206930,2026-06-06,7813.65,7813.65,On Time,0
PAY406631,C102042,CARD202534,2025-08-31,21745.82,21745.82,Late,17
PAY406632,C108686,CARD206537,2025-01-13,18052.33,7709.93,Partial,40
PAY406633,C106228,CARD208522,2025-12-15,1000.0,1000.0,Late,28
PAY406634,C104425,CARD203322,2025-05-06,4119.67,4119.67,On Time,0
PAY406635,C103736,CARD200897,2025-09-12,9803.91,9803.91,On Time,0
PAY406636,C102827,CARD204843,2025-05-12,10986.48,10986.48,On Time,0
PAY406637,C105809,CARD207023,2025-08-23,3769.66,3769.66,On Time,0
PAY406638,C101014,CARD202097,2025-10-25,10395.79,10395.79,On Time,0
PAY406639,C109023,CARD208786,2026-06-19,14394.6,14394.6,On Time,0
PAY406640,C109655,CARD206960,2025-07-01,6812.21,4515.54,Partial,52
PAY406641,C109782,CARD205148,2026-06-19,1889.64,1889.64,Late,9
PAY406642,C105651,CARD208264,2026-08-09,4145.67,2553.86,Partial,22
PAY406643,C103887,CARD206818,2026-02-12,4054.12,4054.12,On Time,0
PAY406644,C102407,CARD209830,2025-07-16,5415.63,4349.28,Partial,49
PAY406645,C104280,CARD201979,2025-07-20,7755.73,7755.73,On Time,0
PAY406646,C106656,CARD201777,2026-05-04,13732.4,13732.4,Late,23
PAY406647,C100068,CARD210024,2026-01-29,3102.89,3102.89,On Time,0
PAY406648,C100874,CARD210697,2026-04-08,23036.55,23036.55,Late,9
PAY406649,C101930,CARD207701,2025-07-08,14318.97,14318.97,On Time,0
PAY406650,C109434,CARD209808,2025-11-22,5310.32,5310.32,On Time,0
PAY406651,C104843,CARD205892,2026-01-22,15013.1,15013.1,On Time,0
PAY406652,C101566,CARD209187,2025-10-03,4316.53,4316.53,Late,24
PAY406653,C103501,CARD203607,2025-02-26,6393.37,6393.37,On Time,0
PAY406654,C109360,CARD202675,2026-06-06,7786.76,7786.76,On Time,0
PAY406655,C101836,CARD208868,2025-06-15,2913.37,2913.37,On Time,0
PAY406656,C103381,CARD211189,2026-02-18,16302.59,16302.59,On Time,0
PAY406657,C104320,CARD202043,2025-10-11,3198.89,2021.98,Partial,15
PAY406658,C104866,CARD210426,2026-08-29,6528.75,6528.75,Late,7
PAY406659,C108199,CARD211872,2025-04-18,1929.04,1929.04,Late,10
PAY406660,C102508,CARD205232,2026-02-04,7783.41,7783.41,On Time,0
PAY406661,C107864,CARD209040,2025-04-23,3054.49,3054.49,On Time,0
PAY406662,C100136,CARD206198,2026-01-03,2535.64,2535.64,On Time,0
PAY406663,C100245,CARD207180,2026-02-17,2316.66,2316.66,On Time,0
PAY406664,C104467,CARD210462,2025-02-03,6011.96,4137.46,Partial,31
PAY406665,C109771,CARD208987,2025-02-04,2122.74,2122.74,On Time,0
PAY406666,C106870,CARD206057,2026-08-02,6005.26,6005.26,On Time,0
PAY406667,C102901,CARD211675,2025-11-10,4402.71,4402.71,Late,4
PAY406668,C100147,CARD206104,2025-10-21,3887.18,3887.18,On Time,0
PAY406669,C104210,CARD209665,2026-07-21,4964.47,4964.47,On Time,0
PAY406670,C109177,CARD208141,2025-01-31,6666.63,6666.63,On Time,0
PAY406671,C106879,CARD211572,2026-04-24,12665.44,6843.04,Partial,4
PAY406672,C108373,CARD207253,2025-10-01,14768.95,14768.95,Late,4
PAY406673,C100913,CARD202028,2025-12-21,2213.97,1297.42,Partial,31
PAY406674,C106274,CARD211513,2026-04-03,4775.95,4775.95,On Time,0
PAY406675,C108228,CARD204299,2026-02-09,18982.12,18982.12,Late,18
PAY406676,C101833,CARD205408,2025-06-22,2183.08,2183.08,On Time,0
PAY406677,C103095,CARD201724,2026-03-05,5845.79,5845.79,On Time,0
PAY406678,C105055,CARD204875,2026-02-11,2441.09,2441.09,On Time,0
PAY406679,C102035,CARD201652,2026-03-07,1193.3,1193.3,On Time,0
PAY406680,C109431,CARD210872,2025-05-29,11034.23,11034.23,Late,7
PAY406681,C105506,CARD211242,2025-02-24,5420.76,5420.76,On Time,0
PAY406682,C106531,CARD206952,2025-09-01,3641.1,3641.1,Late,5
PAY406683,C105687,CARD211659,2025-11-15,12755.94,12755.94,On Time,0
PAY406684,C101435,CARD204371,2025-09-14,5262.65,2852.01,Partial,27
PAY406685,C103786,CARD207998,2025-02-24,7320.18,7320.18,On Time,0
PAY406686,C103155,CARD202815,2026-08-14,6963.0,6963.0,On Time,0
PAY406687,C102535,CARD207193,2025-11-07,2975.99,2975.99,On Time,0
PAY406688,C106952,CARD210334,2025-06-12,7072.93,7072.93,Late,27
PAY406689,C102392,CARD204906,2025-06-22,16579.44,16579.44,On Time,0
PAY406690,C101099,CARD206138,2026-04-13,2694.28,299.98,Missed,61
PAY406691,C102677,CARD200047,2025-09-09,4695.49,4695.49,On Time,0
PAY406692,C106005,CARD203421,2026-03-26,4048.89,4048.89,On Time,0
PAY406693,C107281,CARD205686,2025-03-10,6884.65,6884.65,On Time,0
PAY406694,C108305,CARD207819,2025-05-20,10117.19,10117.19,On Time,0
PAY406695,C101701,CARD210703,2025-11-29,8554.27,8554.27,Late,10
PAY406696,C107924,CARD201841,2025-08-30,9091.62,9091.62,On Time,0
PAY406697,C101079,CARD209929,2026-06-20,4265.07,4265.07,Late,2
PAY406698,C101570,CARD208905,2025-06-10,8225.66,8225.66,On Time,0
PAY406699,C109501,CARD208897,2026-07-06,19195.72,19195.72,Late,24
PAY406700,C105509,CARD204358,2025-01-15,7329.72,7329.72,On Time,0
PAY406701,C100132,CARD208181,2025-11-21,19183.2,19183.2,On Time,0
PAY406702,C103228,CARD210541,2026-03-25,4463.42,4463.42,On Time,0
PAY406703,C101143,CARD203979,2026-01-01,1000.0,1000.0,On Time,0
PAY406704,C103497,CARD208489,2026-01-11,1266.52,1266.52,On Time,0
PAY406705,C109200,CARD210973,2025-02-14,12373.97,12373.97,On Time,0
PAY406706,C102021,CARD210336,2025-01-21,9342.15,2331.76,Partial,15
PAY406707,C101682,CARD205541,2026-03-13,7515.1,7515.1,On Time,0
PAY406708,C106311,CARD206175,2025-05-22,5760.74,5760.74,Late,30
PAY406709,C104930,CARD211747,2025-01-28,10239.92,10239.92,On Time,0
PAY406710,C108833,CARD209490,2025-10-08,1000.0,242.26,Partial,25
PAY406711,C104799,CARD207429,2026-03-07,3870.89,3870.89,Late,25
PAY406712,C108571,CARD208529,2025-05-06,2914.13,2914.13,On Time,0
PAY406713,C105944,CARD207692,2025-08-15,10762.26,10762.26,On Time,0
PAY406714,C105390,CARD208950,2026-04-22,12181.34,12181.34,Late,10
PAY406715,C100029,CARD209218,2025-12-23,6200.14,6200.14,On Time,0
PAY406716,C106042,CARD211588,2025-09-10,5444.34,800.63,Missed,95
PAY406717,C107373,CARD202131,2025-08-08,14245.86,14245.86,On Time,0
PAY406718,C101994,CARD206221,2026-06-30,50143.45,50143.45,On Time,0
PAY406719,C109011,CARD200726,2026-05-29,10580.32,10580.32,On Time,0
PAY406720,C102890,CARD201461,2025-05-20,14483.21,14483.21,On Time,0
PAY406721,C100084,CARD204943,2025-10-30,3935.56,3935.56,On Time,0
PAY406722,C104494,CARD208467,2025-02-19,4157.4,4157.4,On Time,0
PAY406723,C105358,CARD204469,2026-05-09,5204.21,5204.21,On Time,0
PAY406724,C107011,CARD206023,2025-11-28,8673.09,8673.09,On Time,0
PAY406725,C105868,CARD207994,2026-04-18,6248.34,6248.34,On Time,0
PAY406726,C100984,CARD211885,2025-10-08,9221.59,9221.59,On Time,0
PAY406727,C107806,CARD204748,2026-06-18,17090.3,17090.3,On Time,0
PAY406728,C102760,CARD205656,2026-02-19,4334.84,4334.84,On Time,0
PAY406729,C108665,CARD210494,2026-07-28,16852.67,16852.67,On Time,0
PAY406730,C104973,CARD207851,2026-08-25,2276.64,2276.64,On Time,0
PAY406731,C106413,CARD202285,2025-07-24,1771.15,1771.15,On Time,0
PAY406732,C109774,CARD205154,2025-10-31,10319.51,10319.51,On Time,0
PAY406733,C106981,CARD204505,2026-01-09,8471.61,8471.61,Late,2
PAY406734,C104687,CARD204082,2025-07-13,3219.94,3219.94,On Time,0
PAY406735,C109345,CARD206495,2025-04-28,3992.06,3992.06,On Time,0
PAY406736,C103191,CARD206064,2025-09-05,26040.97,26040.97,On Time,0
PAY406737,C101004,CARD203307,2026-07-15,6888.06,6888.06,On Time,0
PAY406738,C106354,CARD206894,2026-06-17,22096.18,22096.18,On Time,0
PAY406739,C109984,CARD206200,2026-06-05,15706.21,15706.21,Late,9
PAY406740,C102162,CARD201565,2025-07-09,5860.35,5860.35,On Time,0
PAY406741,C104393,CARD209858,2025-05-22,1024.15,1024.15,On Time,0
PAY406742,C107780,CARD208562,2025-04-06,9610.07,219.08,Missed,75
PAY406743,C104577,CARD204951,2025-02-10,2286.76,2286.76,On Time,0
PAY406744,C102093,CARD211709,2025-02-18,14319.49,14319.49,On Time,0
PAY406745,C101016,CARD204112,2026-06-17,16985.22,16985.22,Late,29
PAY406746,C103472,CARD207428,2025-01-20,2635.89,389.49,Missed,33
PAY406747,C107837,CARD209096,2025-07-17,8007.8,8007.8,On Time,0
PAY406748,C106681,CARD210342,2026-01-16,2499.03,2499.03,On Time,0
PAY406749,C104449,CARD201088,2025-12-29,7197.23,7197.23,On Time,0
PAY406750,C100556,CARD204282,2025-10-07,7416.42,7416.42,On Time,0
PAY406751,C103790,CARD202573,2025-12-14,3979.42,3979.42,On Time,0
PAY406752,C107626,CARD206954,2026-02-25,3871.19,3871.19,On Time,0
PAY406753,C107795,CARD201205,2026-03-25,10531.95,10531.95,On Time,0
PAY406754,C108635,CARD207042,2025-07-08,4600.41,4600.41,On Time,0
PAY406755,C105434,CARD207752,2025-11-23,16693.81,16693.81,On Time,0
PAY406756,C100970,CARD207527,2026-04-23,13900.72,13900.72,On Time,0
PAY406757,C103062,CARD209957,2025-07-11,5505.2,5505.2,On Time,0
PAY406758,C109084,CARD211803,2026-06-30,7305.17,7305.17,On Time,0
PAY406759,C107094,CARD200505,2025-04-12,2789.2,2789.2,On Time,0
PAY406760,C105742,CARD203934,2026-03-15,4111.3,4111.3,On Time,0
PAY406761,C101185,CARD204285,2025-12-28,3868.41,3868.41,On Time,0
PAY406762,C102737,CARD205472,2025-05-07,4733.63,4733.63,On Time,0
PAY406763,C105692,CARD201164,2025-10-01,12586.75,12586.75,On Time,0
PAY406764,C105820,CARD211466,2026-01-25,14329.17,14329.17,On Time,0
PAY406765,C101497,CARD210027,2026-04-03,3587.3,3587.3,On Time,0
PAY406766,C100171,CARD203888,2025-03-14,4187.93,4187.93,On Time,0
PAY406767,C106551,CARD211111,2026-04-23,13310.17,8110.68,Partial,2
PAY406768,C107835,CARD209012,2026-01-19,2160.22,2160.22,On Time,0
PAY406769,C106425,CARD203874,2026-04-17,10039.46,10039.46,On Time,0
PAY406770,C103341,CARD211983,2026-04-13,5738.53,5738.53,Late,2
PAY406771,C101938,CARD203564,2026-08-21,15018.15,15018.15,On Time,0
PAY406772,C102911,CARD203912,2025-10-18,2549.82,2549.82,On Time,0
PAY406773,C107303,CARD211662,2026-06-29,4847.66,4847.66,On Time,0
PAY406774,C109093,CARD207075,2025-06-19,6787.94,6787.94,On Time,0
PAY406775,C109648,CARD207919,2025-02-04,1869.49,1869.49,On Time,0
PAY406776,C103436,CARD203405,2025-11-04,3958.01,3958.01,On Time,0
PAY406777,C109392,CARD200691,2025-01-26,6377.35,6377.35,On Time,0
PAY406778,C100770,CARD204645,2025-05-02,13022.17,13022.17,On Time,0
PAY406779,C104141,CARD202027,2025-11-24,1705.78,1705.78,On Time,0
PAY406780,C100455,CARD211383,2026-06-18,6017.54,6017.54,On Time,0
PAY406781,C108250,CARD201408,2026-05-13,2253.03,2253.03,Late,10
PAY406782,C102461,CARD208713,2026-05-15,4611.09,4611.09,On Time,0
PAY406783,C109853,CARD203907,2026-03-15,2921.82,2921.82,Late,29
PAY406784,C103154,CARD211131,2026-07-12,5373.66,5373.66,On Time,0
PAY406785,C104112,CARD210940,2025-12-30,15682.53,15682.53,Late,9
PAY406786,C107416,CARD206686,2026-04-17,19749.46,19749.46,On Time,0
PAY406787,C104007,CARD201595,2026-06-15,10536.02,10536.02,Late,11
PAY406788,C102002,CARD200390,2026-06-25,2224.06,1397.06,Partial,23
PAY406789,C106363,CARD204899,2025-08-28,4451.88,3627.76,Partial,49
PAY406790,C103067,CARD208087,2025-12-29,6208.9,6208.9,On Time,0
PAY406791,C101750,CARD211943,2026-05-17,1833.7,213.57,Missed,38
PAY406792,C104889,CARD206715,2026-06-29,15079.77,15079.77,Late,15
PAY406793,C106284,CARD209891,2026-03-17,11635.33,11635.33,On Time,0
PAY406794,C107303,CARD211662,2026-01-23,3262.2,3262.2,On Time,0
PAY406795,C109524,CARD207836,2025-10-18,5911.27,5911.27,On Time,0
PAY406796,C109240,CARD202958,2025-05-31,9861.22,7406.73,Partial,19
PAY406797,C109828,CARD211668,2025-08-10,6866.22,5185.66,Partial,17
PAY406798,C105084,CARD207512,2025-10-09,5636.3,5636.3,On Time,0
PAY406799,C103994,CARD205703,2026-01-23,7367.62,7367.62,Late,21
PAY406800,C103634,CARD203462,2026-02-19,16733.46,16733.46,On Time,0
PAY406801,C107930,CARD201657,2026-07-21,5777.92,5777.92,On Time,0
PAY406802,C109985,CARD200629,2026-05-23,2478.11,2478.11,On Time,0
PAY406803,C106999,CARD204580,2025-06-24,8890.38,8890.38,Late,13
PAY406804,C100363,CARD206668,2026-04-06,4052.16,1099.85,Partial,60
PAY406805,C108337,CARD201283,2025-04-19,5011.48,5011.48,Late,15
PAY406806,C102209,CARD208558,2025-11-13,4283.83,3499.64,Partial,25
PAY406807,C106610,CARD209752,2026-07-27,2046.73,2046.73,On Time,0
PAY406808,C109039,CARD210533,2026-01-02,17299.19,2104.99,Missed,55
PAY406809,C108662,CARD206633,2025-01-20,1959.59,1959.59,On Time,0
PAY406810,C103740,CARD210350,2025-10-19,2455.77,2455.77,On Time,0
PAY406811,C102744,CARD207765,2026-08-30,33912.02,33912.02,On Time,0
PAY406812,C106508,CARD210990,2025-06-17,10786.12,10786.12,On Time,0
PAY406813,C100587,CARD207056,2025-11-18,3170.51,3170.51,On Time,0
PAY406814,C108297,CARD201885,2026-04-15,5268.73,5268.73,On Time,0
PAY406815,C107128,CARD204847,2025-05-11,9711.78,9711.78,On Time,0
PAY406816,C103428,CARD209363,2026-07-17,9669.49,9669.49,On Time,0
PAY406817,C107036,CARD207222,2026-01-20,5353.89,5353.89,On Time,0
PAY406818,C102713,CARD206230,2026-04-25,5993.77,5993.77,On Time,0
PAY406819,C104884,CARD208382,2026-01-29,3765.55,3765.55,On Time,0
PAY406820,C104580,CARD204255,2025-11-03,9102.68,9102.68,On Time,0
PAY406821,C103729,CARD210304,2025-06-08,1323.31,1323.31,On Time,0
PAY406822,C106097,CARD205114,2026-02-28,7922.1,7922.1,On Time,0
PAY406823,C103926,CARD207658,2026-07-17,16304.3,16304.3,On Time,0
PAY406824,C101522,CARD201335,2025-05-25,4624.11,4624.11,On Time,0
PAY406825,C105215,CARD202911,2025-06-02,4696.57,4696.57,On Time,0
PAY406826,C103947,CARD205628,2025-01-28,8170.92,8170.92,Late,4
PAY406827,C104605,CARD210959,2025-04-26,2082.26,2082.26,Late,19
PAY406828,C103358,CARD211089,2025-10-04,1253.78,1253.78,On Time,0
PAY406829,C104796,CARD208754,2025-07-17,3638.8,2279.79,Partial,13
PAY406830,C108772,CARD211440,2025-03-19,4055.85,4055.85,On Time,0
PAY406831,C102115,CARD206352,2025-02-21,4863.57,4863.57,On Time,0
PAY406832,C101972,CARD200706,2025-01-10,4451.12,1334.66,Partial,30
PAY406833,C109032,CARD207930,2026-04-15,16525.93,1001.48,Missed,46
PAY406834,C103246,CARD204327,2025-07-11,19370.51,19370.51,On Time,0
PAY406835,C102262,CARD209994,2025-08-24,12269.84,12269.84,On Time,0
PAY406836,C105841,CARD205524,2025-12-10,3454.74,3454.74,On Time,0
PAY406837,C102453,CARD204067,2025-04-19,4418.78,4418.78,Late,26
PAY406838,C107472,CARD207403,2026-03-04,8263.59,2343.55,Partial,18
PAY406839,C100564,CARD211679,2026-02-27,3954.0,3954.0,On Time,0
PAY406840,C100335,CARD205290,2025-03-07,6470.35,6470.35,On Time,0
PAY406841,C104426,CARD203058,2026-02-26,18820.79,18820.79,On Time,0
PAY406842,C106812,CARD207909,2026-06-09,3021.81,3021.81,Late,26
PAY406843,C103923,CARD209436,2026-08-01,5707.84,5707.84,On Time,0
PAY406844,C103323,CARD204452,2025-04-09,3656.07,3656.07,On Time,0
PAY406845,C102271,CARD200463,2026-01-08,9431.28,9431.28,On Time,0
PAY406846,C106136,CARD208004,2025-06-29,3183.99,3183.99,On Time,0
PAY406847,C109545,CARD210434,2025-01-12,2572.53,2572.53,On Time,0
PAY406848,C102083,CARD210824,2025-02-07,9123.51,9123.51,On Time,0
PAY406849,C101576,CARD211806,2025-04-19,14161.07,14161.07,Late,2
PAY406850,C100448,CARD208097,2025-11-29,9175.35,9175.35,On Time,0
PAY406851,C103683,CARD210882,2026-04-08,4007.2,4007.2,On Time,0
PAY406852,C100005,CARD201173,2026-01-22,7733.77,3708.59,Partial,14
PAY406853,C104948,CARD208266,2025-07-06,3625.44,426.12,Missed,98
PAY406854,C108838,CARD206676,2025-06-21,7182.78,7182.78,On Time,0
PAY406855,C108427,CARD207611,2025-04-08,3921.83,3921.83,On Time,0
PAY406856,C101917,CARD200673,2025-11-25,3177.06,3177.06,On Time,0
PAY406857,C104545,CARD209848,2026-02-24,8918.77,8918.77,On Time,0
PAY406858,C106048,CARD210326,2025-03-17,11888.53,11888.53,On Time,0
PAY406859,C105751,CARD210674,2026-02-27,3176.23,3176.23,Late,26
PAY406860,C109635,CARD206933,2025-01-18,17772.2,17772.2,On Time,0
PAY406861,C108550,CARD204217,2026-05-03,12717.43,12717.43,On Time,0
PAY406862,C101775,CARD201257,2026-01-21,2607.01,2607.01,On Time,0
PAY406863,C108524,CARD202479,2025-10-04,5181.51,5181.51,Late,2
PAY406864,C107292,CARD209884,2025-09-18,4933.92,4933.92,Late,24
PAY406865,C100283,CARD211997,2026-01-10,2672.81,104.45,Missed,69
PAY406866,C109516,CARD208745,2025-02-08,6456.15,6456.15,On Time,0
PAY406867,C103162,CARD205512,2025-08-04,7848.44,7848.44,Late,25
PAY406868,C101607,CARD211708,2025-09-21,5203.65,5203.65,On Time,0
PAY406869,C106365,CARD202264,2026-03-02,9892.63,9892.63,On Time,0
PAY406870,C104236,CARD205369,2026-05-25,2678.81,2678.81,Late,18
PAY406871,C105020,CARD206588,2025-10-08,7522.02,5162.81,Partial,37
PAY406872,C108206,CARD201588,2025-08-16,3741.74,3741.74,On Time,0
PAY406873,C101730,CARD200685,2026-07-15,3012.1,3012.1,Late,26
PAY406874,C104566,CARD207214,2025-10-11,23018.71,23018.71,On Time,0
PAY406875,C106830,CARD211190,2026-03-09,17538.58,17538.58,On Time,0
PAY406876,C108641,CARD210564,2025-03-10,3083.94,2349.79,Partial,34
PAY406877,C108787,CARD200868,2025-11-20,10618.65,10618.65,Late,28
PAY406878,C104450,CARD211824,2026-05-06,2394.2,95.86,Missed,48
PAY406879,C105535,CARD206380,2026-07-12,15217.85,15217.85,On Time,0
PAY406880,C102368,CARD211949,2025-08-16,5167.05,5167.05,On Time,0
PAY406881,C109909,CARD207420,2025-08-12,4167.24,4167.24,On Time,0
PAY406882,C106030,CARD204895,2026-01-10,8823.02,8823.02,On Time,0
PAY406883,C109415,CARD208401,2025-09-25,13733.39,13733.39,On Time,0
PAY406884,C105433,CARD208834,2025-05-09,6914.66,6914.66,On Time,0
PAY406885,C105016,CARD203891,2026-06-30,3940.95,3940.95,On Time,0
PAY406886,C109470,CARD208992,2026-04-25,4258.07,4258.07,On Time,0
PAY406887,C106337,CARD200952,2025-11-12,4166.22,4166.22,On Time,0
PAY406888,C107139,CARD200972,2025-10-19,5161.62,673.95,Missed,115
PAY406889,C105413,CARD207343,2026-01-25,12869.4,8066.35,Partial,27
PAY406890,C106137,CARD211096,2025-01-25,11337.5,11337.5,On Time,0
PAY406891,C109845,CARD202687,2025-01-21,30529.89,30529.89,On Time,0
PAY406892,C104663,CARD204512,2025-08-22,3660.16,227.11,Missed,116
PAY406893,C105799,CARD205397,2025-02-13,20424.31,20424.31,On Time,0
PAY406894,C105614,CARD208443,2025-06-04,16072.27,16072.27,On Time,0
PAY406895,C102060,CARD203007,2025-11-06,2754.06,2754.06,On Time,0
PAY406896,C107466,CARD206083,2026-05-31,2496.3,2496.3,Late,6
PAY406897,C102456,CARD205105,2025-12-26,13098.79,13098.79,On Time,0
PAY406898,C106684,CARD210942,2026-05-06,3830.63,3830.63,On Time,0
PAY406899,C101948,CARD210170,2026-04-22,10782.01,10782.01,Late,27
PAY406900,C110000,CARD211550,2025-12-14,6514.44,6514.44,On Time,0
PAY406901,C105695,CARD208876,2025-12-23,2562.54,2562.54,On Time,0
PAY406902,C108298,CARD203205,2026-05-08,7325.52,7325.52,On Time,0
PAY406903,C109609,CARD208140,2025-10-20,15891.04,15891.04,On Time,0
PAY406904,C103284,CARD205749,2026-03-09,4695.82,1530.13,Partial,19
PAY406905,C104802,CARD209586,2026-08-27,1909.23,553.16,Partial,59
PAY406906,C101116,CARD208114,2026-05-08,3647.5,3647.5,Late,28
PAY406907,C102620,CARD201519,2026-06-03,3360.89,3360.89,Late,15
PAY406908,C107734,CARD208414,2026-04-13,4223.3,4223.3,On Time,0
PAY406909,C100044,CARD204600,2026-02-11,4245.61,4245.61,Late,13
PAY406910,C102650,CARD206936,2026-07-16,3137.6,3137.6,Late,20
PAY406911,C100031,CARD206378,2026-02-09,17646.93,17646.93,Late,2
PAY406912,C103364,CARD209295,2025-07-19,3970.25,3970.25,On Time,0
PAY406913,C103063,CARD203369,2025-05-08,3627.62,3627.62,On Time,0
PAY406914,C108116,CARD204246,2025-11-03,3279.36,3279.36,On Time,0
PAY406915,C109646,CARD200527,2026-06-13,4798.8,4798.8,On Time,0
PAY406916,C102599,CARD211724,2025-01-05,3986.03,2153.4,Partial,51
PAY406917,C108405,CARD209668,2025-03-05,5447.65,5447.65,On Time,0
PAY406918,C103949,CARD208135,2025-08-30,5289.71,5289.71,Late,18
PAY406919,C103527,CARD203981,2026-05-21,2687.41,2687.41,On Time,0
PAY406920,C101488,CARD209721,2026-04-23,1224.94,1224.94,Late,24
PAY406921,C101695,CARD201107,2025-05-22,5467.38,5467.38,On Time,0
PAY406922,C105345,CARD208563,2025-01-11,4222.45,4222.45,On Time,0
PAY406923,C108886,CARD211508,2025-02-13,12400.14,12400.14,Late,8
PAY406924,C105654,CARD211401,2025-07-20,18347.46,5668.43,Partial,13
PAY406925,C100886,CARD208150,2026-05-26,2088.79,2088.79,On Time,0
PAY406926,C104196,CARD201435,2025-07-08,13182.11,13182.11,Late,9
PAY406927,C109658,CARD200591,2025-02-03,3814.81,3814.81,Late,8
PAY406928,C100301,CARD203097,2026-06-14,3077.57,3077.57,Late,2
PAY406929,C105658,CARD209527,2025-10-09,4788.37,4788.37,On Time,0
PAY406930,C100025,CARD211432,2025-02-24,4684.88,4684.88,On Time,0
PAY406931,C103739,CARD211355,2026-06-13,2440.92,2440.92,On Time,0
PAY406932,C100054,CARD210650,2026-07-01,10843.31,10843.31,Late,8
PAY406933,C106966,CARD209387,2026-02-05,10171.44,10171.44,On Time,0
PAY406934,C102455,CARD200773,2026-04-23,10686.97,10686.97,On Time,0
PAY406935,C106483,CARD201860,2025-04-18,1781.25,1781.25,On Time,0
PAY406936,C102172,CARD203982,2026-03-02,5294.67,5294.67,On Time,0
PAY406937,C109868,CARD204646,2025-06-14,10276.39,10276.39,Late,3
PAY406938,C106151,CARD211873,2026-08-05,5963.92,5963.92,On Time,0
PAY406939,C109246,CARD204884,2025-06-15,7192.31,7192.31,On Time,0
PAY406940,C107466,CARD211098,2026-07-09,5195.53,5195.53,On Time,0
PAY406941,C109767,CARD211917,2025-03-04,8160.43,5774.88,Partial,59
PAY406942,C104325,CARD210202,2025-02-19,4401.57,4401.57,On Time,0
PAY406943,C103003,CARD205915,2026-06-09,9281.04,2260.84,Partial,38
PAY406944,C109957,CARD204276,2025-01-24,10852.3,10852.3,On Time,0
PAY406945,C105656,CARD201141,2025-08-27,4446.73,4446.73,On Time,0
PAY406946,C109515,CARD210851,2025-01-05,2975.16,425.14,Missed,83
PAY406947,C103052,CARD210976,2026-04-20,6731.02,6731.02,On Time,0
PAY406948,C103547,CARD201067,2025-10-15,10215.31,10215.31,Late,21
PAY406949,C101369,CARD206427,2026-05-19,7543.43,7543.43,On Time,0
PAY406950,C109532,CARD204100,2026-08-17,6929.76,6929.76,On Time,0
PAY406951,C107453,CARD207064,2026-01-02,1396.24,1396.24,On Time,0
PAY406952,C104369,CARD210021,2025-09-05,6305.05,6305.05,On Time,0
PAY406953,C103817,CARD205176,2025-07-09,10621.15,10621.15,On Time,0
PAY406954,C102856,CARD205849,2025-10-27,7932.96,7932.96,On Time,0
PAY406955,C109975,CARD208833,2025-08-13,9245.79,9245.79,On Time,0
PAY406956,C104867,CARD202914,2025-03-27,3285.57,3285.57,On Time,0
PAY406957,C108595,CARD206135,2026-07-13,3590.03,3590.03,On Time,0
PAY406958,C109370,CARD209180,2025-04-16,1881.44,1881.44,On Time,0
PAY406959,C100272,CARD205878,2025-03-15,8586.27,8586.27,On Time,0
PAY406960,C106604,CARD211876,2026-08-15,2265.86,2265.86,On Time,0
PAY406961,C100805,CARD210795,2025-12-06,9854.03,9854.03,On Time,0
PAY406962,C109456,CARD211677,2026-07-08,5689.03,5689.03,On Time,0
PAY406963,C107290,CARD208146,2026-01-22,7417.74,7417.74,On Time,0
PAY406964,C107491,CARD201495,2026-08-02,13568.64,13568.64,On Time,0
PAY406965,C106189,CARD202896,2025-03-15,8864.07,8864.07,On Time,0
PAY406966,C108993,CARD210920,2026-04-09,2324.51,2324.51,On Time,0
PAY406967,C103902,CARD204266,2025-11-17,11689.15,11689.15,On Time,0
PAY406968,C101248,CARD209590,2025-10-24,4982.81,4982.81,On Time,0
PAY406969,C100943,CARD200289,2026-08-14,9397.72,322.02,Missed,91
PAY406970,C104356,CARD204844,2025-02-16,8182.38,8182.38,On Time,0
PAY406971,C105879,CARD200003,2025-02-12,6900.01,6900.01,On Time,0
PAY406972,C103383,CARD210103,2026-01-27,1770.66,1770.66,On Time,0
PAY406973,C104146,CARD201723,2025-11-09,5098.94,5098.94,On Time,0
PAY406974,C105418,CARD201721,2026-01-28,1819.25,1819.25,On Time,0
PAY406975,C106818,CARD210266,2025-02-11,5392.92,5392.92,On Time,0
PAY406976,C104428,CARD211991,2026-03-24,11707.55,11707.55,On Time,0
PAY406977,C101293,CARD210843,2025-10-23,1755.16,1755.16,On Time,0
PAY406978,C101264,CARD209786,2026-05-20,2250.0,2250.0,On Time,0
PAY406979,C108073,CARD201749,2025-09-04,2486.75,2486.75,On Time,0
PAY406980,C105199,CARD200138,2025-05-16,6473.77,6473.77,On Time,0
PAY406981,C104916,CARD210557,2025-11-11,4277.58,4277.58,Late,12
PAY406982,C103397,CARD211875,2025-08-30,2094.36,2094.36,On Time,0
PAY406983,C107434,CARD211333,2026-04-28,9483.86,9483.86,Late,19
PAY406984,C104157,CARD210158,2025-06-15,3630.67,3630.67,On Time,0
PAY406985,C104547,CARD208651,2026-06-11,14984.21,14984.21,On Time,0
PAY406986,C105825,CARD209596,2025-05-10,12842.86,12842.86,Late,4
PAY406987,C108305,CARD207819,2026-02-08,4567.48,4567.48,On Time,0
PAY406988,C106741,CARD206586,2026-05-21,3876.49,3876.49,On Time,0
PAY406989,C106581,CARD201685,2026-05-29,14561.78,14561.78,Late,1
PAY406990,C106564,CARD204356,2025-07-23,5949.0,5949.0,On Time,0
PAY406991,C108281,CARD207910,2026-03-17,4335.11,410.0,Missed,119
PAY406992,C100068,CARD210024,2025-02-13,20654.58,20654.58,On Time,0
PAY406993,C104854,CARD211385,2025-03-22,8652.44,8652.44,On Time,0
PAY406994,C104077,CARD201960,2025-03-06,4993.79,4993.79,On Time,0
PAY406995,C106708,CARD207758,2026-06-02,5357.68,5357.68,Late,2
PAY406996,C103354,CARD204883,2025-07-06,2572.35,1377.9,Partial,17
PAY406997,C104356,CARD204844,2026-07-29,11541.18,11541.18,On Time,0
PAY406998,C105976,CARD200716,2026-02-17,14213.65,14213.65,On Time,0
PAY406999,C102800,CARD203082,2025-10-07,14472.27,14472.27,On Time,0
PAY407000,C108816,CARD200874,2026-04-24,4838.04,4838.04,On Time,0
PAY407001,C106095,CARD203911,2026-08-21,12736.66,12736.66,On Time,0
PAY407002,C108070,CARD208445,2025-03-13,1677.28,1677.28,On Time,0
PAY407003,C100533,CARD206717,2025-04-09,15162.97,15162.97,On Time,0
PAY407004,C107174,CARD201200,2025-08-06,23957.83,23957.83,Late,20
PAY407005,C109079,CARD202096,2025-10-17,4550.57,2502.94,Partial,52
PAY407006,C101830,CARD209659,2026-05-22,7203.74,7203.74,On Time,0
PAY407007,C100505,CARD210157,2025-08-24,2239.82,2239.82,On Time,0
PAY407008,C104004,CARD204569,2025-04-17,22544.76,22544.76,On Time,0
PAY407009,C103464,CARD205897,2025-09-18,8620.09,6915.15,Partial,4
PAY407010,C104238,CARD200269,2025-03-16,9778.5,9778.5,On Time,0
PAY407011,C100057,CARD201218,2025-09-27,4976.51,4976.51,On Time,0
PAY407012,C104466,CARD206007,2025-05-15,9977.19,1188.65,Missed,116
PAY407013,C106749,CARD205582,2025-08-28,9040.12,9040.12,Late,7
PAY407014,C109404,CARD200596,2026-03-31,4306.82,4306.82,Late,12
PAY407015,C107410,CARD211061,2026-08-23,7897.5,1138.38,Missed,46
PAY407016,C100078,CARD204101,2026-01-29,2035.67,2035.67,On Time,0
PAY407017,C107955,CARD202367,2025-04-29,16449.53,16449.53,On Time,0
PAY407018,C108151,CARD200871,2025-07-24,5685.6,5685.6,On Time,0
PAY407019,C105145,CARD200769,2025-06-09,6597.23,6597.23,Late,6
PAY407020,C104262,CARD201616,2026-02-20,12935.56,12935.56,On Time,0
PAY407021,C102624,CARD210687,2026-06-07,10032.96,10032.96,On Time,0
PAY407022,C105387,CARD204532,2026-04-04,1000.0,1000.0,On Time,0
PAY407023,C101954,CARD209535,2025-06-10,7326.15,632.4,Missed,111
PAY407024,C100100,CARD203757,2025-02-04,11132.12,11132.12,On Time,0
PAY407025,C109306,CARD202937,2026-04-19,4846.0,4846.0,Late,21
PAY407026,C105955,CARD203824,2025-02-04,17136.24,17136.24,On Time,0
PAY407027,C106603,CARD205804,2025-08-29,5042.16,3259.94,Partial,4
PAY407028,C104291,CARD204237,2025-08-08,7014.13,7014.13,On Time,0
PAY407029,C101303,CARD204571,2025-05-24,14287.87,14287.87,On Time,0
PAY407030,C109071,CARD210114,2026-01-31,11495.5,11495.5,On Time,0
PAY407031,C106572,CARD203383,2026-07-15,3286.02,3286.02,Late,14
PAY407032,C100263,CARD207956,2025-05-14,11731.87,11731.87,On Time,0
PAY407033,C102682,CARD209496,2026-05-27,5301.06,5301.06,Late,11
PAY407034,C100907,CARD209732,2026-02-04,3551.36,3551.36,On Time,0
PAY407035,C107813,CARD204165,2025-12-28,9792.59,3211.15,Partial,60
PAY407036,C103209,CARD204634,2026-08-28,9838.41,9838.41,On Time,0
PAY407037,C109991,CARD203471,2025-06-08,3300.06,3300.06,On Time,0
PAY407038,C105203,CARD204872,2026-01-31,2702.34,2702.34,Late,8
PAY407039,C102691,CARD204070,2025-10-11,4787.83,4787.83,On Time,0
PAY407040,C101899,CARD211076,2025-11-09,6127.6,6127.6,On Time,0
PAY407041,C106884,CARD205361,2025-02-18,2275.93,2275.93,On Time,0
PAY407042,C106388,CARD204446,2026-08-24,2848.9,2848.9,On Time,0
PAY407043,C108192,CARD208827,2026-03-01,5685.54,5685.54,On Time,0
PAY407044,C108844,CARD206585,2025-01-11,9227.68,9227.68,Late,25
PAY407045,C103046,CARD206351,2025-12-23,4147.51,1037.13,Partial,56
PAY407046,C101215,CARD200179,2025-01-09,1714.74,1714.74,On Time,0
PAY407047,C106624,CARD208232,2025-11-27,6377.05,6377.05,On Time,0
PAY407048,C105743,CARD210343,2025-04-21,10234.57,912.25,Missed,62
PAY407049,C105152,CARD200235,2025-10-03,7670.18,7670.18,On Time,0
PAY407050,C101746,CARD200729,2025-11-06,1000.0,1000.0,On Time,0
PAY407051,C106582,CARD211364,2025-06-10,8160.04,8160.04,On Time,0
PAY407052,C104123,CARD205988,2025-04-19,22741.81,22741.81,On Time,0
PAY407053,C109188,CARD209745,2025-06-05,4794.25,4794.25,On Time,0
PAY407054,C106672,CARD201809,2026-05-30,13003.83,13003.83,On Time,0
PAY407055,C103679,CARD201611,2026-01-10,7920.02,7920.02,On Time,0
PAY407056,C106771,CARD208300,2026-03-24,4664.16,4664.16,On Time,0
PAY407057,C107591,CARD211391,2025-11-24,9225.04,9225.04,On Time,0
PAY407058,C108318,CARD211153,2026-05-16,6211.33,6211.33,On Time,0
PAY407059,C107554,CARD211095,2026-06-14,6553.93,6553.93,On Time,0
PAY407060,C104607,CARD210808,2025-06-14,29235.76,29235.76,On Time,0
PAY407061,C101351,CARD201148,2025-07-30,19953.6,19953.6,On Time,0
PAY407062,C104154,CARD204109,2025-11-20,5199.6,5199.6,On Time,0
PAY407063,C108768,CARD203215,2026-08-14,6062.42,173.13,Missed,108
PAY407064,C103608,CARD200746,2025-06-06,15467.0,15467.0,On Time,0
PAY407065,C108039,CARD201575,2025-01-25,4564.76,4564.76,On Time,0
PAY407066,C100996,CARD208437,2025-04-29,1461.43,1461.43,On Time,0
PAY407067,C104685,CARD200498,2026-05-30,6921.78,6921.78,On Time,0
PAY407068,C104997,CARD204836,2026-08-31,18552.43,18552.43,On Time,0
PAY407069,C107854,CARD207907,2025-06-20,1620.93,1620.93,Late,2
PAY407070,C108417,CARD202830,2026-04-29,8444.47,8444.47,On Time,0
PAY407071,C100611,CARD207025,2026-08-04,1965.06,1965.06,On Time,0
PAY407072,C104929,CARD203755,2025-12-09,7874.31,7874.31,On Time,0
PAY407073,C103710,CARD207922,2025-10-11,16195.42,1822.56,Missed,95
PAY407074,C106725,CARD210423,2026-08-13,1670.37,1670.37,On Time,0
PAY407075,C101490,CARD210386,2026-03-19,4584.45,4584.45,Late,2
PAY407076,C105720,CARD202862,2026-08-14,2293.5,275.44,Missed,63
PAY407077,C103676,CARD204633,2025-04-12,10325.07,10325.07,On Time,0
PAY407078,C101548,CARD200924,2025-11-19,6534.06,6534.06,On Time,0
PAY407079,C101798,CARD208520,2026-05-02,5139.74,5139.74,On Time,0
PAY407080,C106155,CARD203727,2025-11-26,17955.78,17955.78,On Time,0
PAY407081,C109881,CARD207896,2025-04-24,2547.3,2547.3,Late,3
PAY407082,C103585,CARD200372,2025-04-02,4192.94,4192.94,On Time,0
PAY407083,C109717,CARD200782,2025-01-22,23101.35,23101.35,On Time,0
PAY407084,C103560,CARD205057,2026-04-08,3456.16,3456.16,On Time,0
PAY407085,C100050,CARD206565,2026-05-17,5351.92,5351.92,On Time,0
PAY407086,C107074,CARD203863,2025-03-10,4430.0,4430.0,On Time,0
PAY407087,C102969,CARD200193,2026-06-19,3613.39,3613.39,On Time,0
PAY407088,C101626,CARD211407,2025-12-06,5255.97,5255.97,Late,25
PAY407089,C109657,CARD210078,2025-10-22,13839.16,13839.16,On Time,0
PAY407090,C103103,CARD204146,2026-03-15,6715.31,6715.31,On Time,0
PAY407091,C101901,CARD208310,2026-04-18,7254.48,4946.2,Partial,20
PAY407092,C104102,CARD200061,2025-04-07,8199.96,8199.96,Late,9
PAY407093,C107298,CARD211414,2025-06-06,23637.76,23637.76,On Time,0
PAY407094,C102926,CARD204164,2025-07-25,6111.75,6111.75,On Time,0
PAY407095,C108464,CARD207005,2025-08-22,3091.88,2129.97,Partial,29
PAY407096,C108603,CARD207365,2025-10-01,12262.39,12262.39,On Time,0
PAY407097,C105343,CARD205339,2026-05-16,11191.07,4655.9,Partial,20
PAY407098,C101306,CARD205966,2025-09-11,8717.42,4839.39,Partial,15
PAY407099,C106195,CARD203718,2025-05-20,13979.94,13979.94,Late,20
PAY407100,C100566,CARD202248,2025-06-24,2369.23,2369.23,On Time,0
PAY407101,C101765,CARD202875,2025-05-31,14734.55,14734.55,On Time,0
PAY407102,C106791,CARD206851,2025-08-21,2621.08,2621.08,Late,29
PAY407103,C102971,CARD209084,2026-03-22,5909.59,5909.59,On Time,0
PAY407104,C107614,CARD210821,2026-07-13,2681.72,2681.72,On Time,0
PAY407105,C109794,CARD204110,2025-10-02,3226.31,3226.31,Late,26
PAY407106,C103698,CARD203107,2025-08-23,37939.98,2798.05,Missed,49
PAY407107,C107039,CARD200650,2025-10-13,2595.06,2595.06,On Time,0
PAY407108,C109637,CARD204890,2026-07-07,5206.0,5206.0,On Time,0
PAY407109,C107353,CARD207400,2025-08-22,4575.21,4575.21,On Time,0
PAY407110,C103523,CARD200044,2026-01-19,14665.73,14665.73,On Time,0
PAY407111,C107450,CARD201341,2026-06-25,10980.51,10980.51,On Time,0
PAY407112,C108345,CARD211106,2026-05-23,1598.36,1598.36,On Time,0
PAY407113,C103867,CARD205401,2026-03-14,3198.8,3198.8,On Time,0
PAY407114,C109334,CARD201718,2026-08-25,5736.49,5736.49,On Time,0
PAY407115,C109225,CARD209942,2025-06-22,3602.97,3602.97,On Time,0
PAY407116,C104382,CARD206980,2025-05-01,30857.02,30857.02,On Time,0
PAY407117,C103819,CARD205457,2026-08-05,8694.15,2723.15,Partial,10
PAY407118,C104226,CARD211855,2026-03-19,5285.96,5285.96,On Time,0
PAY407119,C107566,CARD205777,2026-08-10,5339.18,5339.18,On Time,0
PAY407120,C104893,CARD202885,2026-05-23,5594.64,5594.64,On Time,0
PAY407121,C101181,CARD209807,2025-01-29,3258.57,3258.57,On Time,0
PAY407122,C106361,CARD208348,2026-05-14,5991.39,4209.6,Partial,28
PAY407123,C102280,CARD210253,2025-09-15,4300.01,4300.01,Late,6
PAY407124,C107333,CARD202396,2025-01-12,6732.14,6732.14,On Time,0
PAY407125,C106376,CARD209997,2026-07-09,10203.04,10203.04,Late,26
PAY407126,C103441,CARD209824,2025-10-21,5855.74,5855.74,Late,15
PAY407127,C101030,CARD209471,2025-07-12,12593.11,12593.11,On Time,0
PAY407128,C101377,CARD204746,2026-05-15,5136.44,5136.44,On Time,0
PAY407129,C102765,CARD205122,2025-02-22,7513.6,2420.96,Partial,11
PAY407130,C106759,CARD202141,2025-09-04,6488.52,6488.52,On Time,0
PAY407131,C104166,CARD205895,2025-05-17,12036.17,12036.17,On Time,0
PAY407132,C100547,CARD203211,2025-04-23,14494.78,14494.78,On Time,0
PAY407133,C105343,CARD205339,2025-10-02,10687.83,10687.83,On Time,0
PAY407134,C108204,CARD201865,2025-03-01,7103.14,7103.14,On Time,0
PAY407135,C103527,CARD203981,2025-11-30,4364.66,4364.66,On Time,0
PAY407136,C106422,CARD203288,2025-12-05,6372.07,6372.07,On Time,0
PAY407137,C102017,CARD205357,2026-06-04,4329.31,4329.31,On Time,0
PAY407138,C100302,CARD205591,2025-01-18,2756.78,2756.78,On Time,0
PAY407139,C102313,CARD200851,2026-07-04,1969.68,1969.68,On Time,0
PAY407140,C107883,CARD200273,2025-08-24,4760.68,4760.68,Late,23
PAY407141,C107754,CARD200514,2026-01-05,7111.98,7111.98,On Time,0
PAY407142,C105493,CARD206476,2026-07-13,18085.95,5361.77,Partial,39
PAY407143,C105995,CARD209640,2026-08-24,3349.36,3349.36,Late,12
PAY407144,C107222,CARD205244,2025-10-04,3438.87,3438.87,On Time,0
PAY407145,C104547,CARD208651,2025-07-06,2158.1,2158.1,On Time,0
PAY407146,C104073,CARD209141,2025-05-30,9075.89,9075.89,On Time,0
PAY407147,C102320,CARD209625,2026-01-23,4337.24,460.96,Missed,74
PAY407148,C101952,CARD205484,2025-04-14,14902.03,14902.03,Late,18
PAY407149,C102140,CARD205877,2025-03-21,2480.13,2480.13,On Time,0
PAY407150,C108743,CARD210178,2026-05-26,3391.93,3391.93,On Time,0
PAY407151,C106923,CARD203046,2025-07-18,3960.22,3960.22,On Time,0
PAY407152,C104937,CARD200279,2025-01-28,6086.99,6086.99,On Time,0
PAY407153,C106173,CARD211350,2026-07-28,30786.8,30786.8,On Time,0
PAY407154,C100125,CARD201074,2026-06-05,5298.65,5298.65,On Time,0
PAY407155,C102898,CARD206101,2026-03-20,6298.37,822.72,Missed,89
PAY407156,C100318,CARD206630,2026-06-10,3996.65,3996.65,On Time,0
PAY407157,C103592,CARD204689,2025-03-26,3361.43,3361.43,On Time,0
PAY407158,C101052,CARD206029,2026-04-26,11617.07,11617.07,On Time,0
PAY407159,C106457,CARD209958,2026-03-10,9275.43,9275.43,On Time,0
PAY407160,C108558,CARD211341,2025-11-26,4046.19,2506.55,Partial,45
PAY407161,C106048,CARD210326,2026-07-12,9331.14,9331.14,Late,19
PAY407162,C109201,CARD207039,2026-04-13,4758.81,3916.08,Partial,56
PAY407163,C101687,CARD201671,2026-08-15,4835.24,4835.24,On Time,0
PAY407164,C101494,CARD206062,2025-12-24,7676.38,7676.38,On Time,0
PAY407165,C103890,CARD206531,2025-03-06,9002.97,9002.97,On Time,0
PAY407166,C103099,CARD210391,2025-10-03,5562.21,5562.21,Late,1
PAY407167,C108627,CARD210902,2025-08-21,3199.22,3199.22,Late,26
PAY407168,C109410,CARD206332,2026-03-22,5162.72,5162.72,On Time,0
PAY407169,C102835,CARD202382,2025-03-12,10558.08,10558.08,On Time,0
PAY407170,C109406,CARD209101,2025-03-22,4977.77,4977.77,On Time,0
PAY407171,C104793,CARD209332,2025-01-29,3701.18,3701.18,On Time,0
PAY407172,C108563,CARD201614,2025-01-13,4344.85,4344.85,On Time,0
PAY407173,C104135,CARD209500,2025-09-05,2304.54,2304.54,On Time,0
PAY407174,C107448,CARD201547,2025-07-23,12307.92,12307.92,On Time,0
PAY407175,C106579,CARD211377,2025-06-24,9613.24,9613.24,Late,22
PAY407176,C108161,CARD204287,2026-04-07,25713.65,25713.65,On Time,0
PAY407177,C102103,CARD205338,2026-03-28,5024.38,5024.38,On Time,0
PAY407178,C104943,CARD211595,2025-06-22,5063.46,5063.46,On Time,0
PAY407179,C106185,CARD204423,2026-06-19,8893.35,8893.35,Late,29
PAY407180,C100457,CARD211070,2025-12-28,3330.26,3330.26,On Time,0
PAY407181,C104534,CARD208671,2025-09-22,10759.38,10759.38,On Time,0
PAY407182,C108994,CARD202601,2025-12-19,8581.88,8581.88,On Time,0
PAY407183,C100419,CARD210297,2025-03-23,12003.26,12003.26,On Time,0
PAY407184,C109507,CARD206563,2025-05-15,7163.47,7163.47,On Time,0
PAY407185,C104211,CARD203086,2025-02-06,4391.3,4391.3,On Time,0
PAY407186,C101649,CARD205036,2025-02-16,8165.1,8165.1,On Time,0
PAY407187,C100699,CARD211663,2025-01-12,1884.73,1884.73,On Time,0
PAY407188,C103257,CARD200504,2026-07-28,2847.78,941.36,Partial,17
PAY407189,C101431,CARD209657,2025-01-21,2322.31,2322.31,On Time,0
PAY407190,C102343,CARD202342,2025-09-10,3631.35,491.6,Missed,53
PAY407191,C106834,CARD201947,2025-05-23,1328.78,1328.78,On Time,0
PAY407192,C109593,CARD209476,2025-11-29,13795.06,13795.06,On Time,0
PAY407193,C106417,CARD200512,2026-03-11,2366.79,2366.79,On Time,0
PAY407194,C100527,CARD208003,2025-02-11,7560.5,868.44,Missed,54
PAY407195,C100267,CARD206880,2025-08-02,2785.0,2785.0,On Time,0
PAY407196,C101279,CARD200517,2025-08-31,17206.8,17206.8,On Time,0
PAY407197,C109719,CARD202186,2025-08-18,6477.45,6477.45,On Time,0
PAY407198,C108566,CARD209584,2025-04-24,4614.78,4614.78,On Time,0
PAY407199,C104512,CARD202432,2026-07-30,8123.88,8123.88,Late,2
PAY407200,C109911,CARD201635,2025-08-19,6049.31,6049.31,On Time,0
PAY407201,C104288,CARD203106,2025-03-16,12658.66,12658.66,On Time,0
PAY407202,C109631,CARD207756,2026-01-23,2445.85,2445.85,On Time,0
PAY407203,C109845,CARD202687,2026-03-31,1399.05,1399.05,On Time,0
PAY407204,C100279,CARD203241,2025-02-24,7384.22,7384.22,On Time,0
PAY407205,C104759,CARD206217,2025-08-31,12049.68,5874.0,Partial,4
PAY407206,C104918,CARD204383,2025-12-21,2351.0,2351.0,On Time,0
PAY407207,C102162,CARD201565,2025-03-29,5254.48,5254.48,On Time,0
PAY407208,C106231,CARD201604,2026-04-26,2468.04,2468.04,On Time,0
PAY407209,C108049,CARD211660,2025-12-10,11216.64,11216.64,On Time,0
PAY407210,C104064,CARD209000,2026-08-06,10656.3,10656.3,On Time,0
PAY407211,C106632,CARD211220,2026-04-04,1846.01,1506.28,Partial,20
PAY407212,C102056,CARD210389,2025-08-13,7746.2,7746.2,On Time,0
PAY407213,C106819,CARD210122,2025-08-12,8381.97,8381.97,On Time,0
PAY407214,C102476,CARD202132,2026-03-20,10358.26,10358.26,On Time,0
PAY407215,C105874,CARD209755,2025-01-28,6980.0,6980.0,On Time,0
PAY407216,C109574,CARD206189,2025-01-16,9344.36,9344.36,On Time,0
PAY407217,C106661,CARD205312,2026-02-26,12702.16,12702.16,On Time,0
PAY407218,C107875,CARD211657,2025-11-20,9348.98,9348.98,On Time,0
PAY407219,C103112,CARD207804,2026-03-01,3472.57,3472.57,On Time,0
PAY407220,C104927,CARD204575,2026-01-06,25127.04,25127.04,On Time,0
PAY407221,C106779,CARD205604,2025-03-23,4583.7,4583.7,On Time,0
PAY407222,C108945,CARD205448,2025-07-16,3643.73,1112.92,Partial,26
PAY407223,C107017,CARD200194,2026-03-28,3919.27,3919.27,On Time,0
PAY407224,C108823,CARD211169,2025-08-07,3169.14,3169.14,On Time,0
PAY407225,C106759,CARD202141,2025-09-04,5151.05,5151.05,Late,1
PAY407226,C107630,CARD205763,2025-05-16,11756.8,3861.84,Partial,20
PAY407227,C107555,CARD204716,2026-05-26,13235.49,13235.49,Late,14
PAY407228,C108432,CARD208518,2026-03-21,5070.0,5070.0,On Time,0
PAY407229,C106322,CARD202234,2025-08-18,9115.44,9115.44,On Time,0
PAY407230,C108870,CARD207474,2026-01-22,5769.87,5769.87,On Time,0
PAY407231,C105675,CARD210971,2025-01-22,4994.2,4994.2,On Time,0
PAY407232,C105679,CARD210009,2026-04-12,3075.9,3075.9,On Time,0
PAY407233,C102766,CARD200447,2026-08-22,3210.78,3210.78,On Time,0
PAY407234,C103320,CARD201041,2026-02-26,19049.11,19049.11,Late,25
PAY407235,C107335,CARD208049,2025-06-02,5266.08,5266.08,On Time,0
PAY407236,C104710,CARD206234,2026-08-19,2075.47,2075.47,On Time,0
PAY407237,C105404,CARD201220,2025-10-10,16765.73,16765.73,On Time,0
PAY407238,C105628,CARD201052,2026-05-21,8971.13,8971.13,Late,26
PAY407239,C101008,CARD201069,2025-02-09,16872.1,16872.1,On Time,0
PAY407240,C103584,CARD209326,2026-04-03,4526.24,4526.24,On Time,0
PAY407241,C102767,CARD207268,2025-08-09,2823.02,2823.02,On Time,0
PAY407242,C106845,CARD211814,2025-03-07,9193.74,9193.74,On Time,0
PAY407243,C105118,CARD211063,2026-07-03,20346.22,20346.22,On Time,0
PAY407244,C106463,CARD211650,2025-12-26,3570.29,3570.29,On Time,0
PAY407245,C107856,CARD204392,2026-08-08,3536.18,3536.18,On Time,0
PAY407246,C106968,CARD200725,2025-06-04,8198.78,8198.78,Late,29
PAY407247,C100547,CARD203211,2026-07-27,9779.74,9779.74,On Time,0
PAY407248,C107273,CARD208869,2026-07-09,8026.47,8026.47,On Time,0
PAY407249,C105359,CARD208256,2025-12-08,3941.12,3941.12,On Time,0
PAY407250,C106737,CARD203075,2026-03-05,3571.07,3571.07,Late,18
PAY407251,C104956,CARD202256,2025-07-01,13889.73,13889.73,On Time,0
PAY407252,C106227,CARD206681,2025-03-29,4733.76,4733.76,On Time,0
PAY407253,C105426,CARD204983,2026-05-02,8849.61,8849.61,On Time,0
PAY407254,C103634,CARD203462,2025-12-22,17822.94,17822.94,On Time,0
PAY407255,C105663,CARD209383,2025-07-31,4504.39,4504.39,On Time,0
PAY407256,C107189,CARD201025,2025-06-16,7155.12,7155.12,On Time,0
PAY407257,C105543,CARD207123,2025-08-16,6954.03,6954.03,Late,28
PAY407258,C108062,CARD205781,2025-06-02,2396.87,2396.87,Late,15
PAY407259,C108762,CARD205503,2025-07-02,20687.9,20687.9,On Time,0
PAY407260,C103393,CARD207897,2025-06-02,9025.03,9025.03,Late,13
PAY407261,C105173,CARD209924,2025-12-16,7761.75,7761.75,On Time,0
PAY407262,C104467,CARD210462,2025-05-19,96211.07,96211.07,Late,2
PAY407263,C109621,CARD210738,2025-02-13,6238.01,6238.01,Late,15
PAY407264,C100417,CARD204918,2025-10-28,2422.42,2422.42,On Time,0
PAY407265,C101733,CARD207048,2025-07-22,2327.23,2327.23,On Time,0
PAY407266,C100682,CARD200705,2025-01-19,11230.4,11230.4,On Time,0
PAY407267,C106773,CARD204750,2026-05-10,4084.6,1983.6,Partial,51
PAY407268,C100505,CARD205937,2025-10-01,3777.84,3777.84,On Time,0
PAY407269,C100832,CARD211927,2025-05-20,4298.38,4298.38,On Time,0
PAY407270,C105290,CARD204367,2025-09-29,2556.62,2556.62,On Time,0
PAY407271,C100597,CARD207407,2026-06-23,8380.48,8380.48,On Time,0
PAY407272,C100127,CARD200069,2026-04-15,4663.35,4663.35,On Time,0
PAY407273,C102108,CARD208331,2026-06-05,4907.16,3948.21,Partial,35
PAY407274,C106836,CARD200481,2026-01-27,1000.0,1000.0,On Time,0
PAY407275,C100475,CARD211066,2026-07-24,13574.58,13574.58,On Time,0
PAY407276,C107900,CARD200747,2026-02-28,5694.33,5694.33,On Time,0
PAY407277,C105633,CARD210495,2026-01-25,13511.29,13511.29,Late,18
PAY407278,C102994,CARD208988,2025-09-06,2736.05,2736.05,On Time,0
PAY407279,C108582,CARD211198,2026-01-14,11321.09,11321.09,On Time,0
PAY407280,C100542,CARD204207,2026-03-17,10081.7,7572.86,Partial,16
PAY407281,C107418,CARD210782,2025-06-04,3737.19,3737.19,Late,3
PAY407282,C107291,CARD201555,2025-07-03,25779.95,25779.95,On Time,0
PAY407283,C101503,CARD200703,2025-09-10,5895.97,5895.97,Late,13
PAY407284,C100549,CARD209411,2025-09-25,7583.9,7583.9,On Time,0
PAY407285,C109175,CARD202099,2026-06-15,26410.38,3106.74,Missed,35
PAY407286,C105543,CARD207123,2026-02-13,1602.39,389.46,Partial,48
PAY407287,C106889,CARD202011,2026-07-18,5362.91,5362.91,On Time,0
PAY407288,C101283,CARD207965,2026-02-07,3866.01,3866.01,Late,13
PAY407289,C109731,CARD200855,2025-02-07,2159.01,2159.01,On Time,0
PAY407290,C103878,CARD206839,2025-05-03,8463.65,8463.65,On Time,0
PAY407291,C109425,CARD208199,2025-09-26,1707.41,1707.41,On Time,0
PAY407292,C101039,CARD206519,2026-02-16,1481.97,29.48,Missed,53
PAY407293,C105270,CARD208825,2026-07-24,11323.6,11323.6,On Time,0
PAY407294,C109358,CARD207002,2026-08-12,2145.82,2145.82,On Time,0
PAY407295,C101738,CARD200721,2025-06-29,10095.0,10095.0,On Time,0
PAY407296,C101770,CARD202651,2026-06-13,3438.08,3438.08,On Time,0
PAY407297,C107631,CARD207426,2025-08-21,17840.73,17840.73,On Time,0
PAY407298,C102802,CARD200918,2026-01-28,9589.09,9589.09,On Time,0
PAY407299,C105049,CARD210540,2026-04-18,3968.48,3968.48,On Time,0
PAY407300,C109645,CARD200879,2025-09-12,10267.84,10267.84,On Time,0
PAY407301,C102544,CARD210719,2026-04-18,7150.39,7150.39,On Time,0
PAY407302,C107650,CARD207280,2026-08-07,15227.07,2031.61,Missed,89
PAY407303,C102487,CARD211313,2025-11-29,6592.85,6592.85,On Time,0
PAY407304,C107905,CARD200699,2026-04-01,3681.34,3681.34,On Time,0
PAY407305,C106949,CARD204099,2026-04-03,12804.16,12804.16,Late,18
PAY407306,C109950,CARD205277,2025-06-20,4336.6,4336.6,On Time,0
PAY407307,C105157,CARD206421,2025-11-05,4566.94,4566.94,On Time,0
PAY407308,C109649,CARD211556,2026-03-18,6006.81,6006.81,On Time,0
PAY407309,C108051,CARD207607,2026-05-04,10019.0,10019.0,On Time,0
PAY407310,C107877,CARD201136,2025-03-18,7224.65,7224.65,Late,4
PAY407311,C103496,CARD206649,2025-04-05,7960.95,1815.38,Partial,48
PAY407312,C106838,CARD202438,2026-02-05,1224.05,1224.05,On Time,0
PAY407313,C105072,CARD206233,2026-05-10,11384.19,11384.19,On Time,0
PAY407314,C108502,CARD202088,2026-01-05,11715.85,11715.85,On Time,0
PAY407315,C105385,CARD200026,2026-03-29,24945.64,24945.64,Late,2
PAY407316,C100042,CARD211826,2025-11-12,2247.67,2247.67,On Time,0
PAY407317,C102333,CARD208731,2025-10-29,3653.33,3653.33,On Time,0
PAY407318,C104608,CARD201636,2025-11-22,4199.97,4199.97,On Time,0
PAY407319,C109685,CARD211571,2025-10-02,19978.48,19978.48,On Time,0
PAY407320,C109182,CARD201714,2025-03-22,6111.31,6111.31,On Time,0
PAY407321,C101767,CARD201881,2025-09-28,2967.99,2967.99,On Time,0
PAY407322,C104962,CARD203090,2026-01-02,6329.68,6329.68,Late,28
PAY407323,C100440,CARD202630,2026-07-24,7500.18,7500.18,On Time,0
PAY407324,C109344,CARD204496,2025-12-25,6301.89,6301.89,On Time,0
PAY407325,C106181,CARD211441,2025-01-25,3274.54,3274.54,On Time,0
PAY407326,C106760,CARD208086,2026-08-03,6317.34,102.41,Missed,98
PAY407327,C103927,CARD201262,2026-08-31,10803.29,10803.29,Late,21
PAY407328,C106327,CARD209598,2025-09-11,23505.45,23505.45,On Time,0
PAY407329,C100389,CARD210029,2026-08-30,16879.7,2243.58,Missed,110
PAY407330,C101133,CARD203432,2026-01-10,31723.39,31723.39,On Time,0
PAY407331,C105066,CARD208971,2025-01-14,9846.39,9846.39,On Time,0
PAY407332,C100597,CARD207407,2025-05-09,7838.83,7838.83,On Time,0
PAY407333,C100437,CARD200067,2025-02-24,2618.42,2618.42,On Time,0
PAY407334,C104407,CARD201763,2025-04-12,5880.58,5880.58,On Time,0
PAY407335,C100951,CARD200457,2025-09-04,7448.11,7448.11,On Time,0
PAY407336,C101109,CARD210012,2025-05-21,10047.46,10047.46,On Time,0
PAY407337,C101182,CARD200052,2025-04-18,3380.85,3380.85,On Time,0
PAY407338,C102887,CARD204897,2025-08-07,5054.88,5054.88,On Time,0
PAY407339,C108491,CARD200189,2025-07-02,2161.15,233.64,Missed,38
PAY407340,C104588,CARD210906,2026-02-08,4387.69,4387.69,On Time,0
PAY407341,C102861,CARD206246,2026-02-17,4847.7,4847.7,On Time,0
PAY407342,C101908,CARD201929,2025-04-15,8936.06,8936.06,On Time,0
PAY407343,C109527,CARD205410,2025-06-25,6756.77,6756.77,On Time,0
PAY407344,C100420,CARD203287,2025-10-08,3240.71,3240.71,On Time,0
PAY407345,C107904,CARD201131,2025-12-23,5954.93,4511.72,Partial,50
PAY407346,C103274,CARD205464,2025-07-04,5919.48,5919.48,On Time,0
PAY407347,C102857,CARD202887,2025-09-10,10142.31,10142.31,On Time,0
PAY407348,C108064,CARD207938,2026-07-16,15580.68,7209.34,Partial,31
PAY407349,C108607,CARD207510,2025-02-25,4027.5,4027.5,On Time,0
PAY407350,C107896,CARD209428,2026-02-03,1093.46,1093.46,On Time,0
PAY407351,C105154,CARD202886,2026-08-12,2906.6,2906.6,Late,26
PAY407352,C100456,CARD202968,2025-08-16,8704.79,8704.79,On Time,0
PAY407353,C102134,CARD202194,2026-05-09,3395.99,3395.99,On Time,0
PAY407354,C109934,CARD200183,2026-07-18,10136.74,10136.74,On Time,0
PAY407355,C106951,CARD201426,2025-06-20,8392.94,8392.94,Late,6
PAY407356,C105272,CARD207028,2025-07-13,7167.16,4040.59,Partial,45
PAY407357,C102326,CARD201945,2025-04-12,6109.2,6109.2,On Time,0
PAY407358,C109488,CARD204548,2025-05-30,28930.04,28930.04,On Time,0
PAY407359,C108774,CARD206887,2025-03-27,3329.29,3329.29,On Time,0
PAY407360,C106597,CARD209229,2026-04-23,4704.28,4704.28,Late,19
PAY407361,C107488,CARD202137,2025-02-10,12413.63,12413.63,On Time,0
PAY407362,C102559,CARD209242,2025-07-03,12294.08,12294.08,Late,10
PAY407363,C100218,CARD209552,2025-03-02,3467.02,3467.02,On Time,0
PAY407364,C103581,CARD207645,2025-12-23,3621.29,808.88,Partial,45
PAY407365,C106085,CARD210912,2025-11-13,9894.29,9894.29,On Time,0
PAY407366,C102863,CARD206561,2025-06-11,2726.01,2726.01,On Time,0
PAY407367,C107637,CARD208599,2026-04-29,14030.97,14030.97,On Time,0
PAY407368,C103680,CARD201659,2026-08-30,6461.36,3094.65,Partial,32
PAY407369,C108838,CARD206676,2025-02-07,5023.4,5023.4,Late,21
PAY407370,C104488,CARD201827,2025-09-10,2399.14,2399.14,On Time,0
PAY407371,C100405,CARD208699,2025-05-27,3797.52,3797.52,On Time,0
PAY407372,C103009,CARD207509,2026-05-27,12132.81,12132.81,On Time,0
PAY407373,C105901,CARD200129,2025-11-23,5458.91,5458.91,On Time,0
PAY407374,C102341,CARD211576,2026-04-21,11605.5,11605.5,On Time,0
PAY407375,C100692,CARD206282,2025-06-15,3318.66,3318.66,On Time,0
PAY407376,C106231,CARD205032,2025-12-15,5326.16,5326.16,On Time,0
PAY407377,C106201,CARD200695,2025-01-13,2736.35,2736.35,On Time,0
PAY407378,C109566,CARD202465,2025-08-21,11739.98,11739.98,On Time,0
PAY407379,C102256,CARD209832,2025-07-09,18790.83,18790.83,Late,17
PAY407380,C109416,CARD201858,2026-04-25,6776.27,6776.27,Late,3
PAY407381,C106224,CARD205097,2026-05-21,4645.69,4645.69,Late,8
PAY407382,C109523,CARD205135,2025-10-27,6864.66,6864.66,On Time,0
PAY407383,C102219,CARD202723,2025-02-02,7962.23,7962.23,On Time,0
PAY407384,C109847,CARD205346,2026-02-25,5475.73,5475.73,On Time,0
PAY407385,C103931,CARD205997,2025-04-21,1969.3,1969.3,On Time,0
PAY407386,C100589,CARD203621,2025-01-29,11925.01,11925.01,On Time,0
PAY407387,C105254,CARD208055,2025-04-17,1899.86,1899.86,On Time,0
PAY407388,C100644,CARD202053,2025-12-11,5512.71,5512.71,On Time,0
PAY407389,C106380,CARD200015,2026-05-14,3825.13,3825.13,On Time,0
PAY407390,C106288,CARD204319,2026-05-26,4600.28,4600.28,On Time,0
PAY407391,C102111,CARD206153,2025-10-25,8803.68,8803.68,On Time,0
PAY407392,C105428,CARD204603,2026-06-02,3915.06,3915.06,On Time,0
PAY407393,C102577,CARD210095,2026-07-02,5653.77,5653.77,On Time,0
PAY407394,C106572,CARD203383,2026-01-31,4430.63,4430.63,On Time,0
PAY407395,C105860,CARD209555,2025-02-11,3049.7,3049.7,On Time,0
PAY407396,C109598,CARD200835,2025-11-25,6616.7,6616.7,On Time,0
PAY407397,C106098,CARD200181,2025-04-19,4613.64,4613.64,On Time,0
PAY407398,C107856,CARD204392,2025-09-22,2370.19,2370.19,On Time,0
PAY407399,C105524,CARD210044,2025-01-09,11999.73,11999.73,On Time,0
PAY407400,C105181,CARD211605,2025-11-27,13387.75,13387.75,On Time,0
PAY407401,C109759,CARD202172,2026-02-24,3307.04,3307.04,On Time,0
PAY407402,C108666,CARD206714,2026-02-15,2498.86,2498.86,On Time,0
PAY407403,C101394,CARD205113,2025-09-17,2256.82,2256.82,On Time,0
PAY407404,C107864,CARD209040,2026-02-01,8884.57,5220.76,Partial,49
PAY407405,C101430,CARD201779,2026-08-25,3757.04,427.23,Missed,52
PAY407406,C109702,CARD202090,2025-09-14,3483.76,3483.76,On Time,0
PAY407407,C100660,CARD200226,2025-07-19,3829.64,3022.66,Partial,26
PAY407408,C106576,CARD207127,2026-08-04,4242.91,4242.91,On Time,0
PAY407409,C109176,CARD203009,2025-07-20,2898.95,2898.95,On Time,0
PAY407410,C103811,CARD207071,2026-05-10,5904.16,5904.16,On Time,0
PAY407411,C105446,CARD200681,2026-06-11,4416.19,4416.19,On Time,0
PAY407412,C106258,CARD200697,2025-09-13,6801.59,6801.59,Late,14
PAY407413,C109505,CARD208629,2025-12-14,2203.75,314.29,Missed,102
PAY407414,C108319,CARD209897,2025-05-22,3960.3,3960.3,On Time,0
PAY407415,C105299,CARD208033,2025-03-03,12228.02,12228.02,On Time,0
PAY407416,C108829,CARD205905,2026-01-24,25477.8,25477.8,On Time,0
PAY407417,C108237,CARD203472,2025-09-20,20742.18,20742.18,On Time,0
PAY407418,C106365,CARD202264,2025-12-12,9478.35,9478.35,On Time,0
PAY407419,C101026,CARD201132,2025-10-23,2280.38,2280.38,On Time,0
PAY407420,C108144,CARD209856,2026-01-15,6538.22,6538.22,On Time,0
PAY407421,C105540,CARD211820,2026-01-05,10684.85,10684.85,On Time,0
PAY407422,C105457,CARD207439,2026-02-07,25244.0,25244.0,Late,19
PAY407423,C101831,CARD211004,2025-10-30,5190.17,5190.17,On Time,0
PAY407424,C102989,CARD200355,2025-07-23,2153.59,2153.59,On Time,0
PAY407425,C104626,CARD208974,2025-12-14,8902.46,8902.46,On Time,0
PAY407426,C102476,CARD202132,2026-03-20,4658.84,4658.84,On Time,0
PAY407427,C102905,CARD205248,2025-04-08,7220.54,7220.54,On Time,0
PAY407428,C104068,CARD209809,2025-09-05,7986.1,4811.45,Partial,52
PAY407429,C107164,CARD205748,2026-01-22,12292.36,8768.78,Partial,34
PAY407430,C103552,CARD206899,2025-11-27,5643.43,5643.43,Late,28
PAY407431,C105360,CARD200766,2026-02-08,1463.74,1463.74,On Time,0
PAY407432,C102429,CARD202154,2026-03-15,7620.47,7620.47,On Time,0
PAY407433,C105640,CARD211641,2026-01-26,5119.55,5119.55,On Time,0
PAY407434,C107684,CARD206765,2025-06-30,1103.46,1103.46,On Time,0
PAY407435,C105239,CARD206510,2025-02-15,1868.3,1150.27,Partial,36
PAY407436,C100408,CARD205955,2025-02-08,11482.57,11482.57,On Time,0
PAY407437,C109112,CARD204034,2026-08-03,3612.04,3612.04,On Time,0
PAY407438,C101341,CARD206889,2025-05-31,15204.9,15204.9,On Time,0
PAY407439,C106480,CARD200394,2025-11-08,5196.84,5196.84,On Time,0
PAY407440,C101108,CARD211124,2026-01-28,2973.77,2973.77,On Time,0
PAY407441,C109085,CARD201458,2026-08-18,4933.2,4933.2,On Time,0
PAY407442,C103513,CARD211652,2025-02-13,74852.88,5964.17,Missed,41
PAY407443,C107499,CARD207342,2025-11-30,2280.54,2280.54,On Time,0
PAY407444,C107904,CARD201131,2025-09-25,10596.65,10596.65,On Time,0
PAY407445,C108434,CARD203118,2025-01-18,2415.64,2415.64,On Time,0
PAY407446,C101784,CARD211139,2026-08-05,1706.95,1706.95,Late,19
PAY407447,C109888,CARD206012,2026-08-14,5697.67,5697.67,Late,30
PAY407448,C100206,CARD201080,2026-07-18,5819.83,5819.83,On Time,0
PAY407449,C104706,CARD209039,2026-05-30,4677.6,4677.6,On Time,0
PAY407450,C103285,CARD204254,2026-07-28,7181.44,4572.24,Partial,53
PAY407451,C108901,CARD209964,2025-09-25,4844.81,2398.05,Partial,57
PAY407452,C102497,CARD200108,2025-02-22,15947.0,15947.0,On Time,0
PAY407453,C106566,CARD209636,2026-01-29,7387.44,7387.44,On Time,0
PAY407454,C101205,CARD205898,2026-06-11,8830.4,8830.4,On Time,0
PAY407455,C108627,CARD210902,2025-08-21,4167.77,4167.77,On Time,0
PAY407456,C102092,CARD210316,2025-12-14,3466.75,3466.75,On Time,0
PAY407457,C109499,CARD200638,2026-04-30,28010.66,28010.66,On Time,0
PAY407458,C102936,CARD202549,2025-08-01,10494.4,10494.4,On Time,0
PAY407459,C108557,CARD204841,2026-03-13,6767.4,6767.4,On Time,0
PAY407460,C104106,CARD208455,2026-03-01,4373.83,4373.83,On Time,0
PAY407461,C108748,CARD200197,2025-07-23,3375.86,3375.86,On Time,0
PAY407462,C103866,CARD206738,2025-02-04,5698.22,5698.22,On Time,0
PAY407463,C104216,CARD203879,2026-04-07,4744.34,4744.34,On Time,0
PAY407464,C109223,CARD204480,2026-06-08,3099.73,3099.73,Late,1
PAY407465,C100419,CARD210297,2025-10-17,2835.97,2835.97,On Time,0
PAY407466,C107628,CARD201211,2025-02-14,24639.73,24639.73,On Time,0
PAY407467,C106906,CARD211410,2025-02-20,26495.39,26495.39,On Time,0
PAY407468,C102739,CARD202152,2025-05-04,7142.61,7142.61,On Time,0
PAY407469,C103610,CARD211725,2026-06-02,5616.34,5616.34,On Time,0
PAY407470,C108090,CARD211328,2025-02-03,3027.42,3027.42,On Time,0
PAY407471,C102384,CARD202694,2025-11-13,4435.97,4435.97,On Time,0
PAY407472,C102118,CARD210317,2025-01-17,7783.03,1046.26,Missed,37
PAY407473,C104521,CARD209820,2026-06-19,4800.45,4800.45,Late,30
PAY407474,C109035,CARD200422,2025-03-04,9180.99,9180.99,Late,8
PAY407475,C104776,CARD203950,2025-06-13,3285.8,3285.8,On Time,0
PAY407476,C109815,CARD207358,2025-06-01,2112.6,1516.47,Partial,7
PAY407477,C100721,CARD210205,2025-07-15,1488.97,1488.97,On Time,0
PAY407478,C100555,CARD206314,2025-03-07,3614.05,3614.05,On Time,0
PAY407479,C102504,CARD201549,2025-05-24,5085.33,5085.33,On Time,0
PAY407480,C105007,CARD200686,2025-09-03,7006.53,7006.53,On Time,0
PAY407481,C107582,CARD203527,2025-07-07,5033.86,295.89,Missed,59
PAY407482,C101239,CARD201759,2026-04-02,3596.16,3596.16,On Time,0
PAY407483,C105485,CARD204808,2026-02-18,4125.63,4125.63,On Time,0
PAY407484,C108887,CARD204594,2026-03-28,3765.52,3765.52,On Time,0
PAY407485,C100005,CARD201173,2025-01-18,13033.16,13033.16,Late,2
PAY407486,C100939,CARD203814,2025-11-16,7085.62,7085.62,Late,16
PAY407487,C105097,CARD205513,2026-01-20,5093.32,5093.32,On Time,0
PAY407488,C100874,CARD210697,2026-03-13,5653.89,5653.89,Late,14
PAY407489,C105280,CARD206489,2025-07-20,3937.37,3937.37,On Time,0
PAY407490,C101339,CARD211930,2025-03-14,3640.52,3640.52,On Time,0
PAY407491,C103885,CARD211971,2025-05-16,2004.26,2004.26,On Time,0
PAY407492,C101839,CARD205419,2025-07-12,4926.56,4926.56,On Time,0
PAY407493,C101843,CARD201560,2025-10-03,7753.57,7753.57,On Time,0
PAY407494,C101574,CARD206902,2026-05-22,15347.04,15347.04,On Time,0
PAY407495,C108600,CARD204462,2025-04-27,5621.37,5621.37,On Time,0
PAY407496,C102546,CARD204336,2026-08-08,10210.93,10210.93,On Time,0
PAY407497,C108387,CARD207781,2026-08-27,11907.7,11907.7,On Time,0
PAY407498,C106267,CARD202413,2026-03-06,3468.03,3468.03,Late,7
PAY407499,C106987,CARD201634,2025-02-03,12046.33,12046.33,On Time,0
PAY407500,C107567,CARD211281,2025-09-22,8950.49,8950.49,On Time,0
PAY407501,C106478,CARD211130,2025-01-26,2443.81,2443.81,On Time,0
PAY407502,C100725,CARD202030,2025-05-17,3565.82,3565.82,Late,27
PAY407503,C104156,CARD203588,2026-05-07,2999.88,2999.88,Late,10
PAY407504,C104079,CARD210191,2025-07-09,3515.9,3515.9,On Time,0
PAY407505,C108580,CARD207912,2026-03-08,10910.38,10910.38,On Time,0
PAY407506,C106797,CARD203242,2026-03-18,10135.22,10135.22,On Time,0
PAY407507,C104000,CARD204228,2025-03-21,3541.78,3541.78,On Time,0
PAY407508,C106068,CARD200062,2025-04-26,3504.47,3504.47,On Time,0
PAY407509,C108300,CARD207279,2026-03-14,2602.2,2602.2,On Time,0
PAY407510,C105133,CARD207984,2025-05-20,1846.26,895.99,Partial,53
PAY407511,C102377,CARD206251,2026-08-14,20694.67,20694.67,On Time,0
PAY407512,C105279,CARD205251,2026-05-30,38989.28,38989.28,On Time,0
PAY407513,C104519,CARD202923,2026-07-21,5874.28,5874.28,On Time,0
PAY407514,C105969,CARD210110,2026-05-09,5466.2,5466.2,On Time,0
PAY407515,C105198,CARD201505,2025-05-21,8021.35,8021.35,On Time,0
PAY407516,C100308,CARD203264,2025-02-27,3020.51,3020.51,On Time,0
PAY407517,C104532,CARD205047,2025-02-18,8099.67,8099.67,Late,24
PAY407518,C108210,CARD210268,2025-06-19,11505.61,11505.61,Late,15
PAY407519,C108389,CARD206418,2026-08-28,5503.37,808.24,Missed,87
PAY407520,C106460,CARD205564,2025-03-06,11469.77,11469.77,On Time,0
PAY407521,C108722,CARD206935,2025-03-24,7052.79,7052.79,On Time,0
PAY407522,C100123,CARD205018,2025-05-17,7566.18,7566.18,On Time,0
PAY407523,C106361,CARD206879,2026-04-10,6556.35,6556.35,On Time,0
PAY407524,C104198,CARD205713,2025-09-13,4778.96,4778.96,On Time,0
PAY407525,C108772,CARD211440,2026-02-10,8143.81,8143.81,Late,8
PAY407526,C100546,CARD205589,2025-06-08,7884.5,7884.5,Late,20
PAY407527,C102552,CARD209475,2025-05-21,3233.71,3233.71,On Time,0
PAY407528,C102225,CARD204475,2026-01-03,5852.24,2561.07,Partial,28
PAY407529,C102857,CARD202887,2025-10-01,16388.34,16388.34,On Time,0
PAY407530,C103339,CARD208601,2026-06-04,3601.07,814.53,Partial,43
PAY407531,C107355,CARD201569,2026-08-11,4183.98,4183.98,Late,14
PAY407532,C102420,CARD207271,2026-08-18,7091.79,7091.79,On Time,0
PAY407533,C101462,CARD203604,2026-07-31,15794.73,15794.73,Late,23
PAY407534,C107612,CARD204309,2025-09-06,2330.77,2330.77,On Time,0
PAY407535,C109606,CARD211478,2025-01-08,2381.7,2381.7,On Time,0
PAY407536,C102708,CARD209998,2025-06-06,3691.83,3691.83,On Time,0
PAY407537,C101402,CARD211309,2026-01-30,3472.28,64.6,Missed,31
PAY407538,C104951,CARD205178,2026-01-20,10813.43,10813.43,On Time,0
PAY407539,C102845,CARD201875,2025-08-15,6104.97,6104.97,On Time,0
PAY407540,C107500,CARD211043,2025-05-09,1898.67,1898.67,Late,7
PAY407541,C102800,CARD203082,2025-11-07,17470.11,1227.67,Missed,45
PAY407542,C102553,CARD204145,2025-06-17,1759.06,139.47,Missed,31
PAY407543,C102843,CARD209728,2026-08-17,5190.76,5190.76,On Time,0
PAY407544,C100641,CARD211503,2025-02-10,5976.93,5976.93,Late,22
PAY407545,C101446,CARD201914,2025-10-12,5320.14,5320.14,On Time,0
PAY407546,C102817,CARD210536,2026-07-02,4650.84,4650.84,Late,1
PAY407547,C105342,CARD203040,2025-07-23,14483.2,14483.2,Late,14
PAY407548,C101775,CARD201257,2026-01-12,21007.93,21007.93,On Time,0
PAY407549,C103275,CARD204035,2025-06-10,2240.66,2240.66,On Time,0
PAY407550,C100505,CARD210157,2025-09-06,4635.72,4635.72,On Time,0
PAY407551,C104732,CARD207185,2026-08-07,4981.15,4981.15,Late,5
PAY407552,C109002,CARD210834,2025-01-22,2796.26,2796.26,On Time,0
PAY407553,C101014,CARD202097,2025-10-22,7044.46,5179.93,Partial,40
PAY407554,C104902,CARD211215,2026-03-19,23698.16,23698.16,On Time,0
PAY407555,C104081,CARD209286,2026-04-05,5165.84,5165.84,On Time,0
PAY407556,C106224,CARD205097,2025-11-26,7311.92,7311.92,On Time,0
PAY407557,C104208,CARD202695,2026-04-09,14428.51,14428.51,On Time,0
PAY407558,C109151,CARD209869,2026-06-03,9363.99,9363.99,On Time,0
PAY407559,C109535,CARD202275,2025-09-24,8625.42,8625.42,On Time,0
PAY407560,C103366,CARD211054,2026-07-04,3281.48,3281.48,On Time,0
PAY407561,C103492,CARD207269,2025-11-21,5183.02,5183.02,On Time,0
PAY407562,C106075,CARD200352,2025-10-21,3034.81,3034.81,On Time,0
PAY407563,C101815,CARD203003,2026-05-12,9809.7,9809.7,On Time,0
PAY407564,C103176,CARD207264,2025-09-28,10667.43,10667.43,On Time,0
PAY407565,C103381,CARD211189,2025-08-14,3914.06,3914.06,On Time,0
PAY407566,C108676,CARD201908,2026-05-09,7645.5,4844.46,Partial,38
PAY407567,C105851,CARD202504,2025-08-27,3295.93,3295.93,Late,7
PAY407568,C102118,CARD207401,2025-11-07,21418.21,21418.21,On Time,0
PAY407569,C108493,CARD205767,2026-01-24,3977.53,3977.53,On Time,0
PAY407570,C104065,CARD207181,2025-05-15,2090.04,2090.04,On Time,0
PAY407571,C107038,CARD202389,2025-04-22,2329.05,2329.05,Late,16
PAY407572,C106556,CARD200564,2026-01-05,15007.6,15007.6,On Time,0
PAY407573,C108237,CARD203472,2026-03-23,13488.96,8397.15,Partial,29
PAY407574,C100603,CARD204866,2026-04-13,6159.56,6159.56,On Time,0
PAY407575,C102300,CARD208921,2026-06-29,23061.74,23061.74,On Time,0
PAY407576,C102713,CARD206230,2025-02-03,7980.37,7980.37,On Time,0
PAY407577,C105728,CARD207684,2025-12-10,2434.03,2434.03,On Time,0
PAY407578,C106154,CARD202092,2026-01-02,5891.88,5891.88,On Time,0
PAY407579,C106261,CARD209325,2026-04-12,1796.4,1796.4,On Time,0
PAY407580,C101236,CARD201244,2025-08-03,3498.37,3498.37,On Time,0
PAY407581,C108529,CARD208454,2025-08-24,6320.72,6320.72,On Time,0
PAY407582,C103454,CARD202918,2025-01-19,3637.94,3637.94,Late,27
PAY407583,C102944,CARD202192,2026-02-07,5669.03,5669.03,On Time,0
PAY407584,C107592,CARD207112,2026-07-17,3032.27,3032.27,Late,23
PAY407585,C107980,CARD211032,2025-02-22,1340.37,1340.37,On Time,0
PAY407586,C105971,CARD203747,2026-04-18,7132.37,7132.37,On Time,0
PAY407587,C102722,CARD211132,2025-04-19,5933.97,5933.97,On Time,0
PAY407588,C107167,CARD204456,2026-05-16,1375.28,328.65,Partial,2
PAY407589,C104260,CARD200991,2025-10-23,3189.9,3189.9,On Time,0
PAY407590,C102271,CARD200463,2026-01-08,5303.59,5303.59,On Time,0
PAY407591,C106061,CARD200945,2025-01-22,3982.42,3982.42,On Time,0
PAY407592,C108611,CARD207821,2026-04-12,2432.86,2432.86,On Time,0
PAY407593,C101802,CARD200213,2025-08-23,2026.71,2026.71,On Time,0
PAY407594,C104716,CARD205833,2026-02-02,2194.07,2194.07,On Time,0
PAY407595,C103365,CARD205505,2025-04-18,7565.36,7565.36,On Time,0
PAY407596,C103786,CARD211561,2026-06-08,13992.32,13992.32,On Time,0
PAY407597,C103777,CARD202890,2025-09-09,26629.37,26629.37,On Time,0
PAY407598,C100016,CARD204313,2026-04-08,9259.48,9259.48,On Time,0
PAY407599,C105208,CARD208941,2025-05-27,8876.56,8876.56,On Time,0
PAY407600,C103818,CARD200163,2026-01-14,2571.58,2571.58,On Time,0
PAY407601,C107514,CARD206180,2025-12-01,6155.04,6155.04,On Time,0
PAY407602,C101142,CARD202999,2025-12-30,5821.35,5821.35,On Time,0
PAY407603,C109374,CARD204429,2025-11-27,5385.6,5385.6,On Time,0
PAY407604,C100589,CARD203621,2026-05-13,5486.67,5486.67,On Time,0
PAY407605,C100642,CARD203763,2026-05-08,8802.58,8802.58,On Time,0
PAY407606,C106117,CARD206526,2026-02-26,3975.61,9.53,Missed,113
PAY407607,C106688,CARD210049,2026-03-11,3529.09,3529.09,On Time,0
PAY407608,C104334,CARD201904,2026-02-17,2191.45,2191.45,On Time,0
PAY407609,C103996,CARD204241,2026-02-18,5201.72,5201.72,On Time,0
PAY407610,C103602,CARD205044,2026-06-06,4900.19,4900.19,Late,4
PAY407611,C104324,CARD203443,2025-10-07,4611.74,4611.74,Late,18
PAY407612,C104120,CARD207132,2025-10-18,11528.55,11528.55,On Time,0
PAY407613,C103888,CARD210365,2025-04-26,4259.91,4259.91,On Time,0
PAY407614,C108196,CARD200406,2026-03-18,2421.27,2421.27,Late,20
PAY407615,C105013,CARD208931,2026-03-06,4771.31,4771.31,On Time,0
PAY407616,C104486,CARD209105,2025-08-04,4200.76,4200.76,On Time,0
PAY407617,C101262,CARD210500,2025-09-01,6442.01,6442.01,On Time,0
PAY407618,C109558,CARD205219,2025-01-05,6177.42,688.74,Missed,120
PAY407619,C107587,CARD207561,2026-06-09,25223.32,25223.32,On Time,0
PAY407620,C101930,CARD207701,2026-04-30,18785.22,9886.07,Partial,44
PAY407621,C105929,CARD208041,2025-05-21,3849.61,3849.61,Late,9
PAY407622,C102014,CARD200359,2025-06-20,1487.73,1487.73,On Time,0
PAY407623,C102458,CARD201972,2026-05-06,8077.21,8077.21,Late,26
PAY407624,C109860,CARD206543,2025-01-20,5191.03,5191.03,On Time,0
PAY407625,C104504,CARD201886,2026-08-26,4844.61,4844.61,On Time,0
PAY407626,C102587,CARD205042,2025-11-10,7151.53,7151.53,Late,18
PAY407627,C101184,CARD206085,2026-07-27,2684.07,2684.07,On Time,0
PAY407628,C103841,CARD202424,2026-06-08,8822.44,8822.44,On Time,0
PAY407629,C100854,CARD206665,2026-05-26,8302.77,8302.77,Late,10
PAY407630,C105607,CARD208637,2025-12-04,13270.55,13270.55,On Time,0
PAY407631,C104081,CARD209286,2025-09-13,7487.93,7487.93,On Time,0
PAY407632,C103647,CARD201603,2026-08-06,1951.86,1098.04,Partial,32
PAY407633,C104873,CARD206322,2025-07-09,5303.64,176.81,Missed,37
PAY407634,C100954,CARD202013,2026-02-18,10222.91,10222.91,On Time,0
PAY407635,C103086,CARD201598,2025-12-13,2402.67,2402.67,On Time,0
PAY407636,C101532,CARD200169,2026-03-24,4118.74,4118.74,On Time,0
PAY407637,C107996,CARD209171,2025-06-07,11042.12,11042.12,Late,16
PAY407638,C101154,CARD205963,2025-12-30,8709.63,8709.63,On Time,0
PAY407639,C106016,CARD206608,2025-06-11,4631.03,4631.03,Late,3
PAY407640,C102256,CARD209832,2026-04-15,4982.07,4982.07,On Time,0
PAY407641,C105859,CARD202991,2026-03-14,4149.29,4149.29,On Time,0
PAY407642,C104181,CARD200399,2025-03-14,3666.21,3666.21,On Time,0
PAY407643,C100356,CARD202956,2025-04-23,8099.46,8099.46,On Time,0
PAY407644,C102672,CARD207024,2025-02-03,7356.99,7356.99,On Time,0
PAY407645,C103325,CARD201600,2026-06-13,7129.73,7129.73,On Time,0
PAY407646,C107993,CARD203659,2026-03-27,13242.99,13242.99,On Time,0
PAY407647,C109386,CARD206439,2025-01-31,6234.23,6234.23,On Time,0
PAY407648,C108251,CARD206782,2025-12-25,3162.18,3162.18,On Time,0
PAY407649,C101370,CARD205005,2025-05-12,10960.53,10960.53,On Time,0
PAY407650,C106349,CARD203253,2026-04-07,3395.37,3395.37,On Time,0
PAY407651,C109454,CARD204916,2026-02-17,8750.01,8750.01,On Time,0
PAY407652,C106173,CARD211350,2025-05-01,6705.06,6705.06,On Time,0
PAY407653,C100049,CARD202874,2025-12-22,2427.39,2427.39,On Time,0
PAY407654,C107949,CARD202106,2026-08-19,3646.93,3646.93,On Time,0
PAY407655,C104676,CARD211326,2025-04-05,3700.76,3700.76,On Time,0
PAY407656,C107104,CARD209405,2025-06-21,4459.75,4459.75,Late,21
PAY407657,C106241,CARD204499,2026-06-27,4737.85,4737.85,On Time,0
PAY407658,C109153,CARD207150,2026-07-18,3772.22,3772.22,On Time,0
PAY407659,C101355,CARD209396,2025-11-15,5017.97,1531.39,Partial,20
PAY407660,C108131,CARD209581,2026-06-10,6340.0,6340.0,On Time,0
PAY407661,C100894,CARD203587,2026-03-31,7157.3,7157.3,On Time,0
PAY407662,C106589,CARD207712,2025-03-13,6575.42,6575.42,On Time,0
PAY407663,C109356,CARD203224,2026-05-10,8259.89,8259.89,Late,3
PAY407664,C109715,CARD201292,2025-12-01,6640.72,6640.72,On Time,0
PAY407665,C104055,CARD206914,2025-07-15,5166.11,5166.11,On Time,0
PAY407666,C109963,CARD202987,2025-11-28,5287.59,5287.59,On Time,0
PAY407667,C101615,CARD211804,2025-06-17,5483.98,5483.98,On Time,0
PAY407668,C108177,CARD208659,2026-08-14,6041.67,6041.67,On Time,0
PAY407669,C107407,CARD208456,2025-10-11,3892.49,3892.49,On Time,0
PAY407670,C105102,CARD201754,2025-04-15,5617.89,5617.89,On Time,0
PAY407671,C100860,CARD200051,2025-09-01,1086.89,1086.89,On Time,0
PAY407672,C100349,CARD210256,2025-05-14,6360.7,6360.7,On Time,0
PAY407673,C106479,CARD209591,2026-02-02,5534.44,5534.44,On Time,0
PAY407674,C109038,CARD207379,2025-05-02,2170.49,2170.49,On Time,0
PAY407675,C100905,CARD206844,2026-04-14,3699.73,3699.73,On Time,0
PAY407676,C102904,CARD208506,2025-04-23,12089.11,12089.11,On Time,0
PAY407677,C109652,CARD210315,2026-03-14,6357.95,6357.95,On Time,0
PAY407678,C109860,CARD206543,2026-07-20,5829.39,5829.39,On Time,0
PAY407679,C100684,CARD200768,2025-02-26,4304.63,4304.63,On Time,0
PAY407680,C105729,CARD202690,2026-04-03,6154.99,6154.99,On Time,0
PAY407681,C104575,CARD205732,2025-03-14,5346.18,5346.18,On Time,0
PAY407682,C104966,CARD210609,2025-07-01,8177.32,8177.32,On Time,0
PAY407683,C102848,CARD202128,2026-04-21,14309.25,14309.25,On Time,0
PAY407684,C104501,CARD210754,2025-01-14,6463.16,6463.16,On Time,0
PAY407685,C102164,CARD205790,2026-08-13,6798.99,6798.99,On Time,0
PAY407686,C100619,CARD205321,2026-08-11,5341.05,5341.05,On Time,0
PAY407687,C108029,CARD205305,2026-02-19,8358.72,8358.72,Late,22
PAY407688,C105433,CARD208834,2026-03-16,22312.92,22312.92,Late,20
PAY407689,C100885,CARD207491,2025-01-01,4569.55,4569.55,On Time,0
PAY407690,C109446,CARD206090,2025-04-29,3367.91,3367.91,On Time,0
PAY407691,C101335,CARD210319,2025-09-17,12744.07,12744.07,On Time,0
PAY407692,C102086,CARD205911,2025-06-01,3678.95,3678.95,On Time,0
PAY407693,C103257,CARD200504,2025-04-27,4441.28,4441.28,Late,30
PAY407694,C103589,CARD205526,2025-04-02,19761.57,19761.57,On Time,0
PAY407695,C106533,CARD207494,2026-05-07,2656.59,1865.56,Partial,54
PAY407696,C100853,CARD211678,2025-05-09,8228.32,8228.32,On Time,0
PAY407697,C101260,CARD206969,2025-01-20,1832.62,1832.62,Late,4
PAY407698,C101159,CARD202916,2025-02-13,9052.06,9052.06,On Time,0
PAY407699,C102810,CARD205981,2025-07-08,15666.7,15666.7,On Time,0
PAY407700,C105001,CARD205983,2025-05-12,8331.14,8331.14,On Time,0
PAY407701,C102896,CARD207958,2026-05-23,4935.57,4935.57,On Time,0
PAY407702,C108439,CARD203245,2025-10-18,4350.04,4350.04,On Time,0
PAY407703,C105271,CARD203728,2026-07-21,8179.41,8179.41,On Time,0
PAY407704,C107774,CARD209059,2026-02-07,9585.4,9585.4,On Time,0
PAY407705,C104313,CARD208277,2025-06-14,1579.85,1579.85,On Time,0
PAY407706,C103258,CARD204625,2026-07-23,1682.1,1682.1,On Time,0
PAY407707,C100625,CARD211526,2025-03-05,3728.88,3728.88,On Time,0
PAY407708,C108248,CARD201925,2025-12-11,12229.7,12229.7,On Time,0
PAY407709,C102086,CARD205911,2025-01-14,2148.18,2148.18,On Time,0
PAY407710,C107560,CARD204912,2025-10-25,16972.06,16972.06,On Time,0
PAY407711,C100911,CARD200810,2025-02-03,4630.8,4630.8,Late,7
PAY407712,C102111,CARD203970,2026-03-04,6124.91,6124.91,Late,5
PAY407713,C102960,CARD202770,2025-11-12,14050.85,14050.85,On Time,0
PAY407714,C104167,CARD209070,2025-09-26,15618.65,15618.65,Late,1
PAY407715,C108511,CARD209261,2026-01-15,7205.78,7205.78,Late,2
PAY407716,C102107,CARD208933,2026-06-28,3175.11,3175.11,On Time,0
PAY407717,C100993,CARD206927,2025-12-20,4476.51,4476.51,On Time,0
PAY407718,C107609,CARD207925,2025-07-20,4308.09,4308.09,On Time,0
PAY407719,C105313,CARD203000,2025-12-13,4121.37,4121.37,Late,21
PAY407720,C103088,CARD205598,2026-03-24,10691.33,10691.33,On Time,0
PAY407721,C100219,CARD207521,2025-10-14,23225.72,23225.72,Late,14
PAY407722,C106054,CARD207644,2026-03-25,4632.58,4632.58,Late,29
PAY407723,C104106,CARD208455,2026-03-01,13676.1,13676.1,On Time,0
PAY407724,C105082,CARD207947,2025-08-31,7323.73,7323.73,On Time,0
PAY407725,C106532,CARD207081,2025-09-29,5583.45,5583.45,On Time,0
PAY407726,C101078,CARD209368,2025-02-09,2017.07,2017.07,On Time,0
PAY407727,C106595,CARD202639,2025-05-13,10696.31,10696.31,Late,23
PAY407728,C105322,CARD209374,2025-08-06,8720.86,8720.86,On Time,0
PAY407729,C100117,CARD200710,2026-06-21,19708.3,19708.3,On Time,0
PAY407730,C105675,CARD210971,2026-05-06,1977.48,1977.48,Late,25
PAY407731,C102940,CARD210452,2026-02-14,2643.94,2643.94,On Time,0
PAY407732,C107889,CARD204817,2025-01-20,7563.04,7563.04,On Time,0
PAY407733,C103243,CARD206361,2025-12-10,7689.88,7689.88,On Time,0
PAY407734,C105904,CARD201062,2025-02-27,7651.34,7651.34,On Time,0
PAY407735,C103510,CARD208217,2026-05-01,2749.02,2749.02,On Time,0
PAY407736,C104869,CARD201497,2026-07-12,12755.82,12755.82,On Time,0
PAY407737,C105746,CARD203403,2025-08-14,20543.92,20543.92,On Time,0
PAY407738,C109698,CARD205283,2025-01-06,5345.01,5345.01,On Time,0
PAY407739,C105591,CARD208722,2026-03-23,2368.96,15.73,Missed,42
PAY407740,C108245,CARD209404,2026-04-17,8591.24,8591.24,Late,23
PAY407741,C108648,CARD204006,2025-03-29,1971.31,1971.31,On Time,0
PAY407742,C105724,CARD211853,2026-05-01,2912.71,1327.54,Partial,5
PAY407743,C108067,CARD207470,2025-11-13,17864.69,17864.69,Late,10
PAY407744,C101853,CARD200467,2026-01-02,5726.88,5726.88,On Time,0
PAY407745,C102426,CARD200275,2025-02-14,5947.5,5947.5,On Time,0
PAY407746,C108981,CARD201999,2025-07-13,6573.24,6573.24,On Time,0
PAY407747,C101743,CARD207319,2026-03-16,3979.03,3979.03,On Time,0
PAY407748,C103276,CARD207579,2026-04-06,9394.37,9394.37,On Time,0
PAY407749,C107859,CARD208739,2026-04-13,10735.26,10735.26,On Time,0
PAY407750,C108595,CARD206135,2026-06-07,2893.57,2893.57,On Time,0
PAY407751,C104424,CARD210347,2026-07-13,10417.89,10417.89,On Time,0
PAY407752,C104151,CARD202749,2026-06-28,6664.71,1742.59,Partial,27
PAY407753,C101168,CARD205700,2025-06-08,11645.1,11645.1,On Time,0
PAY407754,C100220,CARD203525,2026-01-31,6754.1,6754.1,Late,26
PAY407755,C102689,CARD206483,2026-07-03,21229.89,21229.89,On Time,0
PAY407756,C109264,CARD204108,2026-04-26,13393.6,13393.6,On Time,0
PAY407757,C102827,CARD204843,2025-05-16,1453.19,1453.19,On Time,0
PAY407758,C103462,CARD205646,2026-06-03,24286.32,20573.85,Partial,22
PAY407759,C102803,CARD211886,2025-02-09,6157.61,1668.62,Partial,58
PAY407760,C109961,CARD209046,2026-08-05,4415.25,4415.25,On Time,0
PAY407761,C106367,CARD201899,2026-05-16,3309.7,203.32,Missed,116
PAY407762,C100909,CARD211914,2026-07-12,5327.65,5327.65,On Time,0
PAY407763,C103601,CARD210598,2026-08-23,3226.77,3226.77,On Time,0
PAY407764,C108025,CARD207395,2025-06-21,10253.9,10253.9,Late,7
PAY407765,C107254,CARD205430,2026-08-05,4986.9,4986.9,On Time,0
PAY407766,C106301,CARD207867,2025-07-27,5037.3,5037.3,On Time,0
PAY407767,C101523,CARD201416,2025-07-01,1833.3,197.42,Missed,95
PAY407768,C102695,CARD205478,2026-02-04,1646.25,1646.25,Late,19
PAY407769,C101025,CARD210829,2026-05-28,4398.24,4398.24,On Time,0
PAY407770,C100557,CARD208393,2026-08-27,6107.26,6107.26,On Time,0
PAY407771,C109045,CARD204928,2026-03-04,4022.68,4022.68,On Time,0
PAY407772,C104320,CARD202043,2025-04-15,3673.22,3673.22,On Time,0
PAY407773,C109964,CARD201355,2026-01-07,4196.97,4196.97,Late,21
PAY407774,C103816,CARD205260,2026-08-09,5891.26,5891.26,On Time,0
PAY407775,C101500,CARD210937,2026-05-18,2464.07,866.8,Partial,34
PAY407776,C105372,CARD201214,2025-04-02,4286.26,4286.26,On Time,0
PAY407777,C100206,CARD205704,2026-03-06,3897.39,3897.39,On Time,0
PAY407778,C103704,CARD209102,2025-09-13,59069.78,59069.78,On Time,0
PAY407779,C108223,CARD206464,2025-11-24,4682.34,4682.34,On Time,0
PAY407780,C107761,CARD204488,2025-08-14,5995.05,5995.05,On Time,0
PAY407781,C105019,CARD204105,2026-07-15,3732.93,3732.93,On Time,0
PAY407782,C108736,CARD209464,2025-01-24,7777.74,7777.74,On Time,0
PAY407783,C106042,CARD211588,2026-01-13,4596.07,4596.07,On Time,0
PAY407784,C104222,CARD203164,2025-11-09,3585.35,3585.35,On Time,0
PAY407785,C104945,CARD203924,2025-03-24,5493.18,761.45,Missed,111
PAY407786,C104588,CARD210906,2026-04-27,6100.62,3448.6,Partial,9
PAY407787,C105889,CARD208900,2025-02-15,4631.33,4631.33,On Time,0
PAY407788,C100614,CARD211133,2025-05-30,3627.1,1911.95,Partial,21
PAY407789,C100395,CARD209919,2025-10-23,9525.05,9525.05,On Time,0
PAY407790,C107780,CARD208562,2025-03-21,10452.17,10452.17,On Time,0
PAY407791,C100447,CARD206232,2025-04-23,9575.92,9575.92,On Time,0
PAY407792,C102999,CARD205352,2026-03-21,7635.46,7635.46,On Time,0
PAY407793,C106551,CARD211111,2025-08-18,15528.77,15528.77,On Time,0
PAY407794,C104772,CARD209298,2026-01-14,7851.01,2390.0,Partial,28
PAY407795,C108935,CARD210080,2025-08-08,13316.77,13316.77,Late,19
PAY407796,C105588,CARD200472,2025-09-19,2036.7,2036.7,On Time,0
PAY407797,C101883,CARD200431,2025-01-24,23652.71,23652.71,On Time,0
PAY407798,C109407,CARD203438,2025-01-29,10960.35,320.82,Missed,116
PAY407799,C107579,CARD204030,2026-04-02,5610.05,5610.05,On Time,0
PAY407800,C105865,CARD205447,2026-05-22,6670.13,6670.13,On Time,0
PAY407801,C102177,CARD203111,2025-01-15,2080.48,279.79,Missed,90
PAY407802,C105553,CARD208139,2026-07-06,2601.84,2601.84,On Time,0
PAY407803,C101946,CARD202370,2025-04-24,4396.75,247.8,Missed,91
PAY407804,C100339,CARD207362,2026-07-27,5609.04,3294.23,Partial,33
PAY407805,C109333,CARD207914,2025-12-04,1489.13,1489.13,On Time,0
PAY407806,C102524,CARD206807,2026-02-06,2719.86,727.01,Partial,58
PAY407807,C106145,CARD200583,2025-07-31,13432.28,13432.28,Late,21
PAY407808,C106435,CARD202417,2026-07-28,5452.14,5452.14,Late,23
PAY407809,C105711,CARD201407,2025-04-16,5873.27,5873.27,On Time,0
PAY407810,C100467,CARD207927,2026-04-11,10957.39,10957.39,On Time,0
PAY407811,C107243,CARD207208,2025-09-30,5336.59,206.85,Missed,90
PAY407812,C104902,CARD211215,2025-10-03,9142.2,7712.11,Partial,41
PAY407813,C103024,CARD207478,2026-03-09,9660.63,9660.63,On Time,0
PAY407814,C103902,CARD204266,2025-01-09,11577.63,11577.63,On Time,0
PAY407815,C106555,CARD205855,2025-06-02,7262.1,7262.1,On Time,0
PAY407816,C101516,CARD200840,2026-07-18,8456.5,8456.5,On Time,0
PAY407817,C109354,CARD206848,2025-05-09,16186.17,16186.17,On Time,0
PAY407818,C100711,CARD208298,2025-09-22,3972.52,3972.52,On Time,0
PAY407819,C100513,CARD201667,2025-06-01,23459.46,23459.46,Late,21
PAY407820,C100276,CARD209183,2025-04-17,2946.73,2946.73,On Time,0
PAY407821,C104904,CARD211021,2026-07-27,6849.42,6849.42,On Time,0
PAY407822,C100828,CARD210295,2026-06-24,16950.15,16950.15,On Time,0
PAY407823,C106260,CARD205768,2025-06-17,1184.03,1184.03,On Time,0
PAY407824,C109512,CARD206708,2026-02-06,6624.4,3026.37,Partial,35
PAY407825,C107349,CARD207476,2025-03-11,9086.25,6562.36,Partial,3
PAY407826,C103318,CARD207556,2026-08-09,23469.75,23469.75,On Time,0
PAY407827,C106687,CARD207875,2025-08-08,2874.28,2874.28,On Time,0
PAY407828,C102782,CARD209020,2025-11-27,13986.97,13986.97,On Time,0
PAY407829,C106309,CARD208370,2025-08-20,2655.94,2655.94,On Time,0
PAY407830,C109388,CARD211162,2025-10-24,3683.52,3683.52,On Time,0
PAY407831,C109077,CARD205358,2026-08-09,8242.34,8242.34,On Time,0
PAY407832,C104975,CARD211785,2026-04-25,6675.07,6675.07,On Time,0
PAY407833,C105793,CARD201099,2025-04-28,2842.46,2842.46,Late,27
PAY407834,C101537,CARD208386,2025-02-12,3523.44,3523.44,Late,13
PAY407835,C104384,CARD203023,2025-08-01,1900.39,1900.39,On Time,0
PAY407836,C100820,CARD210384,2025-11-08,10574.54,5503.89,Partial,43
PAY407837,C109242,CARD211271,2026-07-26,4516.2,4516.2,On Time,0
PAY407838,C105102,CARD201754,2025-05-18,13440.67,13440.67,On Time,0
PAY407839,C109218,CARD211351,2026-07-07,4128.53,4128.53,On Time,0
PAY407840,C109322,CARD202527,2025-09-04,9156.32,4800.11,Partial,50
PAY407841,C101507,CARD206163,2026-02-20,3938.22,3938.22,On Time,0
PAY407842,C109317,CARD205838,2025-08-18,3708.01,3708.01,On Time,0
PAY407843,C105057,CARD207637,2026-07-16,2832.73,861.89,Partial,30
PAY407844,C108600,CARD204462,2026-06-14,5902.74,5902.74,Late,14
PAY407845,C102954,CARD206777,2026-05-16,6120.71,756.2,Missed,34
PAY407846,C105728,CARD207684,2025-12-15,4698.3,3039.77,Partial,22
PAY407847,C103824,CARD208402,2026-01-04,2699.12,2699.12,On Time,0
PAY407848,C103585,CARD200372,2026-01-11,5720.07,5720.07,On Time,0
PAY407849,C101830,CARD209659,2025-09-14,8124.93,8124.93,On Time,0
PAY407850,C109041,CARD204583,2025-03-13,3345.55,3345.55,On Time,0
PAY407851,C101762,CARD200493,2026-05-14,6408.71,6408.71,On Time,0
PAY407852,C103760,CARD200494,2026-02-28,6747.52,6747.52,Late,10
PAY407853,C103467,CARD204453,2025-04-22,2164.74,2164.74,On Time,0
PAY407854,C102693,CARD203363,2026-08-24,5950.08,5950.08,Late,24
PAY407855,C100082,CARD200852,2026-01-06,5933.01,5933.01,On Time,0
PAY407856,C108151,CARD200871,2025-07-24,8734.01,8734.01,On Time,0
PAY407857,C102542,CARD205435,2026-06-21,11812.59,11812.59,On Time,0
PAY407858,C104524,CARD205814,2026-03-27,1000.0,1000.0,On Time,0
PAY407859,C105770,CARD209623,2025-12-15,4812.92,4812.92,On Time,0
PAY407860,C105466,CARD204704,2026-06-16,5681.34,5681.34,On Time,0
PAY407861,C105253,CARD208797,2026-07-07,10253.55,10253.55,On Time,0
PAY407862,C106847,CARD209750,2026-08-03,1607.2,892.64,Partial,4
PAY407863,C104634,CARD208857,2025-01-24,4590.67,4590.67,On Time,0
PAY407864,C101066,CARD208493,2025-04-24,13780.55,13780.55,On Time,0
PAY407865,C102644,CARD209144,2025-10-11,4459.73,4459.73,On Time,0
PAY407866,C108656,CARD211573,2025-06-27,20203.39,20203.39,Late,4
PAY407867,C103563,CARD209985,2025-10-16,9636.13,9636.13,On Time,0
PAY407868,C100379,CARD205276,2025-06-22,2740.79,2740.79,On Time,0
PAY407869,C103434,CARD201227,2026-04-29,6996.4,6996.4,On Time,0
PAY407870,C101532,CARD207952,2026-07-01,26803.04,26803.04,On Time,0
PAY407871,C106246,CARD202321,2026-07-14,6106.62,6106.62,On Time,0
PAY407872,C102095,CARD207234,2025-12-07,3667.28,3667.28,On Time,0
PAY407873,C102347,CARD211700,2025-09-13,3638.22,3638.22,On Time,0
PAY407874,C107973,CARD201507,2026-04-23,8427.52,8427.52,Late,25
PAY407875,C108537,CARD206299,2026-02-04,23396.26,23396.26,On Time,0
PAY407876,C107973,CARD201507,2026-06-07,3641.82,3641.82,On Time,0
PAY407877,C106985,CARD205565,2025-02-14,3224.15,3224.15,On Time,0
PAY407878,C100416,CARD203422,2026-07-05,2731.84,2731.84,On Time,0
PAY407879,C107998,CARD200319,2025-06-25,7272.85,7272.85,On Time,0
PAY407880,C100079,CARD211113,2026-02-24,3474.81,3474.81,On Time,0
PAY407881,C101555,CARD203704,2026-07-24,7891.99,7891.99,On Time,0
PAY407882,C101015,CARD202566,2025-04-11,11571.46,11571.46,On Time,0
PAY407883,C106866,CARD202212,2025-02-02,7926.55,7926.55,On Time,0
PAY407884,C108149,CARD209100,2026-03-30,2780.07,227.71,Missed,88
PAY407885,C104834,CARD209184,2025-01-02,6310.51,6310.51,On Time,0
PAY407886,C107552,CARD200136,2025-04-01,9664.87,9664.87,On Time,0
PAY407887,C101524,CARD204824,2025-11-22,16996.43,1405.94,Missed,56
PAY407888,C106108,CARD201349,2025-08-18,7514.05,7514.05,On Time,0
PAY407889,C107823,CARD206653,2026-03-10,4741.94,4741.94,Late,18
PAY407890,C100736,CARD209265,2026-02-02,4804.27,4804.27,On Time,0
PAY407891,C103340,CARD201674,2026-01-16,8582.29,6655.11,Partial,59
PAY407892,C102494,CARD210364,2025-06-04,3556.07,3556.07,On Time,0
PAY407893,C102852,CARD206713,2025-06-26,5687.54,5687.54,On Time,0
PAY407894,C106568,CARD208069,2026-07-14,11364.21,11364.21,On Time,0
PAY407895,C103791,CARD210138,2025-03-13,15047.43,15047.43,On Time,0
PAY407896,C103122,CARD202755,2025-09-26,35714.02,35714.02,On Time,0
PAY407897,C101074,CARD202715,2026-01-03,10417.68,10417.68,On Time,0
PAY407898,C100490,CARD209587,2025-12-01,9617.26,9617.26,On Time,0
PAY407899,C103368,CARD207843,2026-02-16,23357.47,23357.47,On Time,0
PAY407900,C105106,CARD202038,2026-06-14,6516.71,6516.71,On Time,0
PAY407901,C108315,CARD209551,2025-11-07,9848.93,9848.93,Late,7
PAY407902,C107499,CARD207342,2025-10-13,4618.87,105.98,Missed,96
PAY407903,C107814,CARD207371,2025-04-13,4291.4,178.69,Missed,53
PAY407904,C101752,CARD203070,2026-06-06,4458.22,1966.14,Partial,34
PAY407905,C100036,CARD210914,2026-05-22,4766.67,4766.67,On Time,0
PAY407906,C106398,CARD207051,2026-05-16,2987.68,2987.68,On Time,0
PAY407907,C102526,CARD207808,2026-08-24,3374.69,3374.69,Late,10
PAY407908,C100436,CARD209465,2026-08-08,5567.32,5567.32,Late,11
PAY407909,C106942,CARD202795,2025-08-09,4230.6,4230.6,On Time,0
PAY407910,C108890,CARD211501,2026-05-16,6930.6,6930.6,On Time,0
PAY407911,C106990,CARD211300,2026-02-04,2978.69,2978.69,On Time,0
PAY407912,C107092,CARD201570,2025-10-26,10071.21,10071.21,Late,4
PAY407913,C107508,CARD209458,2025-09-23,10297.46,6339.24,Partial,18
PAY407914,C102873,CARD207625,2026-04-24,2618.6,2618.6,On Time,0
PAY407915,C103174,CARD202183,2025-07-29,3219.32,3219.32,On Time,0
PAY407916,C105724,CARD211853,2026-05-02,6297.45,6297.45,On Time,0
PAY407917,C101492,CARD210655,2026-02-05,7036.08,7036.08,On Time,0
PAY407918,C105539,CARD210783,2025-04-05,12022.38,7649.33,Partial,58
PAY407919,C100754,CARD209415,2025-06-15,4401.2,4401.2,Late,20
PAY407920,C101660,CARD204425,2025-06-24,4888.25,4888.25,On Time,0
PAY407921,C102116,CARD209642,2026-04-28,23276.73,23276.73,On Time,0
PAY407922,C102851,CARD206034,2026-01-06,2598.54,2124.47,Partial,28
PAY407923,C106950,CARD211702,2025-12-08,12443.32,12443.32,On Time,0
PAY407924,C106544,CARD207324,2026-07-07,4474.99,4474.99,On Time,0
PAY407925,C100629,CARD210432,2026-06-21,6701.48,6701.48,On Time,0
PAY407926,C100810,CARD200360,2025-05-26,12159.06,12159.06,On Time,0
PAY407927,C100310,CARD203463,2025-01-15,1608.24,1608.24,Late,30
PAY407928,C108017,CARD207970,2025-01-03,11675.63,11675.63,On Time,0
PAY407929,C109548,CARD206420,2025-08-01,3166.46,3166.46,On Time,0
PAY407930,C109927,CARD211856,2026-04-13,9113.82,9113.82,On Time,0
PAY407931,C103968,CARD202281,2026-06-10,26567.29,26567.29,On Time,0
PAY407932,C103188,CARD201125,2026-02-24,15122.92,15122.92,On Time,0
PAY407933,C107234,CARD211676,2025-11-28,13210.34,13210.34,On Time,0
PAY407934,C108033,CARD210369,2026-03-05,2671.51,2671.51,Late,30
PAY407935,C100227,CARD203956,2025-10-13,1563.8,1563.8,On Time,0
PAY407936,C106173,CARD211350,2025-11-24,2949.37,2949.37,On Time,0
PAY407937,C105159,CARD200932,2025-08-16,5687.54,2148.37,Partial,28
PAY407938,C106891,CARD208058,2025-08-11,1837.1,1837.1,On Time,0
PAY407939,C102191,CARD205224,2025-08-18,4721.23,4721.23,On Time,0
PAY407940,C105070,CARD203080,2025-10-21,11199.77,11199.77,On Time,0
PAY407941,C104854,CARD211385,2026-08-17,2363.76,2363.76,On Time,0
PAY407942,C104154,CARD204109,2026-05-20,15482.73,15482.73,On Time,0
PAY407943,C102679,CARD204972,2026-05-20,5780.76,5780.76,On Time,0
PAY407944,C103625,CARD211083,2025-02-03,6729.69,6729.69,On Time,0
PAY407945,C107675,CARD203348,2025-12-24,2569.11,2569.11,On Time,0
PAY407946,C106031,CARD201114,2026-01-01,3345.52,190.27,Missed,67
PAY407947,C107683,CARD208788,2025-01-05,5561.99,5561.99,On Time,0
PAY407948,C107770,CARD210850,2026-04-14,7585.97,2763.54,Partial,27
PAY407949,C100271,CARD207156,2026-05-27,4894.12,4894.12,On Time,0
PAY407950,C107228,CARD204215,2025-10-04,5068.86,3773.86,Partial,22
PAY407951,C109768,CARD202018,2025-08-25,8886.96,8886.96,On Time,0
PAY407952,C103251,CARD209737,2025-02-18,31724.66,31724.66,On Time,0
PAY407953,C108540,CARD202620,2025-02-13,3839.56,1208.72,Partial,55
PAY407954,C105373,CARD202123,2026-01-28,10402.9,10402.9,On Time,0
PAY407955,C102006,CARD202080,2025-06-18,5048.85,5048.85,On Time,0
PAY407956,C101051,CARD205828,2025-05-03,3426.63,3426.63,On Time,0
PAY407957,C108090,CARD211328,2026-08-14,3364.84,3364.84,Late,18
PAY407958,C109687,CARD204673,2025-07-08,2594.62,2594.62,On Time,0
PAY407959,C108931,CARD207404,2025-12-25,5493.53,3999.19,Partial,38
PAY407960,C106743,CARD209478,2025-11-21,10781.26,6022.4,Partial,11
PAY407961,C105198,CARD201505,2025-03-18,14021.45,14021.45,On Time,0
PAY407962,C109102,CARD209435,2026-05-29,6836.26,6836.26,On Time,0
PAY407963,C101117,CARD211196,2026-06-06,6594.57,6594.57,On Time,0
PAY407964,C107750,CARD202133,2026-06-12,7261.99,7261.99,Late,15
PAY407965,C101764,CARD211443,2025-09-08,5539.87,5539.87,Late,29
PAY407966,C102759,CARD208998,2025-10-19,7965.16,7965.16,On Time,0
PAY407967,C109211,CARD200877,2025-10-06,3830.26,3830.26,On Time,0
PAY407968,C108718,CARD202149,2025-07-02,11284.88,11284.88,On Time,0
PAY407969,C105587,CARD200008,2026-04-06,4470.93,4470.93,Late,21
PAY407970,C107344,CARD200148,2025-03-27,2435.02,2435.02,On Time,0
PAY407971,C108861,CARD200011,2026-06-27,14580.74,7570.76,Partial,43
PAY407972,C102581,CARD211609,2026-08-26,4470.93,4470.93,Late,21
PAY407973,C109670,CARD200709,2026-05-21,6220.65,6220.65,On Time,0
PAY407974,C100542,CARD204207,2026-03-17,6345.3,276.33,Missed,49
PAY407975,C106678,CARD202113,2025-02-04,2147.46,2147.46,On Time,0
PAY407976,C100052,CARD200559,2025-01-13,3142.37,3142.37,On Time,0
PAY407977,C108710,CARD200336,2026-07-02,8622.94,8622.94,On Time,0
PAY407978,C104089,CARD200780,2025-12-31,9923.13,9923.13,On Time,0
PAY407979,C102076,CARD208860,2025-04-29,6632.3,6632.3,On Time,0
PAY407980,C102887,CARD204897,2025-09-01,5074.76,212.75,Missed,75
PAY407981,C103067,CARD207740,2025-10-05,1456.88,1456.88,On Time,0
PAY407982,C107248,CARD200468,2025-02-24,6053.52,4836.47,Partial,25
PAY407983,C103749,CARD207657,2026-03-15,9608.21,9608.21,Late,8
PAY407984,C107320,CARD202644,2026-06-01,2751.4,2751.4,On Time,0
PAY407985,C101595,CARD206302,2025-11-03,2928.74,2928.74,On Time,0
PAY407986,C109550,CARD210048,2025-12-03,5762.52,5762.52,On Time,0
PAY407987,C104890,CARD204144,2025-08-16,3648.57,3648.57,On Time,0
PAY407988,C107775,CARD206065,2025-10-08,3409.24,3409.24,On Time,0
PAY407989,C101870,CARD206235,2025-07-09,2402.96,2402.96,On Time,0
PAY407990,C109540,CARD200118,2026-06-16,13885.07,13885.07,Late,12
PAY407991,C107761,CARD204488,2026-06-23,4121.69,2016.14,Partial,30
PAY407992,C101629,CARD203774,2025-04-06,6805.88,6805.88,On Time,0
PAY407993,C105719,CARD205791,2025-01-26,9362.05,9362.05,Late,27
PAY407994,C108951,CARD209866,2025-12-20,5483.19,3039.57,Partial,55
PAY407995,C107332,CARD204385,2025-12-16,2977.27,2977.27,On Time,0
PAY407996,C101885,CARD202238,2026-07-25,13445.09,13445.09,On Time,0
PAY407997,C102489,CARD209203,2025-12-09,4441.5,4441.5,Late,9
PAY407998,C100146,CARD209314,2025-08-05,4306.84,4306.84,On Time,0
PAY407999,C106021,CARD203639,2025-08-20,13672.23,13672.23,On Time,0
PAY408000,C107178,CARD206978,2026-08-10,2410.42,2410.42,On Time,0
PAY408001,C100055,CARD211607,2025-09-13,3165.94,3165.94,On Time,0
PAY408002,C102893,CARD202532,2026-07-17,15283.48,15283.48,On Time,0
PAY408003,C103215,CARD206100,2025-07-21,4636.52,4636.52,On Time,0
PAY408004,C104369,CARD210021,2025-02-10,5231.36,5231.36,On Time,0
PAY408005,C107148,CARD205039,2025-05-11,4312.76,4312.76,On Time,0
PAY408006,C107057,CARD203002,2026-05-19,5405.87,5405.87,On Time,0
PAY408007,C107662,CARD204774,2025-08-15,3713.26,2383.77,Partial,60
PAY408008,C108136,CARD203342,2025-12-01,13461.51,13461.51,On Time,0
PAY408009,C109894,CARD206438,2026-06-24,2825.09,2825.09,On Time,0
PAY408010,C106921,CARD206353,2025-08-19,4834.21,4061.92,Partial,44
PAY408011,C103421,CARD202513,2025-07-28,2318.74,2318.74,On Time,0
PAY408012,C108319,CARD209897,2026-03-10,10319.76,10319.76,On Time,0
PAY408013,C109903,CARD201802,2025-11-26,5778.38,5778.38,On Time,0
PAY408014,C100619,CARD205321,2026-07-15,5326.88,5326.88,On Time,0
PAY408015,C109512,CARD206708,2026-01-05,15074.27,15074.27,On Time,0
PAY408016,C100450,CARD209294,2025-05-23,3659.51,3659.51,On Time,0
PAY408017,C109778,CARD209395,2025-10-18,6440.22,6440.22,On Time,0
PAY408018,C106968,CARD200725,2025-07-06,10875.53,10875.53,On Time,0
PAY408019,C105532,CARD202523,2025-10-01,5023.82,5023.82,On Time,0
PAY408020,C109687,CARD204673,2025-10-25,3294.09,3294.09,On Time,0
PAY408021,C104490,CARD210618,2026-07-02,4296.55,4296.55,On Time,0
PAY408022,C107851,CARD211342,2025-09-17,8807.69,8807.69,On Time,0
PAY408023,C108581,CARD202239,2025-06-07,12954.75,12954.75,On Time,0
PAY408024,C103442,CARD209319,2025-05-25,4321.64,4321.64,On Time,0
PAY408025,C106614,CARD201704,2026-06-05,5405.59,5405.59,On Time,0
PAY408026,C108112,CARD200863,2025-08-29,20752.43,20752.43,Late,19
PAY408027,C109141,CARD204708,2025-08-05,3006.76,3006.76,On Time,0
PAY408028,C101917,CARD200673,2025-09-01,12589.46,12589.46,On Time,0
PAY408029,C108183,CARD205691,2026-01-25,7292.47,7292.47,On Time,0
PAY408030,C106796,CARD201678,2026-08-15,7134.77,7134.77,Late,27
PAY408031,C102715,CARD211157,2026-06-17,19672.31,19672.31,On Time,0
PAY408032,C109007,CARD201279,2025-05-14,15634.28,15634.28,On Time,0
PAY408033,C101854,CARD210062,2026-03-30,6813.14,6813.14,On Time,0
PAY408034,C103049,CARD208327,2026-05-12,24141.79,24141.79,On Time,0
PAY408035,C101918,CARD201479,2025-06-26,2986.37,2986.37,On Time,0
PAY408036,C104319,CARD201430,2025-04-21,3282.56,3282.56,On Time,0
PAY408037,C105724,CARD211853,2026-07-05,8482.25,8482.25,Late,26
PAY408038,C108538,CARD200594,2025-09-06,22199.49,22199.49,Late,25
PAY408039,C106287,CARD208935,2026-05-19,3161.55,3161.55,On Time,0
PAY408040,C102034,CARD207669,2026-04-01,61055.04,61055.04,On Time,0
PAY408041,C105333,CARD205655,2025-10-08,4942.11,4942.11,Late,26
PAY408042,C109818,CARD208812,2025-10-29,5731.63,699.77,Missed,120
PAY408043,C107908,CARD211857,2026-02-03,3486.5,3486.5,On Time,0
PAY408044,C101391,CARD211123,2025-03-07,3671.25,3671.25,On Time,0
PAY408045,C106496,CARD210349,2026-01-22,7344.13,7344.13,On Time,0
PAY408046,C105554,CARD204564,2025-04-11,4397.16,4397.16,On Time,0
PAY408047,C101701,CARD210703,2025-03-28,4635.99,4635.99,On Time,0
PAY408048,C103972,CARD205570,2025-07-26,4202.92,4202.92,On Time,0
PAY408049,C107450,CARD201341,2026-01-08,15170.9,15170.9,On Time,0
PAY408050,C106281,CARD205661,2026-06-17,6732.33,200.98,Missed,85
PAY408051,C103561,CARD204047,2026-01-06,5666.61,5666.61,On Time,0
PAY408052,C105317,CARD210699,2025-04-09,60668.05,60668.05,On Time,0
PAY408053,C108413,CARD201167,2025-02-27,6734.57,6734.57,On Time,0
PAY408054,C105719,CARD202684,2025-07-19,9959.36,9959.36,On Time,0
PAY408055,C106221,CARD207016,2025-07-10,3520.71,3520.71,Late,18
PAY408056,C103619,CARD203762,2026-03-14,6255.16,6255.16,On Time,0
PAY408057,C109139,CARD207849,2025-02-23,5637.09,5637.09,On Time,0
PAY408058,C100399,CARD211248,2026-08-02,16324.08,4850.53,Partial,49
PAY408059,C107585,CARD209403,2026-02-19,10120.08,10120.08,Late,13
PAY408060,C103055,CARD204380,2026-01-01,5004.49,5004.49,On Time,0
PAY408061,C105883,CARD204638,2025-12-28,11939.19,11939.19,On Time,0
PAY408062,C109802,CARD207548,2025-10-05,5123.8,2726.38,Partial,46
PAY408063,C108663,CARD200882,2026-03-12,2266.55,2266.55,Late,29
PAY408064,C108872,CARD205167,2026-05-02,5891.7,5891.7,On Time,0
PAY408065,C107301,CARD211234,2026-07-20,6327.66,6327.66,On Time,0
PAY408066,C101388,CARD204531,2025-03-21,4776.14,4776.14,On Time,0
PAY408067,C104492,CARD205667,2026-05-04,12677.14,12677.14,On Time,0
PAY408068,C102911,CARD203912,2025-07-03,4062.64,4062.64,On Time,0
PAY408069,C104204,CARD205191,2025-09-18,7767.96,7767.96,On Time,0
PAY408070,C109998,CARD207747,2026-06-04,1480.24,1480.24,On Time,0
PAY408071,C101715,CARD208362,2025-11-25,11131.38,11131.38,On Time,0
PAY408072,C105421,CARD202984,2026-03-23,10939.6,10939.6,Late,2
PAY408073,C109122,CARD203794,2026-05-12,4936.42,4936.42,On Time,0
PAY408074,C104755,CARD205647,2026-08-03,11627.66,11627.66,On Time,0
PAY408075,C106601,CARD203123,2025-09-03,5832.21,5832.21,Late,19
PAY408076,C103761,CARD207309,2025-06-28,6682.51,6682.51,On Time,0
PAY408077,C104193,CARD211413,2025-12-26,10481.62,10481.62,On Time,0
PAY408078,C100941,CARD211753,2026-05-06,2569.26,2569.26,On Time,0
PAY408079,C100829,CARD208258,2025-06-18,15259.67,15259.67,On Time,0
PAY408080,C104399,CARD204250,2026-08-28,14987.93,14987.93,On Time,0
PAY408081,C103400,CARD206031,2025-01-19,2966.79,2966.79,On Time,0
PAY408082,C104647,CARD201484,2025-02-14,2445.57,2445.57,On Time,0
PAY408083,C101027,CARD201254,2025-08-24,3063.12,3063.12,Late,16
PAY408084,C100252,CARD201223,2025-09-11,7665.56,6436.01,Partial,31
PAY408085,C108271,CARD209377,2025-02-19,1397.2,1397.2,On Time,0
PAY408086,C103803,CARD200436,2025-05-01,4602.9,4602.9,On Time,0
PAY408087,C101157,CARD211452,2026-02-28,17081.22,8716.47,Partial,18
PAY408088,C101049,CARD200012,2025-09-06,5157.58,5157.58,On Time,0
PAY408089,C102426,CARD200275,2026-06-26,3359.46,3359.46,Late,18
PAY408090,C107226,CARD203477,2026-02-28,9602.86,9602.86,On Time,0
PAY408091,C108267,CARD205978,2026-03-22,10091.35,10091.35,On Time,0
PAY408092,C104067,CARD201427,2025-01-01,1408.24,1408.24,Late,1
PAY408093,C103990,CARD200135,2026-02-04,6577.2,6577.2,Late,15
PAY408094,C109723,CARD206216,2025-03-13,23067.72,23067.72,On Time,0
PAY408095,C107956,CARD203213,2025-04-24,2144.59,1550.76,Partial,42
PAY408096,C106776,CARD201987,2025-03-09,3406.61,1882.78,Partial,18
PAY408097,C106827,CARD211232,2025-06-18,5977.89,5977.89,On Time,0
PAY408098,C106920,CARD208936,2025-10-24,10512.15,483.61,Missed,52
PAY408099,C107038,CARD202389,2026-07-17,5928.44,327.95,Missed,86
PAY408100,C100641,CARD211503,2025-12-10,2648.62,2648.62,On Time,0
PAY408101,C107966,CARD210984,2026-01-24,1431.16,1431.16,On Time,0
PAY408102,C101926,CARD203295,2025-02-04,37596.89,37596.89,On Time,0
PAY408103,C100505,CARD205937,2025-08-31,18854.26,18854.26,On Time,0
PAY408104,C102414,CARD202403,2026-08-08,3670.99,3670.99,On Time,0
PAY408105,C107862,CARD210627,2026-02-20,6930.31,6930.31,On Time,0
PAY408106,C106642,CARD206600,2025-11-29,7166.96,7166.96,On Time,0
PAY408107,C109219,CARD203520,2025-10-02,1841.9,1841.9,On Time,0
PAY408108,C108970,CARD206206,2026-08-25,5286.89,3108.81,Partial,13
PAY408109,C102854,CARD209457,2025-10-14,5038.24,5038.24,On Time,0
PAY408110,C107984,CARD210838,2025-10-21,5341.98,5341.98,On Time,0
PAY408111,C108449,CARD202231,2026-02-04,7434.7,7434.7,On Time,0
PAY408112,C105570,CARD205854,2026-08-14,1826.58,1826.58,On Time,0
PAY408113,C109963,CARD206095,2026-01-27,5409.69,5409.69,On Time,0
PAY408114,C101994,CARD206221,2025-07-15,11757.13,11757.13,On Time,0
PAY408115,C103791,CARD210138,2026-01-16,8868.15,8868.15,On Time,0
PAY408116,C103163,CARD210673,2025-07-28,49298.16,49298.16,On Time,0
PAY408117,C102414,CARD202403,2026-02-07,6613.08,6613.08,On Time,0
PAY408118,C104056,CARD205392,2025-12-06,9865.29,9865.29,On Time,0
PAY408119,C100574,CARD203385,2025-03-03,7940.52,7940.52,On Time,0
PAY408120,C104710,CARD206234,2025-12-11,1918.76,51.42,Missed,110
PAY408121,C109634,CARD207179,2026-03-18,8996.22,8996.22,Late,2
PAY408122,C107753,CARD210282,2025-02-03,5331.49,5331.49,On Time,0
PAY408123,C100995,CARD211080,2025-08-12,2157.48,2157.48,On Time,0
PAY408124,C102501,CARD209122,2026-01-19,1450.71,1450.71,On Time,0
PAY408125,C100952,CARD202782,2025-09-26,5776.56,5776.56,On Time,0
PAY408126,C102885,CARD208880,2025-06-28,8305.82,8305.82,On Time,0
PAY408127,C104502,CARD210252,2025-03-04,4608.32,4608.32,On Time,0
PAY408128,C107478,CARD202361,2025-12-29,10595.21,10595.21,On Time,0
PAY408129,C109038,CARD207832,2025-01-21,3261.63,3261.63,On Time,0
PAY408130,C105052,CARD209608,2025-07-01,5166.56,5166.56,On Time,0
PAY408131,C104820,CARD201985,2025-06-19,2369.31,2369.31,On Time,0
PAY408132,C103792,CARD202400,2026-08-20,5122.05,5122.05,On Time,0
PAY408133,C101766,CARD201829,2026-03-24,6884.09,6884.09,Late,25
PAY408134,C100268,CARD208172,2026-02-17,9734.6,1312.48,Missed,89
PAY408135,C106729,CARD211429,2025-12-22,7034.6,7034.6,On Time,0
PAY408136,C103434,CARD201227,2026-03-31,3392.87,3392.87,On Time,0
PAY408137,C101801,CARD211029,2025-06-20,2587.06,2587.06,Late,2
PAY408138,C105156,CARD203336,2025-04-03,5058.56,5058.56,Late,30
PAY408139,C109808,CARD203406,2025-01-14,3688.55,3688.55,On Time,0
PAY408140,C106230,CARD205532,2025-06-27,15045.58,15045.58,On Time,0
PAY408141,C104637,CARD206220,2026-06-24,3935.24,165.02,Missed,88
PAY408142,C101249,CARD210578,2025-02-05,15615.4,15615.4,Late,25
PAY408143,C106358,CARD210789,2025-05-27,3885.78,3885.78,Late,25
PAY408144,C104342,CARD200552,2026-02-20,3496.09,3496.09,On Time,0
PAY408145,C109218,CARD211351,2025-04-02,12464.75,12464.75,On Time,0
PAY408146,C109276,CARD208290,2025-08-03,2303.97,2303.97,Late,19
PAY408147,C108038,CARD200411,2025-11-21,14259.37,14259.37,On Time,0
PAY408148,C102580,CARD202832,2026-06-26,4742.43,4742.43,On Time,0
PAY408149,C105121,CARD204029,2026-04-19,8955.62,4453.77,Partial,45
PAY408150,C105269,CARD209671,2026-08-29,7481.89,7481.89,On Time,0
PAY408151,C103938,CARD210672,2025-10-10,6224.25,6224.25,On Time,0
PAY408152,C106767,CARD203788,2025-11-29,4840.44,4840.44,On Time,0
PAY408153,C104289,CARD201642,2026-04-04,3081.96,3081.96,On Time,0
PAY408154,C107047,CARD208129,2025-03-14,8160.19,8160.19,On Time,0
PAY408155,C108131,CARD201098,2025-09-25,2168.28,2168.28,Late,7
PAY408156,C100610,CARD211439,2025-08-29,4638.34,1376.66,Partial,20
PAY408157,C100541,CARD207230,2025-01-16,9168.12,9168.12,Late,17
PAY408158,C108271,CARD209377,2025-10-02,4345.51,4345.51,On Time,0
PAY408159,C101937,CARD204140,2026-08-26,7633.36,7633.36,On Time,0
PAY408160,C102128,CARD211428,2026-05-22,5388.29,5388.29,On Time,0
PAY408161,C103006,CARD207901,2026-01-26,5799.83,5799.83,On Time,0
PAY408162,C108953,CARD209086,2026-03-05,7155.54,7155.54,On Time,0
PAY408163,C102944,CARD202192,2025-04-06,1000.0,1000.0,On Time,0
PAY408164,C105466,CARD204704,2025-05-17,2899.77,768.93,Partial,24
PAY408165,C100600,CARD207953,2025-10-09,4561.19,2170.09,Partial,3
PAY408166,C106722,CARD209567,2025-02-15,4033.1,4033.1,On Time,0
PAY408167,C109787,CARD201680,2025-12-28,4783.13,4783.13,On Time,0
PAY408168,C103746,CARD204565,2025-10-05,17940.0,17940.0,Late,25
PAY408169,C101561,CARD204404,2025-08-01,3055.56,3055.56,Late,28
PAY408170,C102154,CARD202483,2025-08-08,7888.34,7888.34,Late,4
PAY408171,C106439,CARD211135,2025-11-27,2370.91,2370.91,Late,8
PAY408172,C105174,CARD201546,2026-08-16,9692.06,33.83,Missed,56
PAY408173,C103991,CARD202471,2025-10-02,5262.17,5262.17,Late,27
PAY408174,C105407,CARD206892,2026-02-24,7031.66,3282.98,Partial,7
PAY408175,C109710,CARD200304,2025-09-11,5529.7,5529.7,Late,10
PAY408176,C108301,CARD210108,2025-01-02,15835.62,15835.62,Late,4
PAY408177,C105929,CARD208041,2025-10-08,17513.5,17513.5,On Time,0
PAY408178,C106468,CARD204686,2025-01-02,3734.65,3734.65,On Time,0
PAY408179,C103370,CARD211110,2025-10-19,14102.91,14102.91,On Time,0
PAY408180,C101903,CARD206316,2026-06-27,15321.7,15321.7,Late,21
PAY408181,C108295,CARD211239,2026-05-08,3767.12,3767.12,On Time,0
PAY408182,C106348,CARD209738,2025-05-21,3531.72,3531.72,On Time,0
PAY408183,C107174,CARD201200,2025-08-12,5963.56,5963.56,On Time,0
PAY408184,C106833,CARD209834,2025-05-05,7058.46,7058.46,On Time,0
PAY408185,C102778,CARD206281,2026-03-14,4114.13,4114.13,On Time,0
PAY408186,C100312,CARD204566,2025-07-18,4110.13,4110.13,On Time,0
PAY408187,C105729,CARD202690,2026-02-26,7096.42,7096.42,On Time,0
PAY408188,C106832,CARD203368,2025-11-14,12071.79,12071.79,On Time,0
PAY408189,C107757,CARD205852,2025-05-07,8206.55,8206.55,On Time,0
PAY408190,C105948,CARD210036,2026-04-17,6400.52,150.68,Missed,49
PAY408191,C102057,CARD202228,2026-02-27,2215.58,2215.58,On Time,0
PAY408192,C105446,CARD208361,2026-08-10,18159.22,18159.22,On Time,0
PAY408193,C104274,CARD204585,2025-04-01,14780.14,14780.14,On Time,0
PAY408194,C104023,CARD206995,2025-08-04,2176.17,701.31,Partial,5
PAY408195,C106615,CARD207475,2025-05-29,4412.98,4412.98,On Time,0
PAY408196,C104944,CARD205246,2026-07-16,2709.94,2709.94,On Time,0
PAY408197,C108755,CARD202561,2026-08-31,7630.61,7630.61,Late,6
PAY408198,C106431,CARD209162,2025-04-01,4067.46,4067.46,On Time,0
PAY408199,C108115,CARD204674,2025-08-10,7511.53,4603.38,Partial,34
PAY408200,C107263,CARD203169,2025-07-08,4974.13,4974.13,On Time,0
PAY408201,C100997,CARD201991,2025-12-27,38299.87,38299.87,On Time,0
PAY408202,C102251,CARD210409,2026-08-28,2937.34,2937.34,Late,11
PAY408203,C107922,CARD205494,2026-01-16,16165.22,16165.22,On Time,0
PAY408204,C106469,CARD203505,2026-08-16,12569.3,12569.3,On Time,0
PAY408205,C102919,CARD204790,2025-05-28,5623.96,5623.96,On Time,0
PAY408206,C103589,CARD205526,2025-08-03,14216.37,14216.37,On Time,0
PAY408207,C104080,CARD200853,2025-04-06,2854.95,2854.95,Late,22
PAY408208,C104691,CARD207289,2026-04-01,13394.3,13394.3,Late,25
PAY408209,C109709,CARD206468,2025-12-16,19777.57,19777.57,Late,26
PAY408210,C108466,CARD208570,2025-09-26,3244.54,1413.59,Partial,28
PAY408211,C103793,CARD206386,2026-04-24,15017.52,6523.68,Partial,22
PAY408212,C101017,CARD205062,2025-10-16,6157.06,6157.06,On Time,0
PAY408213,C106199,CARD210947,2025-04-14,20035.8,20035.8,On Time,0
PAY408214,C108912,CARD200644,2025-03-03,6972.98,5576.48,Partial,35
PAY408215,C105348,CARD210694,2026-05-29,5209.15,5209.15,On Time,0
PAY408216,C102571,CARD206870,2025-10-30,7148.05,7148.05,On Time,0
PAY408217,C101079,CARD209929,2025-08-09,4344.38,470.92,Missed,104
PAY408218,C105488,CARD211148,2026-03-02,10781.94,2831.76,Partial,45
PAY408219,C106287,CARD208935,2026-04-27,5260.59,5260.59,On Time,0
PAY408220,C103970,CARD203134,2026-02-26,1000.0,1000.0,On Time,0
PAY408221,C107030,CARD211836,2025-08-02,3381.81,3381.81,On Time,0
PAY408222,C105353,CARD206002,2026-06-04,6381.33,6381.33,Late,26
PAY408223,C103959,CARD209525,2026-02-20,9462.75,9462.75,On Time,0
PAY408224,C104051,CARD201535,2026-05-24,9770.55,9770.55,On Time,0
PAY408225,C100251,CARD206410,2025-06-30,10217.21,10217.21,On Time,0
PAY408226,C101197,CARD209933,2025-08-22,12741.45,12741.45,On Time,0
PAY408227,C107711,CARD210385,2026-01-17,6848.24,6848.24,On Time,0
PAY408228,C105859,CARD202991,2025-03-10,4840.12,4840.12,On Time,0
PAY408229,C102376,CARD211554,2025-07-06,5056.49,5056.49,On Time,0
PAY408230,C102115,CARD206352,2025-03-15,5379.55,1938.18,Partial,33
PAY408231,C105833,CARD203386,2025-06-25,9674.42,9674.42,On Time,0
PAY408232,C107269,CARD207357,2026-04-22,3309.22,3309.22,On Time,0
PAY408233,C100822,CARD207134,2026-03-25,1768.74,1768.74,Late,17
PAY408234,C108808,CARD202345,2025-12-01,7811.6,7811.6,On Time,0
PAY408235,C109003,CARD209103,2026-07-20,16845.62,16845.62,On Time,0
PAY408236,C106654,CARD201557,2025-02-11,3673.69,2115.1,Partial,32
PAY408237,C109648,CARD207919,2025-05-25,1224.31,1224.31,On Time,0
PAY408238,C102215,CARD208210,2026-03-23,4473.43,1389.67,Partial,38
PAY408239,C102790,CARD202899,2025-03-08,7541.18,7541.18,Late,2
PAY408240,C106842,CARD209549,2025-05-29,17195.47,17195.47,On Time,0
PAY408241,C102084,CARD206657,2025-03-28,4497.7,4497.7,On Time,0
PAY408242,C109993,CARD201385,2026-04-30,4703.45,4703.45,On Time,0
PAY408243,C101028,CARD207805,2025-11-03,4867.86,4867.86,On Time,0
PAY408244,C107851,CARD211342,2025-12-26,4986.97,521.06,Missed,74
PAY408245,C107591,CARD211391,2026-03-18,8845.21,8845.21,On Time,0
PAY408246,C103736,CARD200897,2025-09-12,13781.2,13781.2,On Time,0
PAY408247,C102299,CARD210928,2026-01-12,19772.47,895.37,Missed,33
PAY408248,C100511,CARD208669,2025-01-14,7060.11,7060.11,On Time,0
PAY408249,C101429,CARD208773,2026-06-06,9527.54,9527.54,On Time,0
PAY408250,C109043,CARD207826,2025-10-06,26030.03,26030.03,On Time,0
PAY408251,C107473,CARD200635,2026-06-27,2110.36,2110.36,Late,10
PAY408252,C107569,CARD200103,2026-01-10,2015.41,2015.41,On Time,0
PAY408253,C101998,CARD207276,2026-02-25,10559.16,10559.16,On Time,0
PAY408254,C109043,CARD207826,2025-12-19,7891.69,7891.69,On Time,0
PAY408255,C104848,CARD208205,2025-08-02,5590.56,1333.11,Partial,4
PAY408256,C108877,CARD206937,2026-02-01,1929.97,1929.97,On Time,0
PAY408257,C101431,CARD209657,2025-09-22,5879.51,5879.51,On Time,0
PAY408258,C105213,CARD209534,2025-12-31,1710.86,1710.86,On Time,0
PAY408259,C108177,CARD208659,2026-07-26,18923.03,18923.03,On Time,0
PAY408260,C100293,CARD206288,2025-10-30,6069.84,6069.84,On Time,0
PAY408261,C107647,CARD204792,2026-08-15,9335.15,9335.15,Late,1
PAY408262,C102354,CARD204696,2026-03-17,1549.27,147.78,Missed,108
PAY408263,C108863,CARD211682,2025-11-02,6860.2,342.14,Missed,53
PAY408264,C108266,CARD200793,2025-08-03,2518.86,2518.86,On Time,0
PAY408265,C103230,CARD206210,2026-07-31,21296.97,21296.97,On Time,0
PAY408266,C108372,CARD206469,2026-07-07,4802.47,4802.47,On Time,0
PAY408267,C101838,CARD205170,2026-08-06,10044.19,10044.19,On Time,0
PAY408268,C105447,CARD203195,2025-11-03,3873.41,1409.05,Partial,16
PAY408269,C100746,CARD206701,2025-05-01,2845.07,247.65,Missed,108
PAY408270,C101507,CARD206163,2026-06-03,4393.48,4393.48,On Time,0
PAY408271,C103171,CARD206273,2025-09-11,5574.97,5574.97,On Time,0
PAY408272,C107012,CARD210550,2026-01-09,4522.52,4522.52,On Time,0
PAY408273,C100657,CARD206428,2025-04-27,10963.24,10963.24,On Time,0
PAY408274,C104838,CARD206694,2025-09-01,1650.64,1650.64,On Time,0
PAY408275,C108047,CARD207857,2025-05-06,1684.81,1684.81,On Time,0
PAY408276,C104245,CARD209609,2025-03-08,8040.46,6609.31,Partial,45
PAY408277,C108545,CARD203855,2025-06-14,6721.98,6721.98,On Time,0
PAY408278,C108731,CARD203078,2026-03-17,6667.15,6667.15,On Time,0
PAY408279,C103674,CARD202927,2025-07-11,11985.58,11985.58,On Time,0
PAY408280,C108174,CARD200381,2025-01-28,15952.7,15952.7,On Time,0
PAY408281,C104437,CARD201030,2025-06-22,3460.85,3460.85,Late,11
PAY408282,C102982,CARD205157,2026-08-19,11576.61,11576.61,On Time,0
PAY408283,C101907,CARD209128,2026-07-13,21225.58,21225.58,On Time,0
PAY408284,C101739,CARD206816,2025-10-10,12612.29,12612.29,On Time,0
PAY408285,C109118,CARD211485,2026-03-16,19741.16,19741.16,Late,4
PAY408286,C103667,CARD205268,2026-07-07,29676.17,29676.17,Late,8
PAY408287,C101943,CARD200159,2025-11-23,9761.63,9761.63,On Time,0
PAY408288,C108481,CARD211230,2025-07-27,5958.08,5958.08,On Time,0
PAY408289,C100485,CARD205884,2026-03-20,1918.41,1918.41,On Time,0
PAY408290,C104259,CARD208674,2025-02-22,1774.93,1774.93,On Time,0
PAY408291,C102076,CARD210686,2026-07-12,4030.92,4030.92,On Time,0
PAY408292,C108100,CARD205412,2026-06-28,5492.0,5492.0,Late,26
PAY408293,C104505,CARD200542,2025-02-15,4712.19,210.49,Missed,117
PAY408294,C107551,CARD205169,2026-01-27,13790.04,4562.81,Partial,60
PAY408295,C102188,CARD204909,2026-05-14,3038.87,3038.87,On Time,0
PAY408296,C100647,CARD201246,2025-09-22,3386.83,3386.83,On Time,0
PAY408297,C104008,CARD204139,2026-04-28,11615.29,1307.06,Missed,93
PAY408298,C101949,CARD211844,2025-05-23,2047.69,2047.69,On Time,0
PAY408299,C109100,CARD211958,2026-01-30,6724.38,6724.38,On Time,0
PAY408300,C101626,CARD211407,2025-08-22,4721.52,4721.52,On Time,0
PAY408301,C105577,CARD201446,2026-08-23,11609.87,11609.87,On Time,0
PAY408302,C107415,CARD210670,2025-08-22,3159.46,3159.46,On Time,0
PAY408303,C100886,CARD208150,2025-06-02,14493.34,14493.34,On Time,0
PAY408304,C101161,CARD200464,2025-09-14,3008.48,3008.48,On Time,0
PAY408305,C100092,CARD204419,2026-04-29,4412.48,4412.48,On Time,0
PAY408306,C105161,CARD202761,2025-02-06,2340.63,2340.63,On Time,0
PAY408307,C108913,CARD207772,2025-06-22,1167.28,1167.28,On Time,0
PAY408308,C100393,CARD203430,2025-02-02,6547.58,6547.58,Late,6
PAY408309,C108654,CARD200410,2025-10-27,3108.93,2088.08,Partial,14
PAY408310,C103454,CARD202918,2025-12-16,13508.82,13508.82,On Time,0
PAY408311,C109861,CARD207989,2025-09-21,12719.64,12719.64,On Time,0
PAY408312,C103099,CARD210391,2026-01-21,4352.34,4352.34,On Time,0
PAY408313,C109024,CARD209056,2026-05-14,3511.97,3511.97,On Time,0
PAY408314,C103745,CARD203847,2026-05-21,12061.64,12061.64,On Time,0
PAY408315,C100038,CARD205755,2025-09-12,2114.23,2114.23,On Time,0
PAY408316,C109908,CARD202742,2025-09-13,5858.45,5858.45,On Time,0
PAY408317,C108218,CARD210120,2026-07-27,20936.82,20936.82,On Time,0
PAY408318,C108882,CARD209313,2026-04-16,2282.45,2282.45,On Time,0
PAY408319,C105079,CARD202487,2025-03-18,8329.97,8329.97,On Time,0
PAY408320,C108536,CARD201956,2026-05-27,9744.43,3490.12,Partial,17
PAY408321,C106401,CARD202986,2025-10-28,4452.52,4452.52,On Time,0
PAY408322,C106900,CARD209178,2026-08-15,4072.22,4072.22,On Time,0
PAY408323,C109772,CARD211772,2025-05-29,15315.27,15315.27,On Time,0
PAY408324,C101669,CARD209482,2025-05-07,4546.22,4546.22,On Time,0
PAY408325,C106029,CARD200292,2026-05-06,2923.36,2923.36,On Time,0
PAY408326,C109389,CARD201839,2026-04-04,9734.47,4830.22,Partial,19
PAY408327,C102841,CARD200050,2025-06-10,3566.91,3566.91,On Time,0
PAY408328,C105139,CARD201083,2025-05-18,6230.79,6230.79,On Time,0
PAY408329,C100125,CARD201074,2025-05-29,9098.98,9098.98,Late,23
PAY408330,C102994,CARD208988,2026-08-05,7330.49,7330.49,On Time,0
PAY408331,C106373,CARD209027,2025-02-09,5630.71,5630.71,On Time,0
PAY408332,C106618,CARD201897,2026-07-03,10560.47,10560.47,On Time,0
PAY408333,C107686,CARD200961,2025-05-14,3696.45,2220.49,Partial,6
PAY408334,C108263,CARD208477,2026-08-12,2650.86,2650.86,Late,15
PAY408335,C109876,CARD204607,2025-01-04,3706.16,3706.16,On Time,0
PAY408336,C100035,CARD200661,2026-08-07,13808.56,13808.56,On Time,0
PAY408337,C104483,CARD205229,2025-11-27,3194.2,3194.2,On Time,0
PAY408338,C100391,CARD203927,2025-12-09,6764.15,6764.15,On Time,0
PAY408339,C102678,CARD210840,2026-04-14,6402.24,6402.24,Late,20
PAY408340,C102751,CARD203955,2026-02-19,6272.73,6272.73,On Time,0
PAY408341,C108599,CARD210085,2025-04-19,13374.12,13374.12,On Time,0
PAY408342,C104536,CARD209804,2025-10-03,20932.18,20932.18,On Time,0
PAY408343,C103749,CARD207657,2025-04-06,2497.58,2497.58,On Time,0
PAY408344,C107270,CARD201691,2025-01-14,5031.38,5031.38,On Time,0
PAY408345,C100993,CARD206927,2026-07-05,11523.65,11523.65,On Time,0
PAY408346,C100117,CARD200710,2026-05-28,3708.95,3708.95,On Time,0
PAY408347,C106593,CARD206155,2026-04-20,5029.2,2936.19,Partial,24
PAY408348,C102229,CARD205962,2026-02-16,15021.8,15021.8,On Time,0
PAY408349,C100806,CARD207568,2026-07-28,11322.73,11322.73,On Time,0
PAY408350,C101255,CARD203667,2026-06-09,1951.52,1951.52,On Time,0
PAY408351,C105455,CARD202703,2025-10-12,4847.37,4847.37,On Time,0
PAY408352,C109743,CARD207780,2025-01-04,6727.1,6727.1,Late,5
PAY408353,C105132,CARD205083,2026-05-09,12472.39,12472.39,On Time,0
PAY408354,C101245,CARD209546,2026-01-08,9783.75,9783.75,On Time,0
PAY408355,C109159,CARD209167,2025-11-07,3296.61,3296.61,On Time,0
PAY408356,C109865,CARD209327,2025-02-01,6159.83,6159.83,On Time,0
PAY408357,C101312,CARD209709,2025-03-22,8709.76,8709.76,Late,15
PAY408358,C105391,CARD202972,2026-02-14,7860.72,6103.59,Partial,2
PAY408359,C101525,CARD207196,2025-08-30,16436.79,16436.79,On Time,0
PAY408360,C103559,CARD210652,2025-11-06,4756.83,4756.83,On Time,0
PAY408361,C106061,CARD200945,2026-01-17,4449.75,1145.13,Partial,46
PAY408362,C104314,CARD208268,2025-05-07,14982.65,14982.65,Late,30
PAY408363,C108686,CARD200017,2026-01-30,47400.2,47400.2,On Time,0
PAY408364,C102865,CARD203412,2026-05-12,26096.83,26096.83,On Time,0
PAY408365,C105746,CARD203403,2025-03-18,2182.21,2182.21,On Time,0
PAY408366,C106227,CARD206681,2026-06-27,60308.33,60308.33,On Time,0
PAY408367,C104584,CARD204421,2025-09-28,6544.35,6544.35,On Time,0
PAY408368,C100828,CARD210295,2026-03-10,2798.63,2798.63,On Time,0
PAY408369,C104660,CARD206437,2025-02-12,30302.03,30302.03,On Time,0
PAY408370,C102416,CARD211827,2025-03-20,4776.02,4776.02,On Time,0
PAY408371,C109517,CARD205843,2025-03-13,7381.97,7381.97,On Time,0
PAY408372,C100274,CARD211578,2025-10-12,4319.14,4319.14,On Time,0
PAY408373,C104480,CARD200971,2025-10-03,2658.67,2658.67,On Time,0
PAY408374,C100419,CARD209364,2025-03-20,17902.78,17902.78,Late,12
PAY408375,C101579,CARD203598,2025-12-22,11144.77,11144.77,On Time,0
PAY408376,C104479,CARD202457,2025-01-19,14579.48,14579.48,On Time,0
PAY408377,C109334,CARD201718,2025-02-08,9167.77,433.34,Missed,37
PAY408378,C101643,CARD205518,2025-08-21,12432.53,12432.53,On Time,0
PAY408379,C106420,CARD206940,2026-05-14,3036.25,3036.25,On Time,0
PAY408380,C107593,CARD207881,2025-09-02,2798.84,2213.64,Partial,44
PAY408381,C105086,CARD200717,2025-08-02,4886.08,4886.08,On Time,0
PAY408382,C109602,CARD209355,2025-06-17,5197.37,5197.37,On Time,0
PAY408383,C102851,CARD206034,2026-01-11,8147.76,8147.76,On Time,0
PAY408384,C100617,CARD203557,2025-03-16,9189.69,6103.85,Partial,13
PAY408385,C108825,CARD207636,2026-01-10,9409.1,9409.1,On Time,0
PAY408386,C101979,CARD206008,2026-06-15,4931.41,602.28,Missed,86
PAY408387,C103465,CARD204424,2025-06-19,3048.73,3048.73,On Time,0
PAY408388,C104828,CARD201424,2025-02-03,6336.92,6336.92,On Time,0
PAY408389,C108549,CARD208657,2025-11-14,7618.55,983.93,Missed,35
PAY408390,C101229,CARD210885,2026-05-23,12892.07,12892.07,On Time,0
PAY408391,C107463,CARD205017,2025-03-19,5922.62,5922.62,On Time,0
PAY408392,C100282,CARD208383,2025-05-13,4366.59,4366.59,On Time,0
PAY408393,C102876,CARD206560,2026-01-18,8599.86,8599.86,On Time,0
PAY408394,C101370,CARD205005,2025-09-09,4927.98,3874.43,Partial,6
PAY408395,C100857,CARD201975,2025-06-05,10502.71,10502.71,On Time,0
PAY408396,C102910,CARD205664,2025-11-06,4470.15,3320.26,Partial,52
PAY408397,C108913,CARD207772,2025-04-07,17816.45,17816.45,On Time,0
PAY408398,C102026,CARD207299,2025-12-22,6034.61,6034.61,On Time,0
PAY408399,C100050,CARD206565,2025-05-09,4847.18,4847.18,Late,21
PAY408400,C102712,CARD210039,2026-04-23,8862.1,8862.1,On Time,0
PAY408401,C103333,CARD200086,2026-01-03,5063.04,5063.04,On Time,0
PAY408402,C100655,CARD208845,2026-04-02,3838.67,59.01,Missed,43
PAY408403,C107605,CARD209644,2026-02-21,2918.61,2918.61,On Time,0
PAY408404,C108853,CARD201017,2025-01-13,6195.49,6195.49,On Time,0
PAY408405,C109116,CARD207418,2025-01-30,6954.26,6954.26,On Time,0
PAY408406,C106525,CARD205850,2026-04-29,6463.74,6463.74,On Time,0
PAY408407,C105710,CARD205158,2025-03-26,10868.02,10868.02,Late,11
PAY408408,C104064,CARD209000,2026-02-27,6652.63,6652.63,On Time,0
PAY408409,C109651,CARD200074,2025-09-12,7724.39,7724.39,On Time,0
PAY408410,C106522,CARD205263,2025-02-11,3446.09,3446.09,On Time,0
PAY408411,C108481,CARD211230,2025-09-07,3938.3,1645.54,Partial,24
PAY408412,C109485,CARD202122,2025-04-19,4399.34,4399.34,On Time,0
PAY408413,C104128,CARD201698,2026-04-27,10132.78,10132.78,On Time,0
PAY408414,C101418,CARD211874,2026-01-04,13577.04,13577.04,Late,9
PAY408415,C101181,CARD209807,2025-06-19,5091.77,5091.77,On Time,0
PAY408416,C104105,CARD203533,2025-11-07,6348.7,6348.7,On Time,0
PAY408417,C106131,CARD208552,2025-04-16,3073.1,3073.1,On Time,0
PAY408418,C101655,CARD210467,2025-03-12,4535.31,4535.31,On Time,0
PAY408419,C100226,CARD210041,2026-04-15,3804.34,3804.34,On Time,0
PAY408420,C100193,CARD208981,2025-07-26,18423.68,18423.68,On Time,0
PAY408421,C108488,CARD210624,2025-04-23,5759.22,5759.22,On Time,0
PAY408422,C104482,CARD209125,2025-03-03,13893.09,13893.09,On Time,0
PAY408423,C100509,CARD207586,2026-04-03,9880.52,3770.1,Partial,43
PAY408424,C105636,CARD209672,2026-08-27,17096.73,17096.73,On Time,0
PAY408425,C108113,CARD201989,2026-06-16,23784.35,23784.35,Late,16
PAY408426,C100719,CARD209595,2025-06-03,4526.29,4526.29,On Time,0
PAY408427,C100711,CARD208791,2025-10-20,3383.2,3383.2,On Time,0
PAY408428,C101392,CARD205943,2026-07-28,1745.07,1745.07,On Time,0
PAY408429,C106977,CARD209407,2025-03-13,3739.41,1098.03,Partial,57
PAY408430,C101250,CARD205579,2025-04-19,3125.66,3125.66,Late,8
PAY408431,C107426,CARD208668,2026-01-22,7863.5,7863.5,Late,17
PAY408432,C106173,CARD211350,2025-06-12,3237.21,3237.21,On Time,0
PAY408433,C108896,CARD202233,2026-06-29,7645.17,7645.17,On Time,0
PAY408434,C104161,CARD200714,2025-01-22,3460.79,3460.79,On Time,0
PAY408435,C109208,CARD206333,2025-02-22,7236.47,7236.47,On Time,0
PAY408436,C108837,CARD205560,2026-08-24,3828.34,3828.34,Late,14
PAY408437,C102199,CARD201849,2026-02-20,14810.89,14810.89,On Time,0
PAY408438,C109502,CARD207290,2025-08-30,7974.71,5403.35,Partial,55
PAY408439,C102853,CARD205111,2026-01-13,6700.84,6700.84,On Time,0
PAY408440,C109674,CARD201738,2025-10-08,4828.7,1854.52,Partial,14
PAY408441,C102535,CARD207193,2025-04-17,1589.27,1589.27,On Time,0
PAY408442,C107140,CARD205853,2026-05-01,2862.25,309.65,Missed,102
PAY408443,C104707,CARD202647,2025-09-10,17976.7,17976.7,Late,6
PAY408444,C109190,CARD200749,2026-01-28,1030.12,1030.12,On Time,0
PAY408445,C100521,CARD206740,2025-11-19,4863.84,4863.84,On Time,0
PAY408446,C105449,CARD206032,2026-04-26,6338.56,3186.98,Partial,27
PAY408447,C108086,CARD209859,2025-08-10,9863.7,9863.7,On Time,0
PAY408448,C108638,CARD206124,2026-08-22,22407.96,22407.96,On Time,0
PAY408449,C104614,CARD207328,2025-02-19,10911.64,4993.49,Partial,52
PAY408450,C106052,CARD202332,2026-01-22,16808.37,16808.37,On Time,0
PAY408451,C103108,CARD203418,2025-05-10,4954.1,4954.1,On Time,0
PAY408452,C107763,CARD201770,2025-04-13,5099.51,5099.51,On Time,0
PAY408453,C101943,CARD211064,2025-12-02,7338.65,7338.65,Late,9
PAY408454,C103990,CARD200135,2025-04-29,10712.94,10712.94,Late,26
PAY408455,C103391,CARD205714,2026-01-08,3838.6,3838.6,Late,25
PAY408456,C103307,CARD209110,2026-07-21,6122.67,6122.67,Late,26
PAY408457,C106849,CARD201133,2026-02-17,33367.28,33367.28,On Time,0
PAY408458,C102951,CARD202377,2025-02-24,3983.63,3983.63,On Time,0
PAY408459,C104552,CARD204119,2025-04-23,5477.89,5477.89,On Time,0
PAY408460,C109128,CARD204609,2026-07-16,5251.83,1765.59,Partial,9
PAY408461,C101823,CARD205896,2025-04-12,2466.26,2466.26,On Time,0
PAY408462,C107013,CARD209220,2026-04-13,16126.98,851.03,Missed,93
PAY408463,C107853,CARD203683,2025-05-27,5633.43,3997.92,Partial,8
PAY408464,C106197,CARD201700,2026-07-28,3951.68,3951.68,On Time,0
PAY408465,C104671,CARD201319,2025-05-15,10299.7,10299.7,On Time,0
PAY408466,C102718,CARD203228,2026-02-19,6540.36,6540.36,On Time,0
PAY408467,C109239,CARD206866,2026-08-26,12213.78,12213.78,Late,17
PAY408468,C101086,CARD211834,2025-12-10,2446.77,2446.77,On Time,0
PAY408469,C102485,CARD209339,2025-03-11,3687.01,3687.01,On Time,0
PAY408470,C100630,CARD202109,2026-02-03,1425.89,1425.89,On Time,0
PAY408471,C109342,CARD205772,2025-03-29,8566.15,8566.15,On Time,0
PAY408472,C108106,CARD208676,2025-09-02,5038.71,5038.71,On Time,0
PAY408473,C108399,CARD200912,2025-08-04,6289.72,2428.41,Partial,1
PAY408474,C105226,CARD210688,2026-07-10,8523.04,8523.04,On Time,0
PAY408475,C104434,CARD209380,2025-06-22,6852.55,6852.55,Late,13
PAY408476,C105844,CARD200184,2026-07-27,16361.96,16361.96,On Time,0
PAY408477,C108905,CARD210387,2026-06-07,5177.2,5177.2,On Time,0
PAY408478,C100929,CARD209610,2025-01-24,2837.01,2837.01,Late,26
PAY408479,C101631,CARD204438,2026-02-23,4126.16,1332.93,Partial,5
PAY408480,C109198,CARD200578,2026-08-15,5476.65,5476.65,On Time,0
PAY408481,C102886,CARD200668,2026-01-06,3423.27,2631.36,Partial,50
PAY408482,C109234,CARD200154,2025-07-08,17822.45,17822.45,On Time,0
PAY408483,C107372,CARD201590,2026-05-06,6406.94,6406.94,Late,27
PAY408484,C108930,CARD205840,2025-12-12,3838.51,3838.51,On Time,0
PAY408485,C109314,CARD207866,2026-02-07,1837.25,1837.25,On Time,0
PAY408486,C106372,CARD210271,2025-01-17,6995.02,6995.02,On Time,0
PAY408487,C106658,CARD200878,2025-10-27,4896.4,4896.4,On Time,0
PAY408488,C107204,CARD202069,2025-01-17,9160.16,9160.16,On Time,0
PAY408489,C106235,CARD204160,2026-03-21,6786.49,6786.49,On Time,0
PAY408490,C104744,CARD206856,2025-04-06,10913.44,10913.44,On Time,0
PAY408491,C107022,CARD203300,2025-02-08,13057.75,13057.75,On Time,0
PAY408492,C100447,CARD206232,2026-08-02,3074.44,3074.44,On Time,0
PAY408493,C104377,CARD208588,2026-06-18,16117.47,16117.47,On Time,0
PAY408494,C106440,CARD210798,2026-05-21,5688.11,5688.11,On Time,0
PAY408495,C109260,CARD208065,2026-06-30,11117.6,11117.6,On Time,0
PAY408496,C108910,CARD204245,2025-10-01,2325.79,2325.79,On Time,0
PAY408497,C100095,CARD210862,2025-04-10,3440.36,338.13,Missed,89
PAY408498,C101282,CARD200177,2026-04-19,4852.61,4852.61,On Time,0
PAY408499,C108880,CARD208807,2025-10-13,4692.73,4692.73,On Time,0
PAY408500,C103901,CARD205094,2026-01-26,5276.23,5276.23,On Time,0
PAY408501,C108157,CARD200680,2026-08-19,7044.88,7044.88,On Time,0
PAY408502,C104055,CARD206914,2026-03-02,2051.98,2051.98,On Time,0
PAY408503,C104904,CARD211021,2025-06-30,3343.94,3343.94,On Time,0
PAY408504,C109373,CARD201921,2025-12-25,10036.3,10036.3,On Time,0
PAY408505,C104114,CARD201813,2025-09-17,7647.16,7647.16,On Time,0
PAY408506,C103898,CARD205149,2026-01-16,8262.99,8262.99,On Time,0
PAY408507,C108039,CARD202356,2026-01-01,3753.47,3753.47,Late,22
PAY408508,C102631,CARD200446,2025-11-02,11058.86,11058.86,On Time,0
PAY408509,C102662,CARD208835,2026-06-20,6376.89,6376.89,On Time,0
PAY408510,C101218,CARD204096,2025-05-30,7980.82,7980.82,On Time,0
PAY408511,C109996,CARD205991,2026-03-15,5051.42,3339.35,Partial,56
PAY408512,C104426,CARD201451,2025-01-26,8877.26,8877.26,On Time,0
PAY408513,C105942,CARD204672,2026-01-14,9206.59,9206.59,On Time,0
PAY408514,C109094,CARD202317,2026-02-17,2969.74,2969.74,On Time,0
PAY408515,C101932,CARD204952,2026-07-07,8120.96,8120.96,On Time,0
PAY408516,C106222,CARD206247,2025-04-06,3562.9,3562.9,On Time,0
PAY408517,C101013,CARD202008,2026-02-08,3426.58,2798.84,Partial,35
PAY408518,C109918,CARD202308,2025-11-03,12411.14,12411.14,On Time,0
PAY408519,C103736,CARD200897,2026-07-16,30271.13,30271.13,On Time,0
PAY408520,C108605,CARD202057,2026-08-27,1989.58,1989.58,On Time,0
PAY408521,C107053,CARD207511,2025-08-18,3484.74,3484.74,On Time,0
PAY408522,C106011,CARD208612,2026-04-07,8549.92,8549.92,On Time,0
PAY408523,C106590,CARD202983,2025-11-05,2628.47,2628.47,On Time,0
PAY408524,C104473,CARD208505,2026-08-15,6574.75,89.88,Missed,71
PAY408525,C101508,CARD202306,2025-12-06,9031.25,9031.25,On Time,0
PAY408526,C104226,CARD211855,2025-02-04,6030.99,2496.43,Partial,42
PAY408527,C105436,CARD206863,2025-06-24,16131.23,16131.23,On Time,0
PAY408528,C107218,CARD209170,2026-03-20,19450.95,19450.95,On Time,0
PAY408529,C104033,CARD209905,2026-05-06,5388.25,5388.25,On Time,0
PAY408530,C108936,CARD203712,2025-02-06,2134.54,1138.78,Partial,22
PAY408531,C102721,CARD208189,2026-01-12,8097.29,8097.29,On Time,0
PAY408532,C105580,CARD201504,2025-03-15,2767.6,2767.6,On Time,0
PAY408533,C105233,CARD204021,2025-11-24,4131.92,4131.92,Late,2
PAY408534,C102351,CARD204933,2026-02-27,5554.6,1807.65,Partial,54
PAY408535,C100798,CARD208804,2025-08-12,2338.27,2338.27,Late,7
PAY408536,C105285,CARD202209,2026-02-13,3140.01,3140.01,Late,23
PAY408537,C108134,CARD203041,2025-09-11,6237.5,6237.5,On Time,0
PAY408538,C100622,CARD201540,2025-07-23,4957.72,78.35,Missed,42
PAY408539,C101566,CARD209187,2025-04-03,17239.28,17239.28,On Time,0
PAY408540,C102036,CARD200770,2026-06-12,8106.17,8106.17,On Time,0
PAY408541,C107405,CARD210420,2026-01-08,3781.27,3781.27,On Time,0
PAY408542,C107600,CARD202954,2025-03-12,3492.83,3492.83,Late,20
PAY408543,C103545,CARD205921,2025-10-19,5752.36,5752.36,Late,23
PAY408544,C103133,CARD206618,2026-05-13,4903.87,4903.87,On Time,0
PAY408545,C104847,CARD211015,2025-01-04,8155.97,8155.97,On Time,0
PAY408546,C109182,CARD205034,2025-10-30,5437.72,5437.72,On Time,0
PAY408547,C100714,CARD209309,2026-01-02,7632.3,7632.3,Late,21
PAY408548,C108483,CARD202121,2025-11-12,8625.18,8625.18,On Time,0
PAY408549,C107689,CARD209354,2026-07-14,10881.86,8695.33,Partial,44
PAY408550,C107036,CARD207222,2026-08-02,11879.81,1508.72,Missed,48
PAY408551,C104023,CARD203881,2026-02-17,20934.56,6929.39,Partial,11
PAY408552,C100761,CARD201330,2026-01-17,3488.74,3488.74,On Time,0
PAY408553,C106307,CARD210323,2025-07-19,3857.81,3857.81,On Time,0
PAY408554,C109403,CARD202495,2025-03-29,4478.71,4478.71,On Time,0
PAY408555,C109640,CARD202768,2026-05-12,5790.32,707.49,Missed,111
PAY408556,C102850,CARD207432,2026-07-18,2992.28,2094.63,Partial,20
PAY408557,C107612,CARD204309,2026-05-08,3553.77,3553.77,Late,12
PAY408558,C100394,CARD205779,2025-07-02,7423.15,7423.15,Late,26
PAY408559,C105363,CARD203458,2026-04-22,7269.18,7269.18,On Time,0
PAY408560,C100329,CARD206059,2025-03-27,1000.0,1000.0,On Time,0
PAY408561,C103687,CARD207100,2025-04-24,23725.42,23725.42,Late,16
PAY408562,C109062,CARD204865,2025-02-18,4027.98,4027.98,On Time,0
PAY408563,C103532,CARD202621,2025-01-30,12031.61,12031.61,On Time,0
PAY408564,C105331,CARD202161,2026-07-16,8594.52,8594.52,On Time,0
PAY408565,C105179,CARD211815,2026-06-29,6553.61,3620.68,Partial,35
PAY408566,C106620,CARD211010,2026-07-16,4572.69,4572.69,On Time,0
PAY408567,C109514,CARD203545,2026-07-18,12343.23,12343.23,On Time,0
PAY408568,C107030,CARD211836,2025-07-19,8627.16,8627.16,On Time,0
PAY408569,C104320,CARD202043,2025-10-27,8630.79,8630.79,On Time,0
PAY408570,C100377,CARD209910,2025-11-22,9801.59,9801.59,On Time,0
PAY408571,C107817,CARD211510,2025-11-01,3210.49,3210.49,On Time,0
PAY408572,C104409,CARD205212,2025-04-25,1302.54,1302.54,On Time,0
PAY408573,C108227,CARD204493,2025-11-08,6649.23,956.26,Missed,57
PAY408574,C100793,CARD201321,2026-07-02,4109.52,4109.52,On Time,0
PAY408575,C105231,CARD200137,2025-06-23,5285.89,5285.89,On Time,0
PAY408576,C106365,CARD202264,2025-05-22,7330.47,3867.09,Partial,59
PAY408577,C103887,CARD206818,2025-12-17,5211.18,5211.18,On Time,0
PAY408578,C104514,CARD210645,2025-12-02,14814.14,14814.14,On Time,0
PAY408579,C102585,CARD200809,2026-05-08,11108.06,813.23,Missed,50
PAY408580,C107743,CARD202754,2025-03-02,13847.01,13847.01,On Time,0
PAY408581,C100810,CARD200360,2025-10-21,3897.74,3897.74,On Time,0
PAY408582,C100201,CARD210351,2025-10-26,4788.41,4788.41,On Time,0
PAY408583,C106086,CARD206799,2025-09-07,4774.27,4774.27,On Time,0
PAY408584,C104104,CARD211268,2026-03-01,8366.43,2989.12,Partial,33
PAY408585,C106653,CARD209305,2026-06-02,13960.73,13960.73,On Time,0
PAY408586,C109709,CARD206468,2025-10-25,7634.85,1817.25,Partial,34
PAY408587,C106828,CARD200419,2025-11-05,3053.68,3053.68,Late,25
PAY408588,C108730,CARD210961,2026-03-07,14921.0,14921.0,On Time,0
PAY408589,C100129,CARD208340,2025-06-16,17570.04,17570.04,On Time,0
PAY408590,C103244,CARD209370,2025-10-08,3931.97,3931.97,On Time,0
PAY408591,C100644,CARD202053,2025-12-15,4054.77,1192.36,Partial,32
PAY408592,C104885,CARD205809,2026-04-11,4976.46,4976.46,On Time,0
PAY408593,C109109,CARD200900,2026-04-11,9988.36,9988.36,On Time,0
PAY408594,C107591,CARD211391,2026-05-03,5351.77,5351.77,On Time,0
PAY408595,C108017,CARD207970,2026-08-21,7293.36,7293.36,On Time,0
PAY408596,C105712,CARD210468,2026-01-22,7516.12,7516.12,On Time,0
PAY408597,C105321,CARD201871,2026-08-23,6539.44,6539.44,On Time,0
PAY408598,C106505,CARD211498,2025-03-30,18178.89,18178.89,On Time,0
PAY408599,C109251,CARD204574,2026-08-29,5562.85,5562.85,On Time,0
PAY408600,C104009,CARD203575,2026-01-31,3194.41,3194.41,On Time,0
PAY408601,C104372,CARD209981,2025-01-26,8135.33,8135.33,On Time,0
PAY408602,C108981,CARD201999,2025-07-13,8232.35,8232.35,On Time,0
PAY408603,C105132,CARD205083,2025-10-03,6652.3,6652.3,On Time,0
PAY408604,C100713,CARD202312,2025-07-21,5235.64,5235.64,On Time,0
PAY408605,C103216,CARD210651,2025-12-22,4930.44,510.5,Missed,75
PAY408606,C108577,CARD210542,2025-08-01,3003.73,3003.73,Late,17
PAY408607,C108732,CARD208994,2026-04-17,16848.38,16848.38,On Time,0
PAY408608,C109099,CARD207862,2026-02-22,2819.23,2819.23,On Time,0
PAY408609,C100203,CARD208120,2025-02-14,1511.2,1511.2,Late,11
PAY408610,C106381,CARD208010,2026-05-27,3472.17,3472.17,On Time,0
PAY408611,C104530,CARD211077,2026-01-12,1938.97,1938.97,On Time,0
PAY408612,C100335,CARD205290,2025-07-15,6265.85,6265.85,On Time,0
PAY408613,C104397,CARD208496,2026-03-28,6386.9,6386.9,Late,3
PAY408614,C102151,CARD211555,2026-06-24,12763.22,12763.22,Late,21
PAY408615,C106919,CARD202100,2026-07-18,7577.07,7577.07,On Time,0
PAY408616,C106103,CARD200254,2025-12-02,5149.52,5149.52,On Time,0
PAY408617,C100840,CARD208571,2025-04-09,5235.81,374.22,Missed,73
PAY408618,C109227,CARD201785,2025-09-17,5781.82,5781.82,On Time,0
PAY408619,C104566,CARD207214,2025-04-09,5873.97,5873.97,Late,9
PAY408620,C105150,CARD209054,2025-02-11,4344.31,4344.31,On Time,0
PAY408621,C105773,CARD205185,2026-05-18,4080.02,4080.02,On Time,0
PAY408622,C101666,CARD200968,2026-05-25,5525.76,5525.76,On Time,0
PAY408623,C102201,CARD203018,2025-06-22,5125.32,5125.32,On Time,0
PAY408624,C102990,CARD200477,2025-01-02,3014.72,1342.56,Partial,9
PAY408625,C103693,CARD206433,2026-02-24,3892.61,3892.61,On Time,0
PAY408626,C103825,CARD202732,2025-09-27,1236.22,1236.22,On Time,0
PAY408627,C101870,CARD206235,2026-05-10,7272.92,7272.92,On Time,0
PAY408628,C100382,CARD210831,2025-08-25,7752.25,7752.25,On Time,0
PAY408629,C105185,CARD209617,2026-02-05,6088.35,6088.35,On Time,0
PAY408630,C107927,CARD205117,2026-07-16,6392.04,6392.04,On Time,0
PAY408631,C100646,CARD202806,2026-07-30,4170.45,4170.45,On Time,0
PAY408632,C101766,CARD201829,2025-06-14,2695.39,2695.39,On Time,0
PAY408633,C100854,CARD206665,2026-05-02,5172.29,5172.29,Late,22
PAY408634,C105474,CARD209573,2026-04-23,4668.12,1250.08,Partial,26
PAY408635,C106963,CARD201233,2025-05-16,10577.12,1124.11,Missed,103
PAY408636,C107959,CARD203865,2026-05-06,2365.67,2365.67,On Time,0
PAY408637,C106706,CARD205110,2026-06-14,7222.97,7222.97,On Time,0
PAY408638,C105397,CARD201108,2026-08-12,1488.05,1488.05,On Time,0
PAY408639,C108606,CARD201757,2026-05-15,5918.92,5918.92,Late,16
PAY408640,C105166,CARD209061,2025-03-03,10853.28,10853.28,On Time,0
PAY408641,C104541,CARD210820,2025-04-25,6069.62,6069.62,On Time,0
PAY408642,C108967,CARD202643,2026-01-26,2036.49,2036.49,Late,5
PAY408643,C106249,CARD211360,2026-01-08,7856.2,7856.2,On Time,0
PAY408644,C108913,CARD207772,2026-01-02,3837.89,3837.89,On Time,0
PAY408645,C100930,CARD210519,2026-04-06,7625.94,7625.94,On Time,0
PAY408646,C103406,CARD202190,2025-11-12,1797.82,1797.82,On Time,0
PAY408647,C100666,CARD210558,2026-01-22,5571.62,5571.62,On Time,0
PAY408648,C107333,CARD202396,2025-11-11,10931.3,10931.3,On Time,0
PAY408649,C105387,CARD204532,2025-06-20,11871.3,11871.3,On Time,0
PAY408650,C104105,CARD203533,2025-12-06,5514.07,5514.07,On Time,0
PAY408651,C103972,CARD205570,2026-08-03,5713.84,2221.52,Partial,44
PAY408652,C103971,CARD207985,2026-03-18,25549.36,25549.36,On Time,0
PAY408653,C107836,CARD205650,2026-05-13,5907.86,5907.86,Late,21
PAY408654,C105859,CARD202991,2026-03-22,7015.45,7015.45,On Time,0
PAY408655,C107120,CARD207833,2025-11-26,2835.16,2835.16,On Time,0
PAY408656,C104568,CARD206390,2025-04-14,6427.92,4263.81,Partial,51
PAY408657,C109363,CARD206006,2025-06-19,7644.0,7644.0,On Time,0
PAY408658,C108921,CARD201276,2025-12-16,3211.7,3211.7,On Time,0
PAY408659,C109252,CARD210546,2025-02-13,6773.98,6773.98,Late,30
PAY408660,C105616,CARD201879,2025-09-20,9612.92,9612.92,On Time,0
PAY408661,C101339,CARD211930,2025-01-23,9801.54,9801.54,On Time,0
PAY408662,C103758,CARD201605,2026-02-11,21288.42,21288.42,On Time,0
PAY408663,C102427,CARD207678,2025-01-18,2193.29,2193.29,On Time,0
PAY408664,C106825,CARD202469,2026-02-13,2483.01,2483.01,Late,17
PAY408665,C102913,CARD211114,2026-06-26,6366.43,6366.43,On Time,0
PAY408666,C106653,CARD209305,2025-08-09,2177.87,2177.87,On Time,0
PAY408667,C105554,CARD204564,2025-12-01,10315.62,10315.62,On Time,0
PAY408668,C109503,CARD209448,2026-02-26,6414.77,6414.77,On Time,0
PAY408669,C103853,CARD207889,2026-01-03,6938.57,6938.57,On Time,0
PAY408670,C106701,CARD208600,2026-04-15,1830.81,1830.81,On Time,0
PAY408671,C106713,CARD206644,2026-01-31,16849.55,397.05,Missed,61
PAY408672,C108849,CARD204190,2025-11-22,7829.31,7829.31,On Time,0
PAY408673,C109509,CARD206648,2025-07-10,3088.46,3088.46,On Time,0
PAY408674,C105585,CARD202942,2026-05-01,7473.65,7473.65,On Time,0
PAY408675,C101979,CARD209870,2025-11-01,11369.6,553.83,Missed,91
PAY408676,C102030,CARD211901,2026-01-29,8169.19,8169.19,On Time,0
PAY408677,C105740,CARD204085,2026-03-24,10248.77,10248.77,On Time,0
PAY408678,C100436,CARD209465,2025-12-06,2635.25,2635.25,On Time,0
PAY408679,C101422,CARD201650,2025-11-29,9776.44,9776.44,On Time,0
PAY408680,C104863,CARD208365,2025-02-19,3831.15,3831.15,Late,14
PAY408681,C106157,CARD206732,2025-06-02,1382.03,465.2,Partial,20
PAY408682,C103588,CARD207882,2025-12-19,4864.48,4864.48,Late,16
PAY408683,C106997,CARD200165,2026-01-31,24341.67,24341.67,On Time,0
PAY408684,C107212,CARD200568,2026-03-12,6119.68,3712.42,Partial,20
PAY408685,C107943,CARD205470,2026-07-12,10060.39,10060.39,On Time,0
PAY408686,C106603,CARD205804,2026-04-27,3221.12,3221.12,On Time,0
PAY408687,C104193,CARD208748,2025-03-28,6642.09,6642.09,On Time,0
PAY408688,C102770,CARD209695,2026-03-03,4793.54,4793.54,On Time,0
PAY408689,C100968,CARD205863,2025-04-10,5915.62,5915.62,On Time,0
PAY408690,C108674,CARD207430,2026-01-15,8649.81,8649.81,On Time,0
PAY408691,C101683,CARD207554,2025-12-29,2859.2,2859.2,On Time,0
PAY408692,C108264,CARD210985,2025-10-20,13583.68,9265.97,Partial,53
PAY408693,C105392,CARD208237,2026-08-28,17871.75,17871.75,On Time,0
PAY408694,C108033,CARD210369,2026-06-04,4270.15,4270.15,On Time,0
PAY408695,C105739,CARD203690,2025-06-22,14771.58,14771.58,On Time,0
PAY408696,C102625,CARD200384,2026-04-15,9791.38,9791.38,On Time,0
PAY408697,C101305,CARD204229,2025-07-22,15369.24,15369.24,On Time,0
PAY408698,C101238,CARD210880,2025-09-15,11450.9,11450.9,On Time,0
PAY408699,C105832,CARD208485,2025-03-28,4691.42,4691.42,On Time,0
PAY408700,C107876,CARD205142,2026-05-06,2619.48,1045.58,Partial,37
PAY408701,C107600,CARD202954,2025-12-25,7287.27,7287.27,On Time,0
PAY408702,C109607,CARD206365,2025-05-13,2024.72,2024.72,On Time,0
PAY408703,C104705,CARD200409,2026-03-28,12729.18,12729.18,Late,16
PAY408704,C101626,CARD211407,2026-01-15,7583.36,7583.36,On Time,0
PAY408705,C102889,CARD202032,2025-05-28,6509.96,6509.96,On Time,0
PAY408706,C103885,CARD200965,2025-03-03,4934.43,4934.43,On Time,0
PAY408707,C106749,CARD205582,2026-03-16,5848.82,3053.59,Partial,12
PAY408708,C101256,CARD203409,2025-12-09,9614.3,7545.05,Partial,56
PAY408709,C109889,CARD209727,2025-01-06,5207.46,5207.46,On Time,0
PAY408710,C102821,CARD202287,2025-01-29,26840.96,26840.96,On Time,0
PAY408711,C109864,CARD205550,2025-05-01,5422.82,5422.82,On Time,0
PAY408712,C100924,CARD209344,2025-12-23,4225.6,2481.49,Partial,3
PAY408713,C105115,CARD206898,2025-06-07,4146.37,4146.37,On Time,0
PAY408714,C106775,CARD211338,2025-02-07,3155.79,3155.79,On Time,0
PAY408715,C104357,CARD200998,2025-12-10,6174.42,6174.42,Late,20
PAY408716,C105758,CARD211304,2026-04-16,9832.54,9832.54,Late,3
PAY408717,C102869,CARD211164,2026-02-23,7800.09,7800.09,On Time,0
PAY408718,C100664,CARD201915,2026-08-01,7066.84,1600.59,Partial,51
PAY408719,C103786,CARD211561,2026-04-29,4636.3,4636.3,Late,24
PAY408720,C104875,CARD210217,2025-05-24,12145.43,7183.32,Partial,47
PAY408721,C107457,CARD208962,2025-07-21,4116.62,4116.62,On Time,0
PAY408722,C108619,CARD206859,2026-03-13,8624.5,8624.5,Late,22
PAY408723,C107236,CARD203099,2025-10-18,8090.06,8090.06,On Time,0
PAY408724,C103684,CARD211784,2025-09-28,15488.42,15488.42,On Time,0
PAY408725,C103110,CARD211669,2025-09-20,2486.37,2486.37,On Time,0
PAY408726,C109810,CARD209037,2026-06-01,6590.74,3677.74,Partial,1
PAY408727,C102191,CARD205224,2025-03-03,5402.87,2822.25,Partial,1
PAY408728,C108872,CARD205167,2025-05-22,8489.61,4095.17,Partial,50
PAY408729,C105640,CARD211641,2026-06-18,3604.34,3604.34,On Time,0
PAY408730,C100627,CARD211981,2026-01-24,1001.98,1001.98,On Time,0
PAY408731,C101842,CARD208238,2026-08-21,23437.54,23437.54,On Time,0
PAY408732,C109141,CARD204708,2025-08-09,7019.71,7019.71,On Time,0
PAY408733,C102585,CARD200809,2026-08-02,4057.0,4057.0,On Time,0
PAY408734,C104034,CARD207435,2025-09-28,7204.62,7204.62,On Time,0
PAY408735,C102721,CARD206188,2025-11-29,7707.14,7707.14,On Time,0
PAY408736,C101753,CARD204265,2026-03-29,3210.45,2252.05,Partial,60
PAY408737,C106990,CARD205380,2025-04-27,5314.78,5314.78,On Time,0
PAY408738,C101669,CARD209482,2025-03-04,1158.77,1158.77,On Time,0
PAY408739,C105119,CARD200311,2026-01-15,4645.22,4645.22,On Time,0
PAY408740,C106872,CARD205799,2026-02-27,8651.83,8651.83,On Time,0
PAY408741,C108185,CARD208457,2025-03-14,3825.35,564.37,Missed,112
PAY408742,C100141,CARD210428,2025-03-08,6842.04,6842.04,On Time,0
PAY408743,C106321,CARD208136,2026-03-31,8362.16,8362.16,Late,19
PAY408744,C107567,CARD211281,2026-01-16,6950.51,6950.51,Late,16
PAY408745,C108025,CARD207395,2026-05-12,14111.1,14111.1,On Time,0
PAY408746,C108033,CARD210369,2026-03-22,5917.47,5917.47,On Time,0
PAY408747,C100758,CARD207291,2025-08-23,10876.31,10876.31,On Time,0
PAY408748,C104491,CARD211658,2026-01-05,44165.4,44165.4,Late,21
PAY408749,C105824,CARD201831,2026-05-13,2628.52,2628.52,On Time,0
PAY408750,C107557,CARD208967,2025-06-24,3635.12,3635.12,On Time,0
PAY408751,C105796,CARD201027,2025-12-04,6850.66,6850.66,On Time,0
PAY408752,C107163,CARD206804,2025-11-29,4512.95,4512.95,On Time,0
PAY408753,C108727,CARD201534,2026-08-24,8330.62,8330.62,On Time,0
PAY408754,C107791,CARD205385,2026-07-03,8621.59,8621.59,On Time,0
PAY408755,C104879,CARD209514,2026-07-30,3350.0,3350.0,Late,29
PAY408756,C108537,CARD206299,2026-02-03,9180.57,9180.57,Late,30
PAY408757,C102019,CARD211412,2026-08-29,4306.17,4306.17,Late,24
PAY408758,C103686,CARD200243,2025-01-08,5512.25,5512.25,On Time,0
PAY408759,C102057,CARD209151,2026-05-02,12278.15,12278.15,On Time,0
PAY408760,C104920,CARD203076,2025-12-09,6366.82,6366.82,On Time,0
PAY408761,C108343,CARD200535,2025-05-16,16294.58,16294.58,On Time,0
PAY408762,C103577,CARD205060,2025-08-30,6470.92,6470.92,On Time,0
PAY408763,C100519,CARD209741,2025-11-06,6483.94,6483.94,On Time,0
PAY408764,C104607,CARD210808,2026-02-18,15399.99,15399.99,On Time,0
PAY408765,C106939,CARD206797,2026-08-19,6032.14,6032.14,On Time,0
PAY408766,C100802,CARD200858,2026-03-26,8799.21,8799.21,On Time,0
PAY408767,C107308,CARD210931,2025-05-07,4290.52,4290.52,On Time,0
PAY408768,C100223,CARD205355,2026-06-05,3806.75,3806.75,On Time,0
PAY408769,C105151,CARD209231,2025-01-14,6758.22,6758.22,On Time,0
PAY408770,C103747,CARD206119,2025-10-30,5731.79,5731.79,On Time,0
PAY408771,C101887,CARD208662,2026-02-14,10845.93,10845.93,On Time,0
PAY408772,C100611,CARD203319,2026-03-28,9868.07,9868.07,On Time,0
PAY408773,C100916,CARD203216,2026-02-09,6139.82,6139.82,Late,13
PAY408774,C101571,CARD204605,2026-08-19,2413.66,1811.25,Partial,6
PAY408775,C104487,CARD208686,2026-06-01,5486.32,5486.32,On Time,0
PAY408776,C102135,CARD202587,2025-01-03,19792.3,19792.3,On Time,0
PAY408777,C101593,CARD201160,2026-05-25,4918.62,1711.18,Partial,33
PAY408778,C100714,CARD209309,2025-07-13,1000.0,1000.0,On Time,0
PAY408779,C102306,CARD205007,2025-06-04,47197.12,47197.12,Late,4
PAY408780,C102558,CARD210510,2026-06-19,18895.11,14604.22,Partial,32
PAY408781,C104137,CARD202443,2025-11-22,7416.14,7416.14,On Time,0
PAY408782,C103463,CARD200939,2026-07-17,4529.77,4529.77,On Time,0
PAY408783,C106980,CARD204739,2026-03-13,5666.14,5666.14,Late,11
PAY408784,C101504,CARD205794,2025-03-29,6906.97,6906.97,On Time,0
PAY408785,C109756,CARD201784,2026-06-23,13152.42,13152.42,On Time,0
PAY408786,C108798,CARD201304,2025-05-19,6140.4,6140.4,Late,12
PAY408787,C103091,CARD202259,2026-06-14,6170.09,6170.09,On Time,0
PAY408788,C100729,CARD206829,2025-12-02,19733.94,19733.94,On Time,0
PAY408789,C105709,CARD202330,2025-10-30,3869.07,486.53,Missed,79
PAY408790,C107739,CARD208125,2025-01-25,4675.78,3155.18,Partial,37
PAY408791,C104283,CARD200645,2025-01-18,4216.23,4216.23,On Time,0
PAY408792,C102404,CARD206169,2025-09-30,3873.27,3873.27,Late,27
PAY408793,C102172,CARD203982,2025-05-11,8084.37,8084.37,Late,16
PAY408794,C106793,CARD202718,2025-04-21,4023.18,4023.18,On Time,0
PAY408795,C101978,CARD202412,2025-07-17,4872.08,4872.08,On Time,0
PAY408796,C109395,CARD206996,2026-07-19,5002.48,5002.48,On Time,0
PAY408797,C107609,CARD207925,2025-04-07,5508.85,5508.85,On Time,0
PAY408798,C102960,CARD202770,2025-07-15,3734.53,507.33,Missed,38
PAY408799,C102779,CARD209520,2026-01-11,17050.16,13559.79,Partial,9
PAY408800,C105581,CARD207835,2026-06-10,3795.17,3795.17,On Time,0
PAY408801,C108316,CARD202713,2026-05-26,4342.49,996.08,Partial,49
PAY408802,C105750,CARD210736,2025-07-26,14700.51,14700.51,On Time,0
PAY408803,C103473,CARD205223,2026-05-20,3316.04,2349.45,Partial,36
PAY408804,C106553,CARD209123,2026-05-07,2124.51,2124.51,On Time,0
PAY408805,C106943,CARD202740,2026-01-08,3953.1,3953.1,On Time,0
PAY408806,C107581,CARD208609,2026-05-10,20361.15,20361.15,On Time,0
PAY408807,C100292,CARD200530,2025-04-18,3753.76,3753.76,On Time,0
PAY408808,C109019,CARD206691,2026-03-16,5761.05,5761.05,On Time,0
PAY408809,C108843,CARD208779,2025-09-06,30721.31,30721.31,On Time,0
PAY408810,C102729,CARD209388,2025-09-15,12636.2,8760.16,Partial,57
PAY408811,C100324,CARD210239,2025-12-15,11596.01,11596.01,Late,14
PAY408812,C107044,CARD206280,2026-03-31,6163.18,6163.18,On Time,0
PAY408813,C106250,CARD210956,2025-04-28,3748.05,3748.05,On Time,0
PAY408814,C102389,CARD208403,2025-01-20,21433.96,21433.96,On Time,0
PAY408815,C104291,CARD204237,2025-05-13,10069.61,10069.61,On Time,0
PAY408816,C106738,CARD208642,2025-10-29,6200.92,694.16,Missed,33
PAY408817,C103132,CARD210845,2025-08-13,1834.9,1834.9,On Time,0
PAY408818,C105112,CARD206271,2026-06-25,2370.26,2370.26,Late,7
PAY408819,C106759,CARD202141,2025-09-04,6008.98,2270.08,Partial,52
PAY408820,C105219,CARD203594,2025-11-23,8628.06,8628.06,Late,18
PAY408821,C101406,CARD210023,2026-08-03,2721.98,1923.53,Partial,37
PAY408822,C102190,CARD211255,2026-01-20,5894.53,5894.53,On Time,0
PAY408823,C105149,CARD200268,2026-04-17,9688.34,9688.34,On Time,0
PAY408824,C104575,CARD205732,2025-07-11,9779.32,9779.32,On Time,0
PAY408825,C102833,CARD210606,2026-07-18,3156.0,3156.0,On Time,0
PAY408826,C104055,CARD206914,2025-08-23,23316.05,23316.05,On Time,0
PAY408827,C101128,CARD210648,2025-09-08,9190.2,9190.2,On Time,0
PAY408828,C103881,CARD204339,2026-08-23,6786.65,6786.65,On Time,0
PAY408829,C109968,CARD207666,2025-12-10,2600.26,2600.26,On Time,0
PAY408830,C105743,CARD210343,2025-12-30,9549.9,7747.39,Partial,27
PAY408831,C108364,CARD210570,2026-06-11,2615.97,2615.97,On Time,0
PAY408832,C108043,CARD210895,2025-04-16,4988.6,4988.6,On Time,0
PAY408833,C100893,CARD208850,2026-07-23,15906.58,15906.58,Late,25
PAY408834,C104642,CARD207928,2026-05-19,9447.7,9447.7,On Time,0
PAY408835,C103709,CARD205008,2025-10-27,7083.28,7083.28,On Time,0
PAY408836,C105023,CARD209429,2026-04-01,2465.58,2465.58,Late,10
PAY408837,C102438,CARD210746,2026-01-12,7170.81,7170.81,On Time,0
PAY408838,C101055,CARD203050,2026-07-01,11257.25,11257.25,On Time,0
PAY408839,C105313,CARD203000,2025-12-25,5179.11,5179.11,On Time,0
PAY408840,C102713,CARD206230,2026-03-01,3650.19,1451.62,Partial,24
PAY408841,C106185,CARD201316,2026-03-18,7223.84,7223.84,On Time,0
PAY408842,C105515,CARD211409,2025-04-21,2409.66,2409.66,On Time,0
PAY408843,C108163,CARD204832,2025-07-19,5370.0,5370.0,On Time,0
PAY408844,C102708,CARD209998,2026-01-31,8223.74,8223.74,On Time,0
PAY408845,C108098,CARD201123,2026-01-15,6998.77,6998.77,On Time,0
PAY408846,C101182,CARD200052,2025-07-14,12624.75,12624.75,On Time,0
PAY408847,C101134,CARD207354,2025-11-06,3913.01,3913.01,On Time,0
PAY408848,C103663,CARD201789,2025-06-30,6716.57,6716.57,On Time,0
PAY408849,C104748,CARD200252,2026-08-05,3890.19,2563.26,Partial,37
PAY408850,C108704,CARD209962,2026-02-19,5677.33,5677.33,On Time,0
PAY408851,C101665,CARD200549,2026-03-25,7708.82,7708.82,On Time,0
PAY408852,C101787,CARD208934,2025-12-05,7649.87,4249.58,Partial,18
PAY408853,C102914,CARD207767,2026-03-11,2011.26,2011.26,On Time,0
PAY408854,C101041,CARD200147,2026-02-12,21352.36,2607.54,Missed,55
PAY408855,C106489,CARD203306,2025-07-24,50684.82,50684.82,On Time,0
PAY408856,C105299,CARD211722,2025-09-26,7838.19,7838.19,Late,27
PAY408857,C105394,CARD211955,2026-05-12,2100.16,2100.16,Late,13
PAY408858,C100873,CARD200421,2025-06-06,3023.85,3023.85,On Time,0
PAY408859,C105826,CARD210487,2026-05-12,1455.76,1455.76,On Time,0
PAY408860,C109978,CARD209434,2025-12-16,4598.76,4598.76,On Time,0
PAY408861,C108841,CARD200500,2025-07-06,3603.25,3603.25,Late,17
PAY408862,C107480,CARD206366,2025-10-02,3909.57,3909.57,Late,22
PAY408863,C106630,CARD209811,2025-05-16,2654.3,2654.3,On Time,0
PAY408864,C100489,CARD201287,2025-02-17,1396.33,1396.33,On Time,0
PAY408865,C104263,CARD209212,2026-07-15,8897.28,3386.51,Partial,41
PAY408866,C100886,CARD208150,2025-10-15,15456.81,15456.81,Late,13
PAY408867,C106117,CARD206526,2026-02-26,4190.31,4190.31,On Time,0
PAY408868,C101937,CARD204140,2026-04-20,7028.08,7028.08,Late,18
PAY408869,C100168,CARD205456,2026-04-13,6437.01,6437.01,On Time,0
PAY408870,C108312,CARD201312,2025-06-09,9946.05,7525.63,Partial,33
PAY408871,C105289,CARD208168,2026-04-16,1629.42,1629.42,On Time,0
PAY408872,C102397,CARD201953,2026-08-17,7923.51,7923.51,On Time,0
PAY408873,C106349,CARD203253,2025-08-25,17332.62,6787.43,Partial,33
PAY408874,C100276,CARD209183,2025-02-07,5522.89,5522.89,On Time,0
PAY408875,C105340,CARD209746,2026-06-20,12741.59,12741.59,Late,5
PAY408876,C105291,CARD211828,2025-10-24,11561.09,11561.09,On Time,0
PAY408877,C109664,CARD208397,2026-03-05,7637.1,7637.1,On Time,0
PAY408878,C103512,CARD210059,2025-03-22,6702.63,6702.63,On Time,0
PAY408879,C107730,CARD207798,2025-01-26,6616.73,6616.73,On Time,0
PAY408880,C107150,CARD207662,2025-11-01,1570.41,414.56,Partial,10
PAY408881,C105593,CARD208693,2025-12-22,3545.49,3545.49,On Time,0
PAY408882,C107059,CARD207972,2026-05-18,6372.82,6372.82,On Time,0
PAY408883,C100810,CARD200360,2025-08-25,3556.14,3556.14,On Time,0
PAY408884,C107644,CARD204078,2026-02-13,1395.22,1395.22,Late,5
PAY408885,C103366,CARD211054,2026-06-03,4447.06,896.26,Partial,12
PAY408886,C100638,CARD210817,2025-05-16,2065.55,2065.55,On Time,0
PAY408887,C101637,CARD208429,2026-05-20,4959.48,4959.48,On Time,0
PAY408888,C100936,CARD201397,2025-07-08,4427.35,4427.35,On Time,0
PAY408889,C105726,CARD209431,2025-09-27,12787.33,12787.33,On Time,0
PAY408890,C106458,CARD205153,2025-06-12,20958.61,20958.61,On Time,0
PAY408891,C101923,CARD210395,2025-09-25,1716.95,1716.95,On Time,0
PAY408892,C106362,CARD202434,2026-05-18,4561.2,4561.2,On Time,0
PAY408893,C100768,CARD211252,2025-12-27,4822.57,4822.57,Late,16
PAY408894,C104180,CARD204280,2025-12-06,8226.37,8226.37,On Time,0
PAY408895,C102270,CARD204632,2025-03-17,6840.59,6840.59,On Time,0
PAY408896,C103441,CARD209824,2026-05-10,2009.33,2009.33,On Time,0
PAY408897,C106674,CARD210935,2025-12-18,9572.75,9572.75,On Time,0
PAY408898,C104039,CARD210107,2026-01-21,10538.01,10538.01,On Time,0
PAY408899,C100383,CARD211577,2026-02-13,1958.52,34.79,Missed,65
PAY408900,C106753,CARD200561,2026-06-27,2960.86,2960.86,On Time,0
PAY408901,C102664,CARD205485,2025-12-19,6127.05,6127.05,On Time,0
PAY408902,C103456,CARD204323,2025-08-22,13935.4,13935.4,On Time,0
PAY408903,C102625,CARD200384,2025-12-24,5457.65,5457.65,On Time,0
PAY408904,C109276,CARD208290,2025-10-24,11928.85,7597.6,Partial,30
PAY408905,C109614,CARD211712,2025-10-12,16183.84,16183.84,On Time,0
PAY408906,C108351,CARD208701,2025-10-13,3804.97,2061.66,Partial,21
PAY408907,C108579,CARD201493,2025-10-22,1679.44,1679.44,On Time,0
PAY408908,C107420,CARD208198,2025-12-31,5202.61,5202.61,On Time,0
PAY408909,C104651,CARD209674,2025-09-07,5580.67,131.56,Missed,92
PAY408910,C101328,CARD208655,2025-08-15,5982.17,5982.17,On Time,0
PAY408911,C100643,CARD205900,2026-05-17,6994.86,6994.86,On Time,0
PAY408912,C100967,CARD205239,2026-02-14,7946.13,256.6,Missed,114
PAY408913,C108228,CARD204299,2025-05-22,12301.5,12301.5,On Time,0
PAY408914,C102412,CARD209410,2025-07-31,9652.15,9652.15,On Time,0
PAY408915,C103893,CARD207995,2025-07-06,12431.5,12431.5,On Time,0
PAY408916,C106257,CARD204210,2026-02-14,7241.66,7241.66,On Time,0
PAY408917,C106387,CARD208350,2025-01-04,2142.82,2142.82,On Time,0
PAY408918,C101899,CARD211076,2026-03-01,1480.05,1480.05,On Time,0
PAY408919,C101135,CARD204124,2026-08-22,3857.67,3857.67,Late,1
PAY408920,C105589,CARD208133,2026-05-04,8408.95,8408.95,On Time,0
PAY408921,C107659,CARD206532,2026-06-24,9756.2,9756.2,On Time,0
PAY408922,C101065,CARD207900,2026-03-22,3346.94,3346.94,On Time,0
PAY408923,C104772,CARD209298,2026-05-18,9699.51,9699.51,On Time,0
PAY408924,C102483,CARD210911,2025-10-27,10415.97,7064.33,Partial,11
PAY408925,C109734,CARD200288,2025-01-27,2950.77,2950.77,On Time,0
PAY408926,C105380,CARD201675,2026-05-24,1000.0,1000.0,On Time,0
PAY408927,C102743,CARD210058,2025-06-01,4242.87,4242.87,On Time,0
PAY408928,C108477,CARD200443,2025-03-01,7584.53,7584.53,On Time,0
PAY408929,C106565,CARD207125,2026-02-06,3206.89,3206.89,On Time,0
PAY408930,C106891,CARD202975,2025-10-28,15170.12,15170.12,On Time,0
PAY408931,C108047,CARD207857,2025-12-29,7367.06,7367.06,On Time,0
PAY408932,C101321,CARD211269,2025-12-07,18616.82,18616.82,On Time,0
PAY408933,C105382,CARD211370,2026-07-02,3249.63,3249.63,Late,16
PAY408934,C100096,CARD204679,2025-11-20,7194.18,7194.18,On Time,0
PAY408935,C108451,CARD204981,2026-03-25,1576.64,1576.64,On Time,0
PAY408936,C106053,CARD207210,2025-09-17,6173.3,6173.3,On Time,0
PAY408937,C101176,CARD207375,2025-05-12,6009.7,6009.7,On Time,0
PAY408938,C103556,CARD203817,2025-08-11,6473.54,6473.54,Late,29
PAY408939,C103759,CARD204120,2025-07-02,3324.54,3324.54,On Time,0
PAY408940,C108403,CARD209479,2025-08-22,1806.68,1806.68,On Time,0
PAY408941,C106026,CARD207065,2025-06-19,6549.08,6549.08,On Time,0
PAY408942,C100254,CARD205510,2025-09-29,3126.63,3126.63,On Time,0
PAY408943,C109358,CARD207002,2025-07-24,3814.98,3814.98,Late,30
PAY408944,C109592,CARD208396,2025-01-23,2492.55,2492.55,On Time,0
PAY408945,C102115,CARD206352,2025-01-13,9249.78,9249.78,On Time,0
PAY408946,C105309,CARD205685,2025-07-13,7599.77,7599.77,On Time,0
PAY408947,C108478,CARD205836,2025-11-20,42820.01,42820.01,On Time,0
PAY408948,C108735,CARD205509,2025-07-26,4555.64,4555.64,On Time,0
PAY408949,C105245,CARD208645,2025-09-22,7125.7,7125.7,On Time,0
PAY408950,C101550,CARD203640,2026-04-29,2336.25,2336.25,On Time,0
PAY408951,C100036,CARD210914,2025-05-06,1203.32,1203.32,On Time,0
PAY408952,C105561,CARD211829,2026-05-15,3333.14,3333.14,On Time,0
PAY408953,C107736,CARD201429,2025-01-17,4283.48,4283.48,On Time,0
PAY408954,C105240,CARD210503,2025-05-05,7067.04,7067.04,Late,9
PAY408955,C108779,CARD210483,2025-01-26,20628.07,20628.07,On Time,0
PAY408956,C107907,CARD208359,2025-10-11,5706.13,5706.13,On Time,0
PAY408957,C101806,CARD201981,2025-04-22,3195.25,3195.25,Late,24
PAY408958,C101835,CARD203419,2025-11-23,9537.75,9537.75,On Time,0
PAY408959,C103760,CARD200494,2025-08-30,14881.78,14881.78,On Time,0
PAY408960,C103243,CARD206361,2026-02-28,2946.4,2946.4,On Time,0
PAY408961,C107298,CARD211414,2026-03-13,15970.66,15970.66,On Time,0
PAY408962,C106890,CARD205677,2025-10-15,1864.13,1864.13,On Time,0
PAY408963,C104718,CARD208626,2025-02-20,1445.71,159.86,Missed,34
PAY408964,C100375,CARD200933,2025-06-12,9498.02,9498.02,On Time,0
PAY408965,C104841,CARD204494,2026-03-21,10484.3,10484.3,On Time,0
PAY408966,C105312,CARD206279,2026-02-01,1505.25,824.98,Partial,1
PAY408967,C101803,CARD204031,2025-07-17,4256.86,4256.86,On Time,0
PAY408968,C104535,CARD210958,2026-08-19,1566.04,15.69,Missed,55
PAY408969,C104584,CARD204421,2025-11-26,6271.44,6271.44,Late,3
PAY408970,C102058,CARD205098,2026-01-09,14430.61,4145.94,Partial,39
PAY408971,C107580,CARD208736,2025-01-11,5164.61,5164.61,On Time,0
PAY408972,C109939,CARD209951,2025-07-31,6590.87,6590.87,On Time,0
PAY408973,C105839,CARD206692,2026-02-17,17421.54,17421.54,Late,14
PAY408974,C100644,CARD202053,2025-02-21,4173.92,4173.92,On Time,0
PAY408975,C104327,CARD208622,2026-05-29,15265.76,15265.76,On Time,0
PAY408976,C107694,CARD204045,2025-11-25,4540.04,4540.04,On Time,0
PAY408977,C101840,CARD210034,2026-03-22,10043.62,10043.62,On Time,0
PAY408978,C108127,CARD208202,2025-12-08,4079.42,1015.56,Partial,7
PAY408979,C104712,CARD200237,2025-02-13,2536.37,2536.37,On Time,0
PAY408980,C105951,CARD208322,2026-03-26,4504.66,4504.66,On Time,0
PAY408981,C106099,CARD210756,2026-03-13,9502.61,9502.61,On Time,0
PAY408982,C104614,CARD207328,2025-04-04,5269.3,5269.3,On Time,0
PAY408983,C107028,CARD207563,2026-07-12,7250.57,7250.57,On Time,0
PAY408984,C102030,CARD211901,2026-08-02,3736.08,3736.08,On Time,0
PAY408985,C109719,CARD202186,2025-05-13,1582.06,1582.06,On Time,0
PAY408986,C107593,CARD207881,2025-01-05,20123.74,20123.74,On Time,0
PAY408987,C102205,CARD201661,2026-08-24,6947.04,6947.04,On Time,0
PAY408988,C108720,CARD203559,2026-05-04,11655.06,11655.06,On Time,0
PAY408989,C107274,CARD203183,2026-03-19,19515.46,19515.46,On Time,0
PAY408990,C103425,CARD205578,2025-02-16,5250.42,1874.91,Partial,12
PAY408991,C107170,CARD201277,2025-06-30,12188.5,12188.5,Late,9
PAY408992,C102174,CARD200574,2026-04-24,7818.33,2764.07,Partial,2
PAY408993,C104615,CARD211181,2025-08-09,23860.29,23860.29,On Time,0
PAY408994,C108309,CARD210476,2025-05-26,8969.69,473.91,Missed,40
PAY408995,C104508,CARD206558,2026-04-03,7346.33,7346.33,On Time,0
PAY408996,C104995,CARD207242,2025-12-11,10514.57,10514.57,On Time,0
PAY408997,C106808,CARD208877,2026-08-28,3034.03,3034.03,Late,8
PAY408998,C108165,CARD202428,2025-10-18,10071.61,10071.61,On Time,0
PAY408999,C100860,CARD206794,2025-07-12,8852.82,8852.82,On Time,0
PAY409000,C108223,CARD206464,2026-08-11,3073.37,112.93,Missed,97
PAY409001,C106758,CARD202468,2026-02-26,5502.88,5502.88,On Time,0
PAY409002,C103917,CARD211372,2026-04-07,8523.02,8523.02,On Time,0
PAY409003,C109588,CARD211191,2025-11-27,8050.19,869.27,Missed,82
PAY409004,C109290,CARD201307,2025-11-10,13596.69,13596.69,On Time,0
PAY409005,C104433,CARD201946,2025-01-19,1828.67,1828.67,On Time,0
PAY409006,C109408,CARD208100,2026-06-29,13959.09,13959.09,On Time,0
PAY409007,C102678,CARD210840,2026-05-22,2290.19,2290.19,On Time,0
PAY409008,C101448,CARD201462,2026-07-03,9567.89,3963.48,Partial,19
PAY409009,C103121,CARD205171,2026-05-20,5659.53,5659.53,On Time,0
PAY409010,C100056,CARD209147,2025-07-06,7331.29,7331.29,On Time,0
PAY409011,C104920,CARD203076,2026-01-25,4103.6,4103.6,On Time,0
PAY409012,C100734,CARD203021,2026-07-01,11968.87,11968.87,On Time,0
PAY409013,C103316,CARD206056,2026-08-30,5576.1,5576.1,On Time,0
PAY409014,C101636,CARD205873,2025-01-13,6651.43,6651.43,On Time,0
PAY409015,C108781,CARD200112,2026-07-27,11994.58,9637.42,Partial,60
PAY409016,C102819,CARD208323,2025-05-29,4018.98,4018.98,On Time,0
PAY409017,C104453,CARD210146,2026-06-06,2642.39,2642.39,On Time,0
PAY409018,C107743,CARD202754,2025-10-01,2385.04,2385.04,On Time,0
PAY409019,C102613,CARD208682,2025-11-13,4071.45,4071.45,On Time,0
PAY409020,C107080,CARD202157,2025-07-17,17104.42,17104.42,On Time,0
PAY409021,C106336,CARD208514,2026-07-02,4569.26,4569.26,On Time,0
PAY409022,C103100,CARD200314,2025-04-17,5220.4,5220.4,Late,22
PAY409023,C108800,CARD205525,2026-03-28,2432.63,2432.63,Late,23
PAY409024,C108479,CARD207505,2026-08-05,3894.22,3894.22,Late,3
PAY409025,C100561,CARD204518,2025-04-28,17108.31,17108.31,On Time,0
PAY409026,C102749,CARD204913,2026-06-27,2244.38,2244.38,On Time,0
PAY409027,C109267,CARD201152,2026-07-20,14265.47,14265.47,On Time,0
PAY409028,C103205,CARD209225,2025-09-13,5073.58,5073.58,On Time,0
PAY409029,C101473,CARD203436,2025-12-11,4738.7,4738.7,On Time,0
PAY409030,C105268,CARD211334,2026-02-06,5404.01,5404.01,On Time,0
PAY409031,C103558,CARD200545,2025-03-21,6400.84,2645.52,Partial,17
PAY409032,C106252,CARD211973,2025-08-05,5246.26,5246.26,On Time,0
PAY409033,C105299,CARD208033,2026-08-17,1909.06,1909.06,On Time,0
PAY409034,C106749,CARD205582,2025-12-10,8110.6,8110.6,On Time,0
PAY409035,C102940,CARD210452,2025-04-13,7154.41,7154.41,On Time,0
PAY409036,C105393,CARD200907,2026-03-01,6820.7,6820.7,On Time,0
PAY409037,C106918,CARD201528,2025-09-26,6352.82,6352.82,On Time,0
PAY409038,C107924,CARD201841,2026-03-10,6550.01,6550.01,On Time,0
PAY409039,C106449,CARD209132,2026-02-23,4439.9,4439.9,On Time,0
PAY409040,C108563,CARD201614,2025-01-30,6316.52,6316.52,On Time,0
PAY409041,C107924,CARD201841,2026-07-12,1821.36,1821.36,On Time,0
PAY409042,C104760,CARD202973,2026-05-12,8160.96,8160.96,Late,15
PAY409043,C103424,CARD210800,2025-09-08,15486.78,15486.78,On Time,0
PAY409044,C108619,CARD206859,2026-01-24,1526.51,1526.51,Late,22
PAY409045,C106585,CARD203240,2026-02-12,3518.67,3518.67,On Time,0
PAY409046,C100913,CARD202028,2026-02-14,2487.2,2487.2,Late,29
PAY409047,C107356,CARD210340,2026-02-27,3867.63,3867.63,On Time,0
PAY409048,C107855,CARD210803,2025-11-25,5675.05,5675.05,On Time,0
PAY409049,C101063,CARD206295,2025-08-27,11329.9,11329.9,On Time,0
PAY409050,C107111,CARD205935,2026-04-06,7561.27,5517.98,Partial,18
PAY409051,C105835,CARD203778,2026-03-22,7115.71,7115.71,On Time,0
PAY409052,C103993,CARD211208,2025-03-02,6038.78,6038.78,On Time,0
PAY409053,C107379,CARD200332,2026-06-27,1486.11,1486.11,On Time,0
PAY409054,C103629,CARD200005,2025-04-13,18154.21,18154.21,On Time,0
PAY409055,C103427,CARD204675,2025-03-21,11768.32,11768.32,On Time,0
PAY409056,C104920,CARD203076,2025-10-28,9848.99,4771.84,Partial,38
PAY409057,C105723,CARD206190,2025-04-28,7961.2,6551.0,Partial,30
PAY409058,C101757,CARD202691,2026-02-03,7573.77,7573.77,On Time,0
PAY409059,C109044,CARD211115,2025-01-01,2681.22,2681.22,On Time,0
PAY409060,C100630,CARD200404,2026-03-23,10832.07,10832.07,On Time,0
PAY409061,C107726,CARD201936,2026-04-28,3465.97,3465.97,On Time,0
PAY409062,C101566,CARD209187,2025-02-03,7635.21,7635.21,On Time,0
PAY409063,C102435,CARD205271,2026-03-14,9102.89,9102.89,On Time,0
PAY409064,C100551,CARD202649,2025-07-01,3822.44,3822.44,On Time,0
PAY409065,C109558,CARD205219,2025-08-28,7817.47,7817.47,On Time,0
PAY409066,C107594,CARD204597,2026-05-18,12491.28,12491.28,On Time,0
PAY409067,C101026,CARD201132,2025-12-12,5156.93,5156.93,On Time,0
PAY409068,C101987,CARD207458,2025-06-29,3451.84,3451.84,On Time,0
PAY409069,C107872,CARD204457,2025-04-05,4243.53,4243.53,On Time,0
PAY409070,C108065,CARD207355,2026-04-07,8576.2,8576.2,Late,24
PAY409071,C103525,CARD211280,2026-03-30,16617.18,16617.18,On Time,0
PAY409072,C105647,CARD203392,2025-02-19,2437.8,2437.8,On Time,0
PAY409073,C106922,CARD203008,2026-03-08,1336.15,1336.15,On Time,0
PAY409074,C104436,CARD211436,2025-11-05,3223.09,1650.67,Partial,52
PAY409075,C103952,CARD205610,2025-06-12,2655.12,2655.12,On Time,0
PAY409076,C105720,CARD202862,2025-12-15,11503.73,11503.73,On Time,0
PAY409077,C106648,CARD208356,2025-12-08,5442.13,5442.13,On Time,0
PAY409078,C108190,CARD211120,2026-03-14,7608.72,7608.72,On Time,0
PAY409079,C107613,CARD204463,2025-04-07,6415.63,6415.63,On Time,0
PAY409080,C109456,CARD211677,2025-06-28,7865.39,938.29,Missed,48
PAY409081,C101536,CARD203681,2026-01-01,6505.96,6505.96,On Time,0
PAY409082,C106446,CARD201732,2026-03-12,3009.38,3009.38,On Time,0
PAY409083,C103057,CARD201772,2025-04-25,5199.29,4043.14,Partial,43
PAY409084,C104599,CARD205143,2026-04-08,2956.2,2956.2,On Time,0
PAY409085,C107894,CARD207679,2025-04-11,2958.59,2958.59,On Time,0
PAY409086,C105830,CARD209685,2025-07-17,3717.03,3717.03,On Time,0
PAY409087,C102681,CARD211099,2026-08-05,9314.82,9314.82,On Time,0
PAY409088,C109154,CARD210171,2026-03-03,19292.58,19292.58,On Time,0
PAY409089,C109159,CARD209167,2026-03-02,12767.48,12767.48,On Time,0
PAY409090,C109028,CARD202302,2026-07-26,2408.18,2408.18,On Time,0
PAY409091,C109756,CARD201784,2025-05-31,6964.52,6964.52,On Time,0
PAY409092,C103029,CARD207021,2025-10-11,3234.35,3234.35,On Time,0
PAY409093,C104172,CARD207766,2025-07-30,3303.44,3303.44,On Time,0
PAY409094,C104893,CARD202885,2025-05-20,5897.12,5897.12,On Time,0
PAY409095,C106011,CARD208612,2025-04-15,5280.72,381.05,Missed,70
PAY409096,C105976,CARD206209,2026-05-11,3249.8,3249.8,On Time,0
PAY409097,C106483,CARD201860,2026-05-20,8142.78,8142.78,On Time,0
PAY409098,C106160,CARD211244,2026-01-25,13848.39,13848.39,Late,17
PAY409099,C103100,CARD200314,2026-06-07,24851.02,24851.02,On Time,0
PAY409100,C102436,CARD207367,2025-08-20,2633.73,583.57,Partial,35
PAY409101,C107753,CARD210282,2025-08-07,19092.61,19092.61,On Time,0
PAY409102,C109931,CARD206629,2026-08-25,9565.35,9565.35,On Time,0
PAY409103,C103191,CARD206064,2025-09-23,5175.97,5175.97,On Time,0
PAY409104,C104270,CARD208418,2025-01-27,3524.46,3524.46,On Time,0
PAY409105,C100947,CARD209854,2025-11-29,1352.12,1352.12,On Time,0
PAY409106,C100695,CARD203016,2025-11-19,6354.26,582.47,Missed,37
PAY409107,C109034,CARD200091,2025-09-14,8984.79,8984.79,Late,21
PAY409108,C108815,CARD206122,2026-06-13,5488.93,5488.93,On Time,0
PAY409109,C106604,CARD211876,2026-05-25,4819.51,4819.51,On Time,0
PAY409110,C101748,CARD204860,2025-12-02,4484.45,4484.45,On Time,0
PAY409111,C109152,CARD206841,2025-12-15,3084.61,383.63,Missed,97
PAY409112,C108876,CARD207976,2025-01-30,9782.82,1349.92,Missed,49
PAY409113,C107993,CARD203659,2026-03-18,9487.66,9487.66,Late,17
PAY409114,C100683,CARD207143,2025-03-15,4831.72,4831.72,On Time,0
PAY409115,C102454,CARD210625,2025-04-05,14886.07,528.68,Missed,52
PAY409116,C100514,CARD211017,2026-05-25,6805.62,6805.62,On Time,0
PAY409117,C104326,CARD204930,2025-03-14,7662.41,7662.41,On Time,0
PAY409118,C107444,CARD206453,2025-07-14,9432.75,9432.75,Late,3
PAY409119,C108555,CARD202176,2025-08-04,9725.57,9725.57,On Time,0
PAY409120,C103309,CARD203298,2026-04-14,23060.62,23060.62,On Time,0
PAY409121,C107720,CARD211612,2025-01-02,1691.35,1691.35,On Time,0
PAY409122,C103801,CARD208870,2025-03-19,2866.42,2866.42,On Time,0
PAY409123,C106630,CARD209811,2025-09-26,6845.05,6845.05,On Time,0
PAY409124,C104026,CARD200267,2025-02-05,3227.42,1143.95,Partial,59
PAY409125,C109362,CARD205343,2025-07-26,7486.99,7486.99,On Time,0
PAY409126,C102296,CARD205741,2025-10-02,1653.15,1653.15,On Time,0
PAY409127,C107171,CARD207252,2026-08-18,5267.21,5267.21,On Time,0
PAY409128,C106191,CARD205203,2026-02-20,3508.59,3508.59,Late,29
PAY409129,C106631,CARD205090,2026-04-10,3301.84,3301.84,Late,12
PAY409130,C103099,CARD210391,2025-01-15,5157.57,5157.57,On Time,0
PAY409131,C105223,CARD204547,2025-09-18,1477.59,1477.59,On Time,0
PAY409132,C102584,CARD200266,2026-08-10,5687.59,1994.27,Partial,38
PAY409133,C103056,CARD200260,2025-12-29,6921.83,6921.83,On Time,0
PAY409134,C100899,CARD206015,2025-05-03,6820.55,6820.55,On Time,0
PAY409135,C109863,CARD206647,2025-11-14,12334.8,12334.8,On Time,0
PAY409136,C100321,CARD209022,2025-04-09,1000.0,1000.0,On Time,0
PAY409137,C106023,CARD203834,2025-05-12,12336.95,12336.95,Late,14
PAY409138,C100828,CARD210295,2026-05-18,5447.67,5447.67,On Time,0
PAY409139,C101826,CARD209857,2026-07-20,4230.43,4230.43,On Time,0
PAY409140,C106031,CARD201114,2025-03-04,7635.85,7635.85,On Time,0
PAY409141,C101514,CARD202258,2025-09-23,6056.46,6056.46,On Time,0
PAY409142,C102035,CARD201652,2025-03-31,2861.15,2861.15,On Time,0
PAY409143,C105618,CARD210459,2025-11-23,1137.03,1137.03,On Time,0
PAY409144,C104389,CARD202943,2026-03-24,6237.0,6237.0,On Time,0
PAY409145,C106565,CARD207125,2026-02-06,7850.24,7850.24,On Time,0
PAY409146,C102267,CARD206134,2025-01-23,5257.26,5257.26,On Time,0
PAY409147,C100568,CARD206345,2026-03-24,4644.21,4644.21,On Time,0
PAY409148,C102294,CARD203938,2025-09-22,14542.66,14542.66,On Time,0
PAY409149,C103659,CARD208663,2025-11-11,3932.82,3932.82,On Time,0
PAY409150,C108697,CARD206711,2026-06-04,5860.24,5860.24,On Time,0
PAY409151,C108827,CARD201593,2026-07-28,8438.42,8438.42,On Time,0
PAY409152,C109234,CARD200154,2025-02-03,10995.83,10995.83,On Time,0
PAY409153,C103477,CARD201455,2026-03-16,4350.92,4350.92,On Time,0
PAY409154,C108309,CARD210476,2025-11-07,3005.53,3005.53,On Time,0
PAY409155,C104612,CARD204212,2025-09-01,8271.4,8271.4,On Time,0
PAY409156,C105006,CARD200914,2025-12-02,5154.28,5154.28,On Time,0
PAY409157,C103045,CARD200433,2026-05-21,2360.56,1159.65,Partial,57
PAY409158,C103902,CARD204266,2025-01-16,2757.19,131.02,Missed,38
PAY409159,C104131,CARD200520,2025-11-04,3183.37,3183.37,On Time,0
PAY409160,C103214,CARD209536,2026-06-14,12233.95,680.1,Missed,67
PAY409161,C109520,CARD200429,2025-11-28,2070.94,2070.94,On Time,0
PAY409162,C103777,CARD202890,2026-07-14,8602.65,8602.65,On Time,0
PAY409163,C100388,CARD205241,2026-07-07,2398.17,2398.17,On Time,0
PAY409164,C106499,CARD200152,2025-04-26,3333.63,3333.63,On Time,0
PAY409165,C106402,CARD200846,2025-09-24,4419.1,4419.1,Late,7
PAY409166,C103351,CARD211178,2025-04-02,4842.45,4842.45,Late,15
PAY409167,C103470,CARD211692,2026-06-24,4875.0,4875.0,On Time,0
PAY409168,C102486,CARD206575,2025-06-21,9251.12,9251.12,On Time,0
PAY409169,C102593,CARD200483,2026-01-19,4009.3,4009.3,On Time,0
PAY409170,C104782,CARD206566,2026-05-04,1688.46,1688.46,On Time,0
PAY409171,C101574,CARD206902,2026-03-14,8186.56,8186.56,Late,23
PAY409172,C100316,CARD203073,2025-04-26,28042.8,28042.8,On Time,0
PAY409173,C100246,CARD208546,2026-01-10,13139.18,13139.18,On Time,0
PAY409174,C109005,CARD201624,2026-04-02,13698.46,9091.52,Partial,41
PAY409175,C101600,CARD201057,2025-01-14,17496.77,5307.56,Partial,52
PAY409176,C107777,CARD202066,2026-02-28,5116.08,5116.08,Late,3
PAY409177,C104971,CARD200582,2025-08-17,7870.18,7870.18,On Time,0
PAY409178,C107193,CARD210130,2025-06-12,8389.13,8389.13,On Time,0
PAY409179,C107504,CARD200894,2025-07-02,9143.4,9143.4,On Time,0
PAY409180,C104653,CARD203269,2025-04-19,7312.28,7312.28,On Time,0
PAY409181,C104933,CARD207682,2025-06-05,6325.86,6325.86,On Time,0
PAY409182,C100042,CARD211826,2025-01-18,5290.18,2670.23,Partial,23
PAY409183,C107521,CARD204406,2025-09-19,10111.68,10111.68,On Time,0
PAY409184,C108168,CARD209142,2026-02-20,16236.43,16236.43,On Time,0
PAY409185,C107133,CARD207489,2025-04-14,15018.29,15018.29,On Time,0
PAY409186,C108042,CARD209487,2025-10-04,4373.46,4373.46,On Time,0
PAY409187,C107522,CARD207745,2026-04-07,3161.41,3161.41,On Time,0
PAY409188,C108350,CARD204223,2025-09-17,5325.8,5325.8,Late,16
PAY409189,C109920,CARD201086,2026-03-09,4315.2,4315.2,On Time,0
PAY409190,C108381,CARD208638,2026-07-15,3614.21,3614.21,On Time,0
PAY409191,C102819,CARD211426,2025-07-08,6607.2,6607.2,On Time,0
PAY409192,C102293,CARD201765,2026-01-20,5450.6,5450.6,On Time,0
PAY409193,C108345,CARD211106,2026-06-19,8264.57,5005.68,Partial,50
PAY409194,C100053,CARD208044,2026-02-18,11320.66,11320.66,On Time,0
PAY409195,C107861,CARD202362,2026-03-16,6901.74,6901.74,On Time,0
PAY409196,C105229,CARD201231,2025-06-25,13555.24,13555.24,Late,3
PAY409197,C104442,CARD207266,2026-03-11,7010.57,5896.96,Partial,35
PAY409198,C106605,CARD207152,2025-10-26,6052.18,222.37,Missed,72
PAY409199,C100039,CARD210723,2025-05-23,6515.63,6515.63,On Time,0
PAY409200,C109429,CARD211302,2025-07-02,3259.74,3259.74,On Time,0
PAY409201,C109459,CARD210272,2025-04-07,9983.36,9983.36,On Time,0
PAY409202,C105688,CARD204468,2025-07-07,17637.63,17637.63,On Time,0
PAY409203,C107396,CARD209072,2026-08-28,4754.56,4754.56,On Time,0
PAY409204,C108326,CARD200354,2026-08-17,21300.89,21300.89,On Time,0
PAY409205,C102191,CARD211327,2025-07-16,7414.15,7414.15,On Time,0
PAY409206,C106485,CARD207577,2026-02-05,10943.38,10943.38,On Time,0
PAY409207,C102647,CARD204589,2025-04-25,11276.4,11276.4,On Time,0
PAY409208,C109336,CARD208787,2025-11-20,6350.93,6350.93,On Time,0
PAY409209,C107294,CARD200692,2025-05-14,15533.85,15533.85,On Time,0
PAY409210,C106101,CARD204121,2026-08-02,17660.99,17660.99,On Time,0
PAY409211,C105850,CARD204552,2025-07-10,1102.96,1102.96,On Time,0
PAY409212,C100964,CARD209160,2025-02-15,6484.25,6484.25,Late,17
PAY409213,C107552,CARD200136,2025-04-08,23148.56,23148.56,On Time,0
PAY409214,C100855,CARD210535,2025-05-02,7663.84,7663.84,On Time,0
PAY409215,C100285,CARD204262,2025-07-02,4501.8,4501.8,On Time,0
PAY409216,C104655,CARD207523,2025-11-16,4325.28,4325.28,On Time,0
PAY409217,C105980,CARD205411,2026-03-17,9598.5,9598.5,On Time,0
PAY409218,C108910,CARD204245,2025-03-18,14712.73,14712.73,On Time,0
PAY409219,C100293,CARD206288,2025-03-11,6399.08,6399.08,Late,27
PAY409220,C107345,CARD208015,2026-07-13,5275.17,5275.17,On Time,0
PAY409221,C101106,CARD201120,2025-09-04,8698.82,8698.82,On Time,0
PAY409222,C102761,CARD207122,2025-12-10,5661.07,3935.19,Partial,5
PAY409223,C109024,CARD209056,2026-06-15,9094.26,9094.26,On Time,0
PAY409224,C102970,CARD200313,2025-12-01,6800.99,6800.99,Late,18
PAY409225,C109238,CARD202440,2025-07-06,15568.13,15568.13,Late,27
PAY409226,C106329,CARD209150,2025-01-21,3996.34,3996.34,On Time,0
PAY409227,C106506,CARD210626,2025-10-09,3341.41,3341.41,On Time,0
PAY409228,C100921,CARD203568,2025-08-21,4909.4,4909.4,On Time,0
PAY409229,C101891,CARD201359,2026-07-21,3102.71,2389.66,Partial,2
PAY409230,C105855,CARD211227,2025-12-24,19471.93,19471.93,Late,13
PAY409231,C108107,CARD210361,2025-01-12,9201.67,9201.67,On Time,0
PAY409232,C101077,CARD202184,2025-02-09,4663.33,99.95,Missed,68
PAY409233,C108330,CARD207376,2026-06-14,20953.49,20953.49,On Time,0
PAY409234,C108574,CARD205552,2026-02-11,6591.25,6591.25,Late,9
PAY409235,C100775,CARD211097,2026-02-07,7700.62,7700.62,Late,11
PAY409236,C103330,CARD206508,2025-08-02,2813.11,2813.11,Late,26
PAY409237,C101081,CARD206919,2026-03-13,2336.55,2336.55,On Time,0
PAY409238,C103673,CARD203663,2025-12-15,7275.78,7275.78,Late,26
PAY409239,C106246,CARD202321,2026-05-29,2925.73,2925.73,Late,26
PAY409240,C101432,CARD204128,2026-03-08,2148.73,2148.73,On Time,0
PAY409241,C107492,CARD205831,2026-08-02,12964.13,12964.13,Late,13
PAY409242,C108436,CARD204439,2025-11-30,4718.43,4718.43,Late,5
PAY409243,C105802,CARD202068,2026-04-29,4408.52,4408.52,On Time,0
PAY409244,C108313,CARD211257,2025-11-26,8096.39,8096.39,On Time,0
PAY409245,C102763,CARD204898,2026-08-30,2369.68,2369.68,On Time,0
PAY409246,C108265,CARD206783,2026-01-20,4936.85,4936.85,On Time,0
PAY409247,C103061,CARD211996,2025-06-08,2361.92,2361.92,On Time,0
PAY409248,C106414,CARD208839,2025-02-15,3327.04,3327.04,On Time,0
PAY409249,C101757,CARD202691,2025-06-22,23424.31,23424.31,Late,21
PAY409250,C109931,CARD206629,2026-06-05,6906.72,6906.72,On Time,0
PAY409251,C103439,CARD205874,2026-03-01,4128.45,4128.45,On Time,0
PAY409252,C105005,CARD211912,2025-03-14,2352.59,2352.59,On Time,0
PAY409253,C106966,CARD209387,2025-09-11,11950.91,11950.91,On Time,0
PAY409254,C105326,CARD200740,2025-01-21,6099.5,6099.5,On Time,0
PAY409255,C108408,CARD204364,2025-05-15,10041.54,10041.54,On Time,0
PAY409256,C107305,CARD205197,2026-04-17,6500.84,6500.84,On Time,0
PAY409257,C100751,CARD207221,2025-02-11,2946.63,289.12,Missed,91
PAY409258,C100933,CARD207184,2025-07-28,4929.48,4929.48,On Time,0
PAY409259,C106637,CARD207388,2026-05-15,5531.84,5531.84,On Time,0
PAY409260,C103629,CARD200005,2025-06-12,6385.06,6385.06,On Time,0
PAY409261,C103187,CARD209168,2025-09-17,7302.65,7302.65,On Time,0
PAY409262,C100418,CARD200128,2026-05-24,13852.78,13852.78,On Time,0
PAY409263,C107703,CARD210654,2025-12-31,5423.34,5423.34,On Time,0
PAY409264,C108237,CARD203472,2025-08-25,28458.63,28458.63,On Time,0
PAY409265,C102630,CARD203025,2026-08-21,2383.26,2383.26,On Time,0
PAY409266,C103817,CARD205176,2026-07-19,3452.66,3452.66,On Time,0
PAY409267,C108020,CARD208639,2026-04-05,6104.61,6104.61,Late,1
PAY409268,C101988,CARD204964,2025-05-17,11499.09,11499.09,Late,16
PAY409269,C105850,CARD204552,2025-04-03,31385.54,31385.54,On Time,0
PAY409270,C104112,CARD210940,2025-04-01,3073.82,3073.82,On Time,0
PAY409271,C108353,CARD207696,2026-01-18,32000.76,32000.76,On Time,0
PAY409272,C107191,CARD205674,2026-07-12,1768.49,1768.49,On Time,0
PAY409273,C106700,CARD211547,2025-06-04,5567.41,5567.41,Late,23
PAY409274,C101066,CARD208493,2026-02-04,6319.94,6319.94,On Time,0
PAY409275,C106176,CARD200397,2025-12-26,3148.66,2236.67,Partial,27
PAY409276,C102082,CARD207057,2025-05-11,8145.91,8145.91,On Time,0
PAY409277,C109113,CARD205040,2025-08-08,6403.47,1370.47,Partial,12
PAY409278,C102518,CARD211727,2026-06-27,11421.38,11421.38,On Time,0
PAY409279,C103454,CARD202918,2025-10-23,1558.87,1558.87,On Time,0
PAY409280,C103336,CARD209748,2025-12-03,7713.19,7713.19,On Time,0
PAY409281,C102138,CARD207038,2026-04-28,6849.05,6849.05,On Time,0
PAY409282,C106838,CARD202438,2025-08-15,5303.69,5303.69,On Time,0
PAY409283,C105767,CARD211284,2025-01-28,4327.0,3015.4,Partial,39
PAY409284,C104702,CARD201226,2025-05-17,8262.06,8262.06,On Time,0
PAY409285,C101132,CARD201530,2025-12-04,2773.16,2773.16,On Time,0
PAY409286,C103885,CARD211971,2026-08-27,2987.59,2987.59,On Time,0
PAY409287,C104600,CARD201482,2025-08-10,3151.56,3151.56,On Time,0
PAY409288,C103503,CARD201582,2025-12-18,5147.61,1477.91,Partial,46
PAY409289,C108702,CARD208968,2025-03-26,6410.27,74.4,Missed,54
PAY409290,C102555,CARD202374,2025-03-21,1789.08,1789.08,On Time,0
PAY409291,C105887,CARD200294,2025-07-27,10831.03,10831.03,On Time,0
PAY409292,C103781,CARD203061,2025-05-31,14931.18,14931.18,On Time,0
PAY409293,C102201,CARD203018,2025-09-26,7759.1,7759.1,On Time,0
PAY409294,C100899,CARD206015,2025-04-27,5555.53,5555.53,On Time,0
PAY409295,C100159,CARD211165,2026-02-13,7290.53,7290.53,On Time,0
PAY409296,C101038,CARD211243,2026-05-30,4975.89,4975.89,On Time,0
PAY409297,C106459,CARD200428,2025-08-19,6362.87,6362.87,On Time,0
PAY409298,C102063,CARD201324,2026-08-06,9738.65,8027.86,Partial,47
PAY409299,C106645,CARD204991,2026-08-14,9190.18,9190.18,On Time,0
PAY409300,C104436,CARD211436,2025-11-14,25710.35,25710.35,Late,3
PAY409301,C100977,CARD207876,2025-08-16,9033.74,9033.74,Late,6
PAY409302,C100285,CARD204262,2026-08-24,8934.43,8934.43,On Time,0
PAY409303,C108578,CARD208174,2026-08-16,6108.76,6108.76,Late,27
PAY409304,C101883,CARD200431,2026-06-03,9969.39,9969.39,On Time,0
PAY409305,C109727,CARD205390,2025-09-15,5572.81,5572.81,Late,23
PAY409306,C101333,CARD202273,2025-11-28,3306.42,3306.42,On Time,0
PAY409307,C103839,CARD204386,2025-02-22,5170.95,5170.95,On Time,0
PAY409308,C100073,CARD204305,2026-08-16,5982.99,5982.99,On Time,0
PAY409309,C104774,CARD208816,2025-12-06,4265.6,4265.6,On Time,0
PAY409310,C106002,CARD206105,2025-05-16,9639.45,9639.45,On Time,0
PAY409311,C103711,CARD201944,2025-09-03,1275.25,1275.25,On Time,0
PAY409312,C101947,CARD204355,2025-03-05,6533.98,6533.98,On Time,0
PAY409313,C106630,CARD209811,2025-05-10,3424.28,3424.28,On Time,0
PAY409314,C108675,CARD209422,2025-06-16,4045.15,4045.15,On Time,0
PAY409315,C105204,CARD202714,2026-01-29,7470.86,7470.86,On Time,0
PAY409316,C107253,CARD206207,2026-03-02,11678.23,11678.23,On Time,0
PAY409317,C108533,CARD210721,2025-10-06,2213.01,2213.01,Late,5
PAY409318,C107660,CARD200895,2025-10-09,1603.77,1603.77,On Time,0
PAY409319,C107053,CARD207511,2025-12-17,3664.31,1947.31,Partial,21
PAY409320,C103850,CARD206346,2025-02-28,5055.8,3720.35,Partial,36
PAY409321,C107574,CARD201343,2026-02-22,2079.18,2079.18,Late,25
PAY409322,C102662,CARD203589,2025-02-11,5940.66,5940.66,On Time,0
PAY409323,C106092,CARD206673,2025-06-06,7668.18,7668.18,On Time,0
PAY409324,C109897,CARD211531,2026-03-14,3798.1,3798.1,On Time,0
PAY409325,C100823,CARD210310,2025-10-23,3276.34,2185.26,Partial,25
PAY409326,C105782,CARD204032,2025-10-24,6914.18,6914.18,On Time,0
PAY409327,C103487,CARD205538,2025-07-27,5164.92,5164.92,On Time,0
PAY409328,C104856,CARD201414,2026-05-20,7105.31,7105.31,Late,18
PAY409329,C104062,CARD207823,2026-03-13,5186.61,5186.61,On Time,0
PAY409330,C102487,CARD211313,2025-11-16,7256.03,7256.03,On Time,0
PAY409331,C107971,CARD210084,2026-01-10,4681.5,4681.5,On Time,0
PAY409332,C101329,CARD207060,2025-07-02,4096.29,4096.29,On Time,0
PAY409333,C106358,CARD204727,2026-06-16,1553.27,1553.27,On Time,0
PAY409334,C102299,CARD210928,2025-12-09,2751.7,2751.7,On Time,0
PAY409335,C109911,CARD201635,2025-10-04,3784.25,3784.25,Late,27
PAY409336,C100373,CARD208838,2026-08-30,4867.3,4867.3,On Time,0
PAY409337,C103443,CARD202524,2025-05-18,7146.16,7146.16,On Time,0
PAY409338,C107460,CARD208160,2026-04-07,9084.35,9084.35,On Time,0
PAY409339,C109528,CARD208334,2026-03-26,6907.49,6907.49,Late,21
PAY409340,C105384,CARD203119,2025-05-17,4931.57,4931.57,On Time,0
PAY409341,C107055,CARD201683,2026-05-27,2994.86,241.56,Missed,80
PAY409342,C103851,CARD203914,2025-12-25,12487.62,6602.02,Partial,23
PAY409343,C107964,CARD210399,2026-01-25,21449.71,21449.71,On Time,0
PAY409344,C102317,CARD204189,2025-02-25,10742.65,8827.35,Partial,13
PAY409345,C102066,CARD209894,2025-07-09,14740.76,14740.76,On Time,0
PAY409346,C100920,CARD203662,2026-06-11,13422.12,13422.12,On Time,0
PAY409347,C109704,CARD203787,2025-08-07,1896.27,1896.27,On Time,0
PAY409348,C103669,CARD207098,2025-11-05,1911.04,1911.04,On Time,0
PAY409349,C104468,CARD202059,2025-02-17,5764.67,5764.67,On Time,0
PAY409350,C109532,CARD204100,2025-12-30,8848.56,8848.56,On Time,0
PAY409351,C106428,CARD205918,2025-03-31,13592.9,13592.9,On Time,0
PAY409352,C106514,CARD205595,2025-11-19,5141.66,3836.29,Partial,23
PAY409353,C105816,CARD200789,2026-03-12,1872.78,1872.78,On Time,0
PAY409354,C104256,CARD204268,2025-06-22,4396.39,4396.39,On Time,0
PAY409355,C103957,CARD202821,2025-06-30,7512.04,7512.04,On Time,0
PAY409356,C100522,CARD206193,2025-05-04,4827.93,4827.93,On Time,0
PAY409357,C102089,CARD202642,2026-01-27,4495.99,4495.99,On Time,0
PAY409358,C104416,CARD203029,2026-02-01,10480.04,10480.04,On Time,0
PAY409359,C108614,CARD205758,2025-11-06,4088.17,4088.17,On Time,0
PAY409360,C102724,CARD201702,2025-06-09,2733.06,2733.06,On Time,0
PAY409361,C102674,CARD200604,2025-08-11,6748.74,6748.74,On Time,0
PAY409362,C103971,CARD207985,2025-06-26,3955.15,3955.15,Late,28
PAY409363,C100143,CARD203861,2026-07-09,8718.64,8718.64,On Time,0
PAY409364,C102718,CARD208551,2025-01-25,5147.93,5147.93,On Time,0
PAY409365,C102950,CARD200088,2025-05-15,3056.49,3056.49,On Time,0
PAY409366,C109769,CARD200204,2025-02-07,2912.27,2912.27,On Time,0
PAY409367,C104605,CARD210959,2025-01-17,9358.58,9358.58,On Time,0
PAY409368,C108431,CARD210727,2025-05-18,11628.82,11628.82,On Time,0
PAY409369,C107567,CARD211281,2025-09-22,5491.33,5491.33,On Time,0
PAY409370,C106614,CARD201704,2026-01-09,6004.79,6004.79,Late,28
PAY409371,C101439,CARD204413,2026-07-05,8207.35,8207.35,On Time,0
PAY409372,C104265,CARD208243,2026-05-02,3335.27,3335.27,Late,18
PAY409373,C108092,CARD210786,2026-01-23,12741.19,12741.19,On Time,0
PAY409374,C109863,CARD206647,2025-09-28,4732.31,4732.31,On Time,0
PAY409375,C109807,CARD211074,2025-07-13,6306.36,6306.36,On Time,0
PAY409376,C108601,CARD201154,2025-02-05,1628.87,1628.87,On Time,0
PAY409377,C109471,CARD205967,2025-06-15,8578.6,8578.6,On Time,0
PAY409378,C108149,CARD209100,2025-12-11,18931.08,18931.08,On Time,0
PAY409379,C101376,CARD207321,2025-07-06,11777.26,4668.02,Partial,4
PAY409380,C101972,CARD200706,2026-08-14,4436.3,4436.3,On Time,0
PAY409381,C106791,CARD206851,2025-12-01,4809.98,4809.98,On Time,0
PAY409382,C101661,CARD205587,2025-09-26,4825.59,4825.59,On Time,0
PAY409383,C100233,CARD206296,2026-01-29,3418.73,3418.73,Late,15
PAY409384,C103450,CARD205218,2026-04-23,10247.48,10247.48,On Time,0
PAY409385,C108470,CARD202892,2026-01-22,5171.98,5171.98,On Time,0
PAY409386,C106556,CARD200564,2026-02-22,3164.94,3164.94,On Time,0
PAY409387,C102305,CARD200567,2026-01-24,10841.81,10841.81,On Time,0
PAY409388,C106627,CARD207330,2026-01-05,9709.31,9709.31,On Time,0
PAY409389,C100546,CARD205589,2025-08-21,2336.85,2336.85,On Time,0
PAY409390,C104433,CARD201946,2025-09-27,4592.69,4592.69,On Time,0
PAY409391,C108671,CARD211392,2026-05-23,6659.76,6659.76,On Time,0
PAY409392,C107990,CARD205658,2025-09-14,9478.47,9478.47,On Time,0
PAY409393,C101973,CARD205291,2025-04-15,1686.63,1686.63,On Time,0
PAY409394,C101270,CARD208737,2025-11-28,6107.26,6107.26,On Time,0
PAY409395,C101211,CARD205238,2025-02-18,5184.01,5184.01,On Time,0
PAY409396,C101592,CARD202232,2026-02-05,3884.05,3884.05,On Time,0
PAY409397,C104699,CARD211613,2026-02-19,6074.1,6074.1,On Time,0
PAY409398,C109779,CARD205210,2026-01-09,16014.9,16014.9,Late,1
PAY409399,C106027,CARD210390,2026-01-12,3690.01,3690.01,Late,16
PAY409400,C102383,CARD211811,2026-02-07,3372.08,3372.08,On Time,0
PAY409401,C108866,CARD210416,2025-11-01,10779.4,10779.4,On Time,0
PAY409402,C103298,CARD205539,2026-07-25,2462.11,2462.11,On Time,0
PAY409403,C100715,CARD209961,2026-01-18,9661.82,9661.82,On Time,0
PAY409404,C100746,CARD206701,2026-08-16,5951.94,5951.94,On Time,0
PAY409405,C104335,CARD202777,2025-09-27,10287.14,10287.14,Late,14
PAY409406,C106520,CARD211247,2026-06-26,10180.59,10180.59,Late,15
PAY409407,C101590,CARD204492,2026-01-19,2220.19,612.81,Partial,6
PAY409408,C107615,CARD201174,2026-04-22,7014.3,7014.3,On Time,0
PAY409409,C102382,CARD210733,2025-11-01,9609.2,9609.2,On Time,0
PAY409410,C108145,CARD204971,2026-02-05,3196.17,3196.17,On Time,0
PAY409411,C101669,CARD209482,2025-01-16,1416.08,1416.08,On Time,0
PAY409412,C104369,CARD210021,2025-09-27,6868.86,6868.86,On Time,0
PAY409413,C108234,CARD206716,2026-04-26,1703.83,1421.67,Partial,6
PAY409414,C106292,CARD201291,2026-02-18,10561.87,10561.87,On Time,0
PAY409415,C105126,CARD208554,2025-01-19,3764.38,3764.38,On Time,0
PAY409416,C105846,CARD210030,2025-09-11,3113.35,3113.35,On Time,0
PAY409417,C102395,CARD200214,2026-01-24,2472.11,2472.11,On Time,0
PAY409418,C104773,CARD201769,2026-01-21,6415.2,6415.2,On Time,0
PAY409419,C108028,CARD201400,2026-05-23,5841.58,5841.58,On Time,0
PAY409420,C108997,CARD208606,2025-06-06,2216.89,1403.29,Partial,16
PAY409421,C109090,CARD208481,2025-03-12,5462.28,5462.28,On Time,0
PAY409422,C107519,CARD210220,2025-06-10,8108.5,8108.5,On Time,0
PAY409423,C101682,CARD205541,2026-06-22,3948.55,3948.55,On Time,0
PAY409424,C109859,CARD203373,2025-10-12,12110.05,12110.05,On Time,0
PAY409425,C106997,CARD200165,2026-01-09,3271.26,3271.26,On Time,0
PAY409426,C100874,CARD210697,2026-02-20,15716.77,15716.77,On Time,0
PAY409427,C101180,CARD210237,2026-04-16,3932.94,3932.94,On Time,0
PAY409428,C104487,CARD208686,2025-03-01,6040.23,6040.23,Late,19
PAY409429,C107661,CARD206822,2025-05-16,2836.04,2836.04,On Time,0
PAY409430,C102067,CARD209427,2025-01-27,4426.16,4426.16,On Time,0
PAY409431,C104511,CARD207493,2026-03-18,6735.64,6735.64,On Time,0
PAY409432,C106098,CARD200181,2025-09-09,7754.73,7754.73,On Time,0
PAY409433,C106892,CARD207500,2025-11-01,5516.38,5516.38,Late,8
PAY409434,C106221,CARD207016,2025-09-18,4565.99,4565.99,On Time,0
PAY409435,C106993,CARD209742,2025-02-01,6972.06,6972.06,On Time,0
PAY409436,C103789,CARD209518,2025-01-20,14041.69,14041.69,On Time,0
PAY409437,C103031,CARD211105,2026-01-25,4835.0,4835.0,On Time,0
PAY409438,C103046,CARD206351,2026-01-15,7962.76,7962.76,On Time,0
PAY409439,C106046,CARD200913,2025-06-11,13482.79,13482.79,On Time,0
PAY409440,C107141,CARD207397,2025-09-01,5867.01,5867.01,On Time,0
PAY409441,C102042,CARD202534,2025-10-01,5611.41,5611.41,On Time,0
PAY409442,C103451,CARD201663,2026-05-30,10186.95,10186.95,On Time,0
PAY409443,C103051,CARD210273,2026-03-19,10202.77,10202.77,On Time,0
PAY409444,C103866,CARD206738,2025-07-08,5319.37,5319.37,On Time,0
PAY409445,C105753,CARD201097,2025-12-15,5650.95,5650.95,On Time,0
PAY409446,C106927,CARD208433,2025-11-12,15886.39,15886.39,On Time,0
PAY409447,C102363,CARD202982,2025-03-03,7100.96,7100.96,Late,19
PAY409448,C101378,CARD210140,2025-11-08,1222.87,1222.87,On Time,0
PAY409449,C108277,CARD207087,2026-01-04,2453.3,2453.3,Late,5
PAY409450,C108439,CARD203245,2025-01-12,3380.43,3380.43,On Time,0
PAY409451,C109830,CARD209164,2025-12-19,2207.72,846.36,Partial,16
PAY409452,C103085,CARD208735,2026-07-02,2485.84,2485.84,On Time,0
PAY409453,C101372,CARD205326,2026-03-10,8576.8,8576.8,Late,28
PAY409454,C109731,CARD200855,2025-09-22,12066.0,12066.0,On Time,0
PAY409455,C101215,CARD200179,2026-07-05,2483.26,2483.26,Late,6
PAY409456,C108820,CARD210755,2025-08-19,3251.14,3251.14,Late,11
PAY409457,C106399,CARD206392,2026-07-19,4362.34,4362.34,On Time,0
PAY409458,C108823,CARD211169,2025-06-21,5804.89,3013.09,Partial,22
PAY409459,C107286,CARD203732,2025-06-25,7580.2,501.59,Missed,35
PAY409460,C103347,CARD206562,2025-06-14,17691.87,17691.87,On Time,0
PAY409461,C106886,CARD205996,2026-05-29,7367.03,78.33,Missed,38
PAY409462,C107312,CARD209208,2025-08-28,6724.81,6724.81,On Time,0
PAY409463,C106919,CARD204831,2025-08-20,4839.76,4839.76,On Time,0
PAY409464,C102677,CARD200047,2025-11-13,9113.02,9113.02,On Time,0
PAY409465,C107119,CARD201439,2025-03-14,5499.29,5499.29,On Time,0
PAY409466,C108213,CARD210684,2025-07-05,14286.36,14286.36,On Time,0
PAY409467,C102016,CARD200515,2025-12-25,8308.45,8308.45,On Time,0
PAY409468,C107912,CARD210657,2026-07-30,4714.65,4714.65,On Time,0
PAY409469,C101690,CARD200479,2025-09-09,10993.28,10993.28,On Time,0
PAY409470,C104117,CARD203935,2026-04-13,4658.34,4658.34,On Time,0
PAY409471,C107507,CARD203978,2025-02-28,6949.27,6949.27,On Time,0
PAY409472,C109566,CARD202465,2025-12-05,2895.27,60.29,Missed,72
PAY409473,C104325,CARD210202,2026-08-14,11207.37,11207.37,On Time,0
PAY409474,C108828,CARD204647,2025-11-21,5462.22,5462.22,Late,26
PAY409475,C107225,CARD207733,2025-04-03,6766.49,6766.49,On Time,0
PAY409476,C101588,CARD203486,2026-01-21,21958.97,21958.97,On Time,0
PAY409477,C104915,CARD204089,2026-08-12,7503.14,7503.14,On Time,0
PAY409478,C103907,CARD202767,2025-02-10,4604.25,4604.25,On Time,0
PAY409479,C102549,CARD200756,2025-03-16,4722.27,4722.27,On Time,0
PAY409480,C106165,CARD204198,2025-12-12,5779.6,5779.6,On Time,0
PAY409481,C108336,CARD209392,2026-08-21,7540.37,7540.37,On Time,0
PAY409482,C105042,CARD211520,2025-11-12,1998.61,1998.61,Late,9
PAY409483,C104173,CARD210358,2026-03-10,2413.76,2413.76,On Time,0
PAY409484,C108039,CARD202356,2025-12-07,12238.6,12238.6,On Time,0
PAY409485,C101383,CARD210486,2025-06-04,11839.81,11839.81,On Time,0
PAY409486,C102242,CARD201270,2025-12-16,16322.11,16322.11,On Time,0
PAY409487,C101924,CARD206055,2025-12-06,1602.62,1602.62,On Time,0
PAY409488,C103222,CARD209687,2025-05-26,1744.21,1744.21,On Time,0
PAY409489,C101342,CARD201805,2026-02-04,28934.04,28934.04,On Time,0
PAY409490,C103432,CARD208908,2025-02-22,3440.5,225.16,Missed,45
PAY409491,C109635,CARD206933,2026-08-24,4113.92,4113.92,On Time,0
PAY409492,C103512,CARD210059,2026-06-21,4418.22,4418.22,On Time,0
PAY409493,C107359,CARD210104,2026-02-04,6003.06,6003.06,Late,23
PAY409494,C108577,CARD210542,2025-03-09,5486.57,5486.57,On Time,0
PAY409495,C100942,CARD201216,2025-03-06,8265.75,8265.75,On Time,0
PAY409496,C107326,CARD208292,2025-06-13,8433.64,8433.64,Late,22
PAY409497,C109689,CARD211623,2025-12-29,16981.73,16981.73,On Time,0
PAY409498,C107996,CARD209171,2026-07-12,1207.82,1207.82,On Time,0
PAY409499,C104592,CARD208484,2025-12-30,2627.74,2627.74,On Time,0
PAY409500,C109242,CARD211271,2026-07-19,9402.88,9402.88,Late,21
PAY409501,C100987,CARD205013,2026-04-18,4932.02,4932.02,Late,29
PAY409502,C102404,CARD206169,2025-03-29,13849.94,13849.94,On Time,0
PAY409503,C103134,CARD200727,2026-03-28,2226.92,2226.92,On Time,0
PAY409504,C102073,CARD211869,2025-06-01,13832.02,13832.02,On Time,0
PAY409505,C100236,CARD203699,2025-06-09,6417.64,6417.64,On Time,0
PAY409506,C100845,CARD205329,2025-01-17,4727.33,4727.33,On Time,0
PAY409507,C108386,CARD211122,2026-05-26,2179.76,2179.76,On Time,0
PAY409508,C101014,CARD202097,2025-11-02,5241.18,5241.18,On Time,0
PAY409509,C108041,CARD211102,2026-07-03,7035.1,7035.1,On Time,0
PAY409510,C108998,CARD201798,2025-10-18,6843.29,6843.29,On Time,0
PAY409511,C107885,CARD204721,2025-06-26,2648.92,2648.92,On Time,0
PAY409512,C101725,CARD206823,2025-11-04,9171.38,9171.38,On Time,0
PAY409513,C101380,CARD211681,2025-07-21,2641.34,2641.34,Late,6
PAY409514,C100143,CARD205668,2026-04-12,7293.15,289.4,Missed,70
PAY409515,C104002,CARD200728,2025-10-30,28920.67,28920.67,On Time,0
PAY409516,C102932,CARD200905,2026-06-23,9912.18,9912.18,On Time,0
PAY409517,C108970,CARD206206,2026-05-01,2753.02,1291.82,Partial,57
PAY409518,C102079,CARD210337,2025-10-31,9788.2,9788.2,On Time,0
PAY409519,C107771,CARD209918,2025-10-12,13217.71,13217.71,On Time,0
PAY409520,C104393,CARD209858,2025-10-14,9784.33,9784.33,On Time,0
PAY409521,C109662,CARD204346,2025-10-20,8291.26,4416.25,Partial,32
PAY409522,C109290,CARD201307,2026-08-06,13352.69,13352.69,On Time,0
PAY409523,C104556,CARD204587,2026-03-28,10166.94,6937.8,Partial,20
PAY409524,C105774,CARD210437,2025-07-12,3372.76,1221.65,Partial,21
PAY409525,C107487,CARD205150,2025-02-22,10242.22,10242.22,On Time,0
PAY409526,C100124,CARD211460,2025-11-26,3343.71,3343.71,On Time,0
PAY409527,C108272,CARD202787,2026-08-16,8551.61,8551.61,On Time,0
PAY409528,C100913,CARD202028,2025-01-07,2877.1,2877.1,On Time,0
PAY409529,C105058,CARD211633,2025-05-31,1141.0,1141.0,On Time,0
PAY409530,C109065,CARD208126,2025-02-15,10295.04,1135.3,Missed,90
PAY409531,C104323,CARD208051,2026-05-13,10458.1,3196.82,Partial,49
PAY409532,C102317,CARD204189,2025-08-10,14852.22,14852.22,On Time,0
PAY409533,C101654,CARD206431,2025-10-08,7242.87,7242.87,On Time,0
PAY409534,C105261,CARD203929,2025-01-16,6514.24,3143.02,Partial,5
PAY409535,C104391,CARD205353,2026-06-21,5087.86,5087.86,On Time,0
PAY409536,C104495,CARD211947,2026-01-26,7987.43,7987.43,On Time,0
PAY409537,C106895,CARD206150,2026-05-04,7071.4,7071.4,On Time,0
PAY409538,C108928,CARD208154,2025-06-20,1746.02,97.63,Missed,90
PAY409539,C109776,CARD205351,2026-04-16,5419.0,3711.22,Partial,14
PAY409540,C101152,CARD208498,2026-02-04,17527.46,17527.46,On Time,0
PAY409541,C104801,CARD211465,2026-06-29,3933.76,3933.76,On Time,0
PAY409542,C108833,CARD209490,2026-01-19,5577.38,5577.38,On Time,0
PAY409543,C107585,CARD209403,2026-01-04,1734.3,1734.3,Late,9
PAY409544,C109244,CARD203875,2026-07-12,9513.12,9513.12,Late,21
PAY409545,C101749,CARD200307,2026-01-30,15636.52,15636.52,On Time,0
PAY409546,C100244,CARD206760,2025-06-12,4622.39,4622.39,On Time,0
PAY409547,C102225,CARD204475,2025-07-17,2607.25,2607.25,On Time,0
PAY409548,C102540,CARD208848,2026-08-16,8359.55,8359.55,On Time,0
PAY409549,C106871,CARD208056,2026-04-13,3242.5,3242.5,On Time,0
PAY409550,C100798,CARD208804,2025-01-26,4793.58,4793.58,Late,24
PAY409551,C109025,CARD209026,2026-03-12,3920.77,3920.77,On Time,0
PAY409552,C107249,CARD206126,2025-01-19,4802.93,4802.93,On Time,0
PAY409553,C104645,CARD211975,2025-11-26,13749.87,11547.43,Partial,51
PAY409554,C103143,CARD206515,2025-10-24,4678.14,4678.14,On Time,0
PAY409555,C105396,CARD200973,2026-03-03,13304.72,13304.72,On Time,0
PAY409556,C106498,CARD201551,2025-03-19,14715.93,14715.93,On Time,0
PAY409557,C100568,CARD206345,2026-05-12,18427.37,18427.37,On Time,0
PAY409558,C109592,CARD208396,2026-07-04,12063.07,12063.07,On Time,0
PAY409559,C101991,CARD202945,2026-06-03,11982.81,11982.81,On Time,0
PAY409560,C101263,CARD205011,2026-03-20,1409.18,1409.18,Late,30
PAY409561,C102732,CARD209633,2026-03-08,11108.02,11108.02,On Time,0
PAY409562,C104717,CARD204003,2026-04-12,5375.78,5375.78,On Time,0
PAY409563,C105244,CARD209556,2026-01-13,4560.53,4560.53,Late,29
PAY409564,C104597,CARD201719,2025-11-27,6313.05,6313.05,On Time,0
PAY409565,C107544,CARD203800,2026-01-18,5734.09,5734.09,On Time,0
PAY409566,C105174,CARD201546,2026-06-19,3922.53,3922.53,On Time,0
PAY409567,C106731,CARD210841,2026-04-15,1504.47,1504.47,On Time,0
PAY409568,C105959,CARD203946,2026-07-30,3197.47,3197.47,On Time,0
PAY409569,C103210,CARD204080,2025-07-17,16736.33,9997.43,Partial,7
PAY409570,C109470,CARD208992,2025-10-30,2579.17,2579.17,On Time,0
PAY409571,C106956,CARD205523,2026-03-04,8353.64,240.18,Missed,90
PAY409572,C102855,CARD209414,2025-09-07,4669.43,4669.43,On Time,0
PAY409573,C100254,CARD205510,2025-05-20,13511.37,13511.37,On Time,0
PAY409574,C103252,CARD203595,2026-03-18,19386.77,19386.77,On Time,0
PAY409575,C105789,CARD211551,2025-06-21,14513.01,14513.01,On Time,0
PAY409576,C102132,CARD200016,2025-12-20,5429.32,5429.32,On Time,0
PAY409577,C105180,CARD204958,2026-02-24,4613.59,585.26,Missed,59
PAY409578,C102463,CARD203346,2025-11-17,10826.19,10826.19,On Time,0
PAY409579,C100132,CARD208181,2025-01-10,7354.9,7354.9,On Time,0
PAY409580,C101933,CARD203714,2025-09-05,3393.83,3393.83,Late,30
PAY409581,C102775,CARD203274,2025-10-09,2302.83,2302.83,On Time,0
PAY409582,C100121,CARD204992,2025-11-26,7471.53,7471.53,On Time,0
PAY409583,C106152,CARD211736,2025-07-28,12347.27,12347.27,On Time,0
PAY409584,C104858,CARD206432,2025-04-30,3924.19,3924.19,On Time,0
PAY409585,C104695,CARD205839,2026-01-05,4686.11,4686.11,Late,23
PAY409586,C104585,CARD206260,2026-05-04,28453.62,28453.62,On Time,0
PAY409587,C108279,CARD209055,2025-12-11,4928.59,4928.59,On Time,0
PAY409588,C105540,CARD211820,2025-04-24,12197.5,12197.5,On Time,0
PAY409589,C107656,CARD204960,2025-04-18,25796.26,2839.06,Missed,106
PAY409590,C101797,CARD207732,2025-08-20,2041.41,2041.41,On Time,0
PAY409591,C108689,CARD207300,2026-07-28,17708.17,17708.17,On Time,0
PAY409592,C102664,CARD200130,2025-06-13,5929.32,5929.32,On Time,0
PAY409593,C107537,CARD208879,2025-08-12,4478.41,603.37,Missed,45
PAY409594,C102219,CARD211848,2026-01-12,14658.69,14658.69,On Time,0
PAY409595,C109879,CARD204484,2025-08-13,10822.62,10822.62,On Time,0
PAY409596,C109562,CARD201019,2026-03-27,2704.91,2704.91,On Time,0
PAY409597,C107043,CARD209747,2025-09-22,16708.38,16708.38,Late,30
PAY409598,C109566,CARD202465,2025-11-25,1775.11,1775.11,Late,1
PAY409599,C104726,CARD209247,2026-06-25,7148.8,7148.8,On Time,0
PAY409600,C107258,CARD203084,2025-01-20,5927.31,5927.31,On Time,0
PAY409601,C101802,CARD200213,2025-02-08,7216.47,7216.47,On Time,0
PAY409602,C102899,CARD203065,2025-03-03,4335.82,4335.82,On Time,0
PAY409603,C105406,CARD203857,2025-10-03,5982.37,5982.37,On Time,0
PAY409604,C102098,CARD210061,2025-11-21,2130.86,2130.86,Late,17
PAY409605,C109790,CARD208752,2026-08-12,10667.88,10667.88,On Time,0
PAY409606,C107328,CARD203691,2025-07-29,5179.3,5179.3,On Time,0
PAY409607,C107553,CARD203751,2025-12-26,1337.86,1337.86,On Time,0
PAY409608,C109322,CARD207073,2025-06-26,18754.53,18754.53,On Time,0
PAY409609,C106684,CARD210942,2025-09-09,3378.13,3378.13,On Time,0
PAY409610,C109920,CARD209219,2026-03-05,2712.88,2712.88,On Time,0
PAY409611,C106925,CARD204797,2026-08-04,53777.53,53777.53,On Time,0
PAY409612,C107621,CARD205592,2025-03-10,12682.41,12682.41,On Time,0
PAY409613,C109024,CARD209352,2026-01-04,9099.26,9099.26,On Time,0
PAY409614,C102792,CARD206745,2026-01-14,10626.69,10626.69,On Time,0
PAY409615,C106200,CARD209628,2026-05-18,4979.91,4979.91,Late,26
PAY409616,C102252,CARD200589,2026-07-11,4202.96,4202.96,On Time,0
PAY409617,C102023,CARD210787,2025-09-01,19795.38,19795.38,On Time,0
PAY409618,C106458,CARD205153,2025-08-24,3932.86,3932.86,Late,2
PAY409619,C101163,CARD201364,2025-12-01,5849.25,5849.25,On Time,0
PAY409620,C105895,CARD202525,2026-05-11,4124.82,4124.82,On Time,0
PAY409621,C105990,CARD201202,2025-01-19,15395.59,15395.59,On Time,0
PAY409622,C108642,CARD206422,2025-12-07,4924.71,4924.71,On Time,0
PAY409623,C105639,CARD202178,2025-05-06,11467.74,11467.74,On Time,0
PAY409624,C105919,CARD201797,2026-01-25,3749.82,3749.82,On Time,0
PAY409625,C102985,CARD208368,2025-01-01,8067.62,8067.62,Late,21
PAY409626,C109428,CARD207261,2026-02-27,9453.97,9453.97,On Time,0
PAY409627,C109999,CARD203883,2026-07-09,6058.13,6058.13,On Time,0
PAY409628,C106417,CARD200512,2026-08-18,4501.16,4501.16,On Time,0
PAY409629,C107985,CARD203949,2025-04-13,3783.87,3783.87,On Time,0
PAY409630,C106822,CARD209680,2025-01-01,11788.89,11788.89,On Time,0
PAY409631,C106385,CARD207287,2025-04-22,7461.97,2012.54,Partial,14
PAY409632,C108797,CARD201106,2026-06-14,14267.18,14267.18,On Time,0
PAY409633,C103857,CARD206772,2025-11-11,9078.59,9078.59,On Time,0
PAY409634,C107447,CARD205463,2026-02-27,1738.45,1738.45,On Time,0
PAY409635,C108133,CARD202757,2026-07-30,6054.49,6054.49,On Time,0
PAY409636,C108480,CARD202666,2025-05-02,2809.77,828.3,Partial,47
PAY409637,C108191,CARD210886,2026-02-01,3548.33,3548.33,On Time,0
PAY409638,C100440,CARD207384,2025-12-11,3754.47,3754.47,On Time,0
PAY409639,C102096,CARD201833,2025-08-15,10353.3,10353.3,On Time,0
PAY409640,C105799,CARD200038,2025-07-06,38227.27,38227.27,On Time,0
PAY409641,C103019,CARD208039,2026-07-18,7849.62,7849.62,On Time,0
PAY409642,C104610,CARD211684,2025-02-21,2258.3,2258.3,On Time,0
PAY409643,C105767,CARD211284,2026-02-15,6912.91,6912.91,On Time,0
PAY409644,C109462,CARD201524,2025-02-07,9786.12,5787.52,Partial,44
PAY409645,C104537,CARD201870,2026-03-11,3229.4,3229.4,On Time,0
PAY409646,C102914,CARD207767,2025-07-23,1827.75,1827.75,On Time,0
PAY409647,C104716,CARD205833,2026-03-07,6615.13,6615.13,On Time,0
PAY409648,C107397,CARD200794,2025-12-24,7068.25,4175.48,Partial,2
PAY409649,C107745,CARD204764,2026-07-05,3441.27,3441.27,On Time,0
PAY409650,C107298,CARD211414,2025-03-21,3094.19,3094.19,Late,23
PAY409651,C107820,CARD202196,2025-11-05,16072.34,16072.34,On Time,0
PAY409652,C106207,CARD203389,2025-01-18,5991.34,5991.34,On Time,0
PAY409653,C101561,CARD204404,2026-08-19,4949.55,4949.55,On Time,0
PAY409654,C106998,CARD208889,2026-07-28,1028.12,1028.12,On Time,0
PAY409655,C100512,CARD206948,2025-11-06,5427.52,5427.52,On Time,0
PAY409656,C101908,CARD201929,2025-02-22,3641.47,3641.47,On Time,0
PAY409657,C101182,CARD200052,2025-01-06,4273.74,1124.07,Partial,25
PAY409658,C101623,CARD204724,2025-07-09,11985.43,4468.21,Partial,46
PAY409659,C107071,CARD200023,2025-03-31,9303.18,9303.18,On Time,0
PAY409660,C102670,CARD208769,2026-05-18,6025.26,6025.26,On Time,0
PAY409661,C109170,CARD210111,2026-02-19,15305.48,15305.48,On Time,0
PAY409662,C101457,CARD200055,2026-03-25,17154.44,17154.44,Late,10
PAY409663,C109732,CARD203272,2025-08-04,4206.89,4206.89,On Time,0
PAY409664,C108113,CARD201989,2026-06-10,9274.44,998.22,Missed,42
PAY409665,C107481,CARD204869,2025-06-07,4981.35,4981.35,On Time,0
PAY409666,C103988,CARD207651,2026-08-02,1962.96,1397.34,Partial,43
PAY409667,C103587,CARD204348,2025-06-27,9191.25,5289.95,Partial,50
PAY409668,C106544,CARD207324,2025-06-06,5076.93,5076.93,On Time,0
PAY409669,C100911,CARD200810,2025-05-08,20116.56,20116.56,On Time,0
PAY409670,C109490,CARD203784,2025-09-24,3216.26,3216.26,On Time,0
PAY409671,C103842,CARD206852,2025-06-01,4994.16,4994.16,On Time,0
PAY409672,C107363,CARD200593,2025-09-22,6494.41,6494.41,On Time,0
PAY409673,C103870,CARD210410,2025-08-19,9250.83,9250.83,On Time,0
PAY409674,C109825,CARD209412,2025-02-05,23017.21,23017.21,On Time,0
PAY409675,C107731,CARD201511,2025-05-21,9787.46,9787.46,On Time,0
PAY409676,C109038,CARD207379,2026-03-25,17021.59,17021.59,On Time,0
PAY409677,C103386,CARD210641,2025-10-24,7935.84,7935.84,On Time,0
PAY409678,C103077,CARD208295,2025-01-13,7669.1,7669.1,On Time,0
PAY409679,C105945,CARD208145,2026-01-21,14251.63,14251.63,Late,12
PAY409680,C108922,CARD204982,2026-04-01,2154.75,2154.75,On Time,0
PAY409681,C109888,CARD206012,2026-08-24,3670.65,1263.8,Partial,40
PAY409682,C100546,CARD205589,2025-08-01,5473.45,5473.45,On Time,0
PAY409683,C109368,CARD203047,2025-06-10,5637.0,5637.0,On Time,0
PAY409684,C101030,CARD209471,2025-02-20,3656.92,3656.92,On Time,0
PAY409685,C106747,CARD209775,2025-12-28,11948.83,11948.83,On Time,0
PAY409686,C104557,CARD205649,2026-06-30,5615.58,5615.58,On Time,0
PAY409687,C104093,CARD201894,2025-05-01,16169.11,16169.11,Late,20
PAY409688,C103154,CARD211131,2026-02-07,5230.52,2691.06,Partial,45
PAY409689,C102743,CARD210058,2026-08-06,4036.03,4036.03,Late,19
PAY409690,C105764,CARD202701,2025-10-28,9446.73,9446.73,Late,10
PAY409691,C106539,CARD201800,2026-06-26,10516.74,10516.74,On Time,0
PAY409692,C105999,CARD201950,2025-07-26,2819.67,2819.67,Late,18
PAY409693,C100435,CARD200667,2026-02-19,6634.69,274.46,Missed,82
PAY409694,C103564,CARD201842,2025-03-25,9281.5,2257.1,Partial,42
PAY409695,C106653,CARD209305,2025-03-18,10446.44,10446.44,On Time,0
PAY409696,C102642,CARD209300,2026-06-30,4336.93,4336.93,On Time,0
PAY409697,C106230,CARD211424,2025-02-09,7192.51,7192.51,On Time,0
PAY409698,C108193,CARD205511,2025-06-16,24320.46,19094.15,Partial,40
PAY409699,C103257,CARD200504,2026-07-08,5470.86,5470.86,On Time,0
PAY409700,C101578,CARD202955,2025-05-03,3342.79,873.79,Partial,5
PAY409701,C100414,CARD210493,2025-12-25,3524.03,3524.03,On Time,0
PAY409702,C106752,CARD211009,2025-07-04,12687.08,12687.08,On Time,0
PAY409703,C101000,CARD206905,2026-02-07,4666.04,4666.04,Late,11
PAY409704,C109362,CARD205343,2026-07-19,19029.98,19029.98,On Time,0
PAY409705,C102532,CARD207188,2026-07-27,8105.42,8105.42,On Time,0
PAY409706,C100374,CARD203227,2025-12-26,21132.08,21132.08,On Time,0
PAY409707,C107791,CARD205385,2026-07-03,13851.83,13851.83,Late,22
PAY409708,C106551,CARD211111,2025-01-02,8588.93,8588.93,Late,11
PAY409709,C107059,CARD203742,2025-09-02,4579.4,4579.4,On Time,0
PAY409710,C106766,CARD209821,2025-04-12,7798.6,7798.6,On Time,0
PAY409711,C102890,CARD201461,2026-07-03,2269.61,2269.61,Late,21
PAY409712,C102351,CARD204933,2026-02-18,3844.53,3844.53,On Time,0
PAY409713,C100147,CARD206104,2025-10-01,2856.02,2856.02,Late,19
PAY409714,C107827,CARD210101,2025-10-29,7015.53,7015.53,On Time,0
PAY409715,C108569,CARD207929,2025-07-28,5571.59,5571.59,On Time,0
PAY409716,C100020,CARD208339,2025-01-05,2902.05,2902.05,On Time,0
PAY409717,C102653,CARD204695,2025-03-29,8201.87,8201.87,On Time,0
PAY409718,C100197,CARD203535,2025-07-08,7972.65,7972.65,On Time,0
PAY409719,C103383,CARD210103,2025-04-16,6878.63,6878.63,On Time,0
PAY409720,C103050,CARD211738,2025-02-12,8344.14,8344.14,Late,11
PAY409721,C101108,CARD211124,2026-01-22,4805.24,4805.24,On Time,0
PAY409722,C109014,CARD203376,2025-01-22,8789.19,8789.19,On Time,0
PAY409723,C103424,CARD202996,2025-10-15,1932.41,1353.59,Partial,30
PAY409724,C105902,CARD211858,2025-12-18,12917.37,12917.37,On Time,0
PAY409725,C101273,CARD206237,2025-11-21,8909.38,8909.38,On Time,0
PAY409726,C100143,CARD203861,2026-08-06,7220.54,7220.54,On Time,0
PAY409727,C106183,CARD208304,2026-01-22,3354.68,3354.68,On Time,0
PAY409728,C100128,CARD204489,2026-04-08,5909.59,5909.59,Late,11
PAY409729,C102556,CARD205433,2026-05-23,4414.01,4414.01,On Time,0
PAY409730,C103882,CARD208483,2025-12-26,36800.1,36800.1,Late,26
PAY409731,C107103,CARD205953,2025-07-24,3288.03,2256.54,Partial,35
PAY409732,C108076,CARD211744,2025-05-20,2917.75,2917.75,On Time,0
PAY409733,C105070,CARD203080,2025-12-18,2521.38,2521.38,On Time,0
PAY409734,C107830,CARD205995,2025-11-04,5540.74,2365.33,Partial,52
PAY409735,C106437,CARD211864,2026-03-27,5783.79,5783.79,Late,14
PAY409736,C100659,CARD202934,2026-05-11,12538.35,12538.35,On Time,0
PAY409737,C106788,CARD204586,2026-03-07,2181.46,2181.46,On Time,0
PAY409738,C106482,CARD209682,2025-06-07,2883.02,2883.02,On Time,0
PAY409739,C109411,CARD200662,2026-04-15,13031.68,13031.68,On Time,0
PAY409740,C108599,CARD210085,2025-05-05,1137.52,1137.52,On Time,0
PAY409741,C109075,CARD205593,2025-02-13,10629.77,10629.77,Late,29
PAY409742,C102715,CARD211157,2025-05-04,10599.84,10599.84,On Time,0
PAY409743,C108377,CARD202501,2026-06-27,7347.39,7347.39,On Time,0
PAY409744,C108684,CARD208028,2026-07-21,8086.66,8086.66,On Time,0
PAY409745,C103831,CARD201318,2025-03-20,7312.11,7312.11,On Time,0
PAY409746,C104753,CARD201520,2025-02-24,13565.4,13565.4,On Time,0
PAY409747,C107581,CARD206005,2025-10-15,3868.96,3868.96,On Time,0
PAY409748,C107594,CARD204597,2026-07-17,2490.85,2490.85,Late,18
PAY409749,C105614,CARD208443,2025-06-27,9657.91,9657.91,Late,14
PAY409750,C101443,CARD205659,2026-07-12,15851.92,15851.92,On Time,0
PAY409751,C109564,CARD205350,2025-04-14,7259.46,7259.46,On Time,0
PAY409752,C109719,CARD202186,2025-07-06,6817.62,6817.62,On Time,0
PAY409753,C106213,CARD200489,2026-02-22,4640.65,4640.65,Late,8
PAY409754,C101062,CARD208733,2025-08-25,5962.17,5962.17,On Time,0
PAY409755,C107767,CARD205866,2025-09-27,10108.31,10108.31,On Time,0
PAY409756,C109021,CARD203948,2025-04-27,14464.73,14464.73,On Time,0
PAY409757,C103625,CARD211083,2026-07-31,3350.86,3350.86,Late,6
PAY409758,C106314,CARD210260,2025-06-13,5293.98,477.8,Missed,49
PAY409759,C107293,CARD201390,2026-03-26,11006.73,11006.73,On Time,0
PAY409760,C110000,CARD211550,2025-10-05,5285.42,5285.42,Late,22
PAY409761,C104894,CARD205948,2026-02-22,4825.69,4825.69,Late,25
PAY409762,C108453,CARD200586,2026-07-09,4790.96,4790.96,Late,3
PAY409763,C103132,CARD210845,2025-04-14,4622.27,4622.27,On Time,0
PAY409764,C102968,CARD209193,2025-11-09,10288.64,10288.64,Late,6
PAY409765,C104667,CARD210599,2025-02-14,3654.11,3654.11,On Time,0
PAY409766,C102725,CARD205423,2025-04-20,3847.0,3847.0,On Time,0
PAY409767,C104980,CARD208432,2025-08-14,3305.59,3305.59,On Time,0
PAY409768,C108398,CARD201621,2025-08-02,8663.6,8663.6,On Time,0
PAY409769,C102835,CARD202382,2026-03-19,4156.46,4156.46,On Time,0
PAY409770,C101314,CARD202625,2026-08-14,13079.22,13079.22,On Time,0
PAY409771,C109832,CARD207029,2026-02-27,8938.9,8938.9,On Time,0
PAY409772,C106395,CARD205455,2025-04-22,5250.55,5250.55,On Time,0
PAY409773,C102352,CARD200827,2025-05-03,8202.39,8202.39,Late,17
PAY409774,C100019,CARD206812,2025-03-30,1128.32,333.36,Partial,11
PAY409775,C103255,CARD206871,2025-04-20,12596.61,12596.61,On Time,0
PAY409776,C106263,CARD209607,2025-03-03,3466.62,3466.62,On Time,0
PAY409777,C109765,CARD210379,2026-06-13,16405.28,16405.28,On Time,0
PAY409778,C105549,CARD200999,2025-07-25,5421.9,5421.9,On Time,0
PAY409779,C100014,CARD203918,2026-03-11,3096.07,1887.4,Partial,9
PAY409780,C105451,CARD207672,2025-04-14,6663.61,6663.61,On Time,0
PAY409781,C108204,CARD201865,2025-09-18,11962.21,11962.21,On Time,0
PAY409782,C106972,CARD203359,2025-01-17,14103.54,14103.54,On Time,0
PAY409783,C100593,CARD208046,2025-06-11,6342.09,6342.09,Late,30
PAY409784,C103437,CARD204232,2025-02-04,12431.54,12431.54,On Time,0
PAY409785,C101858,CARD201571,2025-01-13,26475.79,26475.79,On Time,0
PAY409786,C106895,CARD209260,2025-09-06,14067.14,14067.14,On Time,0
PAY409787,C105815,CARD210287,2026-04-19,7844.85,7844.85,Late,30
PAY409788,C101793,CARD209579,2025-12-11,3982.73,3982.73,On Time,0
PAY409789,C100584,CARD204969,2025-05-22,10644.8,10644.8,Late,27
PAY409790,C108310,CARD207022,2025-06-17,17532.56,17532.56,On Time,0
PAY409791,C104972,CARD200253,2026-04-16,5600.47,638.57,Missed,48
PAY409792,C105156,CARD203336,2025-09-26,20989.24,20989.24,On Time,0
PAY409793,C106067,CARD206136,2025-09-13,7981.96,7981.96,On Time,0
PAY409794,C107051,CARD211201,2026-03-16,8917.25,8917.25,On Time,0
PAY409795,C105286,CARD202476,2026-03-26,20034.05,20034.05,On Time,0
PAY409796,C102021,CARD210336,2026-05-10,24787.05,24787.05,On Time,0
PAY409797,C105101,CARD204192,2026-02-22,5673.0,5673.0,On Time,0
PAY409798,C106156,CARD206977,2025-07-29,16768.45,16768.45,Late,28
PAY409799,C103644,CARD200507,2025-03-31,2738.72,2738.72,On Time,0
PAY409800,C107947,CARD206741,2025-03-18,3328.99,2587.96,Partial,6
PAY409801,C104198,CARD205713,2025-09-13,11214.86,11214.86,Late,30
PAY409802,C108717,CARD208984,2026-02-24,2803.35,2247.53,Partial,10
PAY409803,C107453,CARD207064,2025-03-01,1626.44,1626.44,On Time,0
PAY409804,C105286,CARD202476,2025-11-28,6676.06,6676.06,Late,18
PAY409805,C105473,CARD202305,2025-07-16,7675.76,7675.76,On Time,0
PAY409806,C108932,CARD211361,2025-06-10,8323.3,8323.3,On Time,0
PAY409807,C105200,CARD205096,2025-12-30,2544.13,2544.13,On Time,0
PAY409808,C101149,CARD210238,2026-02-20,13836.72,13836.72,Late,21
PAY409809,C104225,CARD207450,2026-02-25,3080.08,3080.08,On Time,0
PAY409810,C101360,CARD208760,2026-01-07,5847.05,5847.05,On Time,0
PAY409811,C101908,CARD201929,2025-10-26,2579.01,2579.01,On Time,0
PAY409812,C102295,CARD210035,2025-12-09,4527.69,4527.69,On Time,0
PAY409813,C103877,CARD209618,2026-06-25,3619.67,3619.67,On Time,0
PAY409814,C103170,CARD204065,2025-09-16,3140.3,3140.3,On Time,0
PAY409815,C109106,CARD209217,2025-08-19,3882.01,3882.01,On Time,0
PAY409816,C104929,CARD203755,2025-01-03,1285.1,485.31,Partial,47
PAY409817,C108112,CARD200863,2026-06-07,6561.64,6561.64,On Time,0
PAY409818,C109948,CARD203229,2025-02-18,2995.71,2995.71,On Time,0
PAY409819,C102520,CARD209296,2025-04-11,5289.9,5289.9,On Time,0
PAY409820,C100197,CARD203535,2026-02-20,6744.35,6744.35,On Time,0
PAY409821,C106297,CARD203988,2026-01-31,5681.35,5681.35,On Time,0
PAY409822,C107212,CARD200568,2025-04-10,14631.47,14631.47,On Time,0
PAY409823,C107485,CARD200690,2025-01-24,4602.18,4602.18,On Time,0
PAY409824,C100860,CARD200051,2025-08-26,2447.97,2447.97,On Time,0
PAY409825,C108606,CARD201757,2025-03-18,3938.56,3938.56,On Time,0
PAY409826,C105655,CARD200350,2026-04-29,3005.34,3005.34,On Time,0
PAY409827,C104686,CARD208321,2025-03-18,7400.12,7400.12,On Time,0
PAY409828,C100937,CARD203843,2025-12-16,4474.9,4474.9,On Time,0
PAY409829,C109484,CARD211168,2026-08-19,12444.72,12444.72,On Time,0
PAY409830,C107784,CARD211909,2026-01-22,4913.03,4913.03,On Time,0
PAY409831,C102998,CARD205633,2025-07-01,9948.36,9948.36,On Time,0
PAY409832,C107755,CARD207827,2026-04-15,4002.78,4002.78,On Time,0
PAY409833,C103224,CARD207160,2026-04-20,5335.59,5335.59,On Time,0
PAY409834,C103134,CARD200727,2025-06-04,3436.79,3436.79,On Time,0
PAY409835,C109942,CARD203954,2026-06-07,8708.33,8708.33,On Time,0
PAY409836,C108744,CARD203239,2026-05-13,4823.82,4823.82,On Time,0
PAY409837,C103196,CARD206591,2025-02-16,14126.87,14126.87,On Time,0
PAY409838,C107582,CARD203527,2025-02-18,5480.71,2011.93,Partial,35
PAY409839,C100923,CARD210923,2026-04-05,25428.96,25428.96,On Time,0
PAY409840,C106201,CARD200695,2025-04-16,5120.99,5120.99,Late,16
PAY409841,C108488,CARD210624,2026-06-08,24767.43,24767.43,On Time,0
PAY409842,C103652,CARD207385,2025-10-17,13664.21,10957.32,Partial,37
PAY409843,C100952,CARD202782,2025-04-25,4312.37,4312.37,On Time,0
PAY409844,C108628,CARD207633,2025-12-29,4088.43,4088.43,On Time,0
PAY409845,C108677,CARD208841,2025-06-25,14654.92,14654.92,On Time,0
PAY409846,C101546,CARD203051,2025-03-13,3847.92,3847.92,On Time,0
PAY409847,C109829,CARD210905,2025-10-24,1864.73,1864.73,Late,15
PAY409848,C107832,CARD207109,2025-10-09,8754.24,8754.24,On Time,0
PAY409849,C102076,CARD210686,2025-07-28,4868.7,4868.7,On Time,0
PAY409850,C100848,CARD211084,2026-04-24,6857.56,6857.56,On Time,0
PAY409851,C102655,CARD207323,2025-07-31,3273.58,3273.58,Late,13
PAY409852,C104892,CARD203786,2025-12-21,7243.34,1650.74,Partial,3
PAY409853,C104852,CARD201182,2025-11-05,6932.63,6932.63,On Time,0
PAY409854,C108451,CARD204981,2025-05-23,3185.42,3185.42,On Time,0
PAY409855,C108067,CARD207470,2025-11-28,19133.9,19133.9,On Time,0
PAY409856,C102719,CARD207673,2025-02-27,6589.1,6589.1,Late,18
PAY409857,C102163,CARD203692,2025-04-15,4001.85,4001.85,On Time,0
PAY409858,C100513,CARD201667,2025-12-20,3277.52,3277.52,On Time,0
PAY409859,C106923,CARD203046,2025-09-29,9003.33,9003.33,On Time,0
PAY409860,C105705,CARD200342,2026-06-23,3867.85,3867.85,On Time,0
PAY409861,C109957,CARD204276,2025-04-07,6085.24,6085.24,Late,13
PAY409862,C106071,CARD209391,2025-05-03,9614.94,9614.94,On Time,0
PAY409863,C109832,CARD201973,2025-04-17,5866.2,5866.2,On Time,0
PAY409864,C103760,CARD200494,2025-10-30,2474.83,2474.83,On Time,0
PAY409865,C100610,CARD211439,2025-01-31,8693.79,8693.79,On Time,0
PAY409866,C105797,CARD200948,2026-07-06,12739.04,12739.04,On Time,0
PAY409867,C103857,CARD206772,2025-11-11,11479.04,11479.04,On Time,0
PAY409868,C104064,CARD209000,2026-02-23,4513.71,4513.71,On Time,0
PAY409869,C103972,CARD205570,2026-03-03,3821.52,3821.52,On Time,0
PAY409870,C107849,CARD201958,2025-07-10,13755.52,13755.52,On Time,0
PAY409871,C100297,CARD210871,2025-06-11,3929.61,3929.61,On Time,0
PAY409872,C104892,CARD203387,2025-11-17,1834.82,683.18,Partial,49
PAY409873,C106263,CARD209607,2025-12-04,8921.46,8921.46,On Time,0
PAY409874,C106804,CARD211697,2026-04-20,1595.72,1595.72,On Time,0
PAY409875,C102610,CARD208823,2025-03-21,6073.59,866.25,Missed,62
PAY409876,C103317,CARD202722,2026-04-03,26748.33,3363.92,Missed,97
PAY409877,C105185,CARD208116,2026-02-16,14192.12,154.55,Missed,38
PAY409878,C101132,CARD200346,2025-02-03,5713.03,5713.03,On Time,0
PAY409879,C106030,CARD204895,2026-01-10,5098.09,5098.09,On Time,0
PAY409880,C104184,CARD203966,2025-06-18,8854.55,8854.55,On Time,0
PAY409881,C104580,CARD204255,2025-05-25,20379.24,20379.24,On Time,0
PAY409882,C109759,CARD202172,2026-01-04,4428.57,4428.57,On Time,0
PAY409883,C106588,CARD210055,2025-07-03,4430.21,4430.21,On Time,0
PAY409884,C109695,CARD208507,2025-11-14,3343.87,3343.87,On Time,0
PAY409885,C107545,CARD206304,2025-02-21,3888.06,3888.06,On Time,0
PAY409886,C105292,CARD207687,2026-04-23,6408.03,6408.03,On Time,0
PAY409887,C104217,CARD203968,2026-01-29,5487.1,5487.1,On Time,0
PAY409888,C105473,CARD202305,2025-03-16,3811.64,3811.64,Late,15
PAY409889,C102602,CARD207963,2026-04-30,15215.95,15215.95,On Time,0
PAY409890,C106033,CARD209423,2026-06-16,6778.15,3784.49,Partial,29
PAY409891,C100014,CARD203918,2025-11-10,9836.58,9836.58,On Time,0
PAY409892,C103093,CARD207034,2025-05-09,10192.22,10192.22,On Time,0
PAY409893,C100225,CARD200229,2025-01-04,5582.22,2924.7,Partial,47
PAY409894,C100771,CARD210982,2026-07-23,7042.54,7042.54,On Time,0
PAY409895,C106414,CARD208839,2026-03-20,5569.97,117.19,Missed,73
PAY409896,C108615,CARD200265,2026-05-28,2608.87,2608.87,On Time,0
PAY409897,C102251,CARD210409,2025-12-11,2300.53,2300.53,On Time,0
PAY409898,C100369,CARD202142,2026-01-12,7007.51,7007.51,On Time,0
PAY409899,C101101,CARD206045,2026-07-23,5419.55,5419.55,Late,4
PAY409900,C100151,CARD207095,2025-06-05,9442.56,9442.56,On Time,0
PAY409901,C100489,CARD201287,2026-03-04,9575.07,9575.07,On Time,0
PAY409902,C101319,CARD211396,2026-05-08,3910.04,3910.04,On Time,0
PAY409903,C103283,CARD211119,2025-05-28,17978.49,17978.49,On Time,0
PAY409904,C103941,CARD211761,2026-05-03,6257.02,6257.02,On Time,0
PAY409905,C100139,CARD202179,2025-09-25,11573.93,11573.93,On Time,0
PAY409906,C103772,CARD206696,2026-03-02,5598.17,5598.17,On Time,0
PAY409907,C104427,CARD203042,2025-12-15,19083.81,5785.11,Partial,25
PAY409908,C106239,CARD202249,2026-01-21,37285.87,37285.87,On Time,0
PAY409909,C106136,CARD208004,2026-08-23,12716.4,12716.4,On Time,0
PAY409910,C100940,CARD200277,2026-08-13,2995.23,2995.23,On Time,0
PAY409911,C104539,CARD208806,2026-02-08,5634.25,5634.25,Late,10
PAY409912,C102153,CARD209356,2025-09-19,27181.78,27181.78,On Time,0
PAY409913,C105103,CARD209719,2025-09-29,5755.86,1534.34,Partial,54
PAY409914,C108129,CARD206865,2025-01-03,4066.56,4066.56,On Time,0
PAY409915,C108164,CARD202307,2026-04-12,6197.02,499.1,Missed,35
PAY409916,C103093,CARD207034,2026-02-26,4449.82,4449.82,Late,30
PAY409917,C108924,CARD205527,2026-07-16,3824.53,3824.53,On Time,0
PAY409918,C102442,CARD209852,2025-03-27,3899.29,3899.29,On Time,0
PAY409919,C101270,CARD205075,2025-12-23,6111.19,6111.19,On Time,0
PAY409920,C105254,CARD208055,2026-07-30,11018.78,11018.78,On Time,0
PAY409921,C100471,CARD211525,2026-05-08,2814.3,1963.0,Partial,31
PAY409922,C102734,CARD201006,2026-02-28,3978.33,3978.33,Late,7
PAY409923,C106288,CARD204319,2025-12-03,2332.8,2332.8,Late,13
PAY409924,C103098,CARD209648,2025-12-16,2598.06,2598.06,Late,29
PAY409925,C107477,CARD208672,2025-04-06,5642.31,5642.31,On Time,0
PAY409926,C106152,CARD211736,2026-01-27,3562.41,3562.41,On Time,0
PAY409927,C104377,CARD208588,2026-07-29,12352.82,12352.82,On Time,0
PAY409928,C103481,CARD204370,2025-06-01,5412.34,3811.12,Partial,33
PAY409929,C103125,CARD209712,2025-05-26,3459.97,3459.97,On Time,0
PAY409930,C108663,CARD200882,2025-10-22,5903.37,5903.37,On Time,0
PAY409931,C106953,CARD207755,2025-12-17,10039.12,10039.12,On Time,0
PAY409932,C100998,CARD204999,2025-12-15,3963.12,3963.12,On Time,0
PAY409933,C107947,CARD206741,2026-04-21,7276.77,7276.77,On Time,0
PAY409934,C109216,CARD203833,2026-08-08,21096.85,21096.85,On Time,0
PAY409935,C108125,CARD201864,2025-11-04,6797.36,6797.36,On Time,0
PAY409936,C105153,CARD210245,2026-01-24,19384.8,19384.8,On Time,0
PAY409937,C108644,CARD203236,2026-05-19,7452.72,7452.72,On Time,0
PAY409938,C107064,CARD205163,2025-08-27,9979.52,9979.52,On Time,0
PAY409939,C109229,CARD200836,2026-01-16,2385.1,2385.1,On Time,0
PAY409940,C102048,CARD209795,2026-02-01,6904.91,6904.91,On Time,0
PAY409941,C106189,CARD202896,2026-02-28,12017.81,12017.81,On Time,0
PAY409942,C108013,CARD207308,2025-02-26,1815.45,1815.45,On Time,0
PAY409943,C101484,CARD208196,2026-05-10,5850.26,5850.26,On Time,0
PAY409944,C109702,CARD206583,2025-11-02,2263.3,1693.07,Partial,21
PAY409945,C109433,CARD207249,2025-07-28,12563.62,12563.62,On Time,0
PAY409946,C101140,CARD202216,2025-11-14,16396.83,13835.97,Partial,44
PAY409947,C100603,CARD204866,2026-05-26,13519.95,13519.95,On Time,0
PAY409948,C106393,CARD211589,2025-11-25,5567.23,5567.23,On Time,0
PAY409949,C100937,CARD203843,2026-01-15,7466.7,7466.7,On Time,0
PAY409950,C106419,CARD204947,2025-08-01,9693.59,9693.59,On Time,0
PAY409951,C107356,CARD210340,2025-04-17,18211.61,18211.61,Late,18
PAY409952,C104251,CARD203095,2026-08-23,2734.97,2734.97,Late,9
PAY409953,C108277,CARD207087,2025-06-23,2878.89,772.96,Partial,38
PAY409954,C107884,CARD200196,2026-06-14,8596.5,8596.5,Late,3
PAY409955,C108407,CARD205764,2026-06-21,5600.47,330.78,Missed,114
PAY409956,C105825,CARD209596,2026-06-16,5287.48,5287.48,On Time,0
PAY409957,C108311,CARD205782,2025-03-09,4811.3,4811.3,On Time,0
PAY409958,C103320,CARD201041,2025-03-24,2975.97,2975.97,On Time,0
PAY409959,C109643,CARD208855,2025-05-18,2543.58,2543.58,On Time,0
PAY409960,C100544,CARD206650,2025-05-27,1272.72,1272.72,On Time,0
PAY409961,C100883,CARD207639,2026-05-29,7158.98,2777.4,Partial,20
PAY409962,C103470,CARD211692,2025-01-20,4425.38,4425.38,On Time,0
PAY409963,C103849,CARD208887,2025-12-25,6130.27,1913.76,Partial,2
PAY409964,C105100,CARD202989,2026-05-04,10384.38,3142.59,Partial,17
PAY409965,C102151,CARD210705,2026-08-05,4058.36,4058.36,On Time,0
PAY409966,C100879,CARD207072,2026-02-26,2090.94,2090.94,On Time,0
PAY409967,C107093,CARD204539,2025-03-26,8934.96,8934.96,On Time,0
PAY409968,C100500,CARD206963,2026-06-07,3741.76,3741.76,On Time,0
PAY409969,C101328,CARD208655,2025-10-04,6529.39,6529.39,On Time,0
PAY409970,C105637,CARD206806,2025-04-25,3796.07,3796.07,On Time,0
PAY409971,C103476,CARD204568,2025-12-18,3532.42,3532.42,On Time,0
PAY409972,C104450,CARD211824,2026-06-15,3966.73,3966.73,On Time,0
PAY409973,C100259,CARD209729,2025-01-22,1702.54,1702.54,Late,8
PAY409974,C104272,CARD202175,2025-04-03,12097.31,12097.31,On Time,0
PAY409975,C109843,CARD205785,2026-04-21,5363.18,5363.18,On Time,0
PAY409976,C103467,CARD204453,2025-08-19,4586.86,4586.86,On Time,0
PAY409977,C101377,CARD204746,2026-02-25,17787.3,17787.3,Late,25
PAY409978,C107232,CARD211179,2026-03-20,16296.81,16296.81,On Time,0
PAY409979,C109405,CARD200001,2026-02-05,4499.2,4499.2,On Time,0
PAY409980,C107367,CARD205607,2025-09-14,3877.42,3877.42,On Time,0
PAY409981,C108721,CARD203960,2026-07-07,1771.0,1771.0,On Time,0
PAY409982,C106407,CARD200064,2026-03-28,2942.99,2942.99,Late,11
PAY409983,C101592,CARD202232,2026-08-19,2645.83,2645.83,On Time,0
PAY409984,C106563,CARD210659,2026-02-05,3944.44,3944.44,On Time,0
PAY409985,C108264,CARD210985,2025-07-15,9192.34,9192.34,On Time,0
PAY409986,C103155,CARD202815,2025-01-03,11287.7,11287.7,On Time,0
PAY409987,C108347,CARD210910,2025-12-05,6799.62,1456.53,Partial,13
PAY409988,C102788,CARD203467,2026-08-03,4478.9,2539.26,Partial,39
PAY409989,C102216,CARD211805,2025-10-03,8278.38,8278.38,On Time,0
PAY409990,C102093,CARD211709,2026-03-25,11357.09,2778.65,Partial,27
PAY409991,C104662,CARD201995,2025-07-08,5581.99,5581.99,On Time,0
PAY409992,C100299,CARD203461,2026-01-09,9331.26,9331.26,On Time,0
PAY409993,C109345,CARD206495,2025-06-09,1366.42,1366.42,On Time,0
PAY409994,C102683,CARD205199,2025-06-28,12605.86,12605.86,On Time,0
PAY409995,C106825,CARD202469,2026-07-28,10896.75,10896.75,On Time,0
PAY409996,C108862,CARD207979,2025-08-15,12488.95,12488.95,On Time,0
PAY409997,C105475,CARD211643,2025-10-19,3853.42,3853.42,On Time,0
PAY409998,C102919,CARD204790,2026-01-08,6835.86,6835.86,On Time,0
PAY409999,C108534,CARD208928,2026-02-02,4172.78,4172.78,On Time,0
PAY410000,C105486,CARD211472,2025-03-29,3327.73,3327.73,On Time,0
PAY410001,C100826,CARD208119,2025-04-02,8886.79,8886.79,On Time,0
PAY410002,C107677,CARD200818,2026-06-17,2871.38,2871.38,On Time,0
PAY410003,C103878,CARD206839,2025-06-29,8155.39,8155.39,On Time,0
PAY410004,C108083,CARD208224,2025-12-20,3862.89,1038.75,Partial,38
PAY410005,C109614,CARD211712,2025-02-27,4361.44,4361.44,Late,20
PAY410006,C107374,CARD202724,2025-09-19,6027.69,6027.69,On Time,0
PAY410007,C104408,CARD200398,2025-12-16,5508.16,5508.16,On Time,0
PAY410008,C106300,CARD209050,2025-05-07,14134.87,8336.27,Partial,11
PAY410009,C109671,CARD202704,2025-03-09,9355.31,9355.31,On Time,0
PAY410010,C103149,CARD211514,2026-03-24,8708.46,8708.46,On Time,0
PAY410011,C106198,CARD208604,2025-08-20,2730.96,2081.61,Partial,6
PAY410012,C105009,CARD207743,2025-08-01,5932.53,5932.53,On Time,0
PAY410013,C106464,CARD208624,2026-06-02,5750.87,5750.87,On Time,0
PAY410014,C104337,CARD211615,2025-12-01,7012.17,7012.17,On Time,0
PAY410015,C107892,CARD211620,2025-07-31,17082.86,17082.86,On Time,0
PAY410016,C102792,CARD206745,2025-11-14,2187.21,2187.21,Late,10
PAY410017,C109590,CARD208417,2025-11-13,9275.91,9275.91,On Time,0
PAY410018,C106345,CARD202074,2025-07-16,9524.58,9524.58,On Time,0
PAY410019,C106232,CARD211518,2025-01-14,2457.31,2457.31,Late,20
PAY410020,C109576,CARD205181,2026-04-02,9840.64,9840.64,On Time,0
PAY410021,C107525,CARD202245,2025-06-14,3945.17,3945.17,On Time,0
PAY410022,C103733,CARD203439,2026-02-16,8269.56,8269.56,On Time,0
PAY410023,C106970,CARD203900,2025-04-17,4611.48,3491.99,Partial,45
PAY410024,C108248,CARD201925,2026-04-29,3098.28,3098.28,Late,29
PAY410025,C105604,CARD210640,2026-01-30,6973.88,761.65,Missed,90
PAY410026,C104256,CARD204268,2025-02-27,4150.65,4150.65,On Time,0
PAY410027,C103255,CARD206871,2025-09-16,4209.54,4209.54,Late,29
PAY410028,C102005,CARD208949,2026-06-06,6301.13,6301.13,On Time,0
PAY410029,C104193,CARD201734,2026-05-23,2519.0,2519.0,On Time,0
PAY410030,C103419,CARD201510,2026-02-17,8265.14,8265.14,On Time,0
PAY410031,C103949,CARD208135,2025-01-26,3411.65,1834.14,Partial,10
PAY410032,C109526,CARD204806,2026-03-02,5217.72,5217.72,On Time,0
PAY410033,C104188,CARD209157,2025-01-05,7385.91,7385.91,On Time,0
PAY410034,C100456,CARD202968,2025-08-07,3657.03,3657.03,Late,28
PAY410035,C105760,CARD209456,2025-02-16,4532.41,4532.41,On Time,0
PAY410036,C101242,CARD208476,2025-10-22,3754.5,3754.5,Late,1
PAY410037,C108049,CARD211660,2025-10-06,11362.35,11362.35,On Time,0
PAY410038,C108936,CARD203712,2025-12-30,5806.05,5806.05,Late,23
PAY410039,C102621,CARD211431,2025-12-12,4574.73,4574.73,On Time,0
PAY410040,C101358,CARD209773,2025-12-11,9465.99,9465.99,On Time,0
PAY410041,C103993,CARD206403,2025-01-02,12684.12,12684.12,On Time,0
PAY410042,C103046,CARD206351,2026-05-03,8531.18,8531.18,On Time,0
PAY410043,C101397,CARD203184,2025-07-27,4552.02,4552.02,On Time,0
PAY410044,C107171,CARD207252,2025-12-19,2239.12,2239.12,On Time,0
PAY410045,C103183,CARD211393,2026-05-21,10383.85,10383.85,On Time,0
PAY410046,C100679,CARD203513,2026-07-28,13524.74,13524.74,On Time,0
PAY410047,C105975,CARD202453,2025-06-01,2008.26,2008.26,On Time,0
PAY410048,C107391,CARD206904,2026-02-16,3966.6,3966.6,On Time,0
PAY410049,C106570,CARD208486,2025-03-05,7375.65,7375.65,Late,23
PAY410050,C106053,CARD207210,2025-07-19,8410.48,8410.48,On Time,0
PAY410051,C104789,CARD204663,2026-05-13,3399.32,3399.32,On Time,0
PAY410052,C100392,CARD209797,2025-07-05,9311.66,9311.66,On Time,0
PAY410053,C108577,CARD210214,2026-01-04,6205.66,6205.66,On Time,0
PAY410054,C109764,CARD207202,2026-03-03,14480.53,7744.11,Partial,28
PAY410055,C104828,CARD200694,2025-05-31,8465.72,8465.72,On Time,0
PAY410056,C108235,CARD210717,2025-05-27,14461.57,14461.57,On Time,0
PAY410057,C103545,CARD202416,2025-12-09,12054.6,12054.6,On Time,0
PAY410058,C109261,CARD204079,2025-10-26,5573.45,5573.45,On Time,0
PAY410059,C106596,CARD208255,2025-09-08,2234.45,586.01,Partial,32
PAY410060,C101670,CARD210764,2025-12-28,7718.12,7718.12,On Time,0
PAY410061,C109737,CARD211068,2025-12-11,11852.77,11852.77,On Time,0
PAY410062,C100806,CARD207568,2025-06-25,18476.63,18476.63,On Time,0
PAY410063,C109817,CARD203958,2026-07-09,3533.38,3533.38,On Time,0
PAY410064,C100505,CARD210157,2025-02-23,9335.45,1007.29,Missed,35
PAY410065,C107146,CARD209211,2025-09-29,6100.41,6100.41,On Time,0
PAY410066,C104749,CARD208819,2026-08-04,6122.42,6122.42,On Time,0
PAY410067,C106591,CARD205428,2025-12-23,9903.13,9903.13,On Time,0
PAY410068,C108239,CARD204023,2025-12-16,12656.73,12656.73,On Time,0
PAY410069,C109889,CARD209727,2026-01-28,3267.58,3267.58,On Time,0
PAY410070,C103546,CARD201905,2026-07-30,3944.89,182.55,Missed,61
PAY410071,C107097,CARD202661,2025-12-22,3994.98,273.32,Missed,112
PAY410072,C104368,CARD206484,2026-07-05,2114.94,2114.94,On Time,0
PAY410073,C101536,CARD203681,2026-05-16,3307.59,3307.59,Late,13
PAY410074,C104928,CARD202237,2025-10-31,6358.2,6358.2,On Time,0
PAY410075,C103236,CARD202335,2026-02-16,9281.08,230.18,Missed,92
PAY410076,C104437,CARD201030,2025-11-11,7411.91,7411.91,On Time,0
PAY410077,C105766,CARD211287,2025-04-25,12454.32,12454.32,On Time,0
PAY410078,C101703,CARD201801,2026-06-11,1671.34,1671.34,On Time,0
PAY410079,C104383,CARD204134,2025-08-05,6503.98,6503.98,On Time,0
PAY410080,C107581,CARD206005,2026-03-21,1869.07,1869.07,On Time,0
PAY410081,C107937,CARD209565,2025-05-10,3860.16,3860.16,On Time,0
PAY410082,C107490,CARD210919,2026-01-30,4427.0,4427.0,On Time,0
PAY410083,C103306,CARD209320,2026-04-01,5174.53,3250.45,Partial,29
PAY410084,C106158,CARD205299,2025-06-05,4121.05,4121.05,On Time,0
PAY410085,C106380,CARD200015,2026-08-01,1460.8,1460.8,On Time,0
PAY410086,C102022,CARD202005,2025-06-01,4022.89,4022.89,Late,10
PAY410087,C102036,CARD209043,2025-04-08,5635.49,5635.49,On Time,0
PAY410088,C106446,CARD201732,2026-02-19,2271.45,2271.45,On Time,0
PAY410089,C103182,CARD205642,2025-02-14,4055.65,4055.65,On Time,0
PAY410090,C107531,CARD205716,2026-04-05,7558.76,7558.76,On Time,0
PAY410091,C104320,CARD202043,2025-07-03,4025.01,4025.01,On Time,0
PAY410092,C108882,CARD209313,2026-08-04,19255.56,19255.56,Late,9
PAY410093,C107506,CARD210739,2025-03-21,4591.75,1733.06,Partial,23
PAY410094,C107419,CARD206284,2026-06-04,2002.1,2002.1,On Time,0
PAY410095,C101805,CARD209701,2025-05-30,3688.53,3688.53,On Time,0
PAY410096,C105180,CARD204958,2026-02-24,3625.52,3625.52,On Time,0
PAY410097,C100468,CARD208502,2025-04-08,17241.11,17241.11,On Time,0
PAY410098,C104938,CARD208314,2026-05-21,9725.7,1241.21,Missed,78
PAY410099,C108287,CARD204014,2026-05-31,2689.94,684.34,Partial,55
PAY410100,C101621,CARD206672,2026-05-17,4588.31,4588.31,On Time,0
PAY410101,C105636,CARD209672,2026-01-08,7276.38,7276.38,Late,7
PAY410102,C102366,CARD205580,2025-06-01,16172.43,16172.43,On Time,0
PAY410103,C103103,CARD204146,2025-02-25,5333.92,5333.92,On Time,0
PAY410104,C101006,CARD208667,2025-08-14,5541.43,5541.43,On Time,0
PAY410105,C100976,CARD206364,2026-06-05,9351.25,9351.25,On Time,0
PAY410106,C106191,CARD205203,2026-03-08,5947.91,5947.91,On Time,0
PAY410107,C109058,CARD207871,2025-12-17,2920.57,2920.57,Late,11
PAY410108,C103512,CARD210059,2026-06-02,6157.41,6157.41,On Time,0
PAY410109,C107379,CARD200332,2025-09-14,9563.16,9563.16,On Time,0
PAY410110,C101290,CARD203487,2026-03-04,3094.58,3094.58,Late,30
PAY410111,C106482,CARD209682,2025-05-11,1260.41,1260.41,On Time,0
PAY410112,C105617,CARD204171,2026-05-24,5275.9,5275.9,On Time,0
PAY410113,C101603,CARD209329,2025-07-28,12836.49,12836.49,On Time,0
PAY410114,C100654,CARD210168,2025-11-13,2845.27,2845.27,On Time,0
PAY410115,C101210,CARD207795,2026-06-05,1861.85,1861.85,On Time,0
PAY410116,C106102,CARD208225,2025-05-19,6548.95,273.15,Missed,81
PAY410117,C100526,CARD207457,2025-09-12,6144.61,6144.61,On Time,0
PAY410118,C107843,CARD201807,2025-07-30,2544.43,2544.43,On Time,0
PAY410119,C103999,CARD209461,2025-05-21,2228.49,2228.49,On Time,0
PAY410120,C107404,CARD200326,2026-05-14,10721.61,10721.61,On Time,0
PAY410121,C100645,CARD207820,2025-05-21,18188.63,1159.62,Missed,50
PAY410122,C109427,CARD200603,2025-06-20,4534.28,4534.28,On Time,0
PAY410123,C107759,CARD204394,2025-07-04,7480.89,7480.89,On Time,0
PAY410124,C105128,CARD211343,2026-06-05,4177.91,4177.91,On Time,0
PAY410125,C107131,CARD200538,2026-06-12,8781.3,8781.3,On Time,0
PAY410126,C101164,CARD200590,2025-03-10,5997.05,5997.05,On Time,0
PAY410127,C105046,CARD203531,2025-06-27,2018.34,2018.34,On Time,0
PAY410128,C100632,CARD209641,2025-12-06,4714.64,4714.64,On Time,0
PAY410129,C106368,CARD210177,2026-05-14,6871.06,6871.06,On Time,0
PAY410130,C108324,CARD202072,2025-11-03,13769.52,13769.52,On Time,0
PAY410131,C103573,CARD202343,2026-02-21,3282.91,3282.91,On Time,0
PAY410132,C101208,CARD207769,2025-09-02,6340.58,6340.58,On Time,0
PAY410133,C101242,CARD208476,2026-07-19,2650.19,2650.19,Late,8
PAY410134,C104058,CARD201628,2025-10-20,1000.0,1000.0,Late,15
PAY410135,C100263,CARD207956,2026-01-04,6452.64,6452.64,On Time,0
PAY410136,C104333,CARD206359,2026-03-25,4069.29,4069.29,Late,1
PAY410137,C100269,CARD201766,2026-07-17,9662.4,6793.66,Partial,59
PAY410138,C102704,CARD201656,2025-08-19,10828.22,10828.22,On Time,0
PAY410139,C103181,CARD202847,2026-07-23,5436.69,5436.69,On Time,0
PAY410140,C105890,CARD200532,2026-02-18,4136.59,4136.59,On Time,0
PAY410141,C104837,CARD203460,2025-05-18,8767.19,8767.19,On Time,0
PAY410142,C109869,CARD209216,2025-06-13,5857.96,5857.96,On Time,0
PAY410143,C103559,CARD210652,2026-08-25,6194.36,6194.36,On Time,0
PAY410144,C103928,CARD208945,2025-03-04,15057.85,15057.85,On Time,0
PAY410145,C102965,CARD201751,2026-07-14,8567.98,8567.98,On Time,0
PAY410146,C109364,CARD206959,2026-05-25,10149.99,10149.99,On Time,0
PAY410147,C102371,CARD210152,2025-01-18,7580.17,260.53,Missed,76
PAY410148,C104222,CARD203164,2025-10-13,10164.61,10164.61,On Time,0
PAY410149,C104317,CARD200521,2026-08-10,17490.41,17490.41,On Time,0
PAY410150,C108697,CARD206711,2026-01-06,12704.97,4650.23,Partial,25
PAY410151,C109016,CARD209200,2025-09-25,9491.24,9491.24,On Time,0
PAY410152,C108936,CARD203712,2026-02-12,4885.96,4885.96,On Time,0
PAY410153,C106614,CARD201704,2026-08-04,7598.48,7598.48,On Time,0
PAY410154,C101020,CARD206976,2026-03-14,11029.87,11029.87,On Time,0
PAY410155,C108692,CARD205543,2026-02-08,26162.08,26162.08,Late,6
PAY410156,C106867,CARD206773,2025-11-01,1298.7,1298.7,On Time,0
PAY410157,C105003,CARD201403,2026-08-29,11999.2,1083.64,Missed,106
PAY410158,C108332,CARD206872,2026-07-24,17849.35,17849.35,On Time,0
PAY410159,C109789,CARD204441,2025-09-23,6064.66,2717.09,Partial,12
PAY410160,C107511,CARD205864,2026-05-17,20124.55,20124.55,On Time,0
PAY410161,C100338,CARD204347,2025-03-19,18277.94,18277.94,On Time,0
PAY410162,C104693,CARD209890,2026-07-05,5802.72,1814.15,Partial,32
PAY410163,C102261,CARD208441,2026-04-06,5314.75,5314.75,On Time,0
PAY410164,C108838,CARD206676,2025-12-06,3379.53,3379.53,On Time,0
PAY410165,C105450,CARD203457,2025-12-28,11801.16,11801.16,On Time,0
PAY410166,C104114,CARD201813,2026-01-08,1983.79,1983.79,On Time,0
PAY410167,C108039,CARD202356,2025-04-29,6199.53,6199.53,On Time,0
PAY410168,C104545,CARD209848,2025-02-16,9106.46,9106.46,Late,17
PAY410169,C101808,CARD209138,2026-02-15,2342.3,2342.3,On Time,0
PAY410170,C104861,CARD209379,2025-06-14,5430.25,5430.25,On Time,0
PAY410171,C108653,CARD200884,2025-12-28,16099.84,16099.84,Late,26
PAY410172,C108859,CARD200227,2025-08-23,4078.12,4078.12,On Time,0
PAY410173,C106224,CARD205097,2025-05-05,4444.98,4444.98,On Time,0
PAY410174,C103666,CARD208275,2025-03-19,10483.0,8476.51,Partial,8
PAY410175,C104623,CARD208009,2025-02-24,11359.63,11359.63,On Time,0
PAY410176,C107571,CARD211170,2025-04-03,1693.84,1693.84,Late,24
PAY410177,C104902,CARD209979,2026-02-12,6965.5,6965.5,On Time,0
PAY410178,C101302,CARD205571,2026-01-18,5644.8,2782.85,Partial,32
PAY410179,C108227,CARD204493,2026-02-17,9076.74,9076.74,On Time,0
PAY410180,C104528,CARD204075,2026-02-19,18265.09,18265.09,On Time,0
PAY410181,C104573,CARD201326,2025-04-25,4191.45,1636.6,Partial,37
PAY410182,C101443,CARD205659,2025-09-06,21629.66,21629.66,On Time,0
PAY410183,C100726,CARD203020,2025-08-05,3372.38,3372.38,On Time,0
PAY410184,C108082,CARD205121,2025-09-19,3340.0,3340.0,On Time,0
PAY410185,C103815,CARD207730,2025-11-04,5960.41,5960.41,On Time,0
PAY410186,C100554,CARD201046,2025-05-25,2227.77,2227.77,On Time,0
PAY410187,C106290,CARD206435,2026-07-09,6690.61,6690.61,On Time,0
PAY410188,C107878,CARD205294,2025-07-27,3348.69,3348.69,On Time,0
PAY410189,C103938,CARD210672,2026-02-23,8311.4,8311.4,Late,29
PAY410190,C109859,CARD203373,2026-03-20,1995.16,1995.16,On Time,0
PAY410191,C104191,CARD201332,2025-05-10,5669.81,5669.81,On Time,0
PAY410192,C103720,CARD201943,2025-11-28,3399.22,3399.22,On Time,0
PAY410193,C102218,CARD209865,2025-07-05,8583.13,8583.13,On Time,0
PAY410194,C103382,CARD206141,2026-02-21,6784.83,6784.83,On Time,0
PAY410195,C104159,CARD203937,2025-10-25,1337.38,1337.38,On Time,0
PAY410196,C104372,CARD209981,2025-05-30,2394.96,2394.96,Late,2
PAY410197,C105988,CARD202039,2026-03-27,8570.11,8570.11,On Time,0
PAY410198,C106977,CARD209407,2026-07-24,10806.17,10806.17,Late,14
PAY410199,C100228,CARD210482,2025-10-28,6640.5,496.63,Missed,90
PAY410200,C101579,CARD203598,2025-12-22,15235.06,15235.06,Late,20
PAY410201,C102118,CARD207401,2026-02-06,3521.36,3521.36,On Time,0
PAY410202,C101082,CARD208392,2025-08-27,5166.65,5166.65,Late,24
PAY410203,C106085,CARD203345,2026-01-21,3745.56,3745.56,On Time,0
PAY410204,C106109,CARD200796,2026-03-28,4844.64,4844.64,On Time,0
PAY410205,C106031,CARD201114,2026-04-09,7474.11,7474.11,Late,21
PAY410206,C106443,CARD205296,2025-12-13,7607.63,7607.63,On Time,0
PAY410207,C102279,CARD201677,2025-05-28,9006.46,9006.46,On Time,0
PAY410208,C101281,CARD202951,2026-02-23,4885.06,282.68,Missed,48
PAY410209,C105543,CARD207123,2026-01-14,2024.2,2024.2,On Time,0
PAY410210,C109889,CARD209727,2026-03-05,9604.94,9604.94,On Time,0
PAY410211,C107944,CARD210189,2025-08-26,11291.45,11291.45,On Time,0
PAY410212,C102375,CARD211075,2026-08-01,3660.16,1320.39,Partial,52
PAY410213,C105596,CARD204745,2025-03-13,4001.12,18.0,Missed,31
PAY410214,C102474,CARD200369,2025-08-16,7209.43,7209.43,On Time,0
PAY410215,C101465,CARD204224,2025-11-05,5194.99,1270.45,Partial,2
PAY410216,C106930,CARD208294,2025-08-24,7894.34,7894.34,Late,4
PAY410217,C100455,CARD211383,2026-06-04,8086.95,8086.95,On Time,0
PAY410218,C107517,CARD210986,2025-01-21,4591.44,4591.44,On Time,0
PAY410219,C107038,CARD202389,2025-08-10,14043.68,14043.68,On Time,0
PAY410220,C104919,CARD210200,2025-07-09,1060.96,1060.96,On Time,0
PAY410221,C103541,CARD208280,2025-01-14,3476.21,3476.21,Late,20
PAY410222,C100659,CARD202934,2025-07-14,7736.9,7736.9,On Time,0
PAY410223,C102959,CARD201322,2026-03-23,5625.21,5625.21,On Time,0
PAY410224,C103886,CARD209539,2025-03-28,3456.73,3456.73,On Time,0
PAY410225,C100025,CARD211432,2026-06-23,14833.48,14833.48,Late,13
PAY410226,C108711,CARD207501,2026-07-25,1338.47,1338.47,On Time,0
PAY410227,C104685,CARD200498,2026-03-15,45108.59,45108.59,On Time,0
PAY410228,C106257,CARD204210,2025-02-04,5263.57,5263.57,On Time,0
PAY410229,C102463,CARD203346,2026-03-05,3851.63,3851.63,Late,5
PAY410230,C107438,CARD210400,2026-06-16,21992.04,21992.04,On Time,0
PAY410231,C102178,CARD210229,2026-06-02,8578.47,8578.47,Late,8
PAY410232,C108089,CARD206052,2025-09-15,7462.92,7462.92,On Time,0
PAY410233,C101262,CARD210500,2025-12-18,3132.57,3132.57,On Time,0
PAY410234,C101602,CARD209660,2025-06-03,2114.83,2114.83,Late,11
PAY410235,C100911,CARD200810,2025-05-12,12256.62,12256.62,On Time,0
PAY410236,C106347,CARD204001,2026-06-20,18661.95,18661.95,On Time,0
PAY410237,C101742,CARD203528,2026-08-03,3597.58,3597.58,Late,5
PAY410238,C109324,CARD207939,2026-05-01,9576.7,7497.81,Partial,2
PAY410239,C104421,CARD206542,2026-07-21,6061.72,3704.14,Partial,60
PAY410240,C105796,CARD201027,2026-04-21,3522.79,3522.79,On Time,0
PAY410241,C106358,CARD210789,2025-06-19,23781.53,23781.53,On Time,0
PAY410242,C106672,CARD201809,2025-10-29,7392.25,7392.25,On Time,0
PAY410243,C104422,CARD206001,2025-06-26,3212.93,3212.93,On Time,0
PAY410244,C102417,CARD202473,2025-10-24,10145.01,10145.01,On Time,0
PAY410245,C101267,CARD205418,2026-05-23,3567.39,3567.39,On Time,0
PAY410246,C102795,CARD205048,2026-04-11,13015.62,13015.62,On Time,0
PAY410247,C108199,CARD211872,2025-02-09,11943.4,11943.4,On Time,0
PAY410248,C106090,CARD205928,2026-03-05,5117.89,219.24,Missed,38
PAY410249,C108271,CARD205066,2026-04-04,10256.22,10256.22,On Time,0
PAY410250,C102211,CARD207738,2026-07-16,6824.69,6824.69,Late,12
PAY410251,C108354,CARD208955,2025-12-09,25364.88,25364.88,On Time,0
PAY410252,C104341,CARD210231,2025-03-09,4283.89,4283.89,On Time,0
PAY410253,C105749,CARD209784,2025-12-13,3380.88,3380.88,On Time,0
PAY410254,C104460,CARD209359,2026-07-31,9660.95,9660.95,On Time,0
PAY410255,C103377,CARD203758,2026-08-25,3544.49,3544.49,Late,11
PAY410256,C103122,CARD202755,2025-09-26,14965.36,14965.36,On Time,0
PAY410257,C106321,CARD208136,2025-02-11,12113.2,12113.2,On Time,0
PAY410258,C101719,CARD202905,2026-03-07,6094.98,6094.98,On Time,0
PAY410259,C102306,CARD205007,2025-10-06,6109.26,6109.26,On Time,0
PAY410260,C100365,CARD206595,2025-12-23,1000.0,1000.0,On Time,0
PAY410261,C108291,CARD209593,2025-06-21,4275.75,4275.75,On Time,0
PAY410262,C108177,CARD208659,2025-07-22,3525.65,3525.65,Late,30
PAY410263,C109280,CARD209815,2025-06-20,11170.77,11170.77,On Time,0
PAY410264,C105363,CARD203458,2025-03-08,4309.14,4309.14,On Time,0
PAY410265,C105109,CARD202822,2026-04-20,7378.72,232.13,Missed,90
PAY410266,C106420,CARD206940,2026-04-25,3747.63,3747.63,On Time,0
PAY410267,C101907,CARD209128,2026-03-16,8605.57,8605.57,On Time,0
PAY410268,C101184,CARD206085,2025-08-22,4012.44,4012.44,On Time,0
PAY410269,C100494,CARD207552,2025-09-25,7694.79,7694.79,On Time,0
PAY410270,C101949,CARD211844,2026-05-25,20970.89,20970.89,On Time,0
PAY410271,C100515,CARD205166,2025-10-11,15506.58,15506.58,On Time,0
PAY410272,C107885,CARD204721,2026-03-05,2566.65,2566.65,On Time,0
PAY410273,C103414,CARD203807,2025-08-29,8527.0,8527.0,On Time,0
PAY410274,C109255,CARD200441,2025-03-22,5079.41,5079.41,On Time,0
PAY410275,C102845,CARD201875,2025-11-29,1179.07,982.32,Partial,2
PAY410276,C108892,CARD204061,2026-02-03,2212.47,2212.47,On Time,0
PAY410277,C104097,CARD210115,2025-03-08,5318.42,5318.42,On Time,0
PAY410278,C107502,CARD201016,2025-10-09,2420.52,2420.52,On Time,0
PAY410279,C103269,CARD203524,2025-10-15,10433.59,10433.59,On Time,0
PAY410280,C108240,CARD203916,2025-09-03,8711.79,8711.79,On Time,0
PAY410281,C101214,CARD204858,2026-05-08,2820.8,2820.8,Late,6
PAY410282,C109781,CARD211127,2025-10-16,5506.08,5506.08,Late,12
PAY410283,C100205,CARD200816,2025-01-02,3862.94,3862.94,On Time,0
PAY410284,C107969,CARD200731,2025-10-25,13738.03,13738.03,Late,30
PAY410285,C107465,CARD200621,2026-07-11,4814.83,4814.83,On Time,0
PAY410286,C104929,CARD203755,2025-01-29,4046.6,4046.6,On Time,0
PAY410287,C101722,CARD202180,2026-08-28,21056.84,21056.84,On Time,0
PAY410288,C106347,CARD204001,2026-06-28,3972.14,3972.14,On Time,0
PAY410289,C101195,CARD207659,2025-08-23,7700.11,7700.11,On Time,0
PAY410290,C104024,CARD201852,2025-01-15,3290.1,314.2,Missed,33
PAY410291,C101010,CARD210281,2026-08-15,9445.55,9445.55,On Time,0
PAY410292,C108529,CARD208454,2025-07-29,5847.88,5847.88,On Time,0
PAY410293,C109049,CARD208309,2026-06-20,2964.9,2964.9,On Time,0
PAY410294,C101142,CARD202999,2026-04-17,17642.11,17642.11,On Time,0
PAY410295,C101942,CARD202108,2025-02-19,4110.97,4110.97,On Time,0
PAY410296,C100845,CARD205329,2025-06-16,3541.19,2906.9,Partial,52
PAY410297,C108375,CARD203172,2026-03-04,5723.46,168.03,Missed,78
PAY410298,C107369,CARD201695,2026-05-31,7432.88,7432.88,On Time,0
PAY410299,C100043,CARD202103,2026-03-02,4120.79,4120.79,On Time,0
PAY410300,C107094,CARD200505,2025-03-14,9727.9,5675.72,Partial,25
PAY410301,C107292,CARD209884,2025-03-17,11213.65,11213.65,On Time,0
PAY410302,C109734,CARD200288,2025-07-11,14350.3,14350.3,On Time,0
PAY410303,C102483,CARD210911,2026-01-28,2162.0,2162.0,Late,30
PAY410304,C105964,CARD202624,2025-04-30,11219.21,11219.21,On Time,0
PAY410305,C102986,CARD201135,2026-02-12,8280.92,8280.92,On Time,0
PAY410306,C107011,CARD206023,2025-10-14,5348.3,2948.78,Partial,55
PAY410307,C103627,CARD208315,2025-09-07,1662.64,1662.64,On Time,0
PAY410308,C106149,CARD207356,2026-07-19,16494.27,16494.27,On Time,0
PAY410309,C108082,CARD205121,2025-02-20,4919.24,4919.24,On Time,0
PAY410310,C103581,CARD207645,2025-08-31,1485.27,1485.27,Late,10
PAY410311,C104325,CARD210202,2025-11-03,5400.64,5400.64,On Time,0
PAY410312,C106903,CARD210006,2025-03-09,4109.01,4109.01,On Time,0
PAY410313,C104623,CARD208009,2026-03-08,19621.23,19621.23,On Time,0
PAY410314,C108428,CARD201404,2025-01-10,20771.92,20771.92,On Time,0
PAY410315,C108194,CARD211408,2025-08-07,8921.42,8921.42,On Time,0
PAY410316,C103207,CARD210458,2025-10-19,1343.33,1343.33,On Time,0
PAY410317,C107980,CARD211032,2026-06-13,5232.63,5232.63,On Time,0
PAY410318,C109536,CARD201618,2025-01-24,8986.05,8986.05,On Time,0
PAY410319,C105206,CARD201228,2025-11-24,6770.84,6770.84,On Time,0
PAY410320,C101294,CARD211500,2025-06-09,3096.6,53.83,Missed,54
PAY410321,C103443,CARD202524,2025-09-12,2343.31,2343.31,On Time,0
PAY410322,C105047,CARD204705,2025-07-18,1174.22,1174.22,Late,10
PAY410323,C100552,CARD200132,2026-03-14,3442.62,286.57,Missed,78
PAY410324,C101355,CARD209396,2026-05-10,13899.85,13899.85,Late,2
PAY410325,C105170,CARD206749,2025-05-12,4440.1,4440.1,On Time,0
PAY410326,C109006,CARD203266,2025-08-06,4119.81,4119.81,On Time,0
PAY410327,C102470,CARD210711,2026-06-10,2627.74,2627.74,Late,16
PAY410328,C103956,CARD202545,2025-02-13,13794.71,13794.71,Late,29
PAY410329,C104217,CARD203968,2025-08-11,5546.05,5546.05,On Time,0
PAY410330,C106775,CARD211338,2025-12-17,4044.37,4044.37,On Time,0
PAY410331,C106207,CARD203389,2026-07-30,4605.86,4605.86,On Time,0
PAY410332,C109943,CARD205980,2025-06-24,7195.03,7195.03,On Time,0
PAY410333,C100377,CARD209910,2026-02-22,3910.59,3910.59,On Time,0
PAY410334,C105460,CARD204666,2026-08-28,22346.75,22346.75,On Time,0
PAY410335,C101818,CARD206374,2025-05-27,7934.95,7934.95,On Time,0
PAY410336,C103023,CARD211218,2025-04-07,8568.13,8568.13,On Time,0
PAY410337,C104351,CARD208946,2025-03-15,7624.34,7624.34,On Time,0
PAY410338,C101257,CARD211173,2026-01-12,8301.64,8301.64,On Time,0
PAY410339,C103691,CARD205031,2026-04-28,10198.51,1112.56,Missed,78
PAY410340,C105725,CARD210190,2025-12-25,6994.13,211.79,Missed,52
PAY410341,C108948,CARD210377,2025-07-14,6305.02,6305.02,On Time,0
PAY410342,C109405,CARD200001,2025-04-04,2747.15,2747.15,On Time,0
PAY410343,C108924,CARD205527,2025-02-02,2222.12,2222.12,On Time,0
PAY410344,C103065,CARD208972,2025-02-28,3830.44,3830.44,On Time,0
PAY410345,C100801,CARD211693,2026-06-16,1912.28,530.97,Partial,48
PAY410346,C106250,CARD210956,2026-03-13,1295.59,1295.59,On Time,0
PAY410347,C103395,CARD203743,2025-07-02,9000.52,9000.52,On Time,0
PAY410348,C109134,CARD206641,2026-02-01,5539.82,5539.82,On Time,0
PAY410349,C103986,CARD208381,2026-02-03,26796.91,26796.91,On Time,0
PAY410350,C107807,CARD208878,2026-06-10,5462.2,5462.2,On Time,0
PAY410351,C105449,CARD206032,2025-05-08,4747.43,4747.43,On Time,0
PAY410352,C105483,CARD203396,2025-02-01,16895.75,12036.95,Partial,21
PAY410353,C108455,CARD211305,2025-05-06,24795.53,24795.53,On Time,0
PAY410354,C109490,CARD203784,2025-05-17,4234.69,1129.85,Partial,26
PAY410355,C109556,CARD201185,2026-04-29,13361.9,10602.39,Partial,40
PAY410356,C108385,CARD211776,2026-02-18,4455.96,4455.96,On Time,0
PAY410357,C108982,CARD203263,2025-05-08,9188.62,9188.62,On Time,0
PAY410358,C104725,CARD211995,2025-05-08,4838.71,4838.71,On Time,0
PAY410359,C101772,CARD208584,2025-04-11,2851.68,2851.68,On Time,0
PAY410360,C106230,CARD205532,2025-03-22,17658.53,17658.53,On Time,0
PAY410361,C102461,CARD208713,2026-05-09,4119.66,4119.66,On Time,0
PAY410362,C105045,CARD202439,2026-07-10,3412.79,3412.79,On Time,0
PAY410363,C101277,CARD204896,2025-12-28,7535.21,7535.21,On Time,0
PAY410364,C104506,CARD200430,2025-11-21,5040.08,5040.08,On Time,0
PAY410365,C109263,CARD211378,2025-11-17,1987.15,1987.15,On Time,0
PAY410366,C100862,CARD208913,2025-07-02,7631.96,7631.96,On Time,0
PAY410367,C104105,CARD203533,2025-04-27,3287.71,3287.71,On Time,0
PAY410368,C104816,CARD204620,2026-03-19,4769.15,4769.15,On Time,0
PAY410369,C107362,CARD210194,2025-05-11,21335.94,21335.94,On Time,0
PAY410370,C103283,CARD205725,2025-07-15,2740.0,2740.0,On Time,0
PAY410371,C108788,CARD211965,2025-03-08,7271.77,1820.77,Partial,9
PAY410372,C100158,CARD209647,2025-11-29,5195.79,5195.79,On Time,0
PAY410373,C107554,CARD210709,2026-08-25,4575.29,4575.29,On Time,0
PAY410374,C103247,CARD201137,2025-10-06,4266.61,4266.61,On Time,0
PAY410375,C103345,CARD211706,2026-07-10,43718.94,43718.94,On Time,0
PAY410376,C100877,CARD207026,2026-02-25,11142.98,11142.98,On Time,0
PAY410377,C105741,CARD206590,2026-04-14,2055.49,2055.49,On Time,0
PAY410378,C108489,CARD207847,2025-09-03,7465.87,7465.87,Late,12
PAY410379,C106811,CARD201308,2026-01-20,3015.52,3015.52,On Time,0
PAY410380,C101975,CARD209770,2026-02-28,6873.47,6873.47,On Time,0
PAY410381,C106251,CARD202441,2025-11-22,10322.83,10322.83,On Time,0
PAY410382,C103530,CARD202156,2026-02-06,6335.44,6335.44,On Time,0
PAY410383,C108078,CARD202286,2026-04-06,27572.48,12706.37,Partial,14
PAY410384,C106429,CARD204729,2025-07-02,8762.4,8762.4,On Time,0
PAY410385,C100071,CARD210357,2025-04-16,2353.17,2353.17,Late,11
PAY410386,C104869,CARD201497,2026-05-17,2945.86,2945.86,On Time,0
PAY410387,C100550,CARD204730,2026-02-10,5035.04,5035.04,On Time,0
PAY410388,C105236,CARD206404,2025-02-27,4999.64,4999.64,On Time,0
PAY410389,C102992,CARD207381,2026-08-15,16723.21,16723.21,On Time,0
PAY410390,C103209,CARD205104,2026-08-15,11254.14,11254.14,On Time,0
PAY410391,C103585,CARD200372,2025-10-29,3148.9,3148.9,Late,26
PAY410392,C101087,CARD210360,2026-08-29,7299.37,2485.43,Partial,39
PAY410393,C107369,CARD201695,2025-01-26,5695.18,5695.18,Late,6
PAY410394,C107062,CARD209802,2026-04-15,3689.9,3689.9,Late,26
PAY410395,C105884,CARD206467,2025-07-18,4528.67,4528.67,On Time,0
PAY410396,C104440,CARD207182,2026-03-02,3852.56,3852.56,On Time,0
PAY410397,C107789,CARD201494,2025-10-26,5475.59,5475.59,Late,6
PAY410398,C101045,CARD206087,2025-06-29,4853.13,4853.13,On Time,0
PAY410399,C104264,CARD204467,2025-07-07,7251.36,7251.36,On Time,0
PAY410400,C101398,CARD202520,2025-04-30,6755.46,157.65,Missed,118
PAY410401,C103654,CARD201932,2025-03-03,6767.18,2619.56,Partial,49
PAY410402,C104566,CARD207214,2026-04-28,6116.7,6116.7,On Time,0
PAY410403,C109545,CARD210434,2025-05-17,6114.75,6114.75,On Time,0
PAY410404,C100530,CARD200223,2025-05-06,7423.89,4466.26,Partial,37
PAY410405,C108052,CARD208219,2025-11-09,4526.44,4526.44,On Time,0
PAY410406,C106327,CARD209598,2025-03-28,2501.39,2501.39,On Time,0
PAY410407,C100504,CARD206417,2026-01-14,1738.3,1738.3,On Time,0
PAY410408,C100883,CARD207639,2026-05-16,11314.69,11314.69,On Time,0
PAY410409,C107767,CARD205866,2026-06-11,13118.56,13118.56,On Time,0
PAY410410,C109898,CARD208689,2025-08-03,3298.39,3298.39,Late,2
PAY410411,C108401,CARD207378,2025-09-08,3300.25,3300.25,On Time,0
PAY410412,C108121,CARD210646,2025-08-16,6339.17,6339.17,On Time,0
PAY410413,C102025,CARD203135,2026-02-07,18414.44,18414.44,On Time,0
PAY410414,C107703,CARD210654,2025-09-10,9631.97,9631.97,On Time,0
PAY410415,C100587,CARD207056,2025-06-06,5642.06,5642.06,On Time,0
PAY410416,C100144,CARD205985,2025-12-25,6268.47,6268.47,On Time,0
PAY410417,C100366,CARD202953,2026-08-26,5676.23,5676.23,On Time,0
PAY410418,C104522,CARD207790,2025-06-27,6071.89,6071.89,Late,7
PAY410419,C100962,CARD210622,2026-04-26,5038.45,1193.55,Partial,21
PAY410420,C100008,CARD200569,2026-01-29,5499.16,5499.16,On Time,0
PAY410421,C104773,CARD201769,2026-04-14,8145.9,6479.56,Partial,40
PAY410422,C103832,CARD211493,2026-01-12,2475.11,2475.11,On Time,0
PAY410423,C102680,CARD203553,2025-01-17,5968.83,5968.83,On Time,0
PAY410424,C100785,CARD206890,2026-02-06,5361.48,5361.48,On Time,0
PAY410425,C106548,CARD207608,2025-03-14,15966.66,15966.66,On Time,0
PAY410426,C103741,CARD203828,2025-07-01,2929.15,2929.15,On Time,0
PAY410427,C100479,CARD207082,2025-08-20,20508.59,20508.59,On Time,0
PAY410428,C101598,CARD203920,2025-06-23,5646.14,5646.14,On Time,0
PAY410429,C107765,CARD204507,2026-04-14,3887.09,3887.09,On Time,0
PAY410430,C105846,CARD210030,2026-03-12,2011.66,1325.6,Partial,25
PAY410431,C100108,CARD211079,2025-06-27,6692.03,6692.03,On Time,0
PAY410432,C106481,CARD202244,2025-01-17,2749.99,2749.99,On Time,0
PAY410433,C104950,CARD200665,2025-07-11,2295.39,2295.39,On Time,0
PAY410434,C109908,CARD202742,2025-09-18,13691.13,13691.13,On Time,0
PAY410435,C102208,CARD209308,2026-02-06,10237.92,10237.92,On Time,0
PAY410436,C107756,CARD204345,2026-03-15,14166.74,14166.74,On Time,0
PAY410437,C104787,CARD209953,2025-07-14,2337.7,2337.7,On Time,0
PAY410438,C102703,CARD206986,2025-08-27,6672.3,6672.3,On Time,0
PAY410439,C106794,CARD202879,2026-07-07,10865.01,10865.01,On Time,0
PAY410440,C102768,CARD211347,2025-06-04,4524.31,4524.31,On Time,0
PAY410441,C103174,CARD202183,2025-03-28,3546.73,3546.73,On Time,0
PAY410442,C104804,CARD202944,2026-05-15,7065.66,7065.66,On Time,0
PAY410443,C102627,CARD207741,2026-04-30,6483.48,4085.0,Partial,42
PAY410444,C107350,CARD210082,2026-04-06,6153.72,6153.72,Late,2
PAY410445,C104604,CARD206987,2025-10-21,5249.43,5249.43,On Time,0
PAY410446,C109094,CARD202317,2025-10-02,12003.87,3316.43,Partial,19
PAY410447,C100160,CARD206060,2025-04-13,8442.56,460.71,Missed,80
PAY410448,C109599,CARD210227,2025-07-15,9534.86,9534.86,On Time,0
PAY410449,C106537,CARD207484,2026-02-05,22115.0,22115.0,On Time,0
PAY410450,C109182,CARD205034,2026-06-19,30282.83,30282.83,On Time,0
PAY410451,C102661,CARD207161,2025-09-05,15593.65,15593.65,On Time,0
PAY410452,C106421,CARD207601,2026-06-20,8918.45,8918.45,On Time,0
PAY410453,C104524,CARD205814,2025-01-08,6964.0,6964.0,On Time,0
PAY410454,C102946,CARD209173,2026-08-05,9159.43,7118.13,Partial,58
PAY410455,C104451,CARD203093,2025-10-08,1867.76,1867.76,On Time,0
PAY410456,C105579,CARD203475,2025-08-20,16310.03,16310.03,On Time,0
PAY410457,C106288,CARD204319,2026-04-29,6639.96,6639.96,On Time,0
PAY410458,C103542,CARD210121,2026-05-11,7250.51,7250.51,On Time,0
PAY410459,C107969,CARD200731,2025-05-14,4065.26,4065.26,On Time,0
PAY410460,C106178,CARD206294,2025-03-09,3545.56,3545.56,On Time,0
PAY410461,C109893,CARD211346,2025-04-30,11080.88,11080.88,On Time,0
PAY410462,C108917,CARD208581,2025-12-03,4786.05,4786.05,Late,16
PAY410463,C102522,CARD209992,2025-01-06,14409.36,14409.36,On Time,0
PAY410464,C108792,CARD211463,2026-03-19,2957.31,787.19,Partial,26
PAY410465,C104124,CARD204871,2025-09-01,3118.79,3118.79,On Time,0
PAY410466,C101375,CARD210983,2025-11-24,3236.44,3236.44,On Time,0
PAY410467,C101571,CARD204605,2025-06-26,2380.18,2380.18,On Time,0
PAY410468,C109266,CARD206939,2025-07-10,12124.4,12124.4,On Time,0
PAY410469,C102830,CARD209009,2025-03-27,5554.47,5554.47,On Time,0
PAY410470,C109471,CARD204676,2025-11-28,4033.82,4033.82,On Time,0
PAY410471,C105784,CARD203094,2026-04-26,12516.86,12516.86,On Time,0
PAY410472,C104586,CARD209645,2025-08-24,2299.52,2299.52,On Time,0
PAY410473,C101903,CARD206316,2026-04-08,10001.99,10001.99,On Time,0
PAY410474,C107361,CARD209764,2026-08-06,4765.36,4765.36,On Time,0
PAY410475,C109850,CARD202907,2025-03-25,7357.68,7357.68,On Time,0
PAY410476,C105681,CARD207041,2026-05-19,7907.35,7907.35,Late,22
PAY410477,C105582,CARD210977,2026-06-27,12133.62,12133.62,On Time,0
PAY410478,C103236,CARD202335,2026-07-05,9103.92,9103.92,Late,4
PAY410479,C109805,CARD204022,2025-01-28,9720.47,9720.47,On Time,0
PAY410480,C102413,CARD211813,2025-08-22,9701.59,351.69,Missed,56
PAY410481,C109087,CARD207033,2025-10-06,3018.5,3018.5,Late,4
PAY410482,C107218,CARD209170,2026-03-20,2855.78,2855.78,On Time,0
PAY410483,C102975,CARD210167,2026-01-14,1811.58,1811.58,Late,21
PAY410484,C106025,CARD200628,2026-04-09,3195.76,3195.76,On Time,0
PAY410485,C102053,CARD209677,2026-05-08,7506.34,7506.34,Late,1
PAY410486,C104751,CARD204375,2025-06-08,2776.99,2776.99,On Time,0
PAY410487,C104306,CARD207020,2025-03-20,14882.5,14882.5,On Time,0
PAY410488,C109325,CARD202530,2026-07-11,2388.32,2388.32,On Time,0
PAY410489,C107389,CARD209234,2025-08-09,9712.04,9712.04,On Time,0
PAY410490,C108773,CARD200048,2025-07-26,5037.15,5037.15,On Time,0
PAY410491,C103058,CARD201578,2025-10-15,5146.68,5146.68,On Time,0
PAY410492,C109695,CARD208507,2025-04-20,3207.6,3207.6,Late,10
PAY410493,C106492,CARD203259,2026-07-05,21897.11,21897.11,On Time,0
PAY410494,C103073,CARD207311,2026-04-03,2310.96,2310.96,On Time,0
PAY410495,C109132,CARD200465,2026-01-27,7729.7,7729.7,On Time,0
PAY410496,C100708,CARD206955,2025-01-21,2962.58,2962.58,On Time,0
PAY410497,C107260,CARD209451,2026-07-17,7455.52,486.04,Missed,116
PAY410498,C102100,CARD203332,2025-04-12,4706.06,4706.06,On Time,0
PAY410499,C108600,CARD204462,2026-06-16,9231.9,9231.9,Late,25
PAY410500,C101876,CARD206544,2025-06-26,8721.74,8721.74,On Time,0
PAY410501,C105988,CARD202039,2025-04-29,6525.18,703.53,Missed,95
PAY410502,C107566,CARD205777,2025-10-31,9801.92,9801.92,Late,18
PAY410503,C106608,CARD201053,2025-09-30,1898.7,1898.7,On Time,0
PAY410504,C102859,CARD205002,2026-06-20,3354.03,3354.03,On Time,0
PAY410505,C100021,CARD203015,2025-08-17,2824.9,2824.9,On Time,0
PAY410506,C109009,CARD209776,2026-06-07,2200.75,2200.75,On Time,0
PAY410507,C107530,CARD208594,2026-02-09,8299.06,8299.06,On Time,0
PAY410508,C103001,CARD202662,2025-06-08,10814.76,10814.76,On Time,0
PAY410509,C106244,CARD202708,2025-09-04,11464.16,11464.16,On Time,0
PAY410510,C107877,CARD201136,2026-05-24,4555.26,4555.26,On Time,0
PAY410511,C105331,CARD202161,2025-09-07,13068.58,13068.58,Late,11
PAY410512,C103174,CARD202183,2025-04-06,9067.99,9067.99,Late,7
PAY410513,C103113,CARD201735,2025-10-26,12402.71,12402.71,On Time,0
PAY410514,C108304,CARD203783,2025-05-30,5296.09,5296.09,On Time,0
PAY410515,C100844,CARD201327,2025-07-05,3263.5,3263.5,On Time,0
PAY410516,C102569,CARD207891,2025-11-17,7114.48,7114.48,On Time,0
PAY410517,C106173,CARD211350,2026-04-08,5658.44,5658.44,On Time,0
PAY410518,C106396,CARD202605,2025-11-13,5678.79,5678.79,On Time,0
PAY410519,C102084,CARD206657,2026-07-05,12149.47,172.69,Missed,70
PAY410520,C103755,CARD202797,2025-12-25,4409.8,4409.8,On Time,0
PAY410521,C103020,CARD200202,2025-03-21,24447.59,18984.39,Partial,9
PAY410522,C102891,CARD202381,2025-09-07,5560.45,4331.42,Partial,8
PAY410523,C103031,CARD211105,2025-01-25,11305.32,11305.32,On Time,0
PAY410524,C108900,CARD211701,2026-07-24,2950.69,932.26,Partial,2
PAY410525,C109728,CARD210692,2025-08-06,2778.05,2778.05,On Time,0
PAY410526,C100465,CARD205253,2025-05-24,3250.82,2215.01,Partial,32
PAY410527,C101312,CARD209709,2025-04-22,2799.61,2799.61,On Time,0
PAY410528,C106867,CARD206773,2025-11-09,2725.37,2725.37,On Time,0
PAY410529,C102416,CARD211827,2025-03-12,12179.87,12179.87,On Time,0
PAY410530,C105639,CARD202178,2026-08-19,15877.73,15877.73,On Time,0
PAY410531,C107798,CARD201447,2026-07-20,11536.6,11536.6,On Time,0
PAY410532,C107653,CARD208117,2025-08-12,6295.64,6295.64,On Time,0
PAY410533,C108346,CARD204312,2025-01-24,12327.39,12327.39,Late,13
PAY410534,C106274,CARD211513,2026-08-30,5308.98,5308.98,On Time,0
PAY410535,C108356,CARD210930,2025-06-06,4467.24,4467.24,On Time,0
PAY410536,C102245,CARD211889,2026-05-24,1919.03,1919.03,On Time,0
PAY410537,C100240,CARD209135,2025-03-18,2374.36,2374.36,On Time,0
PAY410538,C104289,CARD201642,2026-04-16,5590.69,5590.69,Late,27
PAY410539,C101404,CARD204640,2025-04-23,6514.53,6514.53,On Time,0
PAY410540,C106125,CARD201391,2026-05-19,12195.67,12195.67,On Time,0
PAY410541,C102457,CARD200170,2026-06-22,9556.74,9556.74,On Time,0
PAY410542,C100116,CARD202373,2026-06-14,10708.2,10708.2,On Time,0
PAY410543,C109231,CARD201213,2025-11-27,5958.47,5958.47,On Time,0
PAY410544,C101072,CARD211565,2025-12-28,5889.09,5889.09,On Time,0
PAY410545,C105270,CARD208825,2026-05-01,3935.23,2773.32,Partial,56
PAY410546,C100409,CARD210582,2025-07-03,7743.61,7743.61,On Time,0
PAY410547,C102921,CARD201954,2026-08-07,2941.13,1512.15,Partial,29
PAY410548,C102384,CARD202694,2026-05-28,10527.82,141.88,Missed,36
PAY410549,C109298,CARD209895,2026-07-29,2782.9,2782.9,On Time,0
PAY410550,C106260,CARD205768,2025-12-11,7432.15,7432.15,On Time,0
PAY410551,C102190,CARD211255,2025-10-08,4278.32,4278.32,On Time,0
PAY410552,C104616,CARD204476,2025-03-05,7370.19,7370.19,On Time,0
PAY410553,C104059,CARD205844,2026-07-22,5844.46,5844.46,On Time,0
PAY410554,C104142,CARD210888,2026-02-16,3455.67,1603.73,Partial,1
PAY410555,C100383,CARD211577,2026-01-13,1465.81,1105.97,Partial,15
PAY410556,C109317,CARD205838,2025-04-03,4073.34,4073.34,On Time,0
PAY410557,C105468,CARD207589,2026-06-22,6599.28,6599.28,On Time,0
PAY410558,C101885,CARD202238,2025-03-11,4305.29,4305.29,On Time,0
PAY410559,C101855,CARD211583,2026-04-07,10268.09,10268.09,On Time,0
PAY410560,C101408,CARD203380,2025-05-08,3777.12,3777.12,Late,24
PAY410561,C103944,CARD207753,2025-08-26,5064.57,5064.57,On Time,0
PAY410562,C106701,CARD208600,2026-07-14,5503.75,368.82,Missed,86
PAY410563,C102052,CARD209844,2026-01-22,4562.27,4562.27,Late,30
PAY410564,C105532,CARD202523,2025-03-28,7211.12,7211.12,On Time,0
PAY410565,C102192,CARD211112,2025-05-27,5058.96,5058.96,On Time,0
PAY410566,C105890,CARD210857,2025-06-09,2026.07,2026.07,On Time,0
PAY410567,C105919,CARD201797,2026-01-25,7620.2,7620.2,On Time,0
PAY410568,C100432,CARD210067,2025-08-27,3818.71,3818.71,Late,28
PAY410569,C109230,CARD210393,2026-02-10,5410.3,5410.3,On Time,0
PAY410570,C105166,CARD209061,2025-04-13,2269.25,766.52,Partial,39
PAY410571,C105108,CARD209277,2025-04-02,3633.9,3633.9,On Time,0
PAY410572,C109031,CARD203238,2026-06-06,16896.1,16896.1,On Time,0
PAY410573,C105811,CARD208227,2026-03-17,4941.63,4941.63,On Time,0
PAY410574,C107646,CARD203923,2025-08-08,10804.28,10804.28,On Time,0
PAY410575,C107556,CARD208683,2026-08-05,5715.41,5715.41,Late,17
PAY410576,C101249,CARD210578,2025-02-03,5616.2,5616.2,On Time,0
PAY410577,C109784,CARD205959,2026-06-03,4331.36,4331.36,On Time,0
PAY410578,C101584,CARD201142,2026-02-06,13122.56,13122.56,On Time,0
PAY410579,C106367,CARD201899,2025-05-24,2484.7,2484.7,On Time,0
PAY410580,C105852,CARD206298,2026-05-21,20564.55,20564.55,On Time,0
PAY410581,C100977,CARD207876,2026-06-16,16385.15,16385.15,On Time,0
PAY410582,C106616,CARD209497,2026-03-03,25184.31,25184.31,On Time,0
PAY410583,C109845,CARD202687,2026-07-06,2469.86,2469.86,On Time,0
PAY410584,C108867,CARD208394,2026-05-14,3266.03,3266.03,On Time,0
PAY410585,C101736,CARD209528,2025-06-08,5856.14,5856.14,On Time,0
PAY410586,C105350,CARD203358,2026-03-04,6684.14,6684.14,On Time,0
PAY410587,C101855,CARD211583,2025-08-10,3107.5,3107.5,On Time,0
PAY410588,C101219,CARD205449,2025-12-01,3066.32,3066.32,On Time,0
PAY410589,C100868,CARD205399,2026-08-26,3989.74,3989.74,On Time,0
PAY410590,C105633,CARD210495,2025-01-24,4953.51,4953.51,On Time,0
PAY410591,C107728,CARD200926,2025-03-23,2973.46,2973.46,On Time,0
PAY410592,C101411,CARD201527,2025-01-06,6376.22,6376.22,On Time,0
PAY410593,C109200,CARD210973,2025-12-02,5293.75,5293.75,On Time,0
PAY410594,C107576,CARD201878,2026-05-09,7314.78,7314.78,On Time,0
PAY410595,C101084,CARD208861,2025-10-05,4404.72,4404.72,On Time,0
PAY410596,C105880,CARD206017,2026-04-28,7733.74,7733.74,On Time,0
PAY410597,C108631,CARD200348,2025-04-26,4664.98,302.13,Missed,112
PAY410598,C101839,CARD202255,2026-04-04,21336.35,2551.12,Missed,101
PAY410599,C109015,CARD210338,2026-01-03,9261.58,9261.58,On Time,0
PAY410600,C107358,CARD205961,2025-04-08,18133.14,18133.14,On Time,0
PAY410601,C104374,CARD205834,2026-07-26,10176.22,10176.22,On Time,0
PAY410602,C105856,CARD206780,2025-05-01,7181.71,7181.71,On Time,0
PAY410603,C106673,CARD202456,2025-04-04,8632.55,8632.55,On Time,0
PAY410604,C104710,CARD206234,2025-11-12,10480.43,10480.43,On Time,0
PAY410605,C107496,CARD201026,2026-05-17,11626.69,11626.69,On Time,0
PAY410606,C108050,CARD205315,2025-05-06,4028.01,4028.01,On Time,0
PAY410607,C105887,CARD200294,2026-07-26,15741.9,15741.9,On Time,0
PAY410608,C108622,CARD206081,2026-08-09,8561.71,2167.78,Partial,9
PAY410609,C109423,CARD203177,2025-10-20,4095.62,4095.62,On Time,0
PAY410610,C103670,CARD208617,2026-08-19,10752.97,10752.97,On Time,0
PAY410611,C102827,CARD204843,2026-08-07,9244.71,9244.71,On Time,0
PAY410612,C106885,CARD202700,2026-07-31,2434.51,815.88,Partial,46
PAY410613,C100193,CARD208981,2026-04-28,6130.08,6130.08,On Time,0
PAY410614,C103882,CARD208483,2026-01-13,7560.24,1056.2,Missed,101
PAY410615,C104100,CARD203481,2026-06-12,14525.62,14525.62,On Time,0
PAY410616,C105400,CARD211339,2026-07-30,14237.3,14237.3,On Time,0
PAY410617,C107221,CARD209042,2026-01-24,13110.97,13110.97,On Time,0
PAY410618,C103548,CARD202670,2025-12-25,3994.55,3994.55,On Time,0
PAY410619,C105318,CARD203154,2025-10-19,16379.31,9298.72,Partial,45
PAY410620,C108941,CARD211125,2025-12-19,30126.21,30126.21,On Time,0
PAY410621,C102685,CARD206084,2026-06-03,2923.09,2923.09,On Time,0
PAY410622,C105552,CARD211770,2025-04-06,16137.74,16137.74,Late,15
PAY410623,C107782,CARD204786,2026-08-14,14756.31,14756.31,On Time,0
PAY410624,C108701,CARD208469,2026-04-27,2319.75,2319.75,Late,27
PAY410625,C106266,CARD209521,2025-11-14,5949.61,5949.61,On Time,0
PAY410626,C108659,CARD205795,2025-09-06,2591.08,2591.08,On Time,0
PAY410627,C103100,CARD200314,2026-01-28,2063.84,2063.84,Late,21
PAY410628,C102786,CARD201299,2026-08-07,4944.07,4944.07,On Time,0
PAY410629,C109909,CARD207420,2026-01-03,6599.27,6599.27,On Time,0
PAY410630,C102356,CARD207471,2026-04-20,8476.55,8476.55,On Time,0
PAY410631,C103028,CARD209707,2026-02-05,7293.02,7293.02,On Time,0
PAY410632,C104647,CARD202873,2026-07-03,3461.45,3461.45,On Time,0
PAY410633,C101671,CARD201720,2026-04-25,8602.13,8602.13,On Time,0
PAY410634,C106869,CARD203626,2025-06-09,28924.24,28924.24,On Time,0
PAY410635,C108244,CARD211085,2026-07-20,9820.01,7188.04,Partial,16
PAY410636,C108876,CARD203207,2025-12-22,5027.48,5027.48,Late,22
PAY410637,C109482,CARD203388,2026-01-22,9676.49,9676.49,On Time,0
PAY410638,C101292,CARD200617,2025-04-26,12674.07,12674.07,Late,3
PAY410639,C106952,CARD205982,2025-09-12,9607.75,9607.75,On Time,0
PAY410640,C104373,CARD202692,2025-09-08,3745.78,3745.78,On Time,0
PAY410641,C100082,CARD200852,2025-09-23,7869.54,7869.54,On Time,0
PAY410642,C104115,CARD200208,2026-05-09,12469.07,12469.07,On Time,0
PAY410643,C106205,CARD210875,2026-07-06,6338.1,6338.1,On Time,0
PAY410644,C104010,CARD209911,2025-11-17,15247.77,15247.77,On Time,0
PAY410645,C101216,CARD200402,2026-03-06,9119.86,9119.86,On Time,0
PAY410646,C102097,CARD209615,2026-02-14,5859.17,5859.17,On Time,0
PAY410647,C103473,CARD202629,2025-01-31,5441.64,5441.64,On Time,0
PAY410648,C105569,CARD200058,2025-07-09,6530.36,6530.36,On Time,0
PAY410649,C103384,CARD205793,2026-03-26,7332.83,7332.83,On Time,0
PAY410650,C103053,CARD210481,2026-02-23,3897.71,3897.71,On Time,0
PAY410651,C104614,CARD207328,2026-08-13,24066.83,24066.83,On Time,0
PAY410652,C102916,CARD207771,2026-03-31,6050.3,6050.3,On Time,0
PAY410653,C101377,CARD204746,2025-05-26,4094.16,4094.16,On Time,0
PAY410654,C105203,CARD209697,2026-05-21,6928.42,821.17,Missed,75
PAY410655,C107979,CARD202771,2025-04-05,5786.44,5786.44,On Time,0
PAY410656,C101229,CARD210885,2025-02-27,7382.5,7382.5,On Time,0
PAY410657,C104989,CARD204760,2026-08-26,3137.93,3137.93,Late,26
PAY410658,C102324,CARD205471,2026-06-24,2224.88,2224.88,On Time,0
PAY410659,C104065,CARD207181,2026-03-24,10725.28,3499.02,Partial,34
PAY410660,C101143,CARD203979,2025-02-08,4851.39,4851.39,Late,27
PAY410661,C104179,CARD211737,2025-04-07,34354.61,34354.61,On Time,0
PAY410662,C105741,CARD206590,2026-08-18,4576.78,4576.78,On Time,0
PAY410663,C103184,CARD202091,2025-04-23,2096.36,1725.28,Partial,60
PAY410664,C106857,CARD204649,2026-03-02,6758.99,6758.99,On Time,0
PAY410665,C105534,CARD202746,2025-01-11,3882.97,3882.97,Late,1
PAY410666,C108777,CARD205603,2026-05-19,3997.96,1592.41,Partial,56
PAY410667,C109480,CARD206661,2025-03-12,3366.02,3366.02,On Time,0
PAY410668,C109840,CARD209944,2026-05-15,9734.17,9734.17,Late,17
PAY410669,C100299,CARD203461,2026-05-14,10908.65,10908.65,On Time,0
PAY410670,C105166,CARD209061,2025-05-03,6848.15,6848.15,Late,27
PAY410671,C109159,CARD209167,2025-09-10,7763.2,7763.2,On Time,0
PAY410672,C102393,CARD210505,2025-06-21,14179.12,14179.12,On Time,0
PAY410673,C107837,CARD209096,2025-06-22,18568.78,18568.78,On Time,0
PAY410674,C101141,CARD200143,2025-08-25,3772.13,3772.13,Late,28
PAY410675,C109151,CARD208341,2025-09-01,3639.78,3639.78,On Time,0
PAY410676,C100496,CARD208582,2025-11-06,5108.7,5108.7,On Time,0
PAY410677,C103042,CARD206832,2026-08-15,8280.29,8280.29,On Time,0
PAY410678,C105777,CARD206958,2026-05-31,3254.97,3254.97,On Time,0
PAY410679,C106998,CARD208889,2025-03-06,8261.08,8261.08,On Time,0
PAY410680,C101984,CARD209353,2025-05-11,3972.43,3972.43,Late,3
PAY410681,C107957,CARD206505,2025-05-03,7374.97,7374.97,Late,18
PAY410682,C107273,CARD208869,2025-12-07,4029.74,4029.74,On Time,0
PAY410683,C100738,CARD203194,2025-03-30,2260.9,2260.9,On Time,0
PAY410684,C108616,CARD201331,2026-05-03,1335.65,1335.65,On Time,0
PAY410685,C101740,CARD208226,2025-04-18,11266.11,11266.11,On Time,0
PAY410686,C103438,CARD204996,2025-08-17,12120.5,8873.31,Partial,45
PAY410687,C100485,CARD205884,2025-02-23,2193.72,2193.72,On Time,0
PAY410688,C106381,CARD208010,2025-06-05,5205.11,5205.11,On Time,0
PAY410689,C104445,CARD203334,2026-04-08,6661.6,6661.6,On Time,0
PAY410690,C108362,CARD203091,2025-04-14,7891.58,7891.58,On Time,0
PAY410691,C104422,CARD206001,2025-06-20,12631.52,12631.52,On Time,0
PAY410692,C107107,CARD211925,2025-01-29,3614.48,3614.48,On Time,0
PAY410693,C109086,CARD202850,2025-08-10,7554.12,7554.12,On Time,0
PAY410694,C103847,CARD208332,2025-10-03,9328.43,9328.43,On Time,0
PAY410695,C108072,CARD211453,2025-08-21,5766.51,5766.51,On Time,0
PAY410696,C105308,CARD207272,2025-08-11,4328.1,2097.41,Partial,56
PAY410697,C103584,CARD209326,2025-07-25,2498.2,2498.2,On Time,0
PAY410698,C107902,CARD202071,2026-08-21,10109.87,10109.87,On Time,0
PAY410699,C102930,CARD202174,2025-01-17,2011.74,2011.74,Late,23
PAY410700,C108477,CARD200443,2026-07-07,2801.46,2801.46,On Time,0
PAY410701,C109958,CARD202950,2026-03-17,6731.21,6731.21,Late,16
PAY410702,C103716,CARD200856,2025-10-19,14487.98,14487.98,On Time,0
PAY410703,C102113,CARD211673,2026-08-30,10494.52,10494.52,On Time,0
PAY410704,C109715,CARD201292,2026-03-21,15755.97,15755.97,On Time,0
PAY410705,C105005,CARD211912,2025-02-27,8029.71,8029.71,Late,21
PAY410706,C103020,CARD200202,2025-03-22,2933.05,2933.05,On Time,0
PAY410707,C101458,CARD205056,2025-10-21,2772.16,2772.16,On Time,0
PAY410708,C109819,CARD201371,2025-04-03,2193.59,2193.59,On Time,0
PAY410709,C103930,CARD211184,2025-11-04,8585.28,8585.28,On Time,0
PAY410710,C108047,CARD207857,2025-07-01,5382.35,5382.35,On Time,0
PAY410711,C102884,CARD211765,2025-12-12,3345.82,3345.82,On Time,0
PAY410712,C103529,CARD201731,2025-02-11,1091.78,1091.78,On Time,0
PAY410713,C100958,CARD208540,2025-10-18,10351.47,10351.47,On Time,0
PAY410714,C101883,CARD200431,2025-11-15,2334.31,2334.31,Late,28
PAY410715,C108663,CARD200882,2025-03-09,8150.8,8150.8,On Time,0
PAY410716,C100927,CARD205257,2025-04-17,5247.13,5247.13,On Time,0
PAY410717,C108767,CARD207417,2025-11-18,5623.56,5623.56,On Time,0
PAY410718,C104926,CARD205696,2025-03-17,3067.3,3067.3,On Time,0
PAY410719,C102415,CARD210112,2026-06-02,2611.78,334.14,Missed,64
PAY410720,C105766,CARD211282,2025-12-27,5765.39,5765.39,On Time,0
PAY410721,C101142,CARD202999,2025-07-31,5238.73,5238.73,On Time,0
PAY410722,C109594,CARD209908,2025-02-09,6207.75,6207.75,Late,29
PAY410723,C105022,CARD201927,2025-09-17,4605.34,4605.34,On Time,0
PAY410724,C106036,CARD200682,2026-08-27,6958.3,6958.3,On Time,0
PAY410725,C104390,CARD209726,2026-04-16,7846.42,7846.42,On Time,0
PAY410726,C100899,CARD206015,2025-04-14,6811.27,6811.27,On Time,0
PAY410727,C104079,CARD210191,2025-08-20,6829.26,6829.26,On Time,0
PAY410728,C108538,CARD200594,2026-03-30,3294.35,3294.35,On Time,0
PAY410729,C104390,CARD209726,2025-11-06,7143.05,7143.05,On Time,0
PAY410730,C104730,CARD208222,2026-05-04,16396.34,6281.19,Partial,2
PAY410731,C100776,CARD211171,2025-07-31,16898.95,16898.95,Late,19
PAY410732,C107416,CARD206686,2025-01-05,8279.09,8279.09,On Time,0
PAY410733,C101075,CARD205337,2026-06-18,2351.4,2351.4,On Time,0
PAY410734,C102670,CARD208769,2026-02-16,5287.15,5287.15,On Time,0
PAY410735,C100118,CARD210259,2025-08-21,5810.02,5810.02,On Time,0
PAY410736,C100518,CARD206550,2025-02-08,11376.08,11376.08,On Time,0
PAY410737,C108627,CARD210902,2025-08-21,7592.42,900.86,Missed,50
PAY410738,C108762,CARD205503,2025-10-06,5655.26,5655.26,Late,18
PAY410739,C103025,CARD201890,2025-01-14,10351.56,10351.56,Late,8
PAY410740,C105311,CARD209538,2025-10-16,8437.67,8437.67,On Time,0
PAY410741,C106587,CARD209883,2025-10-10,5412.3,5412.3,Late,15
PAY410742,C100419,CARD210297,2025-02-18,5290.08,5290.08,On Time,0
PAY410743,C109801,CARD207250,2026-08-10,18795.58,18795.58,On Time,0
PAY410744,C109954,CARD208985,2025-07-02,8966.23,8966.23,Late,2
PAY410745,C109270,CARD205313,2025-07-15,5228.99,5228.99,On Time,0
PAY410746,C105727,CARD206753,2025-04-08,7346.83,7346.83,Late,26
PAY410747,C102939,CARD206274,2025-12-21,5027.95,5027.95,On Time,0
PAY410748,C109899,CARD200687,2025-08-29,11932.28,11932.28,On Time,0
PAY410749,C107581,CARD206005,2025-08-18,8259.93,8259.93,On Time,0
PAY410750,C105448,CARD205173,2026-05-27,4504.68,4504.68,Late,3
PAY410751,C108572,CARD210261,2025-06-13,5494.28,5494.28,On Time,0
PAY410752,C109654,CARD210740,2026-05-30,6700.5,6700.5,On Time,0
PAY410753,C101575,CARD208047,2025-01-18,7833.75,7833.75,On Time,0
PAY410754,C105507,CARD207336,2026-04-14,4788.19,4788.19,On Time,0
PAY410755,C101537,CARD208386,2026-08-19,3737.14,3737.14,On Time,0
PAY410756,C104342,CARD200552,2026-08-25,4977.15,4977.15,On Time,0
PAY410757,C108573,CARD210835,2026-03-13,12192.05,12192.05,On Time,0
PAY410758,C107363,CARD200593,2025-07-31,4776.98,4776.98,On Time,0
PAY410759,C102232,CARD202598,2025-12-16,7351.54,7351.54,On Time,0
PAY410760,C108140,CARD208673,2026-01-29,15743.71,15743.71,Late,16
PAY410761,C102530,CARD208104,2026-07-09,10263.07,10263.07,On Time,0
PAY410762,C100654,CARD210168,2025-02-21,2922.27,2367.91,Partial,19
PAY410763,C108553,CARD205882,2025-04-11,1891.63,1891.63,On Time,0
PAY410764,C107325,CARD207676,2026-03-14,5918.26,5918.26,On Time,0
PAY410765,C104537,CARD201870,2026-03-11,5504.26,5504.26,On Time,0
PAY410766,C108490,CARD203174,2026-01-08,8177.69,8177.69,Late,2
PAY410767,C107499,CARD207342,2025-11-02,2418.01,2418.01,On Time,0
PAY410768,C108139,CARD208123,2026-03-25,10107.46,10107.46,On Time,0
PAY410769,C103831,CARD201318,2026-04-20,6011.59,1537.58,Partial,57
PAY410770,C106815,CARD207389,2026-05-23,11203.19,11203.19,On Time,0
PAY410771,C108389,CARD206418,2025-07-18,8126.35,8126.35,Late,1
PAY410772,C105976,CARD206209,2025-03-13,4248.14,4248.14,On Time,0
PAY410773,C106445,CARD210949,2025-03-02,4754.87,4754.87,On Time,0
PAY410774,C108423,CARD209062,2026-07-25,7582.55,7582.55,On Time,0
PAY410775,C107289,CARD200068,2025-03-06,13742.38,13742.38,On Time,0
PAY410776,C101686,CARD207316,2026-05-01,2904.3,2904.3,On Time,0
PAY410777,C102961,CARD201232,2026-02-03,3249.51,3249.51,On Time,0
PAY410778,C109770,CARD211597,2025-08-09,18829.12,18829.12,On Time,0
PAY410779,C106751,CARD206335,2026-03-30,5644.08,5644.08,On Time,0
PAY410780,C106996,CARD202240,2026-01-31,19345.04,19345.04,On Time,0
PAY410781,C102970,CARD200313,2025-02-15,12769.51,12769.51,On Time,0
PAY410782,C100530,CARD200223,2025-02-20,4321.97,4321.97,On Time,0
PAY410783,C106093,CARD207796,2026-05-05,3577.65,3577.65,On Time,0
PAY410784,C100303,CARD201810,2026-01-10,4616.9,4616.9,Late,22
PAY410785,C103652,CARD207385,2026-02-18,12902.03,12902.03,On Time,0
PAY410786,C105289,CARD208168,2025-01-28,11831.98,11831.98,On Time,0
PAY410787,C100621,CARD208646,2025-03-18,9931.62,9931.62,On Time,0
PAY410788,C101087,CARD210360,2026-01-20,6706.41,3937.81,Partial,54
PAY410789,C108331,CARD201110,2026-01-22,3012.69,3012.69,On Time,0
PAY410790,C105967,CARD201286,2025-11-07,10862.81,10862.81,On Time,0
PAY410791,C100177,CARD204041,2025-08-02,5275.61,5275.61,Late,15
PAY410792,C107187,CARD202618,2025-05-05,25939.85,25939.85,On Time,0
PAY410793,C107005,CARD211580,2025-11-07,4489.59,4489.59,On Time,0
PAY410794,C102500,CARD206148,2026-06-28,5448.81,5448.81,Late,21
PAY410795,C106208,CARD204412,2025-07-13,10888.81,10888.81,On Time,0
PAY410796,C106637,CARD207388,2025-03-23,19561.23,19561.23,On Time,0
PAY410797,C101784,CARD211139,2025-04-29,18733.39,18733.39,Late,14
PAY410798,C106024,CARD202398,2026-04-11,22509.46,22509.46,Late,22
PAY410799,C107598,CARD205451,2026-04-19,2627.44,2627.44,On Time,0
PAY410800,C105623,CARD201044,2026-08-13,7371.62,7371.62,On Time,0
PAY410801,C102130,CARD204103,2026-04-08,3065.12,3065.12,On Time,0
PAY410802,C101371,CARD201487,2025-02-25,9478.94,9478.94,Late,16
PAY410803,C103505,CARD211735,2025-11-25,6040.95,6040.95,On Time,0
PAY410804,C105407,CARD206892,2026-03-04,7753.14,7753.14,On Time,0
PAY410805,C101019,CARD207405,2025-02-21,4273.19,4273.19,On Time,0
PAY410806,C105622,CARD207520,2026-01-29,12939.56,12939.56,On Time,0
PAY410807,C104034,CARD207435,2026-08-23,15407.43,15407.43,On Time,0
PAY410808,C109922,CARD201145,2025-11-23,10271.96,10271.96,On Time,0
PAY410809,C103601,CARD210598,2026-04-19,4832.74,4832.74,Late,1
PAY410810,C103190,CARD207605,2026-05-27,7303.11,7303.11,On Time,0
PAY410811,C100961,CARD206283,2026-04-28,3404.26,3404.26,Late,15
PAY410812,C107470,CARD210383,2026-06-25,7043.03,7043.03,On Time,0
PAY410813,C108216,CARD211094,2026-03-25,5576.1,5576.1,On Time,0
PAY410814,C109406,CARD209101,2026-02-20,3236.4,3236.4,On Time,0
PAY410815,C103060,CARD203019,2025-08-23,5070.09,5070.09,On Time,0
PAY410816,C107824,CARD211601,2026-07-11,5169.7,5169.7,On Time,0
PAY410817,C101030,CARD209471,2025-04-17,11555.82,11555.82,Late,29
PAY410818,C108866,CARD210416,2026-08-23,7616.46,7616.46,Late,28
PAY410819,C107184,CARD210296,2026-06-06,6591.9,6591.9,On Time,0
PAY410820,C107161,CARD206113,2025-09-14,5607.73,5607.73,On Time,0
PAY410821,C105284,CARD206507,2026-07-06,2923.44,2923.44,On Time,0
PAY410822,C102833,CARD210606,2026-02-07,1983.85,1394.59,Partial,6
PAY410823,C101920,CARD200060,2026-01-12,4179.9,1811.66,Partial,8
PAY410824,C105157,CARD206421,2025-11-07,5752.11,2585.88,Partial,9
PAY410825,C109537,CARD210991,2026-07-03,11583.69,11583.69,On Time,0
PAY410826,C100390,CARD205077,2025-10-30,8400.27,8400.27,On Time,0
PAY410827,C102385,CARD206617,2025-11-04,6236.29,6236.29,On Time,0
PAY410828,C102087,CARD205152,2026-08-05,5748.28,5748.28,On Time,0
PAY410829,C102049,CARD211126,2025-05-16,22318.97,22318.97,On Time,0
PAY410830,C109962,CARD204931,2025-05-04,5786.93,5786.93,Late,27
PAY410831,C109102,CARD209435,2025-03-31,7975.33,7975.33,On Time,0
PAY410832,C109409,CARD204300,2026-02-03,3274.28,3274.28,On Time,0
PAY410833,C102218,CARD209865,2026-02-10,6367.28,6367.28,On Time,0
PAY410834,C101096,CARD200272,2026-08-30,10847.96,10847.96,On Time,0
PAY410835,C109159,CARD209167,2025-03-29,9791.39,9791.39,On Time,0
PAY410836,C108019,CARD201996,2025-05-22,8867.35,8867.35,On Time,0
PAY410837,C109596,CARD208351,2025-06-09,4365.28,4365.28,On Time,0
PAY410838,C107664,CARD207751,2025-10-25,4048.88,964.44,Partial,36
PAY410839,C101041,CARD200147,2025-07-11,3125.46,3125.46,On Time,0
PAY410840,C109283,CARD201475,2025-12-10,28856.32,28856.32,On Time,0
PAY410841,C108908,CARD207942,2025-03-25,17062.8,14486.17,Partial,5
PAY410842,C103760,CARD206046,2026-06-23,8957.21,8957.21,On Time,0
PAY410843,C102544,CARD210719,2025-11-13,5601.95,5601.95,On Time,0
PAY410844,C107368,CARD203674,2026-04-10,2076.78,539.67,Partial,7
PAY410845,C100225,CARD200229,2025-08-25,4627.71,4627.71,On Time,0
PAY410846,C106846,CARD207402,2025-06-21,2724.32,2724.32,On Time,0
PAY410847,C108348,CARD208738,2026-05-05,7353.15,696.21,Missed,103
PAY410848,C106211,CARD204690,2026-04-15,4094.89,4094.89,On Time,0
PAY410849,C101208,CARD207769,2025-09-19,5788.19,5788.19,On Time,0
PAY410850,C108213,CARD210684,2025-03-03,2512.63,2512.63,On Time,0
PAY410851,C103955,CARD202224,2025-04-28,7962.67,7962.67,Late,19
PAY410852,C108555,CARD202176,2025-08-23,28484.92,28484.92,Late,26
PAY410853,C105721,CARD207258,2025-07-03,12367.91,12367.91,On Time,0
PAY410854,C108933,CARD208479,2026-01-02,3177.89,3177.89,On Time,0
PAY410855,C108621,CARD208376,2025-02-03,4115.89,4115.89,On Time,0
PAY410856,C104038,CARD209397,2025-02-07,3107.14,3107.14,Late,22
PAY410857,C102250,CARD206035,2025-11-14,5829.83,5829.83,Late,9
PAY410858,C101505,CARD209095,2026-05-11,5645.4,5645.4,On Time,0
PAY410859,C103508,CARD204477,2025-11-04,12632.93,12632.93,On Time,0
PAY410860,C107631,CARD207426,2025-08-21,8599.18,2466.87,Partial,22
PAY410861,C105805,CARD211090,2025-04-21,3021.87,3021.87,On Time,0
PAY410862,C108939,CARD201917,2025-07-02,5106.05,5106.05,On Time,0
PAY410863,C104720,CARD208776,2025-12-06,20185.01,20185.01,On Time,0
PAY410864,C107897,CARD210801,2025-02-08,2902.01,2902.01,On Time,0
PAY410865,C105193,CARD207593,2025-04-12,3309.53,3309.53,On Time,0
PAY410866,C106265,CARD208472,2025-04-17,9448.73,9448.73,Late,8
PAY410867,C109064,CARD201354,2025-04-25,3176.01,3176.01,On Time,0
PAY410868,C108619,CARD206859,2025-10-04,20991.72,20991.72,On Time,0
PAY410869,C104232,CARD209174,2026-02-22,2998.05,2998.05,On Time,0
PAY410870,C106692,CARD200693,2026-01-10,5066.18,5066.18,On Time,0
PAY410871,C104792,CARD201627,2026-08-19,7452.91,7452.91,On Time,0
PAY410872,C108872,CARD205167,2026-04-08,7465.87,7465.87,On Time,0
PAY410873,C104945,CARD203924,2026-04-01,5171.71,5171.71,Late,5
PAY410874,C101107,CARD205611,2025-08-03,13926.57,13926.57,On Time,0
PAY410875,C107457,CARD208962,2026-08-01,1581.7,1581.7,On Time,0
PAY410876,C101183,CARD202463,2025-04-26,2043.3,2043.3,On Time,0
PAY410877,C107111,CARD205935,2025-05-08,4706.46,4706.46,On Time,0
PAY410878,C101627,CARD204155,2026-03-11,3716.53,3716.53,On Time,0
PAY410879,C103408,CARD210484,2025-12-24,4209.74,1773.25,Partial,52
PAY410880,C109024,CARD209056,2026-06-04,2608.96,2608.96,Late,18
PAY410881,C104215,CARD204974,2026-03-02,2942.12,2942.12,On Time,0
PAY410882,C100682,CARD200705,2026-06-14,2116.7,2116.7,Late,29
PAY410883,C103308,CARD208793,2026-07-01,4468.9,4468.9,On Time,0
PAY410884,C103588,CARD207882,2025-12-19,8381.31,8381.31,On Time,0
PAY410885,C101270,CARD208737,2025-02-02,4516.36,4516.36,On Time,0
PAY410886,C102719,CARD206888,2025-05-22,5290.15,5290.15,On Time,0
PAY410887,C104708,CARD211797,2025-01-09,3345.14,3345.14,On Time,0
PAY410888,C106926,CARD207414,2025-02-02,3917.92,2185.69,Partial,22
PAY410889,C105612,CARD208183,2025-08-18,5219.97,5219.97,On Time,0
PAY410890,C108955,CARD206027,2026-08-09,9456.16,9456.16,Late,7
PAY410891,C106679,CARD208244,2026-06-12,18955.98,18955.98,On Time,0
PAY410892,C103639,CARD204152,2025-04-23,14555.37,14555.37,Late,27
PAY410893,C103883,CARD202143,2025-07-21,8735.89,8735.89,On Time,0
PAY410894,C109471,CARD205967,2025-10-06,9791.04,2705.01,Partial,20
PAY410895,C105724,CARD211853,2026-04-30,4379.29,4379.29,On Time,0
PAY410896,C103622,CARD206579,2025-03-03,10139.42,10139.42,On Time,0
PAY410897,C103341,CARD211983,2026-08-15,2952.09,2952.09,Late,6
PAY410898,C106308,CARD206143,2025-11-18,11787.9,11787.9,On Time,0
PAY410899,C107999,CARD206394,2026-02-10,12666.34,12666.34,On Time,0
PAY410900,C108259,CARD201891,2025-02-18,1458.25,1458.25,Late,22
PAY410901,C100247,CARD206458,2025-01-14,5226.24,5226.24,On Time,0
PAY410902,C105570,CARD205854,2026-03-05,6771.43,6771.43,On Time,0
PAY410903,C104664,CARD206698,2026-07-10,3221.04,3221.04,On Time,0
PAY410904,C104773,CARD201769,2025-02-04,27683.93,27683.93,Late,21
PAY410905,C107354,CARD211989,2026-04-07,13775.18,13775.18,On Time,0
PAY410906,C107174,CARD201200,2025-02-23,3367.36,3367.36,On Time,0
PAY410907,C109279,CARD202570,2025-10-29,7626.35,7626.35,On Time,0
PAY410908,C101620,CARD200264,2025-10-25,6661.12,6661.12,On Time,0
PAY410909,C106014,CARD207044,2026-05-11,3929.48,3929.48,Late,21
PAY410910,C107165,CARD201294,2025-04-09,13030.4,13030.4,Late,2
PAY410911,C104352,CARD205336,2025-09-19,12827.46,12827.46,On Time,0
PAY410912,C101146,CARD203005,2026-05-08,38652.24,38652.24,On Time,0
PAY410913,C108699,CARD202351,2025-09-03,41044.89,41044.89,On Time,0
PAY410914,C107441,CARD206504,2026-02-25,6679.49,6679.49,Late,28
PAY410915,C101954,CARD209535,2025-08-10,2516.27,2516.27,On Time,0
PAY410916,C100660,CARD200226,2026-01-10,3600.29,3600.29,On Time,0
PAY410917,C108976,CARD204384,2026-06-08,6000.72,6000.72,On Time,0
PAY410918,C105497,CARD201796,2025-05-10,8738.63,3161.0,Partial,7
PAY410919,C104666,CARD209931,2025-06-08,4156.86,4156.86,On Time,0
PAY410920,C103002,CARD201819,2026-05-30,11987.73,11987.73,On Time,0
PAY410921,C100446,CARD202365,2025-10-15,1462.85,1462.85,Late,20
PAY410922,C108287,CARD204014,2025-01-14,14569.13,14569.13,On Time,0
PAY410923,C105088,CARD201861,2025-07-14,3062.6,3062.6,On Time,0
PAY410924,C104624,CARD203877,2026-06-11,4173.52,4173.52,On Time,0
PAY410925,C109039,CARD210533,2025-01-06,6681.56,6681.56,On Time,0
PAY410926,C106381,CARD208010,2025-07-05,8795.24,6154.07,Partial,60
PAY410927,C104440,CARD207182,2026-07-06,2324.07,2324.07,On Time,0
PAY410928,C107954,CARD204848,2026-06-18,5434.92,4287.99,Partial,16
PAY410929,C108659,CARD205795,2026-07-08,3463.24,3463.24,On Time,0
PAY410930,C100387,CARD204382,2025-06-30,8248.16,8248.16,On Time,0
PAY410931,C101216,CARD200402,2026-08-24,12851.34,12851.34,On Time,0
PAY410932,C104452,CARD203596,2025-01-17,1014.62,1014.62,On Time,0
PAY410933,C109698,CARD205283,2025-05-02,1681.65,1681.65,On Time,0
PAY410934,C107372,CARD201590,2026-08-10,5538.21,5538.21,Late,25
PAY410935,C108016,CARD203071,2025-03-01,8699.3,8699.3,On Time,0
PAY410936,C100899,CARD206015,2025-04-14,4693.63,4693.63,On Time,0
PAY410937,C103988,CARD207651,2025-01-09,7830.41,7830.41,On Time,0
PAY410938,C100409,CARD210582,2025-07-18,11364.47,11364.47,On Time,0
PAY410939,C100284,CARD202552,2025-10-19,5110.62,5110.62,On Time,0
PAY410940,C108433,CARD211264,2026-05-13,3261.37,3261.37,On Time,0
PAY410941,C104401,CARD210392,2026-07-16,20011.87,20011.87,Late,13
PAY410942,C105735,CARD205205,2025-07-02,5724.23,5724.23,Late,1
PAY410943,C109187,CARD201962,2025-02-10,2595.91,2595.91,On Time,0
PAY410944,C108336,CARD209392,2026-08-08,6015.36,4331.47,Partial,21
PAY410945,C108071,CARD208829,2026-08-28,1000.0,1000.0,On Time,0
PAY410946,C107027,CARD204069,2026-02-01,4150.73,4150.73,On Time,0
PAY410947,C100601,CARD204046,2026-02-15,4141.97,1194.35,Partial,43
PAY410948,C105238,CARD203660,2025-09-08,3205.13,3205.13,On Time,0
PAY410949,C101629,CARD203774,2025-10-08,9948.48,9948.48,On Time,0
PAY410950,C108556,CARD209005,2025-06-01,2703.08,2703.08,Late,27
PAY410951,C102849,CARD210515,2026-03-06,3704.18,2476.16,Partial,18
PAY410952,C101292,CARD200617,2026-01-29,8671.69,8671.69,On Time,0
PAY410953,C108769,CARD208002,2026-04-11,6479.95,6479.95,On Time,0
PAY410954,C101032,CARD208344,2025-05-13,13310.23,13310.23,On Time,0
PAY410955,C105422,CARD211321,2025-05-01,5815.21,3666.27,Partial,24
PAY410956,C105845,CARD200438,2026-03-01,7445.97,7445.97,On Time,0
PAY410957,C102948,CARD203657,2026-04-22,2728.17,2728.17,On Time,0
PAY410958,C102219,CARD211848,2026-02-13,12622.67,12622.67,Late,27
PAY410959,C108823,CARD211169,2026-07-09,17192.33,17192.33,Late,8
PAY410960,C104218,CARD209606,2025-04-23,4661.28,4661.28,On Time,0
PAY410961,C105779,CARD205360,2025-01-21,6354.29,6354.29,On Time,0
PAY410962,C100814,CARD205950,2025-10-12,6479.84,6479.84,On Time,0
PAY410963,C107553,CARD200571,2026-03-03,2961.24,2961.24,On Time,0
PAY410964,C100429,CARD209912,2025-12-25,19782.7,19782.7,On Time,0
PAY410965,C108597,CARD203428,2026-03-15,14797.37,14797.37,On Time,0
PAY410966,C105076,CARD203952,2026-08-10,3412.75,875.68,Partial,6
PAY410967,C102141,CARD204713,2026-07-03,4132.81,4132.81,On Time,0
PAY410968,C100730,CARD206121,2025-11-28,15767.73,15767.73,On Time,0
PAY410969,C103328,CARD205660,2026-07-03,13665.0,13665.0,On Time,0
PAY410970,C102657,CARD207298,2025-02-17,22846.28,22846.28,On Time,0
PAY410971,C109474,CARD206634,2026-03-21,1759.4,1759.4,On Time,0
PAY410972,C108389,CARD206418,2025-04-15,2810.02,2810.02,On Time,0
PAY410973,C101272,CARD207151,2026-05-10,2797.53,2797.53,Late,19
PAY410974,C101024,CARD200095,2025-02-23,7798.09,7798.09,Late,15
PAY410975,C104112,CARD210940,2025-02-21,1363.42,1363.42,On Time,0
PAY410976,C107925,CARD211596,2025-01-01,1265.69,1265.69,On Time,0
PAY410977,C109905,CARD209574,2026-03-28,1000.0,52.94,Missed,97
PAY410978,C105138,CARD211012,2026-07-21,7520.44,7520.44,On Time,0
PAY410979,C106429,CARD204729,2025-02-01,5055.75,5055.75,On Time,0
PAY410980,C105848,CARD209049,2026-05-05,17010.62,17010.62,On Time,0
PAY410981,C102159,CARD209624,2025-07-21,2893.38,2893.38,On Time,0
PAY410982,C101707,CARD204767,2026-05-25,8253.39,8253.39,On Time,0
PAY410983,C102475,CARD201823,2025-06-23,4782.07,4782.07,Late,1
PAY410984,C106562,CARD202872,2026-07-19,5407.74,5407.74,On Time,0
PAY410985,C107304,CARD209900,2025-10-18,3422.54,3422.54,On Time,0
PAY410986,C104062,CARD207823,2026-02-11,2903.45,2903.45,On Time,0
PAY410987,C101359,CARD207504,2026-02-04,8164.15,8164.15,On Time,0
PAY410988,C109768,CARD202018,2025-05-31,5964.91,5964.91,On Time,0
PAY410989,C101646,CARD209029,2026-03-03,3069.3,208.59,Missed,80
PAY410990,C107112,CARD204561,2025-01-24,7499.6,7499.6,On Time,0
PAY410991,C101497,CARD210027,2025-10-14,4477.34,4477.34,On Time,0
PAY410992,C107690,CARD200528,2025-07-07,16664.75,7012.75,Partial,16
PAY410993,C100678,CARD210555,2025-05-20,8704.44,8704.44,On Time,0
PAY410994,C105706,CARD202729,2025-10-28,6227.67,6227.67,Late,13
PAY410995,C107181,CARD211292,2025-08-12,5575.75,5575.75,On Time,0
PAY410996,C104300,CARD200322,2025-02-11,2707.4,2707.4,On Time,0
PAY410997,C108311,CARD205782,2026-06-20,2327.03,2327.03,On Time,0
PAY410998,C100623,CARD206021,2025-06-01,1974.02,1974.02,Late,11
PAY410999,C107453,CARD207064,2025-03-01,6652.43,6652.43,On Time,0
PAY411000,C105756,CARD204742,2025-08-07,6671.73,6671.73,Late,16
PAY411001,C106794,CARD202879,2025-06-16,21464.42,21464.42,On Time,0
PAY411002,C105339,CARD202344,2026-07-13,10054.95,10054.95,On Time,0
PAY411003,C106775,CARD211338,2025-01-22,9652.51,9652.51,Late,15
PAY411004,C107117,CARD207542,2025-12-08,2985.9,2985.9,On Time,0
PAY411005,C104602,CARD211240,2025-12-04,2051.73,2051.73,On Time,0
PAY411006,C102840,CARD200211,2025-05-07,4053.77,4053.77,On Time,0
PAY411007,C104334,CARD201904,2026-05-08,2044.08,930.62,Partial,6
PAY411008,C100644,CARD202053,2026-06-12,3300.87,3300.87,On Time,0
PAY411009,C104966,CARD210609,2026-08-25,2924.64,2924.64,On Time,0
PAY411010,C106463,CARD211650,2025-06-02,3027.87,3027.87,On Time,0
PAY411011,C103878,CARD203898,2025-10-28,12441.29,12441.29,On Time,0
PAY411012,C108936,CARD203712,2026-08-20,7365.44,7365.44,On Time,0
PAY411013,C108368,CARD211865,2025-06-08,2464.07,2464.07,On Time,0
PAY411014,C106435,CARD208276,2026-03-06,35902.79,35902.79,On Time,0
PAY411015,C105878,CARD206559,2026-03-09,5539.21,5539.21,On Time,0
PAY411016,C100224,CARD204766,2025-05-30,5128.18,5128.18,On Time,0
PAY411017,C108806,CARD208756,2025-03-06,3757.75,3757.75,On Time,0
PAY411018,C108844,CARD206585,2025-10-15,3163.93,3163.93,On Time,0
PAY411019,C106488,CARD205386,2025-02-11,12541.39,12541.39,On Time,0
PAY411020,C105775,CARD205576,2026-02-25,14489.78,14489.78,Late,27
PAY411021,C105881,CARD200857,2026-04-17,5996.69,5996.69,On Time,0
PAY411022,C103553,CARD206426,2025-05-07,2665.12,2665.12,On Time,0
PAY411023,C104002,CARD200728,2025-10-31,3577.61,3577.61,On Time,0
PAY411024,C102862,CARD200657,2025-06-29,7329.3,7329.3,On Time,0
PAY411025,C102237,CARD202447,2025-11-23,5660.11,4586.01,Partial,14
PAY411026,C105221,CARD200393,2026-04-02,13959.5,13959.5,On Time,0
PAY411027,C100597,CARD207407,2026-08-17,8194.29,8194.29,Late,15
PAY411028,C101247,CARD211376,2025-07-31,4965.79,4965.79,On Time,0
PAY411029,C106478,CARD211130,2025-06-02,2448.46,2448.46,On Time,0
PAY411030,C104143,CARD210866,2026-07-11,5749.0,62.69,Missed,41
PAY411031,C104881,CARD205968,2026-05-30,4284.33,4284.33,On Time,0
PAY411032,C101704,CARD209887,2025-11-24,12295.22,12295.22,Late,15
PAY411033,C103066,CARD200742,2026-06-16,11081.44,11081.44,Late,11
PAY411034,C109176,CARD203009,2025-03-15,6096.85,6096.85,On Time,0
PAY411035,C105962,CARD202407,2026-01-14,10887.16,3308.17,Partial,9
PAY411036,C101855,CARD211583,2026-02-09,4059.08,4059.08,On Time,0
PAY411037,C101739,CARD206816,2025-08-18,2877.69,2877.69,On Time,0
PAY411038,C100891,CARD200832,2025-12-22,8532.74,8532.74,On Time,0
PAY411039,C109489,CARD200257,2026-04-01,14174.52,14174.52,Late,7
PAY411040,C109757,CARD203230,2025-06-03,7562.62,7562.62,On Time,0
PAY411041,C101003,CARD210430,2026-03-16,6998.63,6998.63,On Time,0
PAY411042,C105399,CARD209512,2026-06-22,12226.02,12226.02,On Time,0
PAY411043,C104460,CARD209359,2025-07-05,7582.4,7582.4,On Time,0
PAY411044,C108227,CARD204493,2025-09-07,11076.52,11076.52,On Time,0
PAY411045,C109355,CARD204038,2025-07-04,1532.02,1532.02,On Time,0
PAY411046,C105496,CARD207600,2025-01-04,7871.84,7871.84,On Time,0
PAY411047,C101590,CARD204492,2025-04-29,5463.84,5463.84,Late,29
PAY411048,C108848,CARD211575,2026-04-10,5741.56,5741.56,On Time,0
PAY411049,C108142,CARD206587,2025-07-21,11915.82,11915.82,Late,8
PAY411050,C103379,CARD203206,2025-11-07,5149.14,5149.14,On Time,0
PAY411051,C108541,CARD205941,2025-12-15,2734.46,1184.0,Partial,36
PAY411052,C109156,CARD207335,2025-09-20,4065.46,4065.46,Late,30
PAY411053,C101492,CARD210655,2026-02-05,12405.77,12405.77,Late,7
PAY411054,C104178,CARD210596,2025-10-26,5688.38,4247.65,Partial,3
PAY411055,C104719,CARD211295,2025-07-02,9529.42,9529.42,Late,13
PAY411056,C105449,CARD206032,2025-06-23,8804.49,8804.49,On Time,0
PAY411057,C109767,CARD211917,2026-06-07,2219.4,2219.4,On Time,0
PAY411058,C107613,CARD204463,2026-06-13,4322.09,4322.09,On Time,0
PAY411059,C103106,CARD206885,2025-07-25,1000.0,1000.0,On Time,0
PAY411060,C103604,CARD200172,2026-04-10,5534.38,5534.38,On Time,0
PAY411061,C105351,CARD209954,2026-08-19,19754.4,19754.4,On Time,0
PAY411062,C106108,CARD201349,2025-08-29,10658.27,10658.27,On Time,0
PAY411063,C105746,CARD203403,2026-02-25,5381.88,5381.88,On Time,0
PAY411064,C101405,CARD200259,2026-01-22,1565.71,1565.71,On Time,0
PAY411065,C101276,CARD205976,2026-05-05,5051.34,5051.34,On Time,0
PAY411066,C101642,CARD207878,2025-11-11,8576.04,4947.01,Partial,49
PAY411067,C101360,CARD208760,2026-02-27,11217.2,11217.2,On Time,0
PAY411068,C100912,CARD204434,2026-02-18,6040.08,6040.08,On Time,0
PAY411069,C102475,CARD201823,2025-09-03,4338.1,4338.1,On Time,0
PAY411070,C105520,CARD209452,2026-04-21,1433.03,1433.03,On Time,0
PAY411071,C107661,CARD206822,2025-11-12,1649.0,647.38,Partial,50
PAY411072,C101560,CARD207296,2025-06-11,1564.95,1564.95,On Time,0
PAY411073,C103990,CARD200135,2026-07-20,6553.14,2728.37,Partial,53
PAY411074,C108955,CARD206027,2026-04-21,21136.2,771.6,Missed,43
PAY411075,C104707,CARD202647,2025-09-10,3730.42,9.45,Missed,45
PAY411076,C108689,CARD207300,2026-01-08,7031.02,7031.02,On Time,0
PAY411077,C101817,CARD205744,2026-03-03,16477.51,16477.51,On Time,0
PAY411078,C105515,CARD211409,2026-05-28,12834.45,12834.45,On Time,0
PAY411079,C105447,CARD203195,2025-04-01,9924.83,9924.83,On Time,0
PAY411080,C108639,CARD204376,2025-11-22,5873.02,5873.02,On Time,0
PAY411081,C107997,CARD201155,2026-03-07,4963.74,4963.74,On Time,0
PAY411082,C102491,CARD205973,2025-06-08,10224.64,10224.64,On Time,0
PAY411083,C107129,CARD208510,2025-01-25,7921.36,7921.36,On Time,0
PAY411084,C103574,CARD209547,2025-11-08,4305.09,4305.09,Late,30
PAY411085,C101043,CARD204870,2026-01-07,2720.27,2027.15,Partial,51
PAY411086,C106470,CARD208944,2025-11-10,14833.96,14833.96,On Time,0
PAY411087,C108910,CARD204245,2026-01-21,10438.05,2208.98,Partial,44
PAY411088,C100941,CARD211753,2025-07-16,1778.69,1778.69,On Time,0
PAY411089,C101875,CARD208822,2025-02-06,9758.4,9758.4,On Time,0
PAY411090,C105269,CARD209671,2025-09-17,8441.46,8441.46,On Time,0
PAY411091,C105185,CARD209617,2025-09-21,6134.81,556.24,Missed,63
PAY411092,C106326,CARD201563,2026-02-03,8342.08,8342.08,On Time,0
PAY411093,C100325,CARD202547,2026-03-05,1686.23,1686.23,On Time,0
PAY411094,C101540,CARD208541,2026-03-12,12338.29,12338.29,On Time,0
PAY411095,C104659,CARD200750,2026-06-09,24323.24,24323.24,On Time,0
PAY411096,C107616,CARD208567,2026-05-03,8887.09,8887.09,On Time,0
PAY411097,C109201,CARD207039,2026-02-26,3243.5,3243.5,On Time,0
PAY411098,C105289,CARD208168,2026-05-01,7521.3,5032.53,Partial,21
PAY411099,C103636,CARD202823,2025-03-02,9481.49,676.5,Missed,110
PAY411100,C104585,CARD206260,2025-05-25,4348.6,3636.25,Partial,43
PAY411101,C104783,CARD203178,2026-03-20,6664.8,6664.8,On Time,0
PAY411102,C108071,CARD208829,2026-03-24,4112.38,4112.38,On Time,0
PAY411103,C100828,CARD208127,2026-07-11,24917.56,24917.56,Late,24
PAY411104,C107167,CARD204456,2025-03-20,4969.09,4969.09,Late,28
PAY411105,C108192,CARD204846,2025-09-01,6164.6,6164.6,On Time,0
PAY411106,C100906,CARD207723,2026-04-01,3538.55,3538.55,Late,5
PAY411107,C103740,CARD210350,2026-03-10,3358.89,3358.89,On Time,0
PAY411108,C102020,CARD207559,2026-02-26,21263.45,21263.45,On Time,0
PAY411109,C106308,CARD206143,2025-03-03,4149.03,3287.83,Partial,39
PAY411110,C101747,CARD206168,2025-07-24,5618.69,3404.56,Partial,52
PAY411111,C100901,CARD209676,2026-03-18,10919.78,10919.78,On Time,0
PAY411112,C106091,CARD205654,2025-07-04,4784.94,3519.95,Partial,36
PAY411113,C108197,CARD200627,2025-01-29,16917.14,16917.14,On Time,0
PAY411114,C107291,CARD201555,2026-03-07,4543.43,4543.43,On Time,0
PAY411115,C103717,CARD211156,2026-03-16,4838.63,4838.63,Late,5
PAY411116,C109217,CARD206373,2025-03-29,2348.81,2348.81,On Time,0
PAY411117,C105370,CARD206449,2025-07-16,1927.19,1927.19,On Time,0
PAY411118,C106698,CARD200678,2025-10-20,2231.12,2231.12,On Time,0
PAY411119,C108207,CARD206792,2025-09-15,2974.19,2974.19,On Time,0
PAY411120,C104800,CARD211293,2026-06-03,2171.33,477.21,Partial,5
PAY411121,C100772,CARD211802,2025-05-07,5330.38,5330.38,On Time,0
PAY411122,C105405,CARD211582,2026-06-25,4986.42,4986.42,On Time,0
PAY411123,C105271,CARD203728,2026-02-11,2120.14,2120.14,Late,1
PAY411124,C102628,CARD205126,2026-03-06,3716.33,3716.33,On Time,0
PAY411125,C104838,CARD206694,2026-01-07,15820.01,15820.01,On Time,0
PAY411126,C100760,CARD200839,2025-08-16,4960.7,4960.7,On Time,0
PAY411127,C102814,CARD205367,2026-07-13,7530.61,7530.61,Late,8
PAY411128,C100043,CARD202103,2025-07-03,5130.15,5130.15,On Time,0
PAY411129,C105591,CARD202016,2025-12-01,11520.18,8084.66,Partial,7
PAY411130,C104913,CARD209600,2025-04-29,8264.64,3345.0,Partial,25
PAY411131,C109745,CARD208603,2026-03-11,3244.73,2114.7,Partial,50
PAY411132,C107329,CARD206026,2026-06-15,3684.6,3684.6,On Time,0
PAY411133,C104445,CARD203334,2025-07-17,2005.03,2005.03,On Time,0
PAY411134,C103142,CARD202029,2025-06-30,6241.59,5084.39,Partial,6
PAY411135,C106588,CARD210055,2025-01-28,1838.82,1838.82,Late,27
PAY411136,C105138,CARD210527,2026-03-27,14924.17,14924.17,On Time,0
PAY411137,C105945,CARD208828,2025-10-07,8845.5,3642.36,Partial,37
PAY411138,C105035,CARD201768,2026-04-15,3450.22,3450.22,On Time,0
PAY411139,C109620,CARD208519,2026-06-22,3106.42,3106.42,Late,3
PAY411140,C105323,CARD200553,2025-11-23,5999.48,5999.48,On Time,0
PAY411141,C101689,CARD205128,2025-04-07,1000.0,1000.0,Late,13
PAY411142,C107908,CARD211857,2026-02-03,11266.66,11266.66,On Time,0
PAY411143,C106231,CARD205032,2025-10-17,1981.79,1981.79,Late,18
PAY411144,C104212,CARD209792,2025-01-08,30215.77,30215.77,On Time,0
PAY411145,C104555,CARD203278,2025-03-21,14182.93,14182.93,On Time,0
PAY411146,C104179,CARD211737,2025-07-19,4353.34,4353.34,On Time,0
PAY411147,C104316,CARD201670,2026-08-24,12604.61,12604.61,On Time,0
PAY411148,C104266,CARD203027,2025-08-31,4307.69,4307.69,On Time,0
PAY411149,C107910,CARD202089,2026-05-29,4546.06,4546.06,Late,29
PAY411150,C103160,CARD205930,2025-08-11,23179.38,23179.38,On Time,0
PAY411151,C100290,CARD209861,2025-09-22,3779.68,3779.68,On Time,0
PAY411152,C100654,CARD210168,2026-04-21,13674.61,13674.61,On Time,0
PAY411153,C108250,CARD201408,2026-04-28,1457.93,1457.93,On Time,0
PAY411154,C105118,CARD211063,2025-08-29,4341.05,4341.05,On Time,0
PAY411155,C103465,CARD204424,2025-03-01,4449.92,4449.92,On Time,0
PAY411156,C101529,CARD202909,2025-01-05,1243.24,1243.24,On Time,0
PAY411157,C106984,CARD211511,2025-01-03,7470.75,7470.75,On Time,0
PAY411158,C103697,CARD200098,2026-08-21,6399.59,6399.59,On Time,0
PAY411159,C101322,CARD202044,2026-07-09,10726.62,10726.62,On Time,0
PAY411160,C100056,CARD209147,2025-04-25,12358.56,12358.56,On Time,0
PAY411161,C108887,CARD204594,2026-07-13,1940.96,1940.96,On Time,0
PAY411162,C105971,CARD203747,2026-02-11,12291.45,12291.45,On Time,0
PAY411163,C108123,CARD204136,2025-10-05,3203.01,3203.01,On Time,0
PAY411164,C102143,CARD203827,2025-11-28,6721.86,6721.86,Late,3
PAY411165,C100398,CARD204524,2025-07-13,8554.82,8554.82,Late,10
PAY411166,C108274,CARD202058,2025-02-23,3335.58,3335.58,On Time,0
PAY411167,C103018,CARD207754,2025-07-20,7386.8,7386.8,On Time,0
PAY411168,C104286,CARD210785,2025-11-26,2780.66,2780.66,On Time,0
PAY411169,C103422,CARD203511,2026-03-19,4499.76,4499.76,Late,20
PAY411170,C104167,CARD209070,2026-04-09,4955.75,4955.75,On Time,0
PAY411171,C103939,CARD202252,2025-12-20,1419.94,1419.94,On Time,0
PAY411172,C104991,CARD211185,2026-06-09,3225.35,3225.35,On Time,0
PAY411173,C107345,CARD208015,2025-03-18,7504.3,7504.3,On Time,0
PAY411174,C105349,CARD210760,2025-07-01,5927.97,3715.05,Partial,56
PAY411175,C105233,CARD204021,2026-03-20,9528.08,9528.08,On Time,0
PAY411176,C107558,CARD206922,2025-07-23,4429.02,4429.02,On Time,0
PAY411177,C109649,CARD211556,2025-10-24,5371.88,5371.88,On Time,0
PAY411178,C103626,CARD209023,2026-05-28,6017.28,6017.28,On Time,0
PAY411179,C105575,CARD209258,2026-07-19,3170.28,141.47,Missed,106
PAY411180,C102792,CARD206745,2025-07-09,3568.17,3568.17,Late,14
PAY411181,C104683,CARD200426,2026-08-15,7668.68,7668.68,On Time,0
PAY411182,C102441,CARD209366,2025-10-07,8732.14,8732.14,On Time,0
PAY411183,C104043,CARD203067,2026-03-09,5992.36,5992.36,On Time,0
PAY411184,C103368,CARD207843,2026-02-16,32993.2,32993.2,On Time,0
PAY411185,C101408,CARD203380,2025-07-10,13291.27,13291.27,On Time,0
PAY411186,C107131,CARD204989,2025-02-07,7666.7,7666.7,Late,5
PAY411187,C106622,CARD204293,2025-09-25,9570.33,9570.33,On Time,0
PAY411188,C104100,CARD203481,2026-05-13,7223.42,7223.42,On Time,0
PAY411189,C106818,CARD210266,2025-05-29,10175.26,5409.64,Partial,46
PAY411190,C105760,CARD209456,2026-01-13,5176.81,5176.81,On Time,0
PAY411191,C105327,CARD202764,2025-07-18,4307.67,4307.67,On Time,0
PAY411192,C108241,CARD208061,2025-11-19,4950.52,1015.9,Partial,15
PAY411193,C103167,CARD207722,2026-03-02,13214.73,13214.73,Late,12
PAY411194,C107902,CARD202071,2025-11-17,4737.26,4737.26,On Time,0
PAY411195,C102519,CARD211121,2026-02-13,3382.43,2034.35,Partial,23
PAY411196,C101761,CARD207455,2025-03-06,2236.04,2236.04,On Time,0
PAY411197,C104553,CARD206524,2025-07-10,1500.58,1500.58,On Time,0
PAY411198,C102974,CARD204557,2025-06-11,2678.81,2678.81,On Time,0
PAY411199,C104274,CARD204585,2025-06-02,7807.54,7807.54,On Time,0
PAY411200,C107031,CARD203210,2026-06-03,3328.2,1931.78,Partial,33
PAY411201,C102260,CARD203992,2025-12-15,14582.18,14582.18,On Time,0
PAY411202,C107504,CARD200894,2026-08-10,4165.86,4165.86,On Time,0
PAY411203,C101643,CARD205518,2026-08-14,11809.0,11809.0,On Time,0
PAY411204,C103121,CARD205171,2026-02-03,3425.63,3425.63,On Time,0
PAY411205,C105156,CARD203336,2025-11-23,2725.81,2725.81,On Time,0
PAY411206,C101856,CARD200437,2025-10-17,1321.24,1321.24,On Time,0
PAY411207,C107851,CARD211342,2025-06-19,1740.26,1740.26,On Time,0
PAY411208,C105034,CARD211151,2025-11-02,8635.56,8635.56,On Time,0
PAY411209,C108649,CARD200089,2026-08-20,7871.24,7871.24,On Time,0
PAY411210,C107120,CARD207833,2025-03-25,2428.63,2428.63,On Time,0
PAY411211,C109174,CARD204903,2026-06-20,2983.02,2983.02,Late,25
PAY411212,C107392,CARD209955,2025-04-27,9436.33,9436.33,On Time,0
PAY411213,C101401,CARD200451,2025-04-26,7237.23,7237.23,Late,23
PAY411214,C105289,CARD208168,2026-04-23,1804.71,249.01,Missed,36
PAY411215,C102699,CARD211082,2025-01-18,1429.51,1429.51,On Time,0
PAY411216,C100661,CARD208607,2026-01-23,1894.79,127.57,Missed,82
PAY411217,C105782,CARD205019,2025-12-16,10689.09,10689.09,On Time,0
PAY411218,C105579,CARD203475,2026-03-30,16810.28,16810.28,On Time,0
PAY411219,C109553,CARD205553,2025-08-12,11471.01,11471.01,On Time,0
PAY411220,C103949,CARD208135,2025-10-20,5859.04,5859.04,Late,25
PAY411221,C102668,CARD203878,2025-02-04,4342.65,4342.65,On Time,0
PAY411222,C101961,CARD208524,2026-03-31,3666.16,3666.16,On Time,0
PAY411223,C104516,CARD210497,2026-04-08,1000.0,1000.0,On Time,0
PAY411224,C102103,CARD205338,2025-02-01,12806.48,12806.48,On Time,0
PAY411225,C106005,CARD203421,2026-02-12,4145.79,4145.79,On Time,0
PAY411226,C109804,CARD209398,2025-11-10,2620.94,2620.94,On Time,0
PAY411227,C109991,CARD203471,2025-11-30,10233.4,10233.4,On Time,0
PAY411228,C104252,CARD206513,2025-09-22,15800.8,15800.8,On Time,0
PAY411229,C107986,CARD209568,2025-02-05,9787.02,9787.02,On Time,0
PAY411230,C108636,CARD208517,2025-01-22,3637.8,3637.8,On Time,0
PAY411231,C103409,CARD204819,2025-03-14,8435.49,8435.49,On Time,0
PAY411232,C105536,CARD205442,2026-07-06,6390.74,6390.74,Late,6
PAY411233,C101364,CARD211610,2025-02-08,12119.77,1429.63,Missed,51
PAY411234,C107415,CARD210670,2025-02-07,6133.27,6133.27,Late,25
PAY411235,C108162,CARD200509,2026-01-18,8997.31,8997.31,On Time,0
PAY411236,C104811,CARD203739,2026-01-11,2744.52,2744.52,On Time,0
PAY411237,C108938,CARD202395,2026-02-11,3038.37,307.57,Missed,105
PAY411238,C108605,CARD202057,2025-09-18,9147.9,9147.9,On Time,0
PAY411239,C101808,CARD209138,2025-10-31,6548.73,6548.73,On Time,0
PAY411240,C107784,CARD211909,2025-09-14,2447.45,2447.45,On Time,0
PAY411241,C102183,CARD201345,2026-07-10,7226.35,7226.35,On Time,0
PAY411242,C106348,CARD209738,2025-05-10,9803.04,9803.04,On Time,0
PAY411243,C104253,CARD208811,2025-12-02,2473.73,2473.73,On Time,0
PAY411244,C105264,CARD201568,2025-09-22,3224.04,3224.04,On Time,0
PAY411245,C104268,CARD203781,2025-09-04,5449.64,5449.64,On Time,0
PAY411246,C106028,CARD210616,2026-05-11,6932.28,6932.28,On Time,0
PAY411247,C108706,CARD201310,2025-07-28,5347.56,5347.56,On Time,0
PAY411248,C101531,CARD203998,2025-08-18,20686.06,20686.06,On Time,0
PAY411249,C106462,CARD206004,2026-06-07,8625.94,8625.94,On Time,0
PAY411250,C101454,CARD211880,2025-04-17,6599.12,6599.12,On Time,0
PAY411251,C104487,CARD208686,2025-04-22,9042.92,9042.92,On Time,0
PAY411252,C104763,CARD202007,2026-04-01,10653.21,4904.89,Partial,10
PAY411253,C101576,CARD211806,2025-03-28,1446.7,1446.7,On Time,0
PAY411254,C105366,CARD204796,2026-05-21,12505.36,12505.36,On Time,0
PAY411255,C109445,CARD204206,2025-09-08,1786.56,1786.56,On Time,0
PAY411256,C104168,CARD200379,2025-12-08,9777.93,9777.93,On Time,0
PAY411257,C106084,CARD206240,2025-07-31,7036.05,7036.05,Late,7
PAY411258,C104635,CARD201654,2026-02-15,6741.33,6741.33,On Time,0
PAY411259,C101284,CARD204135,2026-06-16,1000.0,1000.0,On Time,0
PAY411260,C106084,CARD206240,2025-07-15,12288.04,12288.04,On Time,0
PAY411261,C101166,CARD208715,2026-07-29,14781.89,14781.89,On Time,0
PAY411262,C106946,CARD207981,2025-08-17,4168.91,4168.91,On Time,0
PAY411263,C106405,CARD203433,2025-09-22,2789.45,2789.45,On Time,0
PAY411264,C107512,CARD210918,2026-08-09,6195.46,6195.46,On Time,0
PAY411265,C108438,CARD202331,2025-12-21,3266.06,3266.06,Late,28
PAY411266,C105843,CARD204263,2026-03-02,6770.39,6770.39,On Time,0
PAY411267,C102285,CARD202974,2025-05-22,1800.06,1800.06,On Time,0
PAY411268,C108430,CARD205919,2026-03-06,2401.36,2401.36,Late,10
PAY411269,C102537,CARD210011,2026-02-03,3292.32,3292.32,On Time,0
PAY411270,C101039,CARD206519,2026-06-21,4966.64,4966.64,On Time,0
PAY411271,C106040,CARD206441,2025-06-20,9061.37,9061.37,On Time,0
PAY411272,C106106,CARD202139,2026-03-19,9585.28,9585.28,On Time,0
PAY411273,C103970,CARD203134,2025-06-27,15423.06,1487.64,Missed,52
PAY411274,C102440,CARD206735,2025-11-22,12327.12,12327.12,On Time,0
PAY411275,C108199,CARD211872,2025-11-11,11405.39,1680.53,Missed,56
PAY411276,C100621,CARD208646,2026-01-24,3913.68,870.54,Partial,11
PAY411277,C101877,CARD204483,2025-07-29,1233.39,1233.39,On Time,0
PAY411278,C101542,CARD200622,2025-07-17,4395.11,4395.11,On Time,0
PAY411279,C106448,CARD202825,2025-10-05,7150.85,7150.85,Late,18
PAY411280,C101069,CARD201930,2025-12-30,8149.55,8149.55,On Time,0
PAY411281,C103938,CARD210672,2026-04-26,19072.41,19072.41,On Time,0
PAY411282,C100675,CARD205079,2025-06-07,6791.88,6791.88,On Time,0
PAY411283,C107503,CARD207406,2026-01-29,6835.41,6835.41,On Time,0
PAY411284,C106312,CARD208101,2025-04-28,6399.05,6399.05,On Time,0
PAY411285,C107341,CARD210656,2025-03-04,4235.88,4235.88,Late,26
PAY411286,C103743,CARD209090,2025-11-13,11484.52,11484.52,Late,9
PAY411287,C107293,CARD201390,2026-03-27,2865.82,2865.82,Late,6
PAY411288,C105826,CARD210487,2026-04-26,3347.59,3347.59,On Time,0
PAY411289,C107685,CARD203909,2025-04-14,5002.79,5002.79,On Time,0
PAY411290,C102282,CARD208192,2025-03-16,4533.88,4533.88,On Time,0
PAY411291,C101899,CARD211076,2025-03-05,3790.43,363.27,Missed,90
PAY411292,C101083,CARD203679,2025-11-06,11881.68,6432.43,Partial,37
PAY411293,C105898,CARD200823,2025-12-14,8280.09,8280.09,On Time,0
PAY411294,C103382,CARD206141,2025-06-08,13089.57,13089.57,On Time,0
PAY411295,C105939,CARD201181,2026-07-22,13706.27,13706.27,Late,25
PAY411296,C102468,CARD205373,2026-02-22,2115.49,2115.49,On Time,0
PAY411297,C103980,CARD205549,2025-01-04,3908.24,3908.24,On Time,0
PAY411298,C106981,CARD204505,2025-06-30,6854.91,6854.91,On Time,0
PAY411299,C100107,CARD203746,2025-12-13,7575.02,7575.02,On Time,0
PAY411300,C102071,CARD210143,2025-05-06,2965.05,2965.05,On Time,0
PAY411301,C107613,CARD204463,2025-08-04,7118.55,7118.55,Late,25
PAY411302,C104912,CARD204064,2026-08-20,5722.39,5722.39,On Time,0
PAY411303,C106770,CARD211558,2025-07-18,3287.82,3287.82,On Time,0
PAY411304,C100607,CARD204698,2026-08-08,6273.9,6273.9,On Time,0
PAY411305,C102821,CARD202287,2026-02-17,4463.77,4463.77,On Time,0
PAY411306,C105571,CARD205481,2025-12-02,4637.98,4637.98,On Time,0
PAY411307,C104063,CARD206459,2025-11-28,7559.46,2042.53,Partial,48
PAY411308,C101386,CARD207944,2026-02-12,2340.4,2340.4,Late,5
PAY411309,C102179,CARD206156,2026-07-02,13882.18,13882.18,On Time,0
PAY411310,C108726,CARD204020,2025-07-24,5165.76,5165.76,On Time,0
PAY411311,C108023,CARD209996,2026-03-18,2439.06,1043.72,Partial,36
PAY411312,C102819,CARD211426,2025-12-28,2443.58,2443.58,On Time,0
PAY411313,C105205,CARD207530,2025-12-08,11848.39,723.77,Missed,52
PAY411314,C106406,CARD205546,2025-05-09,5610.46,5610.46,On Time,0
PAY411315,C106159,CARD200084,2025-08-15,8588.74,6671.76,Partial,20
PAY411316,C105044,CARD201974,2026-02-17,6455.01,6455.01,On Time,0
PAY411317,C103773,CARD207331,2026-08-02,2671.04,2671.04,On Time,0
PAY411318,C107368,CARD203674,2026-06-15,13711.66,10946.16,Partial,35
PAY411319,C108185,CARD204307,2025-02-05,6778.78,6778.78,On Time,0
PAY411320,C106895,CARD209260,2025-03-21,2184.73,2184.73,On Time,0
PAY411321,C109101,CARD203560,2025-09-07,23336.78,17655.86,Partial,38
PAY411322,C103128,CARD204179,2025-04-21,5654.96,5654.96,On Time,0
PAY411323,C105436,CARD206863,2026-04-02,5156.36,5156.36,On Time,0
PAY411324,C107406,CARD201360,2025-06-19,1186.75,1186.75,On Time,0
PAY411325,C105457,CARD207439,2026-02-21,3696.91,3696.91,On Time,0
PAY411326,C102153,CARD209356,2025-10-30,7982.81,7982.81,On Time,0
PAY411327,C108737,CARD210460,2026-03-07,4085.84,4085.84,On Time,0
PAY411328,C109218,CARD211351,2025-06-07,2354.77,2354.77,On Time,0
PAY411329,C109446,CARD206090,2026-04-28,8759.24,8759.24,On Time,0
PAY411330,C101375,CARD210983,2025-07-31,3096.3,3096.3,On Time,0
PAY411331,C102954,CARD206777,2026-02-12,9465.28,9465.28,On Time,0
PAY411332,C104778,CARD210100,2026-08-10,8571.44,8571.44,On Time,0
PAY411333,C106268,CARD202117,2026-01-24,11886.08,11886.08,On Time,0
PAY411334,C105572,CARD203967,2025-04-02,7996.42,7996.42,Late,26
PAY411335,C108424,CARD208613,2026-02-11,4577.41,4577.41,Late,16
PAY411336,C101085,CARD204509,2026-07-17,3382.25,3382.25,On Time,0
PAY411337,C109623,CARD205734,2025-09-24,1799.04,1799.04,On Time,0
PAY411338,C101278,CARD205987,2025-05-25,3391.12,3391.12,Late,21
PAY411339,C109438,CARD204660,2025-06-22,3961.24,3961.24,On Time,0
PAY411340,C104827,CARD205071,2025-10-01,19783.08,19783.08,On Time,0
PAY411341,C108568,CARD208453,2026-08-10,56945.75,56945.75,On Time,0
PAY411342,C105749,CARD209784,2025-12-13,4493.7,4493.7,On Time,0
PAY411343,C106575,CARD203285,2025-07-30,5876.91,5876.91,On Time,0
PAY411344,C109810,CARD209037,2025-05-07,11729.1,11729.1,On Time,0
PAY411345,C108652,CARD204156,2026-08-04,19044.29,19044.29,Late,30
PAY411346,C105619,CARD207012,2025-09-02,5279.2,5279.2,On Time,0
PAY411347,C102746,CARD200338,2026-03-02,5852.9,5852.9,On Time,0
PAY411348,C109909,CARD207420,2025-06-09,1794.86,1794.86,Late,17
PAY411349,C102126,CARD203532,2025-06-17,2975.72,1471.23,Partial,17
PAY411350,C107804,CARD209995,2025-12-27,8234.63,8234.63,On Time,0
PAY411351,C109513,CARD207040,2025-05-29,3771.19,3771.19,On Time,0
PAY411352,C107757,CARD205852,2025-12-18,4417.97,4417.97,On Time,0
PAY411353,C104652,CARD207172,2026-06-17,7031.17,7031.17,On Time,0
PAY411354,C106788,CARD204586,2026-01-30,4223.26,4223.26,Late,14
PAY411355,C106980,CARD204739,2025-01-28,18318.97,7851.74,Partial,10
PAY411356,C107295,CARD207135,2025-03-17,5967.23,5967.23,On Time,0
PAY411357,C100279,CARD203241,2026-07-08,3979.17,3979.17,On Time,0
PAY411358,C108525,CARD207880,2025-10-26,4314.97,4314.97,On Time,0
PAY411359,C109480,CARD206661,2025-04-01,4102.05,4102.05,On Time,0
PAY411360,C102345,CARD200186,2026-03-20,7323.26,7323.26,On Time,0
PAY411361,C100421,CARD208873,2025-11-15,7843.6,7843.6,On Time,0
PAY411362,C104609,CARD211808,2025-12-14,2870.13,2870.13,Late,25
PAY411363,C106684,CARD210942,2025-11-28,10983.91,10983.91,On Time,0
PAY411364,C109393,CARD207746,2025-08-27,2467.35,2467.35,On Time,0
PAY411365,C103185,CARD204627,2026-01-26,4211.55,4211.55,On Time,0
PAY411366,C103034,CARD203986,2025-09-09,12876.4,12876.4,On Time,0
PAY411367,C103825,CARD202732,2026-03-13,2925.54,2925.54,On Time,0
PAY411368,C105007,CARD210608,2025-10-15,3461.99,3461.99,Late,4
PAY411369,C103826,CARD203072,2025-05-29,12828.95,12828.95,Late,14
PAY411370,C107135,CARD203427,2025-01-22,12592.57,12592.57,On Time,0
PAY411371,C104246,CARD209826,2025-09-16,3359.36,3359.36,On Time,0
PAY411372,C101231,CARD204650,2025-09-08,5261.2,5261.2,On Time,0
PAY411373,C106199,CARD210947,2025-06-01,8929.02,8929.02,On Time,0
PAY411374,C103701,CARD206604,2026-06-06,7714.71,7714.71,On Time,0
PAY411375,C108343,CARD200535,2025-05-16,3599.23,3599.23,Late,11
PAY411376,C105801,CARD208993,2026-05-03,3733.23,3733.23,On Time,0
PAY411377,C106009,CARD206291,2025-08-19,3887.37,3887.37,Late,10
PAY411378,C109715,CARD201292,2025-03-03,4947.89,4947.89,Late,28
PAY411379,C106343,CARD204747,2025-05-25,7930.7,7930.7,On Time,0
PAY411380,C104044,CARD204148,2026-07-02,4243.86,4243.86,On Time,0
PAY411381,C104388,CARD210038,2025-04-30,3872.95,3872.95,Late,25
PAY411382,C100310,CARD203463,2025-02-19,5196.68,5196.68,On Time,0
PAY411383,C107459,CARD201909,2025-08-31,10586.04,10586.04,On Time,0
PAY411384,C101931,CARD201007,2025-07-31,7288.53,7288.53,Late,9
PAY411385,C103872,CARD200146,2026-05-15,3970.93,3970.93,On Time,0
PAY411386,C106092,CARD210636,2025-02-21,1519.06,1519.06,On Time,0
PAY411387,C106210,CARD208983,2025-01-20,25795.0,25795.0,On Time,0
PAY411388,C100055,CARD211607,2026-06-09,15063.0,15063.0,On Time,0
PAY411389,C102588,CARD209080,2025-10-02,6133.59,1245.5,Partial,47
PAY411390,C107442,CARD205182,2025-08-20,6504.24,6504.24,On Time,0
PAY411391,C108825,CARD207636,2025-05-16,5015.32,3351.92,Partial,17
PAY411392,C100318,CARD206630,2026-05-30,13708.59,13708.59,On Time,0
PAY411393,C101885,CARD202238,2025-03-15,5245.02,3703.34,Partial,24
PAY411394,C108436,CARD204439,2025-10-23,5592.96,5592.96,On Time,0
PAY411395,C105704,CARD200672,2026-07-25,6476.19,6476.19,On Time,0
PAY411396,C107057,CARD203002,2025-04-01,11454.17,11454.17,On Time,0
PAY411397,C102611,CARD211174,2025-08-11,7051.02,7051.02,On Time,0
PAY411398,C105661,CARD210584,2026-06-15,7189.65,177.84,Missed,62
PAY411399,C108458,CARD210712,2025-11-09,6167.44,6167.44,Late,17
PAY411400,C101182,CARD200052,2026-02-08,7487.56,7487.56,On Time,0
PAY411401,C104416,CARD203029,2025-11-16,6827.03,4705.37,Partial,8
PAY411402,C101636,CARD205873,2025-11-11,3950.36,3950.36,On Time,0
PAY411403,C101290,CARD203487,2025-01-21,1901.99,1901.99,On Time,0
PAY411404,C102804,CARD211957,2025-12-15,3332.8,3332.8,On Time,0
PAY411405,C108290,CARD210814,2026-07-16,5281.42,5281.42,On Time,0
PAY411406,C105145,CARD200769,2025-02-19,8437.14,8437.14,Late,23
PAY411407,C107935,CARD205270,2026-07-28,6703.91,4226.32,Partial,24
PAY411408,C106231,CARD201604,2025-07-13,9924.72,4702.53,Partial,19
PAY411409,C100419,CARD210297,2026-05-16,1596.35,1596.35,Late,6
PAY411410,C107487,CARD205150,2025-05-12,13059.98,13059.98,On Time,0
PAY411411,C100813,CARD201117,2025-08-11,5332.16,5332.16,On Time,0
PAY411412,C109101,CARD203560,2025-11-24,3025.14,3025.14,On Time,0
PAY411413,C104400,CARD209686,2025-09-07,4530.03,4530.03,On Time,0
PAY411414,C100889,CARD203510,2026-02-01,9463.14,3486.14,Partial,55
PAY411415,C108158,CARD202790,2026-01-05,6526.13,6526.13,On Time,0
PAY411416,C102107,CARD208933,2025-07-21,7609.0,7609.0,On Time,0
PAY411417,C107499,CARD207342,2026-06-04,8574.38,2116.52,Partial,54
PAY411418,C103291,CARD206261,2026-06-08,4695.11,4695.11,On Time,0
PAY411419,C101274,CARD209017,2025-12-02,1443.55,1443.55,On Time,0
PAY411420,C104313,CARD208277,2025-05-05,7595.14,7595.14,On Time,0
PAY411421,C102465,CARD206751,2025-04-14,11376.73,11376.73,On Time,0
PAY411422,C100050,CARD206565,2026-04-10,2457.46,2457.46,Late,18
PAY411423,C107652,CARD211042,2025-03-14,28559.42,28559.42,On Time,0
PAY411424,C103593,CARD204736,2026-07-11,11626.67,11626.67,On Time,0
PAY411425,C102421,CARD209035,2025-01-12,11238.56,11238.56,On Time,0
PAY411426,C107750,CARD202133,2026-06-05,5627.99,5627.99,On Time,0
PAY411427,C103071,CARD207948,2026-05-02,3450.63,3450.63,On Time,0
PAY411428,C100476,CARD203031,2025-09-05,5141.89,5141.89,On Time,0
PAY411429,C106346,CARD208289,2026-03-27,4876.84,2710.01,Partial,31
PAY411430,C106039,CARD207421,2025-05-03,3562.42,3562.42,Late,4
PAY411431,C109956,CARD205618,2026-02-28,11151.52,11151.52,Late,29
PAY411432,C105928,CARD202843,2025-04-16,4042.03,4042.03,Late,2
PAY411433,C105862,CARD202571,2026-01-18,7665.28,7665.28,On Time,0
PAY411434,C106017,CARD208170,2026-08-27,2396.58,2396.58,On Time,0
PAY411435,C101834,CARD207436,2025-06-16,13151.43,13151.43,On Time,0
PAY411436,C108027,CARD211444,2026-07-13,21569.87,21569.87,On Time,0
PAY411437,C109549,CARD205645,2026-02-16,6210.61,6210.61,On Time,0
PAY411438,C100024,CARD211397,2025-04-22,6485.38,6485.38,On Time,0
PAY411439,C107636,CARD207990,2026-05-27,2099.61,2099.61,On Time,0
PAY411440,C104017,CARD208537,2025-09-28,10611.03,10611.03,On Time,0
PAY411441,C101679,CARD202519,2025-01-19,9135.4,6119.2,Partial,46
PAY411442,C103489,CARD205858,2025-10-05,12269.17,12269.17,On Time,0
PAY411443,C107479,CARD207341,2025-07-24,5598.5,5598.5,On Time,0
PAY411444,C100544,CARD206650,2025-09-23,4108.97,4108.97,On Time,0
PAY411445,C102385,CARD206617,2026-02-07,15049.63,15049.63,On Time,0
PAY411446,C102135,CARD202587,2025-08-17,5919.21,4960.05,Partial,59
PAY411447,C102703,CARD206986,2025-03-11,4167.4,4167.4,On Time,0
PAY411448,C100442,CARD210137,2026-01-09,3920.11,2213.62,Partial,26
PAY411449,C108124,CARD209691,2026-01-04,5641.45,5641.45,Late,27
PAY411450,C106525,CARD205850,2025-11-19,2001.93,2001.93,On Time,0
PAY411451,C105476,CARD210248,2025-10-01,5903.05,5903.05,On Time,0
PAY411452,C106315,CARD206073,2025-08-09,18142.12,18142.12,On Time,0
PAY411453,C107606,CARD207592,2025-04-18,3977.01,3977.01,On Time,0
PAY411454,C103096,CARD208285,2026-01-31,12801.59,12801.59,On Time,0
PAY411455,C102912,CARD208072,2025-03-25,2498.17,2498.17,On Time,0
PAY411456,C104185,CARD208084,2025-05-10,6705.24,6705.24,Late,22
PAY411457,C100046,CARD208307,2025-03-14,5005.96,5005.96,On Time,0
PAY411458,C106078,CARD202959,2025-01-14,3192.45,3192.45,On Time,0
PAY411459,C100129,CARD208340,2026-05-14,2286.94,2286.94,On Time,0
PAY411460,C106287,CARD208935,2025-11-20,9426.12,9426.12,On Time,0
PAY411461,C103519,CARD202297,2026-01-27,2919.15,2919.15,On Time,0
PAY411462,C107632,CARD209324,2025-09-07,4440.22,4440.22,On Time,0
PAY411463,C106502,CARD206724,2026-06-16,3044.17,3044.17,On Time,0
PAY411464,C109628,CARD210019,2026-06-29,11755.83,11755.83,Late,1
PAY411465,C101024,CARD200095,2025-11-11,7807.32,4677.29,Partial,12
PAY411466,C102876,CARD206560,2025-06-27,5067.72,5067.72,On Time,0
PAY411467,C105934,CARD210362,2026-03-26,5853.09,4022.49,Partial,20
PAY411468,C108584,CARD210998,2025-10-10,3234.86,3234.86,Late,7
PAY411469,C103791,CARD210138,2026-05-10,3073.57,3073.57,On Time,0
PAY411470,C108946,CARD208914,2025-10-24,15159.93,15159.93,On Time,0
PAY411471,C102520,CARD209296,2025-10-15,3970.53,3970.53,On Time,0
PAY411472,C103794,CARD206663,2026-02-17,9479.24,9479.24,On Time,0
PAY411473,C101511,CARD205883,2026-08-18,4063.87,4063.87,On Time,0
PAY411474,C102368,CARD211949,2025-04-16,1568.48,1568.48,On Time,0
PAY411475,C105183,CARD211807,2026-06-07,16934.53,16934.53,On Time,0
PAY411476,C105447,CARD203195,2025-10-05,3340.6,3340.6,On Time,0
PAY411477,C102364,CARD201790,2026-05-25,3844.35,3844.35,Late,5
PAY411478,C104916,CARD205681,2025-04-27,6638.82,6638.82,On Time,0
PAY411479,C100984,CARD211885,2025-05-09,5732.44,5732.44,Late,1
PAY411480,C107833,CARD208542,2025-02-15,2649.62,639.69,Partial,54
PAY411481,C109234,CARD200154,2026-08-20,7179.3,7179.3,On Time,0
PAY411482,C106210,CARD208983,2025-05-13,3144.35,3144.35,On Time,0
PAY411483,C104181,CARD200399,2026-04-10,9333.01,9333.01,On Time,0
PAY411484,C107941,CARD207391,2026-05-17,2628.3,2628.3,On Time,0
PAY411485,C104149,CARD210411,2026-03-08,4783.55,4783.55,On Time,0
PAY411486,C107425,CARD205453,2025-05-23,5850.3,5850.3,On Time,0
PAY411487,C109611,CARD206602,2025-09-25,13189.55,13189.55,On Time,0
PAY411488,C108723,CARD201118,2025-11-12,17190.99,17190.99,On Time,0
PAY411489,C107236,CARD203099,2026-05-02,3843.08,3843.08,On Time,0
PAY411490,C105143,CARD210000,2025-05-04,12627.43,12627.43,On Time,0
PAY411491,C108965,CARD207731,2025-02-14,7401.09,7401.09,On Time,0
PAY411492,C104985,CARD203766,2026-02-08,6602.54,6602.54,On Time,0
PAY411493,C100008,CARD200569,2026-08-19,3492.58,3492.58,On Time,0
PAY411494,C104034,CARD207435,2026-06-20,2405.22,2405.22,On Time,0
PAY411495,C105907,CARD211187,2026-08-24,6789.1,6789.1,On Time,0
PAY411496,C106970,CARD203900,2025-11-25,11995.26,1752.87,Missed,86
PAY411497,C103842,CARD206852,2025-01-11,3648.32,3648.32,On Time,0
PAY411498,C107071,CARD200023,2026-07-02,6768.36,6768.36,Late,3
PAY411499,C100397,CARD203066,2025-01-28,1265.59,1265.59,On Time,0
PAY411500,C100837,CARD204149,2026-01-17,5840.88,2864.29,Partial,38
PAY411501,C104511,CARD207493,2025-09-07,4706.39,4706.39,Late,20
PAY411502,C102906,CARD201793,2026-01-25,9476.66,9476.66,On Time,0
PAY411503,C101132,CARD201530,2026-04-09,6313.18,5314.31,Partial,59
PAY411504,C102091,CARD201486,2025-09-28,8938.71,8938.71,On Time,0
PAY411505,C106022,CARD206071,2026-04-02,9559.92,9559.92,Late,7
PAY411506,C100972,CARD205025,2026-05-16,17189.9,17189.9,On Time,0
PAY411507,C104573,CARD201326,2025-12-11,13289.85,13289.85,On Time,0
PAY411508,C109136,CARD205141,2026-02-10,12307.23,12307.23,On Time,0
PAY411509,C102278,CARD205521,2025-11-15,21996.33,21996.33,On Time,0
PAY411510,C103939,CARD211850,2025-12-01,9955.55,9955.55,On Time,0
PAY411511,C105404,CARD201220,2025-09-11,7137.92,7137.92,On Time,0
PAY411512,C102659,CARD206313,2025-07-31,18095.48,18095.48,On Time,0
PAY411513,C104160,CARD203161,2026-03-30,9482.29,9482.29,On Time,0
PAY411514,C106055,CARD203698,2025-12-06,4381.12,4381.12,On Time,0
PAY411515,C107857,CARD202674,2026-07-20,11470.83,11470.83,On Time,0
PAY411516,C102331,CARD204195,2026-01-19,16402.98,1080.0,Missed,42
PAY411517,C106741,CARD206586,2025-03-01,13724.64,13724.64,On Time,0
PAY411518,C107376,CARD205733,2025-01-29,5441.26,5441.26,Late,15
PAY411519,C106316,CARD210635,2026-07-12,8294.02,8294.02,On Time,0
PAY411520,C106507,CARD200216,2025-08-01,5863.67,5863.67,On Time,0
PAY411521,C107987,CARD208910,2025-07-08,13203.1,13203.1,On Time,0
PAY411522,C102209,CARD208558,2025-09-19,1851.86,1851.86,On Time,0
PAY411523,C108956,CARD207104,2025-07-06,13477.02,13477.02,On Time,0
PAY411524,C107102,CARD207487,2025-08-14,3523.48,3523.48,On Time,0
PAY411525,C100247,CARD206458,2026-08-04,2717.13,378.87,Missed,77
PAY411526,C101949,CARD211844,2026-05-06,7502.65,7502.65,Late,30
PAY411527,C105826,CARD210487,2026-01-23,10154.89,10154.89,On Time,0
PAY411528,C107115,CARD211506,2026-05-18,1002.2,1002.2,On Time,0
PAY411529,C104087,CARD208088,2026-05-05,10145.45,10145.45,On Time,0
PAY411530,C101478,CARD201337,2025-04-28,4643.09,4643.09,On Time,0
PAY411531,C100951,CARD200457,2025-02-02,27099.75,27099.75,On Time,0
PAY411532,C109908,CARD202742,2025-09-13,13376.6,13376.6,On Time,0
PAY411533,C100971,CARD205144,2025-07-13,4294.54,4294.54,On Time,0
PAY411534,C100465,CARD205253,2026-07-05,2645.55,2645.55,Late,9
PAY411535,C102407,CARD209830,2025-06-02,5724.67,5724.67,On Time,0
PAY411536,C109309,CARD206516,2026-08-19,2896.18,2896.18,On Time,0
PAY411537,C104626,CARD208974,2025-09-05,11149.72,11149.72,On Time,0
PAY411538,C102136,CARD206399,2025-09-13,5090.27,1612.8,Partial,32
PAY411539,C100340,CARD207464,2026-03-16,5015.58,5015.58,Late,3
PAY411540,C104804,CARD202944,2025-01-16,12288.06,12288.06,On Time,0
PAY411541,C106705,CARD210698,2026-08-12,8004.0,8004.0,On Time,0
PAY411542,C103618,CARD200539,2026-02-10,1418.91,1418.91,On Time,0
PAY411543,C107657,CARD211977,2025-03-23,6413.79,6413.79,Late,26
PAY411544,C108058,CARD206991,2025-01-12,7142.68,7142.68,On Time,0
PAY411545,C105197,CARD211788,2026-07-07,5165.29,5165.29,On Time,0
PAY411546,C109891,CARD201821,2025-02-18,3388.74,3388.74,Late,5
PAY411547,C106403,CARD203717,2025-05-29,7073.02,7073.02,On Time,0
PAY411548,C108064,CARD207938,2025-11-03,5024.54,5024.54,On Time,0
PAY411549,C100345,CARD205333,2025-02-15,5049.52,50.88,Missed,43
PAY411550,C109695,CARD208507,2025-12-09,5406.48,5406.48,On Time,0
PAY411551,C100765,CARD203484,2026-04-19,7690.84,7690.84,On Time,0
PAY411552,C108756,CARD205737,2025-10-01,9247.56,9247.56,Late,14
PAY411553,C101319,CARD211396,2025-03-13,4780.51,4780.51,On Time,0
PAY411554,C105739,CARD203690,2026-01-31,3046.94,3046.94,On Time,0
PAY411555,C103752,CARD207631,2025-11-16,2723.65,2723.65,On Time,0
PAY411556,C109231,CARD201213,2026-05-05,3827.32,2269.65,Partial,57
PAY411557,C107962,CARD203804,2025-09-13,6435.72,6435.72,On Time,0
PAY411558,C109121,CARD202477,2025-05-24,10941.46,10941.46,On Time,0
PAY411559,C108560,CARD201393,2026-05-03,3016.56,1156.33,Partial,14
PAY411560,C106174,CARD205069,2026-01-06,4576.42,4576.42,Late,14
PAY411561,C109287,CARD203077,2025-06-03,3023.08,3023.08,On Time,0
PAY411562,C100491,CARD200931,2026-06-09,5201.12,5201.12,On Time,0
PAY411563,C107345,CARD208015,2026-07-22,3687.65,3687.65,On Time,0
PAY411564,C109692,CARD207327,2026-01-21,3525.66,3525.66,On Time,0
PAY411565,C106557,CARD208057,2026-06-16,3332.94,3332.94,On Time,0
PAY411566,C102790,CARD202899,2026-07-03,6912.94,6912.94,On Time,0
PAY411567,C109701,CARD200758,2025-09-14,6143.45,6143.45,On Time,0
PAY411568,C104588,CARD210906,2025-04-03,3274.19,3274.19,On Time,0
PAY411569,C104664,CARD206698,2026-05-02,8574.14,8574.14,On Time,0
PAY411570,C100596,CARD210119,2026-01-21,11954.52,1397.29,Missed,54
PAY411571,C101178,CARD200927,2026-01-24,9461.22,9461.22,Late,16
PAY411572,C108852,CARD200025,2026-08-18,2502.18,2502.18,On Time,0
PAY411573,C104939,CARD211423,2026-01-15,6269.06,6269.06,On Time,0
PAY411574,C100317,CARD203643,2025-08-14,14701.26,14701.26,On Time,0
PAY411575,C101669,CARD209482,2026-07-27,14228.04,14228.04,On Time,0
PAY411576,C100401,CARD207492,2026-08-05,3725.22,3725.22,On Time,0
PAY411577,C103340,CARD201674,2025-08-09,13143.0,13143.0,On Time,0
PAY411578,C105731,CARD204604,2025-07-09,3675.18,3675.18,On Time,0
PAY411579,C102951,CARD202377,2026-02-01,4256.18,4256.18,Late,4
PAY411580,C108534,CARD208928,2026-01-05,3429.84,3429.84,On Time,0
PAY411581,C101200,CARD205208,2026-01-12,4153.32,4153.32,On Time,0
PAY411582,C108400,CARD204106,2025-08-07,5265.36,5265.36,On Time,0
PAY411583,C104908,CARD204880,2026-07-15,6567.15,1449.11,Partial,6
PAY411584,C109407,CARD203438,2025-11-20,8480.85,8480.85,Late,15
PAY411585,C107521,CARD204406,2025-06-01,41603.32,41603.32,On Time,0
PAY411586,C105993,CARD206929,2025-10-30,9303.67,9303.67,On Time,0
PAY411587,C108029,CARD205305,2026-05-23,5367.54,5367.54,On Time,0
PAY411588,C109895,CARD205954,2026-07-23,5444.89,5444.89,Late,26
PAY411589,C100798,CARD208804,2025-10-25,23386.57,23386.57,On Time,0
PAY411590,C100066,CARD201612,2026-01-10,6287.97,6287.97,On Time,0
PAY411591,C107531,CARD205716,2026-07-05,4061.73,4061.73,On Time,0
PAY411592,C107363,CARD200593,2025-09-18,3074.23,3074.23,On Time,0
PAY411593,C100268,CARD208172,2025-04-04,2398.98,2398.98,On Time,0
PAY411594,C100111,CARD211920,2025-01-19,1673.2,1673.2,Late,13
PAY411595,C106167,CARD204000,2025-10-22,1260.54,797.44,Partial,34
PAY411596,C102858,CARD202567,2025-09-16,1469.76,1469.76,Late,25
PAY411597,C103404,CARD203656,2026-02-13,9673.67,9673.67,On Time,0
PAY411598,C108609,CARD205424,2025-04-01,4792.11,4792.11,On Time,0
PAY411599,C100890,CARD201423,2026-01-23,3072.92,3072.92,On Time,0
PAY411600,C101695,CARD201107,2026-05-29,2693.39,2693.39,On Time,0
PAY411601,C100214,CARD208589,2026-02-22,4630.75,3805.0,Partial,38
PAY411602,C100992,CARD202688,2026-03-15,10504.73,3655.15,Partial,11
PAY411603,C106328,CARD208978,2025-01-02,16463.32,16463.32,On Time,0
PAY411604,C109846,CARD201792,2026-04-12,3028.44,2299.38,Partial,29
PAY411605,C100901,CARD209676,2026-03-12,3007.07,3007.07,On Time,0
PAY411606,C101628,CARD210531,2025-06-14,3985.39,1248.69,Partial,46
PAY411607,C109501,CARD208897,2025-04-26,10506.09,2510.41,Partial,55
PAY411608,C105093,CARD211448,2025-08-28,5870.08,1987.23,Partial,49
PAY411609,C103694,CARD208408,2026-02-03,2853.5,2853.5,On Time,0
PAY411610,C106312,CARD208101,2026-01-07,3792.96,3792.96,Late,5
PAY411611,C103356,CARD206041,2026-05-07,4528.15,4528.15,On Time,0
PAY411612,C106795,CARD205480,2025-04-22,9630.84,9630.84,On Time,0
PAY411613,C109023,CARD208786,2025-05-17,7058.43,7058.43,On Time,0
PAY411614,C104784,CARD205596,2025-01-19,3619.79,122.58,Missed,95
PAY411615,C108491,CARD200189,2025-05-30,1312.4,1312.4,On Time,0
PAY411616,C109816,CARD200078,2025-07-29,4112.83,4112.83,On Time,0
PAY411617,C103761,CARD207309,2026-02-01,11192.66,3782.16,Partial,22
PAY411618,C105904,CARD201062,2025-03-20,8049.81,8049.81,On Time,0
PAY411619,C106020,CARD200837,2025-08-07,8659.06,8659.06,On Time,0
PAY411620,C107549,CARD200488,2026-05-19,7869.51,7869.51,On Time,0
PAY411621,C106414,CARD208839,2025-12-21,1357.7,1357.7,On Time,0
PAY411622,C107864,CARD209040,2025-09-19,11600.5,11600.5,On Time,0
PAY411623,C107622,CARD211366,2025-05-15,2724.53,1991.25,Partial,28
PAY411624,C109865,CARD209327,2025-12-05,4184.0,4184.0,Late,11
PAY411625,C104907,CARD210852,2025-07-05,10246.56,10246.56,On Time,0
PAY411626,C109744,CARD202155,2026-04-07,14219.97,14219.97,Late,13
PAY411627,C102569,CARD207891,2025-10-03,14427.21,14427.21,On Time,0
PAY411628,C103298,CARD209466,2026-01-08,4157.4,4157.4,Late,7
PAY411629,C101122,CARD208460,2025-01-23,12954.67,12954.67,On Time,0
PAY411630,C100746,CARD206701,2025-01-23,5613.82,5613.82,On Time,0
PAY411631,C103839,CARD204386,2025-08-03,15100.43,15100.43,On Time,0
PAY411632,C109010,CARD204506,2026-03-27,7921.98,5559.11,Partial,23
PAY411633,C103157,CARD208675,2026-07-15,3352.16,3352.16,On Time,0
PAY411634,C105699,CARD200358,2025-07-09,9471.39,927.34,Missed,99
PAY411635,C100928,CARD205640,2025-05-13,7807.41,7807.41,On Time,0
PAY411636,C106733,CARD209425,2025-02-02,8137.49,8137.49,Late,23
PAY411637,C103069,CARD210403,2026-08-25,4268.99,4268.99,On Time,0
PAY411638,C102479,CARD200875,2025-08-02,6754.54,6754.54,On Time,0
PAY411639,C106116,CARD206183,2026-02-15,3464.21,3464.21,Late,15
PAY411640,C103585,CARD200372,2025-06-16,7077.09,7077.09,On Time,0
PAY411641,C104015,CARD201622,2026-06-08,11990.45,11990.45,Late,20
PAY411642,C101007,CARD203811,2025-01-31,3589.17,3589.17,Late,2
PAY411643,C101222,CARD207448,2026-03-28,3073.06,3073.06,On Time,0
PAY411644,C109832,CARD201973,2025-02-20,3048.77,3048.77,On Time,0
PAY411645,C106274,CARD211513,2026-07-07,3200.78,3200.78,Late,15
PAY411646,C104584,CARD204421,2025-12-09,4978.72,4978.72,On Time,0
PAY411647,C103450,CARD205218,2026-01-02,6814.29,6814.29,On Time,0
PAY411648,C104947,CARD205274,2025-03-04,18307.58,18307.58,On Time,0
PAY411649,C104071,CARD201365,2026-01-20,4038.78,4038.78,Late,16
PAY411650,C103800,CARD205875,2025-04-11,3122.14,3122.14,On Time,0
PAY411651,C102476,CARD202132,2026-03-20,5622.73,3324.34,Partial,47
PAY411652,C102075,CARD211402,2025-08-17,8954.31,2664.92,Partial,53
PAY411653,C106786,CARD210502,2026-06-11,5386.24,5386.24,On Time,0
PAY411654,C108131,CARD209581,2026-07-10,1548.13,1548.13,On Time,0
PAY411655,C109771,CARD208987,2025-05-19,7142.79,7142.79,On Time,0
PAY411656,C102865,CARD203412,2025-07-26,2686.48,2686.48,On Time,0
PAY411657,C101638,CARD204551,2026-04-05,3390.43,3390.43,On Time,0
PAY411658,C109149,CARD205695,2025-09-24,1827.38,1827.38,On Time,0
PAY411659,C105149,CARD200268,2025-11-13,5754.05,5754.05,On Time,0
PAY411660,C100682,CARD200705,2026-08-12,1325.78,1325.78,On Time,0
PAY411661,C109866,CARD203261,2025-07-23,1905.19,1905.19,On Time,0
PAY411662,C104823,CARD211733,2025-12-25,20845.4,20845.4,On Time,0
PAY411663,C105781,CARD207387,2025-06-10,5995.69,5995.69,Late,19
PAY411664,C106923,CARD203046,2025-10-08,2201.49,2201.49,On Time,0
PAY411665,C104264,CARD204467,2026-03-15,1348.11,1348.11,Late,8
PAY411666,C104776,CARD203950,2026-01-07,6882.27,6882.27,Late,5
PAY411667,C100014,CARD203918,2026-01-10,8975.62,8975.62,On Time,0
PAY411668,C107986,CARD209568,2026-03-08,13786.98,13786.98,On Time,0
PAY411669,C106137,CARD211096,2025-03-12,4631.41,4631.41,On Time,0
PAY411670,C101518,CARD201848,2025-10-31,5114.22,5114.22,On Time,0
PAY411671,C109647,CARD200480,2025-08-30,13126.22,13126.22,On Time,0
PAY411672,C100177,CARD204041,2026-03-08,1496.58,1496.58,On Time,0
PAY411673,C101623,CARD204724,2026-08-10,3353.47,3353.47,On Time,0
PAY411674,C108200,CARD202371,2026-07-10,7822.84,7822.84,Late,15
PAY411675,C101765,CARD202875,2025-10-26,14208.24,14208.24,On Time,0
PAY411676,C102747,CARD207825,2025-10-19,6237.79,3781.76,Partial,31
PAY411677,C103972,CARD205570,2026-04-08,1825.16,1825.16,On Time,0
PAY411678,C104435,CARD208355,2026-04-09,6893.38,6893.38,Late,30
PAY411679,C106318,CARD202226,2026-02-15,3822.08,3822.08,On Time,0
PAY411680,C109597,CARD204451,2025-11-28,3471.67,3471.67,On Time,0
PAY411681,C109539,CARD208684,2025-11-28,5019.47,5019.47,On Time,0
PAY411682,C107748,CARD208927,2026-02-28,8656.3,8656.3,On Time,0
PAY411683,C106345,CARD202074,2025-03-29,19807.83,19807.83,On Time,0
PAY411684,C101140,CARD202216,2025-11-28,7596.05,7596.05,On Time,0
PAY411685,C105732,CARD211454,2025-10-29,9505.37,9505.37,On Time,0
PAY411686,C109662,CARD204346,2025-08-28,2715.72,2715.72,On Time,0
PAY411687,C100545,CARD205735,2026-04-10,16924.08,16924.08,On Time,0
PAY411688,C101645,CARD210678,2025-12-05,7469.85,7469.85,On Time,0
PAY411689,C109018,CARD200415,2025-12-16,4822.56,4822.56,Late,2
PAY411690,C106594,CARD206571,2026-08-16,5912.78,5912.78,On Time,0
PAY411691,C101879,CARD207017,2025-01-09,7249.18,7249.18,On Time,0
PAY411692,C106479,CARD209591,2026-08-18,7453.47,7453.47,On Time,0
PAY411693,C103274,CARD211665,2025-08-03,8234.8,8234.8,On Time,0
PAY411694,C100899,CARD206015,2026-03-20,6752.53,3554.3,Partial,3
PAY411695,C105902,CARD211858,2026-01-04,4288.4,4288.4,On Time,0
PAY411696,C102816,CARD210201,2026-06-02,5246.08,5246.08,Late,8
PAY411697,C106810,CARD206308,2025-03-06,3854.3,3854.3,On Time,0
PAY411698,C101143,CARD203979,2025-08-23,4690.63,4690.63,On Time,0
PAY411699,C107103,CARD205953,2025-08-26,7013.99,3380.82,Partial,38
PAY411700,C101242,CARD208476,2026-08-24,4321.13,4321.13,On Time,0
PAY411701,C107962,CARD200499,2025-07-27,4978.18,4978.18,On Time,0
PAY411702,C108515,CARD207232,2026-08-16,8397.14,8397.14,On Time,0
PAY411703,C109901,CARD202766,2025-03-04,3451.08,3451.08,On Time,0
PAY411704,C102508,CARD205232,2025-08-28,10108.99,10108.99,On Time,0
PAY411705,C109373,CARD201921,2025-08-24,8410.67,8410.67,On Time,0
PAY411706,C101578,CARD202955,2026-02-24,7390.15,7390.15,On Time,0
PAY411707,C105239,CARD208509,2025-05-21,12568.13,12568.13,On Time,0
PAY411708,C103016,CARD211277,2025-12-24,2974.35,2974.35,Late,29
PAY411709,C104281,CARD204102,2025-08-20,10141.01,10141.01,On Time,0
PAY411710,C100733,CARD202050,2025-12-11,14110.11,14110.11,On Time,0
PAY411711,C103780,CARD211395,2026-04-14,8708.48,8708.48,On Time,0
PAY411712,C104204,CARD205191,2026-08-17,2441.93,2441.93,On Time,0
PAY411713,C101139,CARD208708,2025-11-04,8685.72,8685.72,On Time,0
PAY411714,C102804,CARD211957,2025-08-23,4973.15,4973.15,On Time,0
PAY411715,C104481,CARD209177,2026-01-29,5086.4,5086.4,On Time,0
PAY411716,C105606,CARD208075,2025-01-19,9652.69,9652.69,On Time,0
PAY411717,C102976,CARD203273,2026-02-19,3931.0,340.88,Missed,106
PAY411718,C100931,CARD205889,2026-08-02,13160.97,13160.97,On Time,0
PAY411719,C100774,CARD205771,2025-04-03,5689.34,598.96,Missed,54
PAY411720,C100325,CARD202547,2025-01-27,2436.64,185.0,Missed,87
PAY411721,C101960,CARD208335,2026-02-11,2745.82,2745.82,Late,3
PAY411722,C108187,CARD207711,2025-03-06,4313.17,4313.17,Late,3
PAY411723,C106922,CARD203008,2026-02-12,2293.55,2293.55,On Time,0
PAY411724,C104091,CARD201005,2025-06-13,8609.22,8609.22,On Time,0
PAY411725,C100805,CARD210795,2026-02-13,12309.16,12309.16,On Time,0
PAY411726,C104550,CARD209372,2025-01-05,8956.53,8956.53,Late,27
PAY411727,C100350,CARD203142,2025-11-25,7370.36,7370.36,On Time,0
PAY411728,C109695,CARD208507,2025-05-27,3240.63,3240.63,On Time,0
PAY411729,C106594,CARD206571,2025-02-27,11836.13,11836.13,On Time,0
PAY411730,C104012,CARD200280,2026-08-26,7130.28,7130.28,On Time,0
PAY411731,C108000,CARD204741,2025-11-21,11807.93,11807.93,On Time,0
PAY411732,C109146,CARD203496,2026-06-11,9581.36,3908.91,Partial,39
PAY411733,C108374,CARD203906,2025-08-29,3111.75,3111.75,On Time,0
PAY411734,C100489,CARD201287,2026-03-22,14030.57,14030.57,On Time,0
PAY411735,C101249,CARD207794,2025-08-19,2430.8,2430.8,On Time,0
PAY411736,C103906,CARD209201,2026-05-29,12219.62,12219.62,Late,20
PAY411737,C105380,CARD203030,2025-03-29,15066.25,15066.25,On Time,0
PAY411738,C104314,CARD208268,2026-02-17,5080.62,5080.62,On Time,0
PAY411739,C108026,CARD207813,2025-10-06,3262.45,2544.04,Partial,33
PAY411740,C103241,CARD206461,2025-04-16,5515.23,5515.23,On Time,0
PAY411741,C100265,CARD207294,2026-05-18,8714.37,8714.37,Late,8
PAY411742,C109915,CARD210981,2026-07-19,11095.16,11095.16,On Time,0
PAY411743,C104399,CARD204250,2026-04-11,4597.9,4597.9,Late,30
PAY411744,C106768,CARD207603,2025-03-16,9557.78,9557.78,On Time,0
PAY411745,C100861,CARD208260,2025-12-08,2668.11,325.44,Missed,76
PAY411746,C105501,CARD202020,2026-03-26,6531.68,1969.12,Partial,14
PAY411747,C106441,CARD203722,2025-12-31,17939.56,17939.56,On Time,0
PAY411748,C103392,CARD208121,2025-08-30,3373.31,3373.31,On Time,0
PAY411749,C109681,CARD202406,2025-06-28,9760.65,9760.65,On Time,0
PAY411750,C104873,CARD206322,2025-11-02,4554.39,4554.39,On Time,0
PAY411751,C101772,CARD208584,2025-02-26,6387.27,6387.27,On Time,0
PAY411752,C107164,CARD205748,2025-05-01,3505.31,3505.31,On Time,0
PAY411753,C102258,CARD211680,2026-07-26,6879.08,1434.81,Partial,18
PAY411754,C108907,CARD207697,2025-07-30,15020.8,15020.8,On Time,0
PAY411755,C101523,CARD201416,2025-08-01,11095.06,11095.06,On Time,0
PAY411756,C105855,CARD211227,2025-09-18,5329.0,5329.0,On Time,0
PAY411757,C106329,CARD209150,2026-01-03,7077.63,7077.63,On Time,0
PAY411758,C107949,CARD202106,2025-03-27,4244.42,104.84,Missed,33
PAY411759,C106397,CARD206619,2025-03-11,5938.71,5938.71,On Time,0
PAY411760,C108136,CARD203342,2025-12-26,9116.32,9116.32,On Time,0
PAY411761,C107944,CARD210189,2025-12-07,13637.26,13637.26,Late,6
PAY411762,C104481,CARD209177,2026-02-09,1707.74,1707.74,On Time,0
PAY411763,C105449,CARD206032,2025-03-25,2964.21,2964.21,On Time,0
PAY411764,C105840,CARD211953,2026-07-18,9778.53,9778.53,Late,16
PAY411765,C101089,CARD205719,2025-08-01,1287.23,1287.23,On Time,0
PAY411766,C107995,CARD200784,2025-06-21,2867.62,2867.62,On Time,0
PAY411767,C101254,CARD200220,2026-08-30,6231.09,6231.09,On Time,0
PAY411768,C102414,CARD200892,2026-01-29,11650.57,11650.57,On Time,0
PAY411769,C104197,CARD201976,2025-12-23,3133.29,3133.29,On Time,0
PAY411770,C108769,CARD208002,2026-04-11,20375.13,20375.13,On Time,0
PAY411771,C106800,CARD207570,2025-11-28,5287.67,5287.67,Late,4
PAY411772,C100708,CARD206955,2025-01-25,7229.52,7229.52,On Time,0
PAY411773,C104444,CARD207786,2026-01-23,3667.3,3667.3,On Time,0
PAY411774,C104415,CARD202145,2026-04-17,6442.84,6442.84,On Time,0
PAY411775,C103927,CARD201262,2025-01-22,4974.09,4974.09,On Time,0
PAY411776,C101624,CARD205136,2026-08-07,10339.07,10339.07,On Time,0
PAY411777,C104787,CARD209953,2025-04-29,7624.99,7624.99,On Time,0
PAY411778,C105664,CARD200142,2025-07-26,11919.19,11919.19,Late,10
PAY411779,C105804,CARD211000,2026-05-28,16034.13,16034.13,On Time,0
PAY411780,C108222,CARD209267,2025-11-15,3825.4,3825.4,On Time,0
PAY411781,C108093,CARD206309,2025-03-19,11139.99,11139.99,Late,3
PAY411782,C106568,CARD208069,2025-04-19,4460.98,4460.98,On Time,0
PAY411783,C100155,CARD206292,2025-05-03,3557.89,3557.89,Late,3
PAY411784,C109981,CARD205004,2025-12-27,6713.23,1570.59,Partial,19
PAY411785,C102580,CARD202832,2025-11-28,2611.25,2611.25,Late,29
PAY411786,C105157,CARD206421,2025-06-05,14096.21,14096.21,On Time,0
PAY411787,C105130,CARD210987,2025-06-24,2502.43,2502.43,On Time,0
PAY411788,C100788,CARD208732,2026-03-20,2499.29,2499.29,On Time,0
PAY411789,C100305,CARD203749,2025-02-19,5695.94,5695.94,On Time,0
PAY411790,C108768,CARD203215,2026-05-06,14284.56,14284.56,On Time,0
PAY411791,C107945,CARD200124,2025-06-13,7518.26,7518.26,On Time,0
PAY411792,C103206,CARD208407,2026-04-05,3643.93,3643.93,On Time,0
PAY411793,C100153,CARD201374,2025-04-07,4917.6,2141.8,Partial,34
PAY411794,C103293,CARD211766,2026-03-27,9114.87,9114.87,On Time,0
PAY411795,C106394,CARD205055,2025-11-10,2289.03,2289.03,Late,25
PAY411796,C107908,CARD211857,2026-02-03,9563.34,9563.34,On Time,0
PAY411797,C108295,CARD211239,2025-04-26,5636.8,5636.8,Late,19
PAY411798,C108612,CARD202615,2025-10-05,2460.28,2460.28,On Time,0
PAY411799,C101391,CARD211123,2026-04-09,16596.8,3442.35,Partial,44
PAY411800,C102404,CARD206169,2026-03-24,13369.43,13369.43,On Time,0
PAY411801,C106472,CARD204184,2025-02-20,10191.0,10191.0,On Time,0
PAY411802,C103433,CARD204692,2026-02-18,4031.06,4031.06,Late,27
PAY411803,C103085,CARD208735,2025-04-19,2584.63,2584.63,Late,26
PAY411804,C106866,CARD202212,2025-11-17,2388.31,249.27,Missed,56
PAY411805,C104397,CARD208496,2026-03-28,8801.2,8801.2,On Time,0
PAY411806,C109193,CARD201192,2026-06-11,7440.64,7440.64,On Time,0
PAY411807,C109039,CARD210533,2026-02-21,4836.07,4836.07,On Time,0
PAY411808,C101371,CARD201487,2026-07-22,7317.75,7317.75,Late,11
PAY411809,C106487,CARD208762,2025-07-06,4797.11,4797.11,On Time,0
PAY411810,C109116,CARD207418,2026-08-07,2879.12,2879.12,On Time,0
PAY411811,C107907,CARD208359,2026-02-28,4110.32,4110.32,On Time,0
PAY411812,C105394,CARD211955,2025-03-24,5997.7,5997.7,On Time,0
PAY411813,C101684,CARD205922,2025-11-29,17299.4,17299.4,On Time,0
PAY411814,C107437,CARD207446,2025-01-14,6568.57,6568.57,On Time,0
PAY411815,C107284,CARD202604,2025-07-22,3264.53,3264.53,On Time,0
PAY411816,C100381,CARD201610,2025-11-28,9257.83,5546.48,Partial,14
PAY411817,C101001,CARD206063,2026-03-12,13557.46,13557.46,On Time,0
PAY411818,C100652,CARD211685,2025-01-21,3869.26,3869.26,On Time,0
PAY411819,C108943,CARD202397,2026-02-14,11613.29,3880.49,Partial,25
PAY411820,C109397,CARD210265,2025-10-01,7109.13,7109.13,On Time,0
PAY411821,C104268,CARD203781,2025-03-04,4350.4,4350.4,Late,3
PAY411822,C101343,CARD201477,2026-05-21,1804.18,1804.18,Late,29
PAY411823,C103600,CARD200102,2025-09-03,3070.35,3070.35,On Time,0
PAY411824,C103568,CARD209075,2026-02-12,3338.84,3338.84,On Time,0
PAY411825,C102473,CARD204932,2026-01-20,2096.94,1737.15,Partial,37
PAY411826,C108898,CARD201644,2025-10-08,1001.65,1001.65,On Time,0
PAY411827,C102891,CARD202381,2026-03-13,9479.49,9479.49,On Time,0
PAY411828,C100038,CARD205755,2025-07-21,2675.59,2675.59,On Time,0
PAY411829,C105798,CARD204042,2025-02-28,9612.85,9612.85,Late,8
PAY411830,C104718,CARD208626,2025-10-22,7102.8,7102.8,On Time,0
PAY411831,C102559,CARD209242,2026-06-18,6451.89,1696.36,Partial,46
PAY411832,C102449,CARD211058,2026-08-22,9908.48,9908.48,On Time,0
PAY411833,C106289,CARD208768,2026-07-27,3824.51,3824.51,On Time,0
PAY411834,C100741,CARD204687,2026-04-21,5692.27,5692.27,On Time,0
PAY411835,C100229,CARD209127,2025-06-13,2459.63,2459.63,On Time,0
PAY411836,C103099,CARD210391,2025-10-02,16745.57,16745.57,On Time,0
PAY411837,C105779,CARD205360,2026-05-14,4174.05,4174.05,On Time,0
PAY411838,C105108,CARD209277,2025-06-26,7529.23,7529.23,On Time,0
PAY411839,C104654,CARD209274,2026-07-28,24943.23,16929.56,Partial,7
PAY411840,C107175,CARD201336,2026-03-09,2366.56,2366.56,On Time,0
PAY411841,C102999,CARD205352,2025-11-15,13554.99,13554.99,On Time,0
PAY411842,C102612,CARD211024,2026-06-17,3562.71,3562.71,On Time,0
PAY411843,C100240,CARD209135,2025-06-03,5262.93,5262.93,On Time,0
PAY411844,C100158,CARD209647,2026-07-30,6814.42,6814.42,On Time,0
PAY411845,C101902,CARD206477,2026-07-14,7098.79,7098.79,On Time,0
PAY411846,C100764,CARD206269,2025-12-30,4317.92,1079.25,Partial,14
PAY411847,C109540,CARD200118,2026-02-17,21258.59,21258.59,On Time,0
PAY411848,C105306,CARD204226,2026-04-18,8000.59,8000.59,On Time,0
PAY411849,C100354,CARD205760,2025-12-20,2381.0,2381.0,On Time,0
PAY411850,C103809,CARD208894,2025-08-29,8358.72,1035.18,Missed,41
PAY411851,C100356,CARD203314,2025-04-01,7848.54,7848.54,Late,3
PAY411852,C104539,CARD208806,2025-05-19,13148.1,13148.1,On Time,0
PAY411853,C101792,CARD205547,2026-02-01,8472.21,8472.21,On Time,0
PAY411854,C105532,CARD202523,2026-05-27,11754.36,5660.32,Partial,41
PAY411855,C102049,CARD211126,2025-03-09,12568.93,12568.93,On Time,0
PAY411856,C105538,CARD211259,2025-06-24,4345.28,4345.28,On Time,0
PAY411857,C108536,CARD201956,2025-03-24,14092.12,14092.12,On Time,0
PAY411858,C106750,CARD206547,2025-06-25,2289.19,2289.19,On Time,0
PAY411859,C102299,CARD210928,2025-12-09,1000.0,1000.0,On Time,0
PAY411860,C107971,CARD210084,2025-04-02,15066.16,15066.16,On Time,0
PAY411861,C104221,CARD209092,2025-05-15,12505.36,12505.36,On Time,0
PAY411862,C100114,CARD200110,2025-06-19,10654.57,10654.57,Late,8
PAY411863,C100304,CARD211940,2025-07-18,11964.59,11964.59,On Time,0
PAY411864,C100778,CARD203399,2026-01-12,6663.66,5280.04,Partial,56
PAY411865,C106457,CARD209958,2025-07-13,4594.04,4594.04,On Time,0
PAY411866,C109990,CARD201217,2026-04-29,9557.81,9557.81,Late,12
PAY411867,C104106,CARD208455,2026-03-01,1998.88,1998.88,On Time,0
PAY411868,C105861,CARD209993,2026-02-01,5080.92,5080.92,On Time,0
PAY411869,C107249,CARD206126,2026-08-22,4098.1,4098.1,On Time,0
PAY411870,C107509,CARD204049,2026-04-04,3006.82,3006.82,On Time,0
PAY411871,C102697,CARD210318,2025-12-21,3957.49,3957.49,On Time,0
PAY411872,C107164,CARD205748,2025-04-03,3757.54,3757.54,On Time,0
PAY411873,C105573,CARD206024,2026-04-30,1755.15,1755.15,On Time,0
PAY411874,C104734,CARD207768,2025-12-08,21038.96,21038.96,On Time,0
PAY411875,C101377,CARD204746,2025-06-18,19632.72,19632.72,On Time,0
PAY411876,C106203,CARD202295,2025-08-19,4200.51,4200.51,On Time,0
PAY411877,C107654,CARD204203,2025-04-19,2145.85,2145.85,On Time,0
PAY411878,C100088,CARD211730,2025-12-08,4395.07,4395.07,On Time,0
PAY411879,C101377,CARD204746,2025-06-17,13602.79,13602.79,On Time,0
PAY411880,C102422,CARD208847,2025-09-01,6549.8,5055.52,Partial,53
PAY411881,C109478,CARD211104,2026-07-07,4471.79,4471.79,On Time,0
PAY411882,C104162,CARD211050,2025-03-13,9159.98,9159.98,On Time,0
PAY411883,C109507,CARD206563,2025-05-13,2948.45,2948.45,On Time,0
PAY411884,C102088,CARD203044,2026-04-22,9190.75,9190.75,On Time,0
PAY411885,C107185,CARD207218,2025-08-28,8411.06,8411.06,On Time,0
PAY411886,C108841,CARD200133,2025-05-10,7004.3,5416.39,Partial,22
PAY411887,C102042,CARD202534,2025-06-22,6513.42,6513.42,On Time,0
PAY411888,C100625,CARD211526,2025-11-14,8418.61,8418.61,On Time,0
PAY411889,C101678,CARD208211,2025-05-23,17541.42,17541.42,Late,23
PAY411890,C101368,CARD204235,2025-02-01,3972.55,3972.55,Late,25
PAY411891,C106130,CARD207032,2025-04-01,4385.9,4385.9,On Time,0
PAY411892,C101650,CARD205970,2025-01-18,5162.83,5162.83,On Time,0
PAY411893,C103163,CARD210673,2026-05-05,3547.01,3547.01,On Time,0
PAY411894,C108771,CARD204798,2026-04-02,4430.97,4430.97,On Time,0
PAY411895,C101523,CARD201416,2026-04-02,7411.0,6116.95,Partial,42
PAY411896,C103453,CARD207737,2026-02-01,6468.95,6468.95,Late,4
PAY411897,C107938,CARD200247,2025-01-09,7876.23,7876.23,On Time,0
PAY411898,C108197,CARD200627,2026-04-12,6305.94,6305.94,On Time,0
PAY411899,C100931,CARD205889,2026-01-19,4478.95,4478.95,On Time,0
PAY411900,C107826,CARD204810,2025-02-09,12533.62,12533.62,On Time,0
PAY411901,C106197,CARD201700,2026-05-24,4795.21,422.54,Missed,66
PAY411902,C105480,CARD210794,2025-07-17,3140.43,3140.43,On Time,0
PAY411903,C100201,CARD210351,2026-05-21,16510.72,16510.72,On Time,0
PAY411904,C107748,CARD208927,2026-03-04,2218.28,2218.28,On Time,0
PAY411905,C101214,CARD204858,2025-12-13,3630.44,3630.44,On Time,0
PAY411906,C100729,CARD206829,2025-08-23,17974.69,17974.69,On Time,0
PAY411907,C101189,CARD205280,2026-08-10,1418.21,1418.21,On Time,0
PAY411908,C107919,CARD201421,2025-07-28,8463.91,8463.91,On Time,0
PAY411909,C102863,CARD206561,2026-03-06,4461.95,4461.95,Late,15
PAY411910,C103271,CARD207775,2025-07-23,17596.79,17596.79,Late,9
PAY411911,C104913,CARD209600,2025-04-02,9504.7,9504.7,On Time,0
PAY411912,C106862,CARD211841,2025-03-22,9416.4,9416.4,On Time,0
PAY411913,C106798,CARD203152,2025-01-27,6926.53,6926.53,On Time,0
PAY411914,C102924,CARD209166,2026-06-18,10563.96,1230.69,Missed,40
PAY411915,C101000,CARD206905,2026-06-23,11483.41,4.66,Missed,108
PAY411916,C104373,CARD206597,2026-07-10,17727.43,17727.43,On Time,0
PAY411917,C104701,CARD209717,2026-02-19,2523.95,2523.95,Late,21
PAY411918,C103984,CARD207317,2025-12-01,9925.79,1320.38,Missed,66
PAY411919,C102236,CARD211442,2026-05-26,7691.53,7691.53,Late,27
PAY411920,C101419,CARD210603,2026-01-18,3848.92,3848.92,Late,11
PAY411921,C109982,CARD200276,2025-04-25,11491.13,11491.13,Late,20
PAY411922,C108571,CARD208529,2025-08-21,3080.1,3080.1,On Time,0
PAY411923,C101528,CARD208203,2026-04-13,1808.58,1808.58,On Time,0
PAY411924,C101265,CARD202081,2025-09-12,3699.38,3699.38,On Time,0
PAY411925,C109273,CARD203201,2026-02-09,5013.35,5013.35,On Time,0
PAY411926,C102550,CARD210228,2025-02-20,4550.73,4550.73,On Time,0
PAY411927,C109312,CARD210638,2026-03-03,2946.3,2946.3,On Time,0
PAY411928,C109434,CARD209808,2026-01-10,10389.08,10389.08,On Time,0
PAY411929,C103525,CARD211280,2025-11-22,28431.5,28431.5,On Time,0
PAY411930,C106753,CARD200561,2026-08-24,7498.24,7498.24,On Time,0
PAY411931,C107239,CARD205847,2025-07-30,1306.09,1306.09,On Time,0
PAY411932,C104019,CARD204057,2025-11-08,1056.26,1056.26,Late,7
PAY411933,C106919,CARD202100,2025-02-09,7831.33,7831.33,On Time,0
PAY411934,C106783,CARD206123,2026-06-14,2643.5,2643.5,On Time,0
PAY411935,C108133,CARD202757,2025-10-17,7500.07,2367.08,Partial,54
PAY411936,C108224,CARD207585,2025-06-14,8088.27,1651.11,Partial,58
PAY411937,C105695,CARD207864,2026-08-03,7561.05,7561.05,On Time,0
PAY411938,C109282,CARD204450,2026-03-24,2043.45,2043.45,On Time,0
PAY411939,C109002,CARD210834,2026-08-29,6565.52,852.3,Missed,117
PAY411940,C104012,CARD200280,2026-05-31,6336.16,6336.16,On Time,0
PAY411941,C106900,CARD209178,2026-01-03,2461.46,2461.46,On Time,0
PAY411942,C102533,CARD203558,2025-10-12,21324.97,21324.97,On Time,0
PAY411943,C101962,CARD206911,2026-02-14,16902.8,16902.8,On Time,0
PAY411944,C104804,CARD202944,2026-07-05,9026.85,9026.85,On Time,0
PAY411945,C105125,CARD200880,2025-10-09,6810.3,6810.3,On Time,0
PAY411946,C101116,CARD208114,2025-10-24,7399.67,7399.67,On Time,0
PAY411947,C108521,CARD209067,2026-04-18,7550.42,4479.24,Partial,55
PAY411948,C102895,CARD202003,2025-04-23,5192.92,5192.92,On Time,0
PAY411949,C103209,CARD205104,2026-08-03,20178.22,20178.22,On Time,0
PAY411950,C107426,CARD208668,2025-07-10,2790.23,2790.23,On Time,0
PAY411951,C100448,CARD208097,2025-11-29,6536.31,6536.31,On Time,0
PAY411952,C105953,CARD211830,2026-02-01,7801.22,7801.22,On Time,0
PAY411953,C106433,CARD205409,2025-09-29,2509.81,2509.81,Late,21
PAY411954,C105469,CARD210757,2026-08-17,20887.55,20887.55,Late,26
PAY411955,C109245,CARD208863,2026-07-22,7252.09,7252.09,On Time,0
PAY411956,C107910,CARD202089,2025-03-10,4591.25,1279.96,Partial,9
PAY411957,C100695,CARD204770,2026-07-30,24764.67,24764.67,On Time,0
PAY411958,C109084,CARD211803,2026-06-20,15915.01,15915.01,On Time,0
PAY411959,C106032,CARD202588,2025-01-18,14652.81,14652.81,Late,26
PAY411960,C101990,CARD202508,2025-03-23,5808.34,5808.34,Late,26
PAY411961,C104194,CARD207372,2026-08-25,4265.71,4265.71,On Time,0
PAY411962,C105355,CARD201029,2026-04-02,13717.38,13717.38,On Time,0
PAY411963,C100071,CARD200079,2026-02-14,6271.35,6271.35,On Time,0
PAY411964,C100638,CARD210817,2025-03-18,5726.84,5726.84,Late,2
PAY411965,C105377,CARD203490,2025-09-17,10133.85,10133.85,On Time,0
PAY411966,C103705,CARD201977,2026-07-02,7916.5,7916.5,Late,14
PAY411967,C105241,CARD200970,2025-02-11,4168.73,4168.73,Late,4
PAY411968,C106502,CARD207807,2026-08-19,6804.37,6804.37,On Time,0
PAY411969,C105335,CARD201079,2026-08-30,1782.14,1782.14,On Time,0
PAY411970,C102498,CARD210516,2026-07-05,4178.94,4178.94,On Time,0
PAY411971,C107823,CARD206653,2026-06-26,15265.11,15265.11,On Time,0
PAY411972,C106373,CARD209027,2025-03-18,13118.67,13118.67,On Time,0
PAY411973,C103003,CARD205915,2025-05-10,16661.76,16661.76,On Time,0
PAY411974,C108350,CARD204223,2026-04-01,10081.72,10081.72,On Time,0
PAY411975,C107644,CARD204078,2026-01-03,2659.4,2659.4,On Time,0
PAY411976,C101921,CARD204538,2025-02-25,8695.07,8695.07,Late,8
PAY411977,C106196,CARD202586,2026-01-01,8901.15,8901.15,On Time,0
PAY411978,C103360,CARD210508,2025-05-16,8305.78,3980.04,Partial,51
PAY411979,C100488,CARD204072,2026-08-25,19029.86,5174.87,Partial,8
PAY411980,C108301,CARD210108,2026-01-11,7395.4,7395.4,On Time,0
PAY411981,C102676,CARD204984,2026-08-11,3679.72,3679.72,On Time,0
PAY411982,C109537,CARD210991,2026-02-04,10922.54,10922.54,On Time,0
PAY411983,C107658,CARD202455,2025-06-29,4782.91,4782.91,On Time,0
PAY411984,C100869,CARD205341,2026-03-10,8077.3,8077.3,On Time,0
PAY411985,C106561,CARD201500,2025-01-30,11881.56,11881.56,On Time,0
PAY411986,C102930,CARD202174,2025-05-16,2129.66,2129.66,On Time,0
PAY411987,C106919,CARD202100,2026-06-16,6815.39,3561.27,Partial,59
PAY411988,C104293,CARD203250,2026-01-05,4835.61,4835.61,On Time,0
PAY411989,C106485,CARD207577,2025-04-21,13365.55,13365.55,On Time,0
PAY411990,C106239,CARD202249,2025-08-24,4747.92,4747.92,On Time,0
PAY411991,C102685,CARD206084,2026-08-22,13419.78,13419.78,On Time,0
PAY411992,C100956,CARD206766,2025-03-11,10209.26,10209.26,On Time,0
PAY411993,C100037,CARD206362,2025-06-06,3447.39,2644.22,Partial,7
PAY411994,C102603,CARD203658,2026-03-29,19090.94,19090.94,On Time,0
PAY411995,C102863,CARD206981,2025-12-09,4912.36,4912.36,On Time,0
PAY411996,C100653,CARD205340,2026-02-27,18597.44,18597.44,On Time,0
PAY411997,C107423,CARD211329,2025-05-14,11443.71,11443.71,On Time,0
PAY411998,C103110,CARD211669,2025-08-12,5250.81,4132.82,Partial,54
PAY411999,C108054,CARD205537,2026-08-07,18149.3,18149.3,On Time,0
PAY412000,C100979,CARD211260,2026-07-13,12858.13,12858.13,On Time,0
PAY412001,C103465,CARD204424,2026-02-18,1704.99,1704.99,On Time,0
PAY412002,C104152,CARD201812,2025-01-19,3164.32,3164.32,Late,23
PAY412003,C104231,CARD211902,2026-03-20,4533.99,4533.99,On Time,0
PAY412004,C103584,CARD209326,2025-01-10,11820.15,11820.15,On Time,0
PAY412005,C100745,CARD205371,2025-08-07,5825.78,5825.78,Late,30
PAY412006,C109887,CARD207883,2025-11-11,3632.34,3632.34,On Time,0
PAY412007,C100175,CARD209483,2026-04-15,2010.61,2010.61,On Time,0
PAY412008,C108320,CARD203299,2026-04-14,2418.43,2418.43,On Time,0
PAY412009,C108372,CARD206469,2026-08-21,5451.81,5451.81,Late,8
PAY412010,C109287,CARD203077,2025-07-01,12322.76,12322.76,Late,27
PAY412011,C104091,CARD201005,2025-08-22,5678.1,5678.1,On Time,0
PAY412012,C106732,CARD211942,2026-01-11,6487.75,4435.54,Partial,36
PAY412013,C100436,CARD209465,2026-03-17,8412.11,8412.11,On Time,0
PAY412014,C103207,CARD210458,2025-10-13,6380.99,6380.99,On Time,0
PAY412015,C104704,CARD207275,2025-10-28,3182.13,3182.13,On Time,0
PAY412016,C109431,CARD210872,2025-01-09,5518.97,5518.97,On Time,0
PAY412017,C109220,CARD202853,2025-02-24,6070.57,6070.57,On Time,0
PAY412018,C107398,CARD209605,2026-08-14,3391.74,3391.74,On Time,0
PAY412019,C109707,CARD200217,2026-08-22,2161.01,2161.01,On Time,0
PAY412020,C104159,CARD203937,2025-10-25,4173.9,4173.9,On Time,0
PAY412021,C109482,CARD208696,2026-04-17,6844.62,6844.62,On Time,0
PAY412022,C101861,CARD210422,2025-04-22,6029.97,6029.97,On Time,0
PAY412023,C101853,CARD200467,2026-07-14,5079.95,5079.95,On Time,0
PAY412024,C105770,CARD209623,2026-06-09,5522.24,5522.24,On Time,0
PAY412025,C107991,CARD200249,2025-11-14,3912.55,3912.55,On Time,0
PAY412026,C103939,CARD211850,2025-10-30,6132.65,6132.65,On Time,0
PAY412027,C104822,CARD206266,2026-01-30,6571.21,6571.21,On Time,0
PAY412028,C105438,CARD200817,2026-04-29,10921.07,10921.07,On Time,0
PAY412029,C100625,CARD211526,2026-03-10,1434.61,1434.61,On Time,0
PAY412030,C101422,CARD201650,2025-07-15,6557.36,6557.36,On Time,0
PAY412031,C101185,CARD204285,2025-10-18,9324.95,9324.95,On Time,0
PAY412032,C102121,CARD205061,2026-05-24,3079.27,1242.69,Partial,60
PAY412033,C104681,CARD210118,2025-10-29,19149.02,19149.02,On Time,0
PAY412034,C107174,CARD201200,2025-11-12,2465.23,2465.23,Late,13
PAY412035,C109847,CARD205346,2026-03-09,10950.95,10950.95,On Time,0
PAY412036,C107654,CARD204203,2025-12-26,5765.26,5765.26,On Time,0
PAY412037,C103475,CARD202940,2026-02-06,7815.52,7815.52,On Time,0
PAY412038,C104659,CARD200750,2025-03-25,9525.0,9525.0,On Time,0
PAY412039,C101384,CARD205200,2026-08-06,10541.54,8923.48,Partial,34
PAY412040,C105212,CARD211699,2025-10-19,2785.96,2785.96,On Time,0
PAY412041,C108455,CARD211305,2025-07-02,9895.16,9895.16,On Time,0
PAY412042,C104346,CARD205396,2026-03-01,12969.36,12969.36,On Time,0
PAY412043,C108496,CARD206165,2025-04-11,16584.34,16584.34,On Time,0
PAY412044,C105902,CARD211858,2025-11-25,11406.95,6377.71,Partial,46
PAY412045,C101873,CARD204924,2025-04-03,4638.26,4638.26,On Time,0
PAY412046,C108211,CARD207526,2026-03-04,7398.93,7398.93,On Time,0
PAY412047,C103390,CARD207646,2025-12-10,6883.31,6883.31,Late,15
PAY412048,C106612,CARD211251,2025-05-25,6673.56,6673.56,On Time,0
PAY412049,C107911,CARD209788,2025-06-05,8070.35,8070.35,On Time,0
PAY412050,C100318,CARD206630,2025-12-30,14130.97,14130.97,On Time,0
PAY412051,C108694,CARD200291,2026-05-21,9881.88,5149.18,Partial,27
PAY412052,C101002,CARD202276,2026-02-07,9201.45,9201.45,On Time,0
PAY412053,C105014,CARD209124,2025-12-17,5886.66,5886.66,Late,5
PAY412054,C100797,CARD202680,2025-11-29,13024.34,8597.12,Partial,23
PAY412055,C104580,CARD204255,2025-04-06,2770.92,2770.92,On Time,0
PAY412056,C102735,CARD207710,2026-07-18,9073.23,9073.23,On Time,0
PAY412057,C105539,CARD210783,2026-02-16,3978.4,3978.4,Late,30
PAY412058,C101709,CARD209251,2025-09-05,1000.0,1000.0,On Time,0
PAY412059,C109857,CARD207469,2026-08-12,2377.71,2377.71,On Time,0
PAY412060,C106664,CARD208034,2026-08-04,3893.59,3893.59,On Time,0
PAY412061,C101129,CARD203212,2025-12-27,8879.85,8879.85,On Time,0
PAY412062,C109793,CARD207653,2025-04-13,12127.56,12127.56,On Time,0
PAY412063,C108911,CARD201119,2025-04-22,4146.8,4146.8,Late,4
PAY412064,C106459,CARD200428,2025-12-01,13018.63,13018.63,Late,13
PAY412065,C104734,CARD207768,2025-10-24,8444.26,8444.26,Late,15
PAY412066,C108566,CARD209584,2025-12-21,3122.72,3122.72,On Time,0
PAY412067,C107794,CARD200134,2025-10-12,1650.45,1650.45,On Time,0
PAY412068,C107063,CARD208176,2025-06-16,5808.92,5808.92,On Time,0
PAY412069,C109130,CARD201892,2025-09-19,4804.16,4804.16,On Time,0
PAY412070,C102315,CARD203706,2026-07-05,4758.67,4758.67,On Time,0
PAY412071,C108456,CARD208262,2026-02-24,2727.37,580.32,Partial,58
PAY412072,C109046,CARD207571,2025-07-07,4253.86,4253.86,On Time,0
PAY412073,C102778,CARD206281,2025-03-26,11571.83,11571.83,On Time,0
PAY412074,C103386,CARD210641,2025-05-04,3545.35,3545.35,On Time,0
PAY412075,C105498,CARD208923,2025-07-25,3804.5,3804.5,On Time,0
PAY412076,C107048,CARD204447,2025-08-15,9618.67,9618.67,On Time,0
PAY412077,C105406,CARD203857,2025-07-31,8491.44,8491.44,On Time,0
PAY412078,C102235,CARD201442,2025-07-12,11771.81,11771.81,On Time,0
PAY412079,C103204,CARD203521,2025-07-23,2496.01,1352.55,Partial,44
PAY412080,C104000,CARD204228,2025-11-25,1694.12,1694.12,On Time,0
PAY412081,C104650,CARD209646,2026-02-10,3376.01,3376.01,On Time,0
PAY412082,C109015,CARD210338,2026-05-27,11526.16,11526.16,On Time,0
PAY412083,C102901,CARD211059,2025-09-23,4092.71,4092.71,On Time,0
PAY412084,C105425,CARD204344,2025-06-24,9430.9,9430.9,Late,9
PAY412085,C108013,CARD207308,2026-05-21,3349.57,3349.57,On Time,0
PAY412086,C106347,CARD204001,2025-06-13,6224.82,3571.33,Partial,50
PAY412087,C109297,CARD206326,2026-05-19,7915.08,7915.08,On Time,0
PAY412088,C109887,CARD207883,2025-03-21,3723.46,2696.26,Partial,52
PAY412089,C104341,CARD210231,2026-08-21,1487.68,1487.68,On Time,0
PAY412090,C105442,CARD205261,2026-03-25,5053.46,357.45,Missed,65
PAY412091,C109291,CARD200800,2026-03-21,7462.06,3516.94,Partial,18
PAY412092,C107477,CARD208672,2026-08-17,15923.41,15923.41,Late,24
PAY412093,C102730,CARD209971,2025-12-13,8339.11,8339.11,On Time,0
PAY412094,C104334,CARD201904,2026-02-11,7261.69,7261.69,On Time,0
PAY412095,C106363,CARD204899,2025-08-28,6184.01,6184.01,On Time,0
PAY412096,C107193,CARD210130,2026-04-24,7974.12,7974.12,On Time,0
PAY412097,C107885,CARD204721,2026-07-28,3157.21,3157.21,On Time,0
PAY412098,C106117,CARD206526,2026-02-26,3807.09,3807.09,On Time,0
PAY412099,C105971,CARD203747,2025-10-06,3206.76,3206.76,On Time,0
PAY412100,C100504,CARD206417,2025-08-21,1023.33,1023.33,On Time,0
PAY412101,C106782,CARD205702,2025-06-18,4281.56,4281.56,Late,19
PAY412102,C101197,CARD209933,2026-07-19,2201.03,2201.03,On Time,0
PAY412103,C104710,CARD206234,2025-08-23,19052.86,19052.86,On Time,0
PAY412104,C103424,CARD202996,2025-01-29,16866.67,16866.67,On Time,0
PAY412105,C106578,CARD200242,2025-10-06,1987.48,1987.48,On Time,0
PAY412106,C100960,CARD211007,2026-02-15,5304.43,5304.43,On Time,0
PAY412107,C106798,CARD203152,2025-09-23,9779.76,9779.76,Late,13
PAY412108,C102920,CARD205425,2025-09-18,5136.17,5136.17,On Time,0
PAY412109,C108580,CARD207912,2025-01-08,5110.34,5110.34,On Time,0
PAY412110,C105340,CARD209746,2025-11-19,8190.18,8190.18,On Time,0
PAY412111,C100878,CARD211732,2025-12-27,9334.53,9334.53,On Time,0
PAY412112,C104322,CARD209984,2025-08-18,16112.59,16112.59,On Time,0
PAY412113,C105182,CARD207532,2025-09-23,18534.89,18534.89,On Time,0
PAY412114,C108714,CARD205798,2026-02-14,5098.43,5098.43,On Time,0
PAY412115,C104936,CARD203454,2026-06-13,18319.98,18319.98,On Time,0
PAY412116,C107887,CARD202185,2025-01-29,5173.93,5173.93,Late,21
PAY412117,C103269,CARD203524,2025-10-02,8325.92,8325.92,On Time,0
PAY412118,C105354,CARD207742,2026-01-20,11983.34,11983.34,On Time,0
PAY412119,C104057,CARD203125,2026-01-15,7237.91,7237.91,On Time,0
PAY412120,C109866,CARD203261,2026-07-17,2919.04,2919.04,On Time,0
PAY412121,C108430,CARD205919,2026-05-22,3884.98,3884.98,On Time,0
PAY412122,C102626,CARD208714,2025-01-05,3599.4,3599.4,On Time,0
PAY412123,C102429,CARD202009,2025-01-08,11855.92,11855.92,On Time,0
PAY412124,C103167,CARD207722,2025-07-21,7950.96,7950.96,On Time,0
PAY412125,C109240,CARD202958,2025-10-25,5516.72,5516.72,On Time,0
PAY412126,C104372,CARD209981,2026-01-06,2650.93,2650.93,Late,13
PAY412127,C105398,CARD201095,2025-04-29,11796.86,11796.86,On Time,0
PAY412128,C106571,CARD201893,2025-06-14,2226.59,2226.59,On Time,0
PAY412129,C106710,CARD205226,2025-10-25,4394.6,4394.6,On Time,0
PAY412130,C104550,CARD209372,2025-05-14,13800.02,13800.02,On Time,0
PAY412131,C107930,CARD201657,2026-05-18,2337.2,2337.2,Late,14
PAY412132,C100466,CARD207452,2025-04-20,6983.62,6983.62,Late,6
PAY412133,C108311,CARD205782,2025-08-01,2572.97,2572.97,On Time,0
PAY412134,C101697,CARD210549,2026-03-25,11779.09,11779.09,Late,20
PAY412135,C108052,CARD208219,2025-09-15,13754.74,13754.74,Late,27
PAY412136,C107108,CARD209191,2025-03-02,11843.56,11843.56,On Time,0
PAY412137,C108309,CARD210476,2025-09-26,9861.97,9861.97,On Time,0
PAY412138,C108160,CARD210601,2025-09-11,4127.54,4127.54,On Time,0
PAY412139,C103268,CARD200581,2026-05-06,8219.23,5473.79,Partial,18
PAY412140,C101418,CARD211874,2025-12-06,14601.19,14601.19,On Time,0
PAY412141,C109334,CARD201718,2025-02-26,11069.35,11069.35,On Time,0
PAY412142,C104729,CARD203642,2026-02-10,3549.75,3549.75,On Time,0
PAY412143,C108676,CARD201908,2025-08-05,6982.01,3480.19,Partial,44
PAY412144,C108801,CARD208482,2026-02-16,2074.25,2074.25,On Time,0
PAY412145,C104020,CARD201271,2026-06-09,1030.49,1030.49,On Time,0
PAY412146,C108532,CARD210884,2025-03-29,6022.81,6022.81,On Time,0
PAY412147,C100061,CARD206405,2026-04-02,5529.06,2415.91,Partial,4
PAY412148,C101814,CARD211908,2026-04-30,4665.82,4665.82,On Time,0
PAY412149,C104652,CARD207172,2025-09-15,4250.64,4250.64,On Time,0
PAY412150,C101347,CARD209058,2025-01-28,4080.04,4080.04,On Time,0
PAY412151,C104959,CARD203279,2025-12-30,2577.92,2577.92,On Time,0
PAY412152,C102750,CARD201367,2025-12-16,8283.28,8283.28,On Time,0
PAY412153,C106240,CARD201544,2025-07-08,3206.15,3206.15,On Time,0
PAY412154,C106230,CARD205532,2026-03-16,10633.16,10633.16,On Time,0
PAY412155,C108415,CARD200799,2026-01-02,3278.18,477.81,Missed,83
PAY412156,C105590,CARD207713,2026-03-29,5780.37,4888.18,Partial,18
PAY412157,C101032,CARD211961,2025-01-05,20244.86,20244.86,On Time,0
PAY412158,C104487,CARD208686,2025-05-04,10131.76,10131.76,On Time,0
PAY412159,C106340,CARD204486,2026-07-20,6261.9,6261.9,On Time,0
PAY412160,C107399,CARD207036,2025-06-16,2309.35,2309.35,Late,27
PAY412161,C100863,CARD203435,2026-06-18,4454.46,4454.46,On Time,0
PAY412162,C109067,CARD209337,2025-01-31,29914.4,29914.4,On Time,0
PAY412163,C105222,CARD208063,2026-07-21,8228.35,8228.35,On Time,0
PAY412164,C108969,CARD210162,2026-06-27,3536.55,793.16,Partial,37
PAY412165,C102240,CARD205891,2025-05-19,6658.6,6658.6,On Time,0
PAY412166,C101632,CARD206116,2026-04-03,3943.65,3943.65,On Time,0
PAY412167,C104789,CARD204663,2026-03-19,9048.52,9048.52,On Time,0
PAY412168,C106930,CARD208294,2025-10-03,4210.68,4210.68,On Time,0
PAY412169,C100768,CARD211252,2025-12-27,3956.62,3956.62,Late,26
PAY412170,C107604,CARD208842,2025-08-23,2012.9,2012.9,On Time,0
PAY412171,C101967,CARD200104,2026-06-30,4661.19,4661.19,On Time,0
PAY412172,C108488,CARD210624,2026-03-28,3332.88,1047.39,Partial,56
PAY412173,C109542,CARD200652,2025-06-16,13282.93,13282.93,On Time,0
PAY412174,C106245,CARD206447,2025-03-23,5270.43,94.91,Missed,92
PAY412175,C104260,CARD200991,2026-08-19,5100.97,5100.97,On Time,0
PAY412176,C103082,CARD210443,2026-04-23,5587.4,5587.4,Late,4
PAY412177,C100530,CARD200223,2025-08-05,15413.8,15413.8,On Time,0
PAY412178,C105973,CARD201306,2026-03-07,2448.93,2448.93,On Time,0
PAY412179,C104999,CARD208553,2025-11-04,14378.6,14378.6,Late,6
PAY412180,C107591,CARD211391,2025-01-17,4330.35,4330.35,On Time,0
PAY412181,C100933,CARD207184,2026-01-29,7421.26,7421.26,On Time,0
PAY412182,C108581,CARD202239,2025-11-02,9527.45,9527.45,On Time,0
PAY412183,C103022,CARD210470,2025-11-14,10383.16,10383.16,On Time,0
PAY412184,C109972,CARD205984,2026-01-01,16051.73,8077.34,Partial,2
PAY412185,C102946,CARD209173,2026-05-05,3032.23,3032.23,On Time,0
PAY412186,C108216,CARD211094,2026-03-25,3364.16,3364.16,On Time,0
PAY412187,C106392,CARD201992,2026-04-15,6516.64,6516.64,On Time,0
PAY412188,C101455,CARD210161,2025-05-08,3590.17,1130.71,Partial,6
PAY412189,C105997,CARD204945,2026-05-13,3989.51,3989.51,On Time,0
PAY412190,C101204,CARD209634,2025-01-26,20908.68,20908.68,On Time,0
PAY412191,C100547,CARD203211,2025-02-25,2825.31,2825.31,On Time,0
PAY412192,C109905,CARD209574,2025-09-19,2633.34,565.1,Partial,38
PAY412193,C107944,CARD210189,2026-03-19,4008.2,4008.2,On Time,0
PAY412194,C107954,CARD204848,2026-06-15,2748.05,1024.88,Partial,4
PAY412195,C102597,CARD207778,2025-05-07,4412.86,4412.86,Late,26
PAY412196,C105742,CARD203934,2025-01-21,7759.11,7759.11,On Time,0
PAY412197,C103979,CARD206781,2025-01-14,5174.62,5174.62,On Time,0
PAY412198,C108587,CARD204654,2026-08-05,10698.97,10698.97,On Time,0
PAY412199,C101671,CARD210569,2025-02-25,7222.34,7222.34,On Time,0
PAY412200,C102899,CARD203065,2025-08-26,14725.57,14725.57,On Time,0
PAY412201,C109309,CARD206516,2026-05-26,4989.0,4989.0,On Time,0
PAY412202,C102421,CARD209035,2026-05-09,13435.44,13435.44,Late,30
PAY412203,C107362,CARD210194,2026-05-23,10086.82,10086.82,On Time,0
PAY412204,C103560,CARD205057,2026-03-22,6695.24,6695.24,On Time,0
PAY412205,C106311,CARD206175,2025-01-28,4270.94,4270.94,Late,15
PAY412206,C103761,CARD207309,2026-07-20,5379.42,5379.42,On Time,0
PAY412207,C101376,CARD207321,2025-05-21,2915.86,2915.86,On Time,0
PAY412208,C100579,CARD204260,2026-05-27,15827.89,15827.89,On Time,0
PAY412209,C107269,CARD202019,2025-11-17,8297.51,8297.51,On Time,0
PAY412210,C105434,CARD207752,2025-06-11,6015.83,6015.83,On Time,0
PAY412211,C102567,CARD208162,2026-06-08,5535.59,5535.59,On Time,0
PAY412212,C109391,CARD209010,2026-01-18,7695.81,7695.81,On Time,0
PAY412213,C109374,CARD204429,2025-08-14,8258.67,8258.67,Late,24
PAY412214,C109278,CARD205810,2025-09-03,4283.05,4283.05,Late,18
PAY412215,C108749,CARD206549,2025-01-12,1838.29,1838.29,On Time,0
PAY412216,C105551,CARD211818,2025-09-26,14879.62,14879.62,On Time,0
PAY412217,C108440,CARD201325,2025-08-11,19227.37,19227.37,On Time,0
PAY412218,C104913,CARD208597,2025-07-12,4687.43,4687.43,On Time,0
PAY412219,C102021,CARD210336,2025-06-16,2574.53,2574.53,On Time,0
PAY412220,C107865,CARD207916,2025-10-02,1027.79,1027.79,On Time,0
PAY412221,C109216,CARD203833,2026-07-19,2258.19,1153.22,Partial,37
PAY412222,C100524,CARD202582,2026-07-10,5159.12,5159.12,Late,29
PAY412223,C103714,CARD210278,2025-04-14,10004.04,10004.04,On Time,0
PAY412224,C105628,CARD201052,2026-04-21,3815.19,3815.19,On Time,0
PAY412225,C108106,CARD208676,2026-03-20,2365.32,2365.32,On Time,0
PAY412226,C107074,CARD203863,2025-12-10,4540.43,2925.97,Partial,16
PAY412227,C107897,CARD210801,2026-04-13,7941.51,7941.51,On Time,0
PAY412228,C100251,CARD206410,2025-11-29,4041.48,4041.48,Late,24
PAY412229,C103071,CARD207948,2025-01-29,8175.54,8175.54,On Time,0
PAY412230,C100479,CARD208555,2025-08-18,1551.35,1038.38,Partial,60
PAY412231,C103905,CARD203038,2025-07-12,21044.42,17320.63,Partial,58
PAY412232,C104346,CARD201422,2026-01-21,16149.9,16149.9,On Time,0
PAY412233,C103675,CARD211934,2025-06-05,4473.56,4473.56,On Time,0
PAY412234,C104299,CARD210751,2026-06-27,5088.83,5088.83,On Time,0
PAY412235,C107305,CARD205197,2026-02-24,6547.66,6547.66,On Time,0
PAY412236,C103878,CARD203898,2026-03-12,3600.45,3600.45,On Time,0
PAY412237,C109498,CARD206800,2026-06-07,1180.11,1180.11,On Time,0
PAY412238,C100650,CARD204668,2025-01-09,9697.12,9697.12,On Time,0
PAY412239,C107770,CARD210850,2025-08-22,3519.1,3519.1,Late,1
PAY412240,C106252,CARD211973,2026-08-18,22423.34,22423.34,Late,29
PAY412241,C101654,CARD206431,2025-06-02,6723.56,6723.56,Late,9
PAY412242,C104079,CARD210191,2026-04-15,18449.88,18449.88,On Time,0
PAY412243,C108812,CARD206061,2026-01-13,3273.08,3273.08,Late,15
PAY412244,C103285,CARD204254,2026-02-27,5065.18,5065.18,On Time,0
PAY412245,C101817,CARD209137,2025-11-27,8566.96,8566.96,On Time,0
PAY412246,C102115,CARD206352,2026-06-09,4192.13,4192.13,On Time,0
PAY412247,C105540,CARD211820,2026-05-22,1495.19,1495.19,On Time,0
PAY412248,C109252,CARD210546,2026-07-15,11575.47,11575.47,On Time,0
PAY412249,C107808,CARD208131,2025-09-04,14745.76,14745.76,Late,28
PAY412250,C104070,CARD207340,2025-06-21,13532.04,13532.04,On Time,0
PAY412251,C108340,CARD210815,2026-04-27,15499.73,15499.73,On Time,0
PAY412252,C108237,CARD203472,2026-04-25,4360.4,234.32,Missed,69
PAY412253,C108444,CARD205769,2026-03-05,8719.24,3950.23,Partial,33
PAY412254,C103960,CARD205907,2025-05-28,5035.45,5035.45,On Time,0
PAY412255,C102177,CARD203111,2026-04-05,5356.65,669.75,Missed,111
PAY412256,C103128,CARD204179,2026-07-05,1741.32,1741.32,On Time,0
PAY412257,C100156,CARD211773,2025-10-11,13274.64,13274.64,On Time,0
PAY412258,C102428,CARD204274,2025-11-13,44019.07,44019.07,On Time,0
PAY412259,C103602,CARD205044,2026-08-21,4930.16,4930.16,Late,17
PAY412260,C105602,CARD201328,2025-07-10,14919.51,14919.51,On Time,0
PAY412261,C109615,CARD200101,2025-06-10,7640.73,7640.73,Late,19
PAY412262,C100579,CARD204260,2025-01-11,3416.96,3416.96,On Time,0
PAY412263,C107050,CARD201581,2026-02-17,7975.99,423.36,Missed,69
PAY412264,C109434,CARD209808,2026-02-08,2703.95,2703.95,On Time,0
PAY412265,C105680,CARD210230,2025-07-10,22103.61,22103.61,On Time,0
PAY412266,C106174,CARD205069,2025-03-16,6101.49,6101.49,On Time,0
PAY412267,C107936,CARD201489,2025-06-08,4925.59,4925.59,On Time,0
PAY412268,C105755,CARD206383,2025-08-14,13279.15,13279.15,Late,21
PAY412269,C102836,CARD203127,2026-01-17,2305.44,2305.44,On Time,0
PAY412270,C102024,CARD210833,2026-08-19,11575.07,11575.07,On Time,0
PAY412271,C104652,CARD207172,2025-07-09,10561.59,10561.59,On Time,0
PAY412272,C108612,CARD202615,2026-03-04,11228.97,1614.05,Missed,109
PAY412273,C103182,CARD205642,2026-01-05,5692.55,5692.55,On Time,0
PAY412274,C100037,CARD201937,2025-02-02,3605.15,3605.15,On Time,0
PAY412275,C103219,CARD205314,2025-08-18,2430.5,2430.5,On Time,0
PAY412276,C106685,CARD210887,2025-03-04,3266.7,3266.7,On Time,0
PAY412277,C100013,CARD211522,2025-02-17,8033.4,8033.4,On Time,0
PAY412278,C108897,CARD208798,2025-11-13,3993.42,3993.42,On Time,0
PAY412279,C104158,CARD201476,2025-09-08,2815.91,2815.91,On Time,0
PAY412280,C108356,CARD210930,2026-03-22,3451.47,3451.47,On Time,0
PAY412281,C107807,CARD208878,2026-01-28,12016.27,12016.27,On Time,0
PAY412282,C104437,CARD201030,2025-03-06,4974.82,4974.82,On Time,0
PAY412283,C102598,CARD211450,2026-03-10,2600.27,2600.27,On Time,0
PAY412284,C101804,CARD208128,2026-03-23,4898.49,631.37,Missed,83
PAY412285,C106476,CARD204431,2025-09-08,8142.52,8142.52,On Time,0
PAY412286,C106010,CARD208179,2026-03-06,8277.43,8277.43,On Time,0
PAY412287,C106898,CARD211306,2026-01-08,2808.78,2808.78,On Time,0
PAY412288,C106310,CARD209460,2025-01-23,5541.22,5541.22,On Time,0
PAY412289,C106976,CARD204244,2026-02-09,4043.32,4043.32,On Time,0
PAY412290,C100050,CARD206565,2026-05-17,5379.16,5379.16,On Time,0
PAY412291,C105125,CARD200880,2025-09-16,2980.08,2980.08,Late,24
PAY412292,C104747,CARD210967,2025-02-03,9378.78,9378.78,On Time,0
PAY412293,C100314,CARD201183,2025-12-18,14294.15,14294.15,Late,3
PAY412294,C103176,CARD207264,2025-09-28,3184.57,3184.57,Late,12
PAY412295,C105630,CARD206864,2025-10-17,4178.27,4178.27,On Time,0
PAY412296,C100714,CARD209309,2025-01-14,6327.21,6327.21,On Time,0
PAY412297,C107992,CARD207648,2025-01-12,3891.71,3891.71,On Time,0
PAY412298,C102426,CARD200275,2025-07-02,4917.87,4917.87,On Time,0
PAY412299,C105283,CARD203417,2025-04-16,11163.27,11163.27,Late,21
PAY412300,C105263,CARD204881,2025-01-10,1609.4,1609.4,Late,4
PAY412301,C107896,CARD209428,2025-12-28,2924.74,2924.74,On Time,0
PAY412302,C102852,CARD206713,2026-03-09,1916.25,1916.25,On Time,0
PAY412303,C103732,CARD211356,2026-05-31,4933.48,4933.48,On Time,0
PAY412304,C107171,CARD207252,2025-12-02,2747.29,2747.29,On Time,0
PAY412305,C104473,CARD208505,2025-02-16,7644.84,7644.84,On Time,0
PAY412306,C101639,CARD202741,2025-04-25,2948.34,2948.34,On Time,0
PAY412307,C106567,CARD211056,2025-12-09,8610.69,8610.69,On Time,0
PAY412308,C106173,CARD211350,2026-06-27,3228.54,3228.54,On Time,0
PAY412309,C107398,CARD209605,2025-12-10,7698.71,7698.71,On Time,0
PAY412310,C103121,CARD205171,2026-07-02,4932.68,1888.58,Partial,9
PAY412311,C106441,CARD202659,2026-03-02,10256.66,10256.66,On Time,0
PAY412312,C105239,CARD200155,2026-04-09,4926.27,2136.28,Partial,6
PAY412313,C102845,CARD201875,2026-08-10,9158.0,9158.0,Late,23
PAY412314,C106986,CARD211116,2025-05-13,2313.0,2313.0,On Time,0
PAY412315,C102773,CARD201640,2025-01-21,4692.56,4692.56,On Time,0
PAY412316,C103198,CARD202542,2025-11-05,10123.06,10123.06,Late,11
PAY412317,C101583,CARD205476,2025-10-21,7136.98,7136.98,On Time,0
PAY412318,C107253,CARD206207,2025-05-11,5166.09,2256.76,Partial,16
PAY412319,C109134,CARD206641,2025-07-07,5402.66,5402.66,On Time,0
PAY412320,C107828,CARD208001,2025-06-20,8082.74,8082.74,On Time,0
PAY412321,C101010,CARD210281,2025-10-23,12058.23,12058.23,On Time,0
PAY412322,C106123,CARD200986,2026-04-27,6309.53,6309.53,On Time,0
PAY412323,C105017,CARD209276,2026-08-07,2735.27,2735.27,On Time,0
PAY412324,C104368,CARD206484,2026-07-30,4746.41,4746.41,On Time,0
PAY412325,C103830,CARD201804,2026-08-31,11835.01,11835.01,On Time,0
PAY412326,C101273,CARD205697,2025-02-09,7874.49,4444.42,Partial,22
PAY412327,C105121,CARD204029,2025-05-27,3107.54,3107.54,Late,1
PAY412328,C108273,CARD208007,2025-06-05,10561.23,10561.23,On Time,0
PAY412329,C106453,CARD210861,2026-03-11,7393.87,7393.87,On Time,0
PAY412330,C100599,CARD210822,2025-12-21,12785.57,12785.57,On Time,0
PAY412331,C108631,CARD200348,2025-06-29,6979.79,6979.79,Late,1
PAY412332,C105772,CARD207121,2025-02-13,9368.6,9368.6,On Time,0
PAY412333,C103192,CARD200391,2025-01-28,3051.85,3051.85,On Time,0
PAY412334,C102090,CARD205243,2026-07-01,20341.34,20341.34,On Time,0
PAY412335,C103720,CARD201943,2026-05-12,10550.29,10550.29,Late,21
PAY412336,C103118,CARD209868,2026-07-03,9129.35,9129.35,On Time,0
PAY412337,C105386,CARD203366,2025-02-16,10309.53,10309.53,On Time,0
PAY412338,C102036,CARD209043,2025-12-29,12103.3,2535.07,Partial,55
PAY412339,C101579,CARD203598,2026-07-19,2564.21,2564.21,On Time,0
PAY412340,C102059,CARD206154,2025-10-08,15946.26,1227.93,Missed,76
PAY412341,C106947,CARD203910,2025-11-08,17509.12,17509.12,On Time,0
PAY412342,C107707,CARD206654,2025-12-21,13099.17,13099.17,On Time,0
PAY412343,C108953,CARD209086,2026-03-05,6331.48,6331.48,On Time,0
PAY412344,C108202,CARD209446,2026-06-26,29380.16,29380.16,On Time,0
PAY412345,C104622,CARD201320,2026-04-26,6128.44,6128.44,On Time,0
PAY412346,C108500,CARD202595,2025-05-13,7423.44,7423.44,On Time,0
PAY412347,C109283,CARD201475,2025-03-27,4826.11,2453.97,Partial,10
PAY412348,C107970,CARD207346,2026-06-13,3873.12,3873.12,On Time,0
PAY412349,C100880,CARD205318,2026-07-03,15597.75,15597.75,On Time,0
PAY412350,C108994,CARD202601,2025-12-19,6937.82,6937.82,On Time,0
PAY412351,C104061,CARD203542,2026-08-07,10917.2,10917.2,On Time,0
PAY412352,C105377,CARD203490,2025-05-29,1795.97,28.46,Missed,73
PAY412353,C104885,CARD205809,2026-01-07,8798.78,791.39,Missed,104
PAY412354,C101858,CARD201571,2026-01-09,3342.84,3342.84,On Time,0
PAY412355,C108242,CARD205304,2025-06-23,15502.59,15502.59,On Time,0
PAY412356,C104828,CARD201424,2025-04-13,6719.48,6719.48,Late,4
PAY412357,C106256,CARD203735,2025-11-03,3531.45,1017.25,Partial,29
PAY412358,C105979,CARD207229,2025-07-16,6968.36,6968.36,On Time,0
PAY412359,C101481,CARD206000,2026-02-19,3488.58,3488.58,On Time,0
PAY412360,C105075,CARD205739,2026-05-17,18204.01,18204.01,On Time,0
PAY412361,C105726,CARD209431,2025-01-12,1734.19,420.56,Partial,4
PAY412362,C104522,CARD211705,2026-08-18,8212.91,3610.07,Partial,38
PAY412363,C100033,CARD203629,2026-05-10,17991.24,17991.24,On Time,0
PAY412364,C107977,CARD210424,2026-06-20,7470.62,7470.62,On Time,0
PAY412365,C107908,CARD211857,2026-06-30,11749.68,11749.68,On Time,0
PAY412366,C104576,CARD206131,2025-11-13,3621.31,3621.31,On Time,0
PAY412367,C102921,CARD201954,2025-02-19,5679.22,5679.22,On Time,0
PAY412368,C108359,CARD202313,2025-01-03,7635.67,7635.67,On Time,0
PAY412369,C100509,CARD207586,2026-04-03,11824.31,6351.61,Partial,43
PAY412370,C104550,CARD209372,2025-02-25,2212.9,2212.9,On Time,0
PAY412371,C100180,CARD210089,2026-05-19,2142.97,2142.97,On Time,0
PAY412372,C106889,CARD202011,2026-08-02,2532.64,164.0,Missed,52
PAY412373,C103590,CARD200383,2026-08-03,2940.85,43.34,Missed,113
PAY412374,C102983,CARD204365,2025-11-14,3488.26,3488.26,On Time,0
PAY412375,C105268,CARD211334,2025-05-27,4407.9,4407.9,On Time,0
PAY412376,C102777,CARD201951,2025-09-13,1423.5,180.35,Missed,92
PAY412377,C103950,CARD210184,2025-05-23,3562.43,3562.43,Late,6
PAY412378,C101286,CARD209772,2025-06-03,5068.54,5068.54,On Time,0
PAY412379,C106298,CARD201210,2025-08-18,4214.88,4214.88,On Time,0
PAY412380,C101847,CARD210274,2025-02-10,3720.05,3720.05,On Time,0
PAY412381,C101991,CARD202945,2025-06-19,6787.59,338.36,Missed,50
PAY412382,C103021,CARD207553,2026-03-13,14954.35,14954.35,On Time,0
PAY412383,C107525,CARD202245,2026-01-10,10299.05,10299.05,On Time,0
PAY412384,C103579,CARD201009,2025-01-11,8257.5,8257.5,Late,27
PAY412385,C109037,CARD211579,2025-07-20,30035.48,30035.48,On Time,0
PAY412386,C104275,CARD211634,2025-11-13,13197.93,13197.93,On Time,0
PAY412387,C107654,CARD204203,2026-04-16,1952.2,782.88,Partial,9
PAY412388,C108699,CARD202351,2026-06-04,8229.51,8229.51,On Time,0
PAY412389,C108518,CARD201916,2026-08-22,2792.69,2792.69,On Time,0
PAY412390,C100724,CARD201245,2026-01-26,4003.64,4003.64,On Time,0
PAY412391,C101562,CARD209577,2025-07-16,6350.07,6350.07,On Time,0
PAY412392,C102796,CARD209789,2026-08-27,5694.87,5694.87,On Time,0
PAY412393,C105742,CARD203934,2026-01-10,7037.44,7037.44,On Time,0
PAY412394,C106127,CARD206982,2025-09-01,2726.67,2726.67,On Time,0
PAY412395,C104849,CARD205432,2025-05-18,13444.21,13444.21,Late,24
PAY412396,C105562,CARD207728,2025-05-26,3232.39,3232.39,On Time,0
PAY412397,C103776,CARD209530,2026-06-01,5367.34,3778.77,Partial,37
PAY412398,C104912,CARD207265,2025-11-02,30991.6,30991.6,On Time,0
PAY412399,C108936,CARD203712,2025-03-03,8619.97,8619.97,On Time,0
PAY412400,C107964,CARD210399,2026-01-23,4485.92,4485.92,On Time,0
PAY412401,C104942,CARD201134,2025-11-29,5092.56,5092.56,Late,25
PAY412402,C103216,CARD210651,2025-09-26,33908.68,2272.02,Missed,64
PAY412403,C108446,CARD211602,2025-02-24,3129.12,231.98,Missed,43
PAY412404,C101744,CARD208436,2025-09-06,3042.73,3042.73,On Time,0
PAY412405,C105146,CARD204877,2026-02-10,3513.65,3513.65,On Time,0
PAY412406,C108641,CARD201533,2026-06-13,15001.43,15001.43,On Time,0
PAY412407,C106146,CARD205230,2026-03-09,18305.85,18305.85,On Time,0
PAY412408,C105189,CARD203426,2025-10-31,1794.44,1794.44,On Time,0
PAY412409,C108363,CARD204588,2026-07-14,2239.3,2239.3,On Time,0
PAY412410,C107047,CARD208129,2026-08-26,5437.01,237.84,Missed,62
PAY412411,C106263,CARD209607,2026-06-10,12798.68,12798.68,Late,20
PAY412412,C101690,CARD200479,2026-01-25,3833.09,3104.25,Partial,33
PAY412413,C100226,CARD210041,2026-05-14,3431.36,3431.36,On Time,0
PAY412414,C109146,CARD203496,2025-07-29,1000.0,1000.0,On Time,0
PAY412415,C107867,CARD211092,2026-06-17,8379.52,2945.02,Partial,25
PAY412416,C109147,CARD204290,2025-12-04,23728.24,23728.24,On Time,0
PAY412417,C104116,CARD203570,2026-01-01,4948.73,4948.73,On Time,0
PAY412418,C104416,CARD203029,2026-08-24,4676.78,4676.78,On Time,0
PAY412419,C100621,CARD208646,2026-07-06,12376.34,12376.34,On Time,0
PAY412420,C103979,CARD206781,2026-01-27,2477.47,2477.47,On Time,0
PAY412421,C100585,CARD202857,2025-09-09,5744.37,5744.37,Late,23
PAY412422,C109484,CARD211168,2025-03-01,7547.09,7547.09,On Time,0
PAY412423,C102275,CARD210065,2026-07-17,7643.56,7643.56,On Time,0
PAY412424,C109720,CARD205493,2025-12-20,22185.22,22185.22,On Time,0
PAY412425,C102437,CARD203547,2025-02-08,4934.87,4934.87,On Time,0
PAY412426,C108242,CARD205304,2026-06-30,6715.84,6715.84,On Time,0
PAY412427,C105148,CARD203028,2026-07-19,5130.21,5130.21,On Time,0
PAY412428,C106152,CARD211736,2025-10-28,21856.98,21856.98,On Time,0
PAY412429,C109786,CARD211750,2025-05-19,5584.03,5584.03,On Time,0
PAY412430,C105574,CARD203357,2026-05-05,16629.21,645.04,Missed,106
PAY412431,C100841,CARD200120,2025-03-11,17511.77,17511.77,On Time,0
PAY412432,C101743,CARD207319,2026-05-24,4113.08,4113.08,On Time,0
PAY412433,C105760,CARD209456,2025-06-04,21243.56,21243.56,On Time,0
PAY412434,C106189,CARD202896,2025-06-22,4298.33,4298.33,On Time,0
PAY412435,C105079,CARD202487,2025-12-08,10135.11,746.19,Missed,34
PAY412436,C107050,CARD201581,2025-12-29,7668.49,4549.82,Partial,49
PAY412437,C103531,CARD201075,2025-05-29,3050.26,921.28,Partial,56
PAY412438,C106190,CARD203121,2026-08-16,1528.6,1528.6,On Time,0
PAY412439,C107708,CARD208569,2025-02-18,11305.75,11305.75,On Time,0
PAY412440,C104885,CARD205809,2026-02-18,4673.81,4673.81,On Time,0
PAY412441,C104174,CARD206578,2025-12-13,6986.47,6986.47,On Time,0
PAY412442,C101176,CARD207375,2026-04-17,2465.71,294.41,Missed,51
PAY412443,C106048,CARD210326,2025-01-02,3382.51,3382.51,On Time,0
PAY412444,C103763,CARD211825,2025-08-01,3475.61,3475.61,On Time,0
PAY412445,C102817,CARD210536,2026-03-23,3123.55,3123.55,Late,4
PAY412446,C104157,CARD210158,2026-06-12,3740.68,3740.68,On Time,0
PAY412447,C107407,CARD208456,2026-08-20,10067.47,10067.47,On Time,0
PAY412448,C103244,CARD209370,2025-05-30,7890.49,7890.49,Late,13
PAY412449,C103555,CARD206496,2025-08-14,7595.5,7595.5,On Time,0
PAY412450,C106357,CARD211374,2026-06-11,7351.74,3065.12,Partial,58
PAY412451,C102395,CARD200214,2026-08-29,9327.9,9327.9,Late,28
PAY412452,C107927,CARD205117,2025-05-02,3708.01,3708.01,On Time,0
PAY412453,C106327,CARD209598,2025-10-18,4317.4,4317.4,Late,18
PAY412454,C106470,CARD208944,2025-10-01,3719.5,3719.5,On Time,0
PAY412455,C106934,CARD205489,2026-06-19,12643.83,12643.83,On Time,0
PAY412456,C103825,CARD203258,2026-06-30,24178.25,24178.25,Late,26
PAY412457,C108164,CARD202307,2026-08-20,5215.42,5215.42,Late,21
PAY412458,C102834,CARD201230,2025-10-26,8859.91,8859.91,On Time,0
PAY412459,C109964,CARD201355,2025-11-10,22782.97,22782.97,Late,13
PAY412460,C105296,CARD206763,2026-04-23,10169.2,10169.2,On Time,0
PAY412461,C100080,CARD207899,2025-04-22,3494.21,3494.21,On Time,0
PAY412462,C107225,CARD207733,2026-08-24,5793.41,5793.41,On Time,0
PAY412463,C103427,CARD204675,2026-03-12,5762.49,795.15,Missed,39
PAY412464,C107143,CARD208390,2026-05-13,4012.32,4012.32,On Time,0
PAY412465,C108217,CARD207714,2025-06-12,6979.59,6979.59,On Time,0
PAY412466,C100903,CARD206757,2026-05-04,6752.26,6752.26,On Time,0
PAY412467,C100541,CARD210710,2025-06-20,32131.07,26598.96,Partial,15
PAY412468,C107318,CARD201643,2025-05-06,10922.76,6986.46,Partial,12
PAY412469,C106604,CARD211876,2026-02-22,4270.55,4270.55,Late,16
PAY412470,C106589,CARD207712,2026-06-05,3631.72,3631.72,Late,6
PAY412471,C109675,CARD203882,2025-03-24,5276.39,5276.39,On Time,0
PAY412472,C100247,CARD206458,2026-05-04,4831.36,4831.36,On Time,0
PAY412473,C101079,CARD209929,2025-06-03,5426.53,5426.53,On Time,0
PAY412474,C102361,CARD202349,2026-06-05,4175.87,4175.87,On Time,0
PAY412475,C100361,CARD203592,2025-05-15,6253.71,6253.71,On Time,0
PAY412476,C102919,CARD204790,2025-12-24,4323.25,4323.25,On Time,0
PAY412477,C105527,CARD209038,2025-05-17,14041.33,14041.33,On Time,0
PAY412478,C106119,CARD201712,2026-06-03,4241.89,1786.44,Partial,19
PAY412479,C103134,CARD204474,2025-01-18,2775.67,2775.67,On Time,0
PAY412480,C109127,CARD200374,2026-07-17,10980.43,10980.43,On Time,0
PAY412481,C101017,CARD205062,2025-04-22,1577.87,1072.7,Partial,60
PAY412482,C102681,CARD211099,2026-05-27,5367.48,2313.67,Partial,49
PAY412483,C100794,CARD209007,2025-12-10,3942.22,3942.22,On Time,0
PAY412484,C106157,CARD206732,2025-07-11,6252.25,6252.25,On Time,0
PAY412485,C108151,CARD200871,2025-10-26,4970.28,4970.28,On Time,0
PAY412486,C101968,CARD200502,2026-05-23,2795.68,2795.68,Late,12
PAY412487,C101881,CARD204123,2026-06-05,11280.84,11280.84,Late,10
PAY412488,C100358,CARD209967,2025-10-03,23416.51,10207.92,Partial,30
PAY412489,C104002,CARD200728,2026-05-23,2659.86,2659.86,On Time,0
PAY412490,C102002,CARD200390,2025-08-04,2723.23,2723.23,On Time,0
PAY412491,C107605,CARD209644,2026-02-07,3973.84,3973.84,On Time,0
PAY412492,C107165,CARD201294,2025-10-11,2178.71,2178.71,On Time,0
PAY412493,C107299,CARD204511,2025-12-10,26927.1,26927.1,On Time,0
PAY412494,C108379,CARD203867,2025-04-05,15963.21,15963.21,On Time,0
PAY412495,C109489,CARD200257,2026-06-27,6955.55,6955.55,On Time,0
PAY412496,C100395,CARD206748,2026-05-25,3915.23,3915.23,On Time,0
PAY412497,C100351,CARD211817,2025-02-02,5325.74,5325.74,On Time,0
PAY412498,C107902,CARD202071,2025-11-17,9087.17,9087.17,Late,16
PAY412499,C100794,CARD209007,2026-08-24,11814.22,11814.22,On Time,0
PAY412500,C109417,CARD205845,2026-02-02,4186.01,4186.01,Late,29
PAY412501,C101707,CARD204767,2025-02-26,11366.19,11366.19,On Time,0
PAY412502,C102969,CARD200193,2025-11-27,3440.37,3440.37,On Time,0
PAY412503,C102631,CARD200446,2025-10-03,4588.55,4588.55,On Time,0
PAY412504,C107926,CARD202938,2026-02-02,5947.73,5947.73,Late,13
PAY412505,C108863,CARD211682,2026-08-19,18244.48,18244.48,On Time,0
PAY412506,C107895,CARD204986,2026-08-10,5443.69,5443.69,On Time,0
PAY412507,C107825,CARD203791,2026-02-25,9552.39,9552.39,On Time,0
PAY412508,C105209,CARD211387,2025-07-04,11864.2,11864.2,Late,25
PAY412509,C107812,CARD207451,2026-04-25,5235.15,5235.15,On Time,0
PAY412510,C102857,CARD202887,2025-05-12,11273.08,11273.08,On Time,0
PAY412511,C100859,CARD203686,2025-03-14,15348.36,15348.36,On Time,0
PAY412512,C102889,CARD202032,2025-07-02,9905.06,9905.06,On Time,0
PAY412513,C103527,CARD203981,2026-04-19,6011.29,6011.29,On Time,0
PAY412514,C102436,CARD207367,2025-02-21,7160.5,3046.36,Partial,37
PAY412515,C107258,CARD203084,2025-07-13,5718.42,5718.42,On Time,0
PAY412516,C101224,CARD207801,2026-01-17,3996.26,3996.26,On Time,0
PAY412517,C102838,CARD202614,2026-06-18,5429.63,5429.63,On Time,0
PAY412518,C101406,CARD210023,2026-03-02,12616.84,12616.84,On Time,0
PAY412519,C101368,CARD204235,2026-08-01,5128.23,5128.23,On Time,0
PAY412520,C102224,CARD206391,2025-02-13,6487.44,6487.44,On Time,0
PAY412521,C100596,CARD210119,2026-07-16,3046.56,3046.56,Late,10
PAY412522,C107131,CARD200538,2025-04-21,10857.88,10857.88,On Time,0
PAY412523,C103995,CARD209796,2026-01-23,7363.85,7363.85,Late,13
PAY412524,C100352,CARD209066,2025-07-24,1419.46,1419.46,On Time,0
PAY412525,C105990,CARD201202,2025-09-26,5607.26,5607.26,On Time,0
PAY412526,C107526,CARD205756,2025-10-01,1481.86,1481.86,On Time,0
PAY412527,C105739,CARD203690,2026-04-19,16993.84,16993.84,On Time,0
PAY412528,C108902,CARD206606,2025-03-14,7286.39,4082.09,Partial,13
PAY412529,C108322,CARD207837,2025-10-21,2019.78,2019.78,On Time,0
PAY412530,C103131,CARD208062,2025-12-26,33400.94,33400.94,On Time,0
PAY412531,C108339,CARD211900,2025-03-24,9239.93,9239.93,On Time,0
PAY412532,C104531,CARD207525,2025-05-23,13845.19,13845.19,Late,1
PAY412533,C102184,CARD211837,2026-04-28,2884.31,122.16,Missed,52
PAY412534,C100696,CARD202663,2025-03-01,10028.26,989.74,Missed,62
PAY412535,C109083,CARD203054,2026-03-01,32436.89,32436.89,On Time,0
PAY412536,C100807,CARD207278,2026-08-20,2967.86,2967.86,Late,2
PAY412537,C102075,CARD211402,2026-01-03,3789.39,3789.39,Late,4
PAY412538,C106137,CARD211096,2025-01-30,4414.28,4414.28,On Time,0
PAY412539,C104439,CARD206884,2026-05-28,22040.63,22040.63,Late,11
PAY412540,C106944,CARD202558,2025-07-02,1611.67,1611.67,On Time,0
PAY412541,C103019,CARD208039,2025-02-18,12814.67,12814.67,On Time,0
PAY412542,C106286,CARD209658,2026-05-18,6277.99,4707.71,Partial,16
PAY412543,C107971,CARD210084,2025-01-16,3667.55,3667.55,On Time,0
PAY412544,C109638,CARD201717,2026-03-17,13569.51,13569.51,On Time,0
PAY412545,C101152,CARD203509,2025-01-10,43865.21,43865.21,On Time,0
PAY412546,C100445,CARD205720,2025-09-29,3150.0,3150.0,On Time,0
PAY412547,C108284,CARD202610,2025-05-22,12011.03,12011.03,On Time,0
PAY412548,C105641,CARD200579,2026-06-22,9028.59,9028.59,On Time,0
PAY412549,C108795,CARD204422,2025-06-04,5556.1,5556.1,Late,30
PAY412550,C100589,CARD203621,2025-06-14,5063.97,5063.97,On Time,0
PAY412551,C107091,CARD202392,2026-07-03,6610.94,6610.94,On Time,0
PAY412552,C109441,CARD209733,2025-12-27,2193.44,2193.44,On Time,0
PAY412553,C106339,CARD203466,2025-11-17,3476.2,3476.2,On Time,0
PAY412554,C106706,CARD202014,2025-01-07,2565.42,2565.42,On Time,0
PAY412555,C104253,CARD208811,2025-01-31,6954.09,3447.2,Partial,8
PAY412556,C100420,CARD203287,2025-10-09,6861.4,6861.4,On Time,0
PAY412557,C108940,CARD208980,2026-07-31,4793.66,4793.66,On Time,0
PAY412558,C101033,CARD209716,2025-02-19,5094.41,4196.42,Partial,1
PAY412559,C102538,CARD210263,2026-02-19,3890.71,3890.71,On Time,0
PAY412560,C101592,CARD202232,2026-05-25,5931.93,2500.38,Partial,30
PAY412561,C109174,CARD204903,2025-03-22,3962.56,3962.56,Late,19
PAY412562,C100427,CARD201877,2025-03-20,2521.19,2521.19,On Time,0
PAY412563,C103467,CARD204453,2026-02-28,1163.02,1163.02,On Time,0
PAY412564,C100133,CARD211723,2025-08-11,6589.95,6589.95,On Time,0
PAY412565,C103183,CARD211393,2025-02-18,15313.89,15313.89,On Time,0
PAY412566,C100253,CARD210695,2026-06-29,6613.94,6613.94,Late,12
PAY412567,C109500,CARD210429,2025-08-21,2670.27,2670.27,On Time,0
PAY412568,C109407,CARD203438,2025-03-14,5848.68,5848.68,On Time,0
PAY412569,C104485,CARD203997,2025-02-08,6374.15,6374.15,On Time,0
PAY412570,C103914,CARD203012,2026-07-16,14435.49,14435.49,On Time,0
PAY412571,C106746,CARD200910,2025-12-17,17247.8,17247.8,On Time,0
PAY412572,C105773,CARD203583,2025-11-12,5496.47,5496.47,On Time,0
PAY412573,C107357,CARD211152,2025-11-27,5088.82,5088.82,On Time,0
PAY412574,C101594,CARD201788,2025-02-13,4959.28,4959.28,On Time,0
PAY412575,C103949,CARD208135,2026-04-27,6454.61,720.86,Missed,110
PAY412576,C108484,CARD203131,2026-03-23,14511.0,14511.0,Late,23
PAY412577,C106934,CARD205489,2025-07-15,6122.11,6122.11,On Time,0
PAY412578,C107317,CARD201550,2025-06-10,5863.57,5863.57,On Time,0
PAY412579,C107176,CARD201556,2026-03-04,9223.47,9223.47,On Time,0
PAY412580,C104783,CARD206044,2026-01-15,10513.12,10513.12,On Time,0
PAY412581,C102005,CARD208949,2026-03-14,4991.83,4991.83,On Time,0
PAY412582,C107282,CARD201948,2025-11-19,7919.08,7919.08,On Time,0
PAY412583,C102555,CARD202374,2025-09-24,5577.47,5577.47,On Time,0
PAY412584,C109472,CARD208890,2025-02-17,5815.61,5815.61,On Time,0
PAY412585,C106910,CARD207709,2025-02-07,6596.59,6596.59,On Time,0
PAY412586,C107036,CARD207222,2026-01-20,3163.04,3163.04,On Time,0
PAY412587,C106300,CARD209050,2025-07-24,4256.32,529.65,Missed,81
PAY412588,C104993,CARD207479,2025-06-12,5787.35,1238.7,Partial,4
PAY412589,C102164,CARD205254,2026-05-16,4367.06,4367.06,On Time,0
PAY412590,C104348,CARD200923,2025-08-01,3699.82,3699.82,On Time,0
PAY412591,C102251,CARD210409,2025-04-13,8912.93,8912.93,On Time,0
PAY412592,C105502,CARD206789,2026-04-11,2333.09,2333.09,On Time,0
PAY412593,C102598,CARD211450,2025-02-18,4651.48,4651.48,Late,22
PAY412594,C109649,CARD211556,2025-07-11,5225.81,5225.81,Late,16
PAY412595,C107583,CARD203105,2026-02-28,4249.3,4249.3,On Time,0
PAY412596,C106110,CARD207277,2025-12-03,6205.29,6205.29,On Time,0
PAY412597,C103585,CARD200372,2025-12-29,11958.83,11958.83,On Time,0
PAY412598,C103100,CARD200314,2026-02-28,7553.96,7553.96,On Time,0
PAY412599,C106317,CARD205206,2025-04-02,2024.78,2024.78,On Time,0
PAY412600,C100649,CARD207244,2025-07-03,5942.78,5942.78,On Time,0
PAY412601,C104538,CARD209892,2026-05-04,2565.67,2565.67,Late,30
PAY412602,C102280,CARD210253,2026-06-30,1974.06,1974.06,On Time,0
PAY412603,C103236,CARD206836,2025-08-26,5560.33,5560.33,On Time,0
PAY412604,C101711,CARD200580,2026-01-31,1957.16,1957.16,On Time,0
PAY412605,C102922,CARD209292,2025-02-28,2486.27,2486.27,On Time,0
PAY412606,C106562,CARD202872,2025-03-05,6341.65,6341.65,On Time,0
PAY412607,C103269,CARD203524,2025-09-03,8695.86,8695.86,On Time,0
PAY412608,C102186,CARD205960,2025-06-13,12947.67,12947.67,On Time,0
PAY412609,C100947,CARD209854,2025-01-28,2830.29,2830.29,On Time,0
PAY412610,C105768,CARD205612,2025-10-17,16731.72,13108.19,Partial,54
PAY412611,C106890,CARD205677,2025-01-25,40319.12,3923.61,Missed,115
PAY412612,C103238,CARD206275,2025-06-20,6079.97,6079.97,On Time,0
PAY412613,C100177,CARD204041,2026-08-05,1436.04,1436.04,On Time,0
PAY412614,C104687,CARD204082,2026-01-30,4020.21,4020.21,Late,13
PAY412615,C109451,CARD200382,2026-05-20,5243.4,5243.4,On Time,0
PAY412616,C109796,CARD208692,2026-04-16,2361.67,50.6,Missed,49
PAY412617,C105096,CARD203265,2025-01-28,1166.71,1166.71,On Time,0
PAY412618,C109102,CARD209435,2026-02-06,7744.09,1039.06,Missed,41
PAY412619,C106646,CARD211433,2025-06-11,4789.06,4789.06,On Time,0
PAY412620,C104744,CARD206856,2025-07-09,15521.51,15521.51,On Time,0
PAY412621,C104053,CARD210331,2025-08-30,11049.32,11049.32,On Time,0
PAY412622,C105052,CARD209608,2026-04-16,9016.39,9016.39,On Time,0
PAY412623,C101533,CARD205629,2026-01-19,3690.97,3690.97,On Time,0
PAY412624,C100520,CARD206486,2025-08-16,7146.1,7146.1,On Time,0
PAY412625,C104988,CARD211067,2025-04-08,5166.62,5166.62,On Time,0
PAY412626,C105083,CARD202444,2025-01-05,4290.74,4290.74,On Time,0
PAY412627,C104806,CARD210301,2026-07-23,1838.35,1838.35,On Time,0
PAY412628,C106518,CARD207171,2025-03-01,5772.46,5772.46,Late,14
PAY412629,C102024,CARD210833,2025-07-27,2220.21,2220.21,On Time,0
PAY412630,C100261,CARD204723,2026-04-23,3093.89,3093.89,On Time,0
PAY412631,C108373,CARD207253,2026-07-12,6075.73,6075.73,Late,11
PAY412632,C109552,CARD207689,2025-09-15,1826.27,1826.27,Late,13
PAY412633,C103347,CARD206562,2025-11-06,3864.46,3864.46,On Time,0
PAY412634,C109577,CARD206033,2025-04-06,5667.47,5667.47,On Time,0
PAY412635,C101791,CARD202229,2026-02-16,12633.06,12633.06,On Time,0
PAY412636,C105191,CARD204617,2026-06-13,4565.05,4565.05,On Time,0
PAY412637,C109781,CARD211127,2026-08-27,21191.86,21191.86,Late,17
PAY412638,C102893,CARD202532,2025-05-28,6156.62,6156.62,On Time,0
PAY412639,C108224,CARD207585,2026-06-29,10254.18,10254.18,On Time,0
PAY412640,C103159,CARD209629,2025-07-04,12888.81,12888.81,On Time,0
PAY412641,C103949,CARD208135,2025-03-05,3204.31,3204.31,Late,22
PAY412642,C109960,CARD211368,2025-10-05,5649.64,5649.64,Late,14
PAY412643,C100731,CARD209268,2025-03-26,9702.14,7489.53,Partial,41
PAY412644,C109604,CARD211221,2025-05-03,2535.93,2535.93,On Time,0
PAY412645,C106949,CARD204099,2025-12-17,4610.2,4610.2,On Time,0
PAY412646,C104516,CARD210497,2026-02-26,2149.76,1591.06,Partial,48
PAY412647,C105793,CARD201099,2025-07-25,28136.54,28136.54,Late,4
PAY412648,C106793,CARD202718,2025-02-23,7561.06,1007.27,Missed,47
PAY412649,C109997,CARD203331,2025-04-30,3930.36,3930.36,On Time,0
PAY412650,C104117,CARD203935,2025-03-01,5734.33,5734.33,Late,23
PAY412651,C102117,CARD204259,2025-03-13,31029.73,31029.73,On Time,0
PAY412652,C106046,CARD200913,2025-10-23,5319.93,5319.93,On Time,0
PAY412653,C101453,CARD210456,2025-09-06,3174.72,3174.72,On Time,0
PAY412654,C100412,CARD210579,2025-11-24,8017.45,8017.45,On Time,0
PAY412655,C102883,CARD205129,2025-10-01,9407.9,1108.09,Missed,94
PAY412656,C106254,CARD203777,2025-02-02,4292.68,4292.68,On Time,0
PAY412657,C104869,CARD201497,2025-07-09,2102.2,2102.2,On Time,0
PAY412658,C101648,CARD204829,2025-01-16,9616.55,9616.55,Late,2
PAY412659,C109692,CARD207327,2026-07-06,4358.09,985.36,Partial,27
PAY412660,C107330,CARD201786,2025-09-09,11758.11,11758.11,Late,17
PAY412661,C100660,CARD200226,2025-09-24,15270.28,15270.28,On Time,0
PAY412662,C103232,CARD202522,2026-03-03,6047.15,6047.15,On Time,0
PAY412663,C105816,CARD200789,2025-06-20,3272.88,3272.88,On Time,0
PAY412664,C102043,CARD203904,2025-02-28,8595.16,8595.16,On Time,0
PAY412665,C106096,CARD210836,2025-05-24,3350.24,3350.24,Late,4
PAY412666,C104758,CARD204095,2025-07-10,9759.23,9759.23,Late,8
PAY412667,C104344,CARD205259,2025-12-18,4643.83,4643.83,On Time,0
PAY412668,C104364,CARD201955,2025-07-16,2812.17,2812.17,On Time,0
PAY412669,C109066,CARD210620,2025-09-25,7758.06,7758.06,On Time,0
PAY412670,C106737,CARD203075,2025-07-27,16096.88,16096.88,Late,18
PAY412671,C107101,CARD205671,2025-10-20,8874.87,8874.87,On Time,0
PAY412672,C108586,CARD201102,2025-08-22,9324.7,9324.7,On Time,0
PAY412673,C108936,CARD203712,2026-01-24,5719.56,5719.56,On Time,0
PAY412674,C104232,CARD209174,2025-11-12,3575.79,3575.79,On Time,0
PAY412675,C109214,CARD205065,2026-04-26,6850.57,6850.57,On Time,0
PAY412676,C107737,CARD201329,2026-07-04,11285.21,11285.21,Late,1
PAY412677,C100799,CARD205087,2025-07-16,10298.11,10298.11,Late,8
PAY412678,C107116,CARD211415,2026-03-10,5678.74,5678.74,On Time,0
PAY412679,C100319,CARD207207,2025-12-03,1073.75,1073.75,On Time,0
PAY412680,C101329,CARD207060,2026-06-17,6818.94,88.61,Missed,55
PAY412681,C107495,CARD210346,2025-09-14,15241.58,15241.58,On Time,0
PAY412682,C106361,CARD206879,2026-04-24,3283.26,131.24,Missed,50
PAY412683,C107093,CARD204539,2025-01-04,9558.36,9558.36,On Time,0
PAY412684,C107412,CARD210413,2025-03-12,3317.06,3317.06,On Time,0
PAY412685,C108224,CARD207585,2026-06-14,4053.34,4053.34,On Time,0
PAY412686,C105822,CARD202048,2025-07-18,6633.22,6633.22,On Time,0
PAY412687,C104053,CARD210331,2025-10-15,6418.8,6418.8,On Time,0
PAY412688,C100139,CARD202179,2026-05-30,3542.78,3542.78,On Time,0
PAY412689,C108566,CARD209584,2025-10-27,12800.82,12800.82,On Time,0
PAY412690,C103595,CARD206849,2025-10-19,2772.76,2772.76,On Time,0
PAY412691,C107482,CARD208957,2025-01-18,18478.66,18478.66,On Time,0
PAY412692,C107923,CARD201941,2025-07-26,8487.07,8487.07,On Time,0
PAY412693,C106954,CARD207114,2025-08-20,6738.26,6738.26,On Time,0
PAY412694,C103654,CARD201932,2026-07-08,20670.09,20670.09,On Time,0
PAY412695,C104083,CARD202603,2025-04-01,22177.71,22177.71,On Time,0
PAY412696,C107398,CARD209605,2025-05-21,4177.62,4177.62,On Time,0
PAY412697,C107582,CARD203527,2026-04-13,8719.17,8719.17,On Time,0
PAY412698,C107549,CARD200488,2026-02-28,11489.5,11489.5,On Time,0
PAY412699,C107524,CARD210802,2025-04-22,10352.86,10352.86,Late,2
PAY412700,C102045,CARD205334,2025-05-16,15096.17,15096.17,On Time,0
PAY412701,C101742,CARD203528,2025-07-24,5993.69,5993.69,On Time,0
PAY412702,C104486,CARD209105,2025-04-15,6446.54,6446.54,On Time,0
PAY412703,C103205,CARD209225,2025-06-27,2354.22,2354.22,On Time,0
PAY412704,C108368,CARD209711,2025-01-02,21163.0,21163.0,On Time,0
PAY412705,C105082,CARD207947,2026-02-10,16292.21,16292.21,Late,20
PAY412706,C109606,CARD203576,2025-06-08,2909.13,2909.13,On Time,0
PAY412707,C100955,CARD204812,2025-03-26,14225.73,14225.73,On Time,0
PAY412708,C104837,CARD203460,2025-12-09,3911.52,3911.52,On Time,0
PAY412709,C106630,CARD209811,2026-07-09,5322.08,5322.08,On Time,0
PAY412710,C102566,CARD206631,2026-06-24,8362.62,8362.62,On Time,0
PAY412711,C107026,CARD208960,2025-03-12,5512.41,3457.23,Partial,46
PAY412712,C107571,CARD211170,2025-07-26,6488.96,6488.96,Late,15
PAY412713,C100083,CARD204088,2026-07-09,5518.65,5518.65,On Time,0
PAY412714,C102552,CARD209475,2025-10-03,5313.44,5313.44,On Time,0
PAY412715,C103925,CARD201651,2026-02-05,10437.32,10437.32,On Time,0
PAY412716,C108071,CARD208829,2025-12-03,6461.71,6461.71,On Time,0
PAY412717,C108190,CARD211120,2026-07-10,6288.97,6288.97,On Time,0
PAY412718,C109252,CARD210546,2026-01-06,14146.39,14146.39,Late,27
PAY412719,C104592,CARD208484,2025-11-13,4940.29,4940.29,Late,23
PAY412720,C109749,CARD202710,2025-01-07,1975.82,1975.82,Late,30
PAY412721,C102301,CARD203320,2026-05-26,6796.11,6796.11,On Time,0
PAY412722,C105585,CARD202942,2025-06-23,4045.18,4045.18,Late,4
PAY412723,C101041,CARD200147,2025-05-19,3140.73,3140.73,On Time,0
PAY412724,C108913,CARD207772,2025-06-21,5792.0,5792.0,Late,18
PAY412725,C105361,CARD207157,2025-12-10,7441.91,7441.91,On Time,0
PAY412726,C107093,CARD204539,2025-09-08,7696.64,7696.64,On Time,0
PAY412727,C102161,CARD204839,2025-02-21,10926.73,10926.73,Late,24
PAY412728,C101399,CARD206731,2025-08-03,3571.59,3571.59,On Time,0
PAY412729,C107195,CARD205964,2026-03-25,4473.11,2195.36,Partial,5
PAY412730,C103675,CARD204018,2026-06-26,9051.22,9051.22,On Time,0
PAY412731,C104831,CARD207719,2025-02-08,14525.63,4740.39,Partial,60
PAY412732,C102390,CARD201496,2025-11-20,5190.5,5190.5,Late,9
PAY412733,C108648,CARD208274,2025-10-16,11150.8,11150.8,On Time,0
PAY412734,C109349,CARD205264,2026-01-28,4398.05,4398.05,On Time,0
PAY412735,C105506,CARD211242,2025-06-28,3932.58,3932.58,On Time,0
PAY412736,C104868,CARD205095,2025-12-11,7408.29,7408.29,On Time,0
PAY412737,C104439,CARD207788,2026-04-01,20430.88,20430.88,On Time,0
PAY412738,C107965,CARD200592,2025-07-20,5919.61,2294.45,Partial,58
PAY412739,C103823,CARD210099,2025-08-05,2651.86,1432.72,Partial,55
PAY412740,C104880,CARD206258,2025-04-11,2676.53,1941.11,Partial,32
PAY412741,C107895,CARD202251,2026-06-11,12142.26,12142.26,Late,15
PAY412742,C107263,CARD203169,2026-02-19,7672.31,7672.31,On Time,0
PAY412743,C104135,CARD209500,2025-03-05,13097.71,13097.71,On Time,0
PAY412744,C109266,CARD206939,2025-06-01,3046.99,3046.99,On Time,0
PAY412745,C107016,CARD209872,2025-03-16,2324.29,2324.29,On Time,0
PAY412746,C106289,CARD208768,2026-03-01,6694.41,6694.41,On Time,0
PAY412747,C107722,CARD210904,2025-12-24,5823.54,435.92,Missed,95
PAY412748,C105319,CARD208175,2026-04-11,5598.68,5598.68,On Time,0
PAY412749,C108169,CARD203220,2026-02-26,5382.69,5382.69,On Time,0
PAY412750,C104171,CARD200849,2025-01-16,4249.87,4249.87,On Time,0
PAY412751,C102468,CARD205373,2026-04-16,3381.79,1802.92,Partial,44
PAY412752,C105337,CARD206540,2026-07-02,13012.46,13012.46,On Time,0
PAY412753,C100178,CARD209341,2025-01-14,10813.19,4599.73,Partial,20
PAY412754,C104176,CARD208951,2026-03-18,4458.35,4458.35,Late,14
PAY412755,C109765,CARD210379,2025-09-19,6780.52,6780.52,On Time,0
PAY412756,C105008,CARD211618,2025-01-24,3786.82,3786.82,On Time,0
PAY412757,C104420,CARD204765,2026-08-07,3640.6,3640.6,On Time,0
PAY412758,C109036,CARD200357,2025-09-04,11193.27,11193.27,On Time,0
PAY412759,C107128,CARD201964,2025-07-22,7392.47,1053.02,Missed,68
PAY412760,C106259,CARD202870,2025-05-01,3973.96,3973.96,On Time,0
PAY412761,C108940,CARD208980,2026-01-01,6023.15,6023.15,On Time,0
PAY412762,C103895,CARD204718,2026-04-23,4510.55,4510.55,On Time,0
PAY412763,C103606,CARD210696,2025-10-02,3340.52,2004.9,Partial,27
PAY412764,C107889,CARD204817,2025-10-07,4862.72,4862.72,On Time,0
PAY412765,C107447,CARD201755,2025-06-10,8325.33,8325.33,On Time,0
PAY412766,C107620,CARD208011,2025-08-07,12362.01,12362.01,Late,20
PAY412767,C105751,CARD210674,2026-01-26,6099.76,2365.66,Partial,53
PAY412768,C103184,CARD202091,2025-12-02,10883.05,59.28,Missed,97
PAY412769,C104813,CARD209927,2026-05-18,1191.13,594.02,Partial,4
PAY412770,C104585,CARD208378,2026-03-13,2842.55,2842.55,Late,19
PAY412771,C101415,CARD209112,2026-02-14,2412.32,2412.32,On Time,0
PAY412772,C106717,CARD206774,2025-07-07,1504.76,719.33,Partial,52
PAY412773,C102796,CARD209789,2025-11-23,5124.77,5124.77,On Time,0
PAY412774,C103461,CARD208780,2025-03-17,8916.45,8916.45,On Time,0
PAY412775,C105451,CARD207672,2026-07-28,6790.79,6790.79,On Time,0
PAY412776,C102562,CARD211891,2025-10-06,14917.96,14917.96,On Time,0
PAY412777,C106876,CARD210016,2025-01-09,5809.21,5809.21,Late,6
PAY412778,C102701,CARD202470,2025-02-18,2682.31,2682.31,On Time,0
PAY412779,C100042,CARD211826,2025-09-30,1000.0,1000.0,On Time,0
PAY412780,C102361,CARD202349,2025-09-07,3438.68,3438.68,On Time,0
PAY412781,C102771,CARD201630,2026-02-26,3505.68,3505.68,Late,26
PAY412782,C108518,CARD201916,2026-07-21,20571.6,20571.6,On Time,0
PAY412783,C102355,CARD207915,2025-06-03,9362.08,9362.08,On Time,0
PAY412784,C103557,CARD205751,2025-12-30,3547.66,3547.66,Late,29
PAY412785,C101249,CARD210578,2025-06-14,9000.0,3182.17,Partial,27
PAY412786,C102185,CARD206501,2025-04-07,15649.88,15649.88,On Time,0
PAY412787,C102392,CARD204906,2025-11-20,9716.38,6882.25,Partial,8
PAY412788,C104904,CARD211021,2026-08-14,2507.56,2507.56,On Time,0
PAY412789,C104948,CARD208266,2025-12-01,15902.22,15902.22,On Time,0
PAY412790,C100853,CARD211678,2026-05-01,1263.73,1263.73,On Time,0
PAY412791,C100962,CARD210622,2025-05-13,4643.92,4643.92,On Time,0
PAY412792,C101176,CARD207375,2025-05-25,5498.24,5498.24,Late,22
PAY412793,C100854,CARD206665,2025-11-21,6064.9,6064.9,On Time,0
PAY412794,C104563,CARD202493,2025-04-05,5862.95,5862.95,On Time,0
PAY412795,C107772,CARD207067,2026-08-25,2935.82,2935.82,On Time,0
PAY412796,C105292,CARD206036,2026-02-13,15365.24,15365.24,On Time,0
PAY412797,C101157,CARD211452,2026-08-24,9363.57,9363.57,On Time,0
PAY412798,C108782,CARD205378,2025-03-14,5542.89,5542.89,On Time,0
PAY412799,C101301,CARD209301,2026-05-27,8398.77,2808.24,Partial,12
PAY412800,C103919,CARD207037,2026-03-24,4234.84,4234.84,On Time,0
PAY412801,C106919,CARD202100,2025-08-04,9687.74,9687.74,On Time,0
PAY412802,C105216,CARD208166,2025-03-16,5887.2,5887.2,Late,2
PAY412803,C109744,CARD202155,2026-01-15,16311.26,16311.26,On Time,0
PAY412804,C101153,CARD200083,2026-02-25,2144.77,2144.77,On Time,0
PAY412805,C103480,CARD206912,2026-03-23,1422.14,1422.14,On Time,0
PAY412806,C101668,CARD206601,2025-10-07,3980.34,3980.34,On Time,0
PAY412807,C101946,CARD202370,2025-04-21,6305.84,6305.84,On Time,0
PAY412808,C104189,CARD201736,2025-08-18,2439.52,2439.52,On Time,0
PAY412809,C102260,CARD203992,2025-08-20,1850.33,1850.33,On Time,0
PAY412810,C100236,CARD203699,2026-03-28,2638.07,2638.07,On Time,0
PAY412811,C106808,CARD208877,2025-08-09,7947.91,7947.91,On Time,0
PAY412812,C108543,CARD206498,2025-08-18,18957.48,1376.57,Missed,35
PAY412813,C103621,CARD208513,2026-08-01,14839.11,14839.11,On Time,0
PAY412814,C105541,CARD209757,2025-05-24,4668.41,4668.41,On Time,0
PAY412815,C107219,CARD206637,2026-02-14,8200.06,8200.06,On Time,0
PAY412816,C105268,CARD211334,2025-10-08,5585.17,3578.48,Partial,19
PAY412817,C107253,CARD206207,2025-10-09,1671.0,1671.0,Late,22
PAY412818,C109192,CARD208412,2026-01-11,1292.03,1292.03,On Time,0
PAY412819,C103689,CARD208471,2026-06-29,8475.89,8475.89,Late,6
PAY412820,C104676,CARD211326,2025-11-05,36953.81,36953.81,On Time,0
PAY412821,C106755,CARD207129,2025-05-13,9629.65,5415.41,Partial,38
PAY412822,C104358,CARD202341,2025-04-06,6981.82,6981.82,On Time,0
PAY412823,C103790,CARD202573,2026-06-06,3535.09,3535.09,On Time,0
PAY412824,C107194,CARD204657,2025-07-10,6401.07,6401.07,On Time,0
PAY412825,C104557,CARD205649,2026-03-26,3848.2,3848.2,On Time,0
PAY412826,C103599,CARD203189,2026-05-24,3362.55,3362.55,Late,1
PAY412827,C107963,CARD211088,2025-02-28,23269.47,23269.47,On Time,0
PAY412828,C109297,CARD206326,2026-01-17,10375.06,10375.06,On Time,0
PAY412829,C109347,CARD206174,2025-03-03,7099.53,7099.53,On Time,0
PAY412830,C108610,CARD209065,2026-08-17,5716.01,5716.01,On Time,0
PAY412831,C104456,CARD206080,2026-04-21,2427.64,2427.64,On Time,0
PAY412832,C105999,CARD201950,2026-06-16,5248.62,5248.62,On Time,0
PAY412833,C101606,CARD200156,2025-06-18,2088.72,2088.72,On Time,0
PAY412834,C107486,CARD211311,2026-04-14,4690.57,4690.57,On Time,0
PAY412835,C105565,CARD206703,2025-02-22,2906.79,2906.79,On Time,0
PAY412836,C108232,CARD208016,2025-07-23,2542.45,2542.45,On Time,0
PAY412837,C101657,CARD206357,2026-08-25,9937.54,9937.54,On Time,0
PAY412838,C101867,CARD206525,2025-05-31,4201.09,4201.09,On Time,0
PAY412839,C109064,CARD201354,2026-04-14,3859.84,3859.84,On Time,0
PAY412840,C101302,CARD205571,2026-07-21,3693.95,3693.95,On Time,0
PAY412841,C106096,CARD210836,2025-02-12,21063.66,21063.66,On Time,0
PAY412842,C105542,CARD210042,2026-06-30,2652.86,2652.86,Late,16
PAY412843,C108800,CARD205525,2026-05-07,12702.6,12702.6,On Time,0
PAY412844,C103851,CARD203914,2025-06-14,1252.16,1252.16,On Time,0
PAY412845,C109273,CARD203201,2025-07-23,9179.58,9179.58,Late,2
PAY412846,C107768,CARD203074,2025-11-18,17632.29,17632.29,On Time,0
PAY412847,C105869,CARD210669,2025-06-30,2775.07,2075.93,Partial,41
PAY412848,C104299,CARD210751,2025-03-14,3479.61,3479.61,Late,19
PAY412849,C104013,CARD205391,2026-07-19,2829.15,2829.15,Late,17
PAY412850,C105518,CARD203155,2026-04-12,4549.23,4549.23,Late,10
PAY412851,C104414,CARD207734,2025-10-03,12640.27,12640.27,On Time,0
PAY412852,C102413,CARD211813,2026-05-12,4892.1,4892.1,On Time,0
PAY412853,C101962,CARD206911,2026-02-14,9134.32,7537.76,Partial,13
PAY412854,C105013,CARD208931,2026-06-03,8524.96,8524.96,On Time,0
PAY412855,C100027,CARD202498,2025-01-15,8839.04,8839.04,On Time,0
PAY412856,C108794,CARD200524,2025-10-12,3456.88,3456.88,On Time,0
PAY412857,C107351,CARD209469,2025-12-07,6061.47,6061.47,Late,22
PAY412858,C104750,CARD207441,2025-12-27,11514.32,11514.32,On Time,0
PAY412859,C109814,CARD202993,2025-09-05,4866.21,4866.21,On Time,0
PAY412860,C104031,CARD204541,2025-03-22,15234.04,15234.04,Late,7
PAY412861,C105697,CARD206480,2025-05-20,2610.49,2610.49,On Time,0
PAY412862,C105357,CARD211348,2025-06-03,6428.53,6428.53,On Time,0
PAY412863,C104794,CARD207050,2026-04-14,2821.8,2821.8,On Time,0
PAY412864,C108544,CARD209505,2025-01-12,6937.06,6937.06,On Time,0
PAY412865,C103215,CARD206100,2026-02-08,7836.36,7836.36,On Time,0
PAY412866,C102341,CARD211576,2025-06-13,4008.08,4008.08,On Time,0
PAY412867,C107429,CARD203816,2025-03-17,4987.33,4987.33,On Time,0
PAY412868,C102545,CARD207247,2025-06-29,9982.86,9982.86,On Time,0
PAY412869,C102563,CARD202159,2025-01-05,12279.43,12279.43,On Time,0
PAY412870,C102346,CARD207456,2026-06-22,6954.24,6954.24,On Time,0
PAY412871,C101274,CARD209017,2025-09-07,3730.32,3730.32,On Time,0
PAY412872,C106898,CARD201219,2025-03-31,3716.1,3716.1,On Time,0
PAY412873,C106338,CARD207828,2026-03-09,7125.41,7125.41,On Time,0
PAY412874,C109194,CARD205707,2025-11-11,11884.48,11884.48,On Time,0
PAY412875,C108789,CARD211003,2025-04-17,2871.73,2871.73,On Time,0
PAY412876,C109384,CARD210562,2025-12-02,9951.08,9951.08,On Time,0
PAY412877,C105261,CARD203929,2026-06-18,9182.74,9182.74,On Time,0
PAY412878,C109881,CARD207896,2026-05-16,1141.33,769.6,Partial,19
PAY412879,C108245,CARD209404,2025-01-06,21783.0,21783.0,On Time,0
PAY412880,C101961,CARD208524,2025-09-11,4966.46,4966.46,On Time,0
PAY412881,C105739,CARD203690,2025-09-16,24669.05,24669.05,On Time,0
PAY412882,C104651,CARD209674,2026-08-20,4081.98,4081.98,On Time,0
PAY412883,C108460,CARD207516,2025-07-15,3183.21,3183.21,On Time,0
PAY412884,C106591,CARD205428,2025-12-23,2993.23,2993.23,Late,9
PAY412885,C104435,CARD208355,2026-06-20,6784.03,6784.03,On Time,0
PAY412886,C102615,CARD204920,2026-01-07,2752.49,2752.49,On Time,0
PAY412887,C103695,CARD205544,2025-09-05,20375.53,20375.53,Late,29
PAY412888,C105566,CARD205568,2025-09-15,6559.34,6559.34,On Time,0
PAY412889,C106939,CARD206797,2025-05-27,3663.34,3663.34,On Time,0
PAY412890,C106333,CARD202272,2025-12-05,6868.36,6868.36,On Time,0
PAY412891,C106740,CARD206834,2025-12-18,3957.68,3957.68,On Time,0
PAY412892,C100128,CARD204489,2026-06-11,4701.64,4701.64,Late,9
PAY412893,C109454,CARD204916,2025-09-15,7980.69,7980.69,On Time,0
PAY412894,C106783,CARD206123,2025-05-29,4631.56,4631.56,On Time,0
PAY412895,C107887,CARD203176,2026-04-03,5107.1,5107.1,On Time,0
PAY412896,C107933,CARD206068,2026-01-21,7607.92,7607.92,On Time,0
PAY412897,C105843,CARD204263,2025-04-23,8605.41,8605.41,Late,7
PAY412898,C104983,CARD210133,2026-08-27,30669.33,30669.33,On Time,0
PAY412899,C108564,CARD211318,2026-03-12,4489.08,1468.27,Partial,35
PAY412900,C107491,CARD201495,2025-09-29,2079.18,2079.18,Late,23
PAY412901,C107189,CARD201025,2025-06-25,1024.57,1024.57,On Time,0
PAY412902,C106893,CARD207632,2026-01-22,3939.56,3939.56,On Time,0
PAY412903,C109105,CARD203100,2026-02-24,3183.89,3183.89,Late,27
PAY412904,C102741,CARD202324,2026-07-02,32862.78,32862.78,On Time,0
PAY412905,C100805,CARD210795,2025-10-06,2177.2,2177.2,On Time,0
PAY412906,C101463,CARD210052,2025-08-28,10589.11,10589.11,On Time,0
PAY412907,C104105,CARD203533,2026-01-01,3175.0,3175.0,On Time,0
PAY412908,C102330,CARD205885,2026-06-19,11890.79,11890.79,On Time,0
PAY412909,C103517,CARD206719,2025-10-30,5746.37,5746.37,Late,22
PAY412910,C109698,CARD205283,2025-08-25,5698.48,5698.48,On Time,0
PAY412911,C105878,CARD206559,2026-03-11,5585.62,3500.83,Partial,47
PAY412912,C101401,CARD200451,2025-09-14,2458.13,2458.13,On Time,0
PAY412913,C106998,CARD208889,2025-06-13,3211.05,3211.05,Late,3
PAY412914,C100133,CARD211723,2025-02-18,11029.86,11029.86,On Time,0
PAY412915,C104708,CARD211797,2025-12-08,8740.26,8740.26,On Time,0
PAY412916,C102950,CARD200088,2026-03-26,4991.13,4991.13,Late,4
PAY412917,C106114,CARD200983,2026-04-20,3327.55,3327.55,On Time,0
PAY412918,C109724,CARD200029,2026-04-25,6036.49,6036.49,On Time,0
PAY412919,C102872,CARD206725,2026-01-28,4152.79,4152.79,On Time,0
PAY412920,C100929,CARD209610,2025-06-05,7279.8,7279.8,On Time,0
PAY412921,C102216,CARD211805,2025-11-18,1418.86,1418.86,On Time,0
PAY412922,C104151,CARD202749,2026-07-27,3306.86,2763.42,Partial,51
PAY412923,C100273,CARD204845,2025-11-02,12215.23,12215.23,On Time,0
PAY412924,C101114,CARD208924,2025-06-17,8438.96,4444.37,Partial,42
PAY412925,C103815,CARD207730,2026-06-24,2687.04,2687.04,On Time,0
PAY412926,C101213,CARD204997,2025-02-04,3659.64,1956.14,Partial,37
PAY412927,C107249,CARD206126,2025-11-23,9742.77,9742.77,Late,16
PAY412928,C101456,CARD200651,2025-08-08,8169.44,8169.44,On Time,0
PAY412929,C101533,CARD205629,2025-04-28,4029.31,4029.31,On Time,0
PAY412930,C100474,CARD203880,2025-05-26,6774.73,6774.73,On Time,0
PAY412931,C104671,CARD201319,2025-01-04,4510.29,4510.29,On Time,0
PAY412932,C105166,CARD209061,2025-11-11,3334.33,3334.33,On Time,0
PAY412933,C103201,CARD209402,2026-02-27,4383.94,4383.94,Late,6
PAY412934,C101580,CARD204699,2025-06-06,4520.7,4520.7,On Time,0
PAY412935,C109999,CARD203883,2026-02-13,13978.3,13978.3,On Time,0
PAY412936,C106182,CARD211362,2026-08-31,11894.78,11894.78,On Time,0
PAY412937,C102226,CARD209087,2026-06-07,6679.18,6679.18,On Time,0
PAY412938,C109473,CARD200708,2025-11-07,1694.13,1694.13,Late,7
PAY412939,C107642,CARD207612,2026-05-07,26262.15,26262.15,On Time,0
PAY412940,C105711,CARD201407,2026-06-24,3591.49,3591.49,On Time,0
PAY412941,C107972,CARD210704,2025-10-30,2355.64,2355.64,On Time,0
PAY412942,C106017,CARD208170,2026-01-22,8531.88,8531.88,On Time,0
PAY412943,C101098,CARD208623,2026-07-31,4361.35,4361.35,On Time,0
PAY412944,C105066,CARD208971,2025-07-20,4627.85,1023.25,Partial,38
PAY412945,C109521,CARD204962,2026-07-10,7858.49,7858.49,On Time,0
PAY412946,C108128,CARD201020,2025-08-30,5815.98,2600.63,Partial,16
PAY412947,C103011,CARD211459,2026-07-23,2700.44,2700.44,On Time,0
PAY412948,C108055,CARD207368,2025-11-13,3760.76,3760.76,On Time,0
PAY412949,C107822,CARD203302,2025-08-10,2100.71,2100.71,On Time,0
PAY412950,C107989,CARD200022,2025-06-06,3723.8,1998.31,Partial,24
PAY412951,C109659,CARD203652,2025-05-04,12987.27,12987.27,On Time,0
PAY412952,C101572,CARD203731,2026-01-03,4847.78,4847.78,Late,9
PAY412953,C102975,CARD210167,2025-02-11,11034.2,11034.2,On Time,0
PAY412954,C104084,CARD207052,2026-04-03,8456.47,8456.47,On Time,0
PAY412955,C100757,CARD205977,2025-09-29,8055.06,8055.06,On Time,0
PAY412956,C102829,CARD200510,2025-02-05,20013.7,20013.7,Late,4
PAY412957,C103529,CARD202304,2026-02-26,9800.3,9800.3,On Time,0
PAY412958,C100265,CARD207294,2025-10-09,7979.79,3505.91,Partial,5
PAY412959,C102405,CARD201748,2026-04-10,4265.88,4265.88,On Time,0
PAY412960,C100925,CARD200722,2026-02-04,3141.22,3141.22,Late,8
PAY412961,C103745,CARD203847,2026-01-14,5937.71,5937.71,On Time,0
PAY412962,C108339,CARD211900,2026-02-04,2209.42,2209.42,On Time,0
PAY412963,C104867,CARD202914,2025-06-23,45037.15,45037.15,On Time,0
PAY412964,C102113,CARD211673,2025-05-14,1909.94,702.27,Partial,35
PAY412965,C102873,CARD207625,2025-08-18,2027.0,2027.0,On Time,0
PAY412966,C107543,CARD209735,2025-11-15,11829.66,11829.66,On Time,0
PAY412967,C105689,CARD203371,2026-01-07,8780.88,8780.88,Late,13
PAY412968,C106566,CARD209636,2026-07-26,8439.96,8439.96,On Time,0
PAY412969,C107968,CARD204643,2026-08-15,27113.69,27113.69,On Time,0
PAY412970,C108700,CARD211072,2025-07-13,12064.85,12064.85,Late,12
PAY412971,C103874,CARD204778,2025-12-18,13437.93,13437.93,Late,2
PAY412972,C106391,CARD201773,2026-05-05,6827.47,6827.47,On Time,0
PAY412973,C100104,CARD211005,2025-09-23,4538.31,4538.31,On Time,0
PAY412974,C100629,CARD210432,2025-09-18,9868.96,2943.92,Partial,31
PAY412975,C102430,CARD200732,2026-03-19,1816.55,1816.55,Late,24
PAY412976,C109000,CARD205497,2026-07-10,8483.8,8483.8,On Time,0
PAY412977,C101688,CARD206788,2025-06-18,4879.05,4879.05,On Time,0
PAY412978,C108535,CARD209843,2026-02-27,3552.63,3552.63,Late,17
PAY412979,C109274,CARD202816,2025-03-03,5898.85,5898.85,On Time,0
PAY412980,C103856,CARD203713,2025-07-27,5563.19,5563.19,On Time,0
PAY412981,C100252,CARD201223,2026-06-16,9567.89,9567.89,On Time,0
PAY412982,C103181,CARD202847,2025-05-23,3566.44,2240.8,Partial,48
PAY412983,C103537,CARD203217,2025-12-23,4097.36,4097.36,Late,15
PAY412984,C104199,CARD210105,2025-03-24,5978.85,5978.85,On Time,0
PAY412985,C106434,CARD206272,2025-02-09,6025.75,6025.75,On Time,0
PAY412986,C103115,CARD202334,2026-05-23,1857.35,1857.35,On Time,0
PAY412987,C106377,CARD207133,2026-03-13,6244.92,6244.92,On Time,0
PAY412988,C101147,CARD200804,2025-06-13,6770.8,6770.8,Late,18
PAY412989,C106708,CARD206934,2025-02-02,18564.49,18564.49,On Time,0
PAY412990,C104294,CARD203126,2025-05-07,13415.27,13415.27,On Time,0
PAY412991,C101020,CARD206976,2025-05-06,4428.44,4428.44,On Time,0
PAY412992,C100702,CARD201997,2025-05-05,4587.59,4587.59,Late,1
PAY412993,C105734,CARD211216,2025-03-03,2765.18,2765.18,On Time,0
PAY412994,C103657,CARD205880,2026-04-06,3804.64,3804.64,On Time,0
PAY412995,C104513,CARD201073,2025-03-21,9290.35,9290.35,On Time,0
PAY412996,C100602,CARD208404,2026-06-19,2085.86,2085.86,On Time,0
PAY412997,C109569,CARD210778,2025-09-14,3366.6,3366.6,On Time,0
PAY412998,C108648,CARD208274,2026-07-13,5289.92,5289.92,On Time,0
PAY412999,C104790,CARD209991,2025-02-10,6872.88,6872.88,On Time,0
PAY413000,C102564,CARD200743,2026-08-20,5335.45,5335.45,On Time,0
